timestamp,vehicle_id,route_id,warehouse,cargo_weight_kg,max_capacity_kg,fuel_consumed_liters,idle_time_hours,distance_km,delivery_status,sla_met
2026-07-01 06:00:00,TRK-001,Rute-A,Gudang West (Tangerang),650.0,1200,14.5,0.6,18.0,DELIVERED,YES
2026-07-02 09:07:00,TRK-002,Rute-B,Central Hub (Jakarta),651.1,1200,14.92,0.8,18.8,IN_TRANSIT,YES
2026-07-03 12:14:00,TRK-003,Rute-C,Grogol Hub (Jakbar),652.2,1200,15.34,1.0,19.6,IDLE_DOCK,NO
2026-07-04 15:21:00,TRK-004,Rute-D,Petamburan Hub,653.3,1200,15.76,1.1,20.4,LOADED,YES
2026-07-05 06:28:00,TRK-005,Rute-E,Bekasi Logistics Hub,654.4,1200,16.18,1.3,21.2,DELIVERED,YES
2026-07-06 09:35:00,TRK-006,Rute-F,Depok Hub,655.5,1200,16.6,1.5,22.0,IN_TRANSIT,YES
2026-07-07 12:42:00,TRK-007,Rute-G,Bogor Transit Hub,656.6,1200,17.02,1.7,22.8,IDLE_DOCK,NO
2026-07-08 15:49:00,TRK-008,Rute-H,Cikarang Industrial Hub,657.7,1200,17.44,1.9,23.6,LOADED,YES
2026-07-09 06:56:00,TRK-009,Rute-I,Gudang West (Tangerang),658.8,1200,17.86,2.0,24.4,DELIVERED,YES
2026-07-10 09:03:00,TRK-010,Rute-J,Central Hub (Jakarta),659.9,1200,18.28,2.2,25.2,IN_TRANSIT,YES
2026-07-11 12:10:00,TRK-011,Rute-K,Grogol Hub (Jakbar),661.0,1200,18.7,2.4,26.0,IDLE_DOCK,NO
2026-07-12 15:17:00,TRK-012,Rute-L,Petamburan Hub,662.1,1200,19.12,0.6,26.8,LOADED,YES
2026-07-13 06:24:00,TRK-013,Rute-M,Bekasi Logistics Hub,663.2,1200,19.54,0.8,27.6,DELIVERED,YES
2026-07-14 09:31:00,TRK-014,Rute-N,Depok Hub,664.3,1200,19.96,1.0,28.4,IN_TRANSIT,YES
2026-07-15 12:38:00,TRK-015,Rute-O,Bogor Transit Hub,665.4,1200,20.38,1.1,29.2,IDLE_DOCK,NO
2026-07-16 15:45:00,TRK-016,Rute-A,Cikarang Industrial Hub,666.5,1200,20.8,1.3,30.0,LOADED,YES
2026-07-17 06:52:00,TRK-017,Rute-B,Gudang West (Tangerang),667.6,1200,21.22,1.5,30.8,DELIVERED,YES
2026-07-18 09:59:00,TRK-018,Rute-C,Central Hub (Jakarta),668.7,1200,21.64,1.7,31.6,IN_TRANSIT,YES
2026-07-19 12:06:00,TRK-019,Rute-D,Grogol Hub (Jakbar),669.8,1200,22.06,1.9,32.4,IDLE_DOCK,NO
2026-07-20 15:13:00,TRK-020,Rute-E,Petamburan Hub,670.9,1200,22.48,2.0,33.2,LOADED,YES
2026-07-21 06:20:00,TRK-021,Rute-F,Bekasi Logistics Hub,672.0,1200,22.9,2.2,34.0,DELIVERED,YES
2026-07-22 09:27:00,TRK-022,Rute-G,Depok Hub,673.1,1200,23.32,2.4,34.8,IN_TRANSIT,YES
2026-07-23 12:34:00,TRK-023,Rute-H,Bogor Transit Hub,674.2,1200,23.74,0.6,35.6,IDLE_DOCK,NO
2026-07-24 15:41:00,TRK-024,Rute-I,Cikarang Industrial Hub,675.3,1200,24.16,0.8,36.4,LOADED,YES
2026-07-25 06:48:00,TRK-025,Rute-J,Gudang West (Tangerang),676.4,1200,24.58,1.0,37.2,DELIVERED,YES
2026-07-26 09:55:00,TRK-026,Rute-K,Central Hub (Jakarta),677.5,1200,14.5,1.1,38.0,IN_TRANSIT,YES
2026-07-27 12:02:00,TRK-027,Rute-L,Grogol Hub (Jakbar),678.6,1200,14.92,1.3,38.8,IDLE_DOCK,NO
2026-07-28 15:09:00,TRK-028,Rute-M,Petamburan Hub,679.7,1200,15.34,1.5,39.6,LOADED,YES
2026-07-29 06:16:00,TRK-029,Rute-N,Bekasi Logistics Hub,680.8,1200,15.76,1.7,40.4,DELIVERED,YES
2026-07-30 09:23:00,TRK-030,Rute-O,Depok Hub,681.9,1200,16.18,1.9,41.2,IN_TRANSIT,YES
2026-07-31 12:30:00,TRK-031,Rute-A,Bogor Transit Hub,683.0,1200,16.6,2.0,42.0,IDLE_DOCK,NO
2026-07-01 15:37:00,TRK-032,Rute-B,Cikarang Industrial Hub,684.1,1200,17.02,2.2,42.8,LOADED,YES
2026-07-02 06:44:00,TRK-033,Rute-C,Gudang West (Tangerang),685.2,1200,17.44,2.4,43.6,DELIVERED,YES
2026-07-03 09:51:00,TRK-034,Rute-D,Central Hub (Jakarta),686.3,1200,17.86,0.6,44.4,IN_TRANSIT,YES
2026-07-04 12:58:00,TRK-035,Rute-E,Grogol Hub (Jakbar),687.4,1200,18.28,0.8,45.2,IDLE_DOCK,NO
2026-07-05 15:05:00,TRK-036,Rute-F,Petamburan Hub,688.5,1200,18.7,1.0,46.0,LOADED,YES
2026-07-06 06:12:00,TRK-037,Rute-G,Bekasi Logistics Hub,689.6,1200,19.12,1.1,46.8,DELIVERED,YES
2026-07-07 09:19:00,TRK-038,Rute-H,Depok Hub,690.7,1200,19.54,1.3,47.6,IN_TRANSIT,YES
2026-07-08 12:26:00,TRK-039,Rute-I,Bogor Transit Hub,691.8,1200,19.96,1.5,48.4,IDLE_DOCK,NO
2026-07-09 15:33:00,TRK-040,Rute-J,Cikarang Industrial Hub,692.9,1200,20.38,1.7,49.2,LOADED,YES
2026-07-10 06:40:00,TRK-041,Rute-K,Gudang West (Tangerang),694.0,1200,20.8,1.9,50.0,DELIVERED,YES
2026-07-11 09:47:00,TRK-042,Rute-L,Central Hub (Jakarta),695.1,1200,21.22,2.0,50.8,IN_TRANSIT,YES
2026-07-12 12:54:00,TRK-043,Rute-M,Grogol Hub (Jakbar),696.2,1200,21.64,2.2,51.6,IDLE_DOCK,NO
2026-07-13 15:01:00,TRK-044,Rute-N,Petamburan Hub,697.3,1200,22.06,2.4,52.4,LOADED,YES
2026-07-14 06:08:00,TRK-045,Rute-O,Bekasi Logistics Hub,698.4,1200,22.48,0.6,53.2,DELIVERED,YES
2026-07-15 09:15:00,TRK-046,Rute-A,Depok Hub,699.5,1200,22.9,0.8,54.0,IN_TRANSIT,YES
2026-07-16 12:22:00,TRK-047,Rute-B,Bogor Transit Hub,700.6,1200,23.32,1.0,54.8,IDLE_DOCK,NO
2026-07-17 15:29:00,TRK-048,Rute-C,Cikarang Industrial Hub,701.7,1200,23.74,1.1,55.6,LOADED,YES
2026-07-18 06:36:00,TRK-049,Rute-D,Gudang West (Tangerang),702.8,1200,24.16,1.3,56.4,DELIVERED,YES
2026-07-19 09:43:00,TRK-050,Rute-E,Central Hub (Jakarta),703.9,1200,24.58,1.5,57.2,IN_TRANSIT,YES
2026-07-20 12:50:00,TRK-051,Rute-F,Grogol Hub (Jakbar),705.0,1200,14.5,1.7,58.0,IDLE_DOCK,NO
2026-07-21 15:57:00,TRK-052,Rute-G,Petamburan Hub,706.1,1200,14.92,1.9,58.8,LOADED,YES
2026-07-22 06:04:00,TRK-053,Rute-H,Bekasi Logistics Hub,707.2,1200,15.34,2.0,59.6,DELIVERED,YES
2026-07-23 09:11:00,TRK-054,Rute-I,Depok Hub,708.3,1200,15.76,2.2,60.4,IN_TRANSIT,YES
2026-07-24 12:18:00,TRK-055,Rute-J,Bogor Transit Hub,709.4,1200,16.18,2.4,61.2,IDLE_DOCK,NO
2026-07-25 15:25:00,TRK-056,Rute-K,Cikarang Industrial Hub,710.5,1200,16.6,0.6,62.0,LOADED,YES
2026-07-26 06:32:00,TRK-057,Rute-L,Gudang West (Tangerang),711.6,1200,17.02,0.8,62.8,DELIVERED,YES
2026-07-27 09:39:00,TRK-058,Rute-M,Central Hub (Jakarta),712.7,1200,17.44,1.0,63.6,IN_TRANSIT,YES
2026-07-28 12:46:00,TRK-059,Rute-N,Grogol Hub (Jakbar),713.8,1200,17.86,1.1,64.4,IDLE_DOCK,NO
2026-07-29 15:53:00,TRK-060,Rute-O,Petamburan Hub,714.9,1200,18.28,1.3,65.2,LOADED,YES
2026-07-30 06:00:00,TRK-061,Rute-A,Bekasi Logistics Hub,716.0,1200,18.7,1.5,66.0,DELIVERED,YES
2026-07-31 09:07:00,TRK-062,Rute-B,Depok Hub,717.1,1200,19.12,1.7,66.8,IN_TRANSIT,YES
2026-07-01 12:14:00,TRK-063,Rute-C,Bogor Transit Hub,718.2,1200,19.54,1.9,67.6,IDLE_DOCK,NO
2026-07-02 15:21:00,TRK-064,Rute-D,Cikarang Industrial Hub,719.3,1200,19.96,2.0,68.4,LOADED,YES
2026-07-03 06:28:00,TRK-065,Rute-E,Gudang West (Tangerang),720.4,1200,20.38,2.2,69.2,DELIVERED,YES
2026-07-04 09:35:00,TRK-066,Rute-F,Central Hub (Jakarta),721.5,1200,20.8,2.4,70.0,IN_TRANSIT,YES
2026-07-05 12:42:00,TRK-067,Rute-G,Grogol Hub (Jakbar),722.6,1200,21.22,0.6,70.8,IDLE_DOCK,NO
2026-07-06 15:49:00,TRK-068,Rute-H,Petamburan Hub,723.7,1200,21.64,0.8,71.6,LOADED,YES
2026-07-07 06:56:00,TRK-069,Rute-I,Bekasi Logistics Hub,724.8,1200,22.06,1.0,72.4,DELIVERED,YES
2026-07-08 09:03:00,TRK-070,Rute-J,Depok Hub,725.9,1200,22.48,1.1,73.2,IN_TRANSIT,YES
2026-07-09 12:10:00,TRK-071,Rute-K,Bogor Transit Hub,727.0,1200,22.9,1.3,74.0,IDLE_DOCK,NO
2026-07-10 15:17:00,TRK-072,Rute-L,Cikarang Industrial Hub,728.1,1200,23.32,1.5,74.8,LOADED,YES
2026-07-11 06:24:00,TRK-073,Rute-M,Gudang West (Tangerang),729.2,1200,23.74,1.7,75.6,DELIVERED,YES
2026-07-12 09:31:00,TRK-074,Rute-N,Central Hub (Jakarta),730.3,1200,24.16,1.9,76.4,IN_TRANSIT,YES
2026-07-13 12:38:00,TRK-075,Rute-O,Grogol Hub (Jakbar),731.4,1200,24.58,2.0,77.2,IDLE_DOCK,NO
2026-07-14 15:45:00,TRK-076,Rute-A,Petamburan Hub,732.5,1200,14.5,2.2,78.0,LOADED,YES
2026-07-15 06:52:00,TRK-077,Rute-B,Bekasi Logistics Hub,733.6,1200,14.92,2.4,78.8,DELIVERED,YES
2026-07-16 09:59:00,TRK-078,Rute-C,Depok Hub,734.7,1200,15.34,0.6,79.6,IN_TRANSIT,YES
2026-07-17 12:06:00,TRK-079,Rute-D,Bogor Transit Hub,735.8,1200,15.76,0.8,80.4,IDLE_DOCK,NO
2026-07-18 15:13:00,TRK-080,Rute-E,Cikarang Industrial Hub,736.9,1200,16.18,1.0,81.2,LOADED,YES
2026-07-19 06:20:00,TRK-081,Rute-F,Gudang West (Tangerang),738.0,1200,16.6,1.1,82.0,DELIVERED,YES
2026-07-20 09:27:00,TRK-082,Rute-G,Central Hub (Jakarta),739.1,1200,17.02,1.3,82.8,IN_TRANSIT,YES
2026-07-21 12:34:00,TRK-083,Rute-H,Grogol Hub (Jakbar),740.2,1200,17.44,1.5,83.6,IDLE_DOCK,NO
2026-07-22 15:41:00,TRK-084,Rute-I,Petamburan Hub,741.3,1200,17.86,1.7,84.4,LOADED,YES
2026-07-23 06:48:00,TRK-085,Rute-J,Bekasi Logistics Hub,742.4,1200,18.28,1.9,85.2,DELIVERED,YES
2026-07-24 09:55:00,TRK-086,Rute-K,Depok Hub,743.5,1200,18.7,2.0,86.0,IN_TRANSIT,YES
2026-07-25 12:02:00,TRK-087,Rute-L,Bogor Transit Hub,744.6,1200,19.12,2.2,86.8,IDLE_DOCK,NO
2026-07-26 15:09:00,TRK-088,Rute-M,Cikarang Industrial Hub,745.7,1200,19.54,2.4,87.6,LOADED,YES
2026-07-27 06:16:00,TRK-089,Rute-N,Gudang West (Tangerang),746.8,1200,19.96,0.6,88.4,DELIVERED,YES
2026-07-28 09:23:00,TRK-090,Rute-O,Central Hub (Jakarta),747.9,1200,20.38,0.8,89.2,IN_TRANSIT,YES
2026-07-29 12:30:00,TRK-091,Rute-A,Grogol Hub (Jakbar),749.0,1200,20.8,1.0,18.0,IDLE_DOCK,NO
2026-07-30 15:37:00,TRK-092,Rute-B,Petamburan Hub,750.1,1200,21.22,1.1,18.8,LOADED,YES
2026-07-31 06:44:00,TRK-093,Rute-C,Bekasi Logistics Hub,751.2,1200,21.64,1.3,19.6,DELIVERED,YES
2026-07-01 09:51:00,TRK-094,Rute-D,Depok Hub,752.3,1200,22.06,1.5,20.4,IN_TRANSIT,YES
2026-07-02 12:58:00,TRK-095,Rute-E,Bogor Transit Hub,753.4,1200,22.48,1.7,21.2,IDLE_DOCK,NO
2026-07-03 15:05:00,TRK-096,Rute-F,Cikarang Industrial Hub,754.5,1200,22.9,1.9,22.0,LOADED,YES
2026-07-04 06:12:00,TRK-097,Rute-G,Gudang West (Tangerang),755.6,1200,23.32,2.0,22.8,DELIVERED,YES
2026-07-05 09:19:00,TRK-098,Rute-H,Central Hub (Jakarta),756.7,1200,23.74,2.2,23.6,IN_TRANSIT,YES
2026-07-06 12:26:00,TRK-099,Rute-I,Grogol Hub (Jakbar),757.8,1200,24.16,2.4,24.4,IDLE_DOCK,NO
2026-07-07 15:33:00,TRK-100,Rute-J,Petamburan Hub,758.9,1200,24.58,0.6,25.2,LOADED,YES
2026-07-08 06:40:00,TRK-101,Rute-K,Bekasi Logistics Hub,760.0,1200,14.5,0.8,26.0,DELIVERED,YES
2026-07-09 09:47:00,TRK-102,Rute-L,Depok Hub,761.1,1200,14.92,1.0,26.8,IN_TRANSIT,YES
2026-07-10 12:54:00,TRK-103,Rute-M,Bogor Transit Hub,762.2,1200,15.34,1.1,27.6,IDLE_DOCK,NO
2026-07-11 15:01:00,TRK-104,Rute-N,Cikarang Industrial Hub,763.3,1200,15.76,1.3,28.4,LOADED,YES
2026-07-12 06:08:00,TRK-105,Rute-O,Gudang West (Tangerang),764.4,1200,16.18,1.5,29.2,DELIVERED,YES
2026-07-13 09:15:00,TRK-106,Rute-A,Central Hub (Jakarta),765.5,1200,16.6,1.7,30.0,IN_TRANSIT,YES
2026-07-14 12:22:00,TRK-107,Rute-B,Grogol Hub (Jakbar),766.6,1200,17.02,1.9,30.8,IDLE_DOCK,NO
2026-07-15 15:29:00,TRK-108,Rute-C,Petamburan Hub,767.7,1200,17.44,2.0,31.6,LOADED,YES
2026-07-16 06:36:00,TRK-109,Rute-D,Bekasi Logistics Hub,768.8,1200,17.86,2.2,32.4,DELIVERED,YES
2026-07-17 09:43:00,TRK-110,Rute-E,Depok Hub,769.9,1200,18.28,2.4,33.2,IN_TRANSIT,YES
2026-07-18 12:50:00,TRK-111,Rute-F,Bogor Transit Hub,771.0,1200,18.7,0.6,34.0,IDLE_DOCK,NO
2026-07-19 15:57:00,TRK-112,Rute-G,Cikarang Industrial Hub,772.1,1200,19.12,0.8,34.8,LOADED,YES
2026-07-20 06:04:00,TRK-113,Rute-H,Gudang West (Tangerang),773.2,1200,19.54,1.0,35.6,DELIVERED,YES
2026-07-21 09:11:00,TRK-114,Rute-I,Central Hub (Jakarta),774.3,1200,19.96,1.1,36.4,IN_TRANSIT,YES
2026-07-22 12:18:00,TRK-115,Rute-J,Grogol Hub (Jakbar),775.4,1200,20.38,1.3,37.2,IDLE_DOCK,NO
2026-07-23 15:25:00,TRK-116,Rute-K,Petamburan Hub,776.5,1200,20.8,1.5,38.0,LOADED,YES
2026-07-24 06:32:00,TRK-117,Rute-L,Bekasi Logistics Hub,777.6,1200,21.22,1.7,38.8,DELIVERED,YES
2026-07-25 09:39:00,TRK-118,Rute-M,Depok Hub,778.7,1200,21.64,1.9,39.6,IN_TRANSIT,YES
2026-07-26 12:46:00,TRK-119,Rute-N,Bogor Transit Hub,779.8,1200,22.06,2.0,40.4,IDLE_DOCK,NO
2026-07-27 15:53:00,TRK-120,Rute-O,Cikarang Industrial Hub,780.9,1200,22.48,2.2,41.2,LOADED,YES
2026-07-28 06:00:00,TRK-121,Rute-A,Gudang West (Tangerang),782.0,1200,22.9,2.4,42.0,DELIVERED,YES
2026-07-29 09:07:00,TRK-122,Rute-B,Central Hub (Jakarta),783.1,1200,23.32,0.6,42.8,IN_TRANSIT,YES
2026-07-30 12:14:00,TRK-123,Rute-C,Grogol Hub (Jakbar),784.2,1200,23.74,0.8,43.6,IDLE_DOCK,NO
2026-07-31 15:21:00,TRK-124,Rute-D,Petamburan Hub,785.3,1200,24.16,1.0,44.4,LOADED,YES
2026-07-01 06:28:00,TRK-125,Rute-E,Bekasi Logistics Hub,786.4,1200,24.58,1.1,45.2,DELIVERED,YES
2026-07-02 09:35:00,TRK-126,Rute-F,Depok Hub,787.5,1200,14.5,1.3,46.0,IN_TRANSIT,YES
2026-07-03 12:42:00,TRK-127,Rute-G,Bogor Transit Hub,788.6,1200,14.92,1.5,46.8,IDLE_DOCK,NO
2026-07-04 15:49:00,TRK-128,Rute-H,Cikarang Industrial Hub,789.7,1200,15.34,1.7,47.6,LOADED,YES
2026-07-05 06:56:00,TRK-129,Rute-I,Gudang West (Tangerang),790.8,1200,15.76,1.9,48.4,DELIVERED,YES
2026-07-06 09:03:00,TRK-130,Rute-J,Central Hub (Jakarta),791.9,1200,16.18,2.0,49.2,IN_TRANSIT,YES
2026-07-07 12:10:00,TRK-131,Rute-K,Grogol Hub (Jakbar),793.0,1200,16.6,2.2,50.0,IDLE_DOCK,NO
2026-07-08 15:17:00,TRK-132,Rute-L,Petamburan Hub,794.1,1200,17.02,2.4,50.8,LOADED,YES
2026-07-09 06:24:00,TRK-133,Rute-M,Bekasi Logistics Hub,795.2,1200,17.44,0.6,51.6,DELIVERED,YES
2026-07-10 09:31:00,TRK-134,Rute-N,Depok Hub,796.3,1200,17.86,0.8,52.4,IN_TRANSIT,YES
2026-07-11 12:38:00,TRK-135,Rute-O,Bogor Transit Hub,797.4,1200,18.28,1.0,53.2,IDLE_DOCK,NO
2026-07-12 15:45:00,TRK-136,Rute-A,Cikarang Industrial Hub,798.5,1200,18.7,1.1,54.0,LOADED,YES
2026-07-13 06:52:00,TRK-137,Rute-B,Gudang West (Tangerang),799.6,1200,19.12,1.3,54.8,DELIVERED,YES
2026-07-14 09:59:00,TRK-138,Rute-C,Central Hub (Jakarta),800.7,1200,19.54,1.5,55.6,IN_TRANSIT,YES
2026-07-15 12:06:00,TRK-139,Rute-D,Grogol Hub (Jakbar),801.8,1200,19.96,1.7,56.4,IDLE_DOCK,NO
2026-07-16 15:13:00,TRK-140,Rute-E,Petamburan Hub,802.9,1200,20.38,1.9,57.2,LOADED,YES
2026-07-17 06:20:00,TRK-141,Rute-F,Bekasi Logistics Hub,804.0,1200,20.8,2.0,58.0,DELIVERED,YES
2026-07-18 09:27:00,TRK-142,Rute-G,Depok Hub,805.1,1200,21.22,2.2,58.8,IN_TRANSIT,YES
2026-07-19 12:34:00,TRK-143,Rute-H,Bogor Transit Hub,806.2,1200,21.64,2.4,59.6,IDLE_DOCK,NO
2026-07-20 15:41:00,TRK-144,Rute-I,Cikarang Industrial Hub,807.3,1200,22.06,0.6,60.4,LOADED,YES
2026-07-21 06:48:00,TRK-145,Rute-J,Gudang West (Tangerang),808.4,1200,22.48,0.8,61.2,DELIVERED,YES
2026-07-22 09:55:00,TRK-146,Rute-K,Central Hub (Jakarta),809.5,1200,22.9,1.0,62.0,IN_TRANSIT,YES
2026-07-23 12:02:00,TRK-147,Rute-L,Grogol Hub (Jakbar),810.6,1200,23.32,1.1,62.8,IDLE_DOCK,NO
2026-07-24 15:09:00,TRK-148,Rute-M,Petamburan Hub,811.7,1200,23.74,1.3,63.6,LOADED,YES
2026-07-25 06:16:00,TRK-149,Rute-N,Bekasi Logistics Hub,812.8,1200,24.16,1.5,64.4,DELIVERED,YES
2026-07-26 09:23:00,TRK-150,Rute-O,Depok Hub,813.9,1200,24.58,1.7,65.2,IN_TRANSIT,YES
2026-07-27 12:30:00,TRK-001,Rute-A,Bogor Transit Hub,815.0,1200,14.5,1.9,66.0,IDLE_DOCK,NO
2026-07-28 15:37:00,TRK-002,Rute-B,Cikarang Industrial Hub,816.1,1200,14.92,2.0,66.8,LOADED,YES
2026-07-29 06:44:00,TRK-003,Rute-C,Gudang West (Tangerang),817.2,1200,15.34,2.2,67.6,DELIVERED,YES
2026-07-30 09:51:00,TRK-004,Rute-D,Central Hub (Jakarta),818.3,1200,15.76,2.4,68.4,IN_TRANSIT,YES
2026-07-31 12:58:00,TRK-005,Rute-E,Grogol Hub (Jakbar),819.4,1200,16.18,0.6,69.2,IDLE_DOCK,NO
2026-07-01 15:05:00,TRK-006,Rute-F,Petamburan Hub,820.5,1200,16.6,0.8,70.0,LOADED,YES
2026-07-02 06:12:00,TRK-007,Rute-G,Bekasi Logistics Hub,821.6,1200,17.02,1.0,70.8,DELIVERED,YES
2026-07-03 09:19:00,TRK-008,Rute-H,Depok Hub,822.7,1200,17.44,1.1,71.6,IN_TRANSIT,YES
2026-07-04 12:26:00,TRK-009,Rute-I,Bogor Transit Hub,823.8,1200,17.86,1.3,72.4,IDLE_DOCK,NO
2026-07-05 15:33:00,TRK-010,Rute-J,Cikarang Industrial Hub,824.9,1200,18.28,1.5,73.2,LOADED,YES
2026-07-06 06:40:00,TRK-011,Rute-K,Gudang West (Tangerang),826.0,1200,18.7,1.7,74.0,DELIVERED,YES
2026-07-07 09:47:00,TRK-012,Rute-L,Central Hub (Jakarta),827.1,1200,19.12,1.9,74.8,IN_TRANSIT,YES
2026-07-08 12:54:00,TRK-013,Rute-M,Grogol Hub (Jakbar),828.2,1200,19.54,2.0,75.6,IDLE_DOCK,NO
2026-07-09 15:01:00,TRK-014,Rute-N,Petamburan Hub,829.3,1200,19.96,2.2,76.4,LOADED,YES
2026-07-10 06:08:00,TRK-015,Rute-O,Bekasi Logistics Hub,830.4,1200,20.38,2.4,77.2,DELIVERED,YES
2026-07-11 09:15:00,TRK-016,Rute-A,Depok Hub,831.5,1200,20.8,0.6,78.0,IN_TRANSIT,YES
2026-07-12 12:22:00,TRK-017,Rute-B,Bogor Transit Hub,832.6,1200,21.22,0.8,78.8,IDLE_DOCK,NO
2026-07-13 15:29:00,TRK-018,Rute-C,Cikarang Industrial Hub,833.7,1200,21.64,1.0,79.6,LOADED,YES
2026-07-14 06:36:00,TRK-019,Rute-D,Gudang West (Tangerang),834.8,1200,22.06,1.1,80.4,DELIVERED,YES
2026-07-15 09:43:00,TRK-020,Rute-E,Central Hub (Jakarta),835.9,1200,22.48,1.3,81.2,IN_TRANSIT,YES
2026-07-16 12:50:00,TRK-021,Rute-F,Grogol Hub (Jakbar),837.0,1200,22.9,1.5,82.0,IDLE_DOCK,NO
2026-07-17 15:57:00,TRK-022,Rute-G,Petamburan Hub,838.1,1200,23.32,1.7,82.8,LOADED,YES
2026-07-18 06:04:00,TRK-023,Rute-H,Bekasi Logistics Hub,839.2,1200,23.74,1.9,83.6,DELIVERED,YES
2026-07-19 09:11:00,TRK-024,Rute-I,Depok Hub,840.3,1200,24.16,2.0,84.4,IN_TRANSIT,YES
2026-07-20 12:18:00,TRK-025,Rute-J,Bogor Transit Hub,841.4,1200,24.58,2.2,85.2,IDLE_DOCK,NO
2026-07-21 15:25:00,TRK-026,Rute-K,Cikarang Industrial Hub,842.5,1200,14.5,2.4,86.0,LOADED,YES
2026-07-22 06:32:00,TRK-027,Rute-L,Gudang West (Tangerang),843.6,1200,14.92,0.6,86.8,DELIVERED,YES
2026-07-23 09:39:00,TRK-028,Rute-M,Central Hub (Jakarta),844.7,1200,15.34,0.8,87.6,IN_TRANSIT,YES
2026-07-24 12:46:00,TRK-029,Rute-N,Grogol Hub (Jakbar),845.8,1200,15.76,1.0,88.4,IDLE_DOCK,NO
2026-07-25 15:53:00,TRK-030,Rute-O,Petamburan Hub,846.9,1200,16.18,1.1,89.2,LOADED,YES
2026-07-26 06:00:00,TRK-031,Rute-A,Bekasi Logistics Hub,848.0,1200,16.6,1.3,18.0,DELIVERED,YES
2026-07-27 09:07:00,TRK-032,Rute-B,Depok Hub,849.1,1200,17.02,1.5,18.8,IN_TRANSIT,YES
2026-07-28 12:14:00,TRK-033,Rute-C,Bogor Transit Hub,850.2,1200,17.44,1.7,19.6,IDLE_DOCK,NO
2026-07-29 15:21:00,TRK-034,Rute-D,Cikarang Industrial Hub,851.3,1200,17.86,1.9,20.4,LOADED,YES
2026-07-30 06:28:00,TRK-035,Rute-E,Gudang West (Tangerang),852.4,1200,18.28,2.0,21.2,DELIVERED,YES
2026-07-31 09:35:00,TRK-036,Rute-F,Central Hub (Jakarta),853.5,1200,18.7,2.2,22.0,IN_TRANSIT,YES
2026-07-01 12:42:00,TRK-037,Rute-G,Grogol Hub (Jakbar),854.6,1200,19.12,2.4,22.8,IDLE_DOCK,NO
2026-07-02 15:49:00,TRK-038,Rute-H,Petamburan Hub,855.7,1200,19.54,0.6,23.6,LOADED,YES
2026-07-03 06:56:00,TRK-039,Rute-I,Bekasi Logistics Hub,856.8,1200,19.96,0.8,24.4,DELIVERED,YES
2026-07-04 09:03:00,TRK-040,Rute-J,Depok Hub,857.9,1200,20.38,1.0,25.2,IN_TRANSIT,YES
2026-07-05 12:10:00,TRK-041,Rute-K,Bogor Transit Hub,859.0,1200,20.8,1.1,26.0,IDLE_DOCK,NO
2026-07-06 15:17:00,TRK-042,Rute-L,Cikarang Industrial Hub,860.1,1200,21.22,1.3,26.8,LOADED,YES
2026-07-07 06:24:00,TRK-043,Rute-M,Gudang West (Tangerang),861.2,1200,21.64,1.5,27.6,DELIVERED,YES
2026-07-08 09:31:00,TRK-044,Rute-N,Central Hub (Jakarta),862.3,1200,22.06,1.7,28.4,IN_TRANSIT,YES
2026-07-09 12:38:00,TRK-045,Rute-O,Grogol Hub (Jakbar),863.4,1200,22.48,1.9,29.2,IDLE_DOCK,NO
2026-07-10 15:45:00,TRK-046,Rute-A,Petamburan Hub,864.5,1200,22.9,2.0,30.0,LOADED,YES
2026-07-11 06:52:00,TRK-047,Rute-B,Bekasi Logistics Hub,865.6,1200,23.32,2.2,30.8,DELIVERED,YES
2026-07-12 09:59:00,TRK-048,Rute-C,Depok Hub,866.7,1200,23.74,2.4,31.6,IN_TRANSIT,YES
2026-07-13 12:06:00,TRK-049,Rute-D,Bogor Transit Hub,867.8,1200,24.16,0.6,32.4,IDLE_DOCK,NO
2026-07-14 15:13:00,TRK-050,Rute-E,Cikarang Industrial Hub,868.9,1200,24.58,0.8,33.2,LOADED,YES
2026-07-15 06:20:00,TRK-051,Rute-F,Gudang West (Tangerang),870.0,1200,14.5,1.0,34.0,DELIVERED,YES
2026-07-16 09:27:00,TRK-052,Rute-G,Central Hub (Jakarta),871.1,1200,14.92,1.1,34.8,IN_TRANSIT,YES
2026-07-17 12:34:00,TRK-053,Rute-H,Grogol Hub (Jakbar),872.2,1200,15.34,1.3,35.6,IDLE_DOCK,NO
2026-07-18 15:41:00,TRK-054,Rute-I,Petamburan Hub,873.3,1200,15.76,1.5,36.4,LOADED,YES
2026-07-19 06:48:00,TRK-055,Rute-J,Bekasi Logistics Hub,874.4,1200,16.18,1.7,37.2,DELIVERED,YES
2026-07-20 09:55:00,TRK-056,Rute-K,Depok Hub,875.5,1200,16.6,1.9,38.0,IN_TRANSIT,YES
2026-07-21 12:02:00,TRK-057,Rute-L,Bogor Transit Hub,876.6,1200,17.02,2.0,38.8,IDLE_DOCK,NO
2026-07-22 15:09:00,TRK-058,Rute-M,Cikarang Industrial Hub,877.7,1200,17.44,2.2,39.6,LOADED,YES
2026-07-23 06:16:00,TRK-059,Rute-N,Gudang West (Tangerang),878.8,1200,17.86,2.4,40.4,DELIVERED,YES
2026-07-24 09:23:00,TRK-060,Rute-O,Central Hub (Jakarta),879.9,1200,18.28,0.6,41.2,IN_TRANSIT,YES
2026-07-25 12:30:00,TRK-061,Rute-A,Grogol Hub (Jakbar),881.0,1200,18.7,0.8,42.0,IDLE_DOCK,NO
2026-07-26 15:37:00,TRK-062,Rute-B,Petamburan Hub,882.1,1200,19.12,1.0,42.8,LOADED,YES
2026-07-27 06:44:00,TRK-063,Rute-C,Bekasi Logistics Hub,883.2,1200,19.54,1.1,43.6,DELIVERED,YES
2026-07-28 09:51:00,TRK-064,Rute-D,Depok Hub,884.3,1200,19.96,1.3,44.4,IN_TRANSIT,YES
2026-07-29 12:58:00,TRK-065,Rute-E,Bogor Transit Hub,885.4,1200,20.38,1.5,45.2,IDLE_DOCK,NO
2026-07-30 15:05:00,TRK-066,Rute-F,Cikarang Industrial Hub,886.5,1200,20.8,1.7,46.0,LOADED,YES
2026-07-31 06:12:00,TRK-067,Rute-G,Gudang West (Tangerang),887.6,1200,21.22,1.9,46.8,DELIVERED,YES
2026-07-01 09:19:00,TRK-068,Rute-H,Central Hub (Jakarta),888.7,1200,21.64,2.0,47.6,IN_TRANSIT,YES
2026-07-02 12:26:00,TRK-069,Rute-I,Grogol Hub (Jakbar),889.8,1200,22.06,2.2,48.4,IDLE_DOCK,NO
2026-07-03 15:33:00,TRK-070,Rute-J,Petamburan Hub,890.9,1200,22.48,2.4,49.2,LOADED,YES
2026-07-04 06:40:00,TRK-071,Rute-K,Bekasi Logistics Hub,892.0,1200,22.9,0.6,50.0,DELIVERED,YES
2026-07-05 09:47:00,TRK-072,Rute-L,Depok Hub,893.1,1200,23.32,0.8,50.8,IN_TRANSIT,YES
2026-07-06 12:54:00,TRK-073,Rute-M,Bogor Transit Hub,894.2,1200,23.74,1.0,51.6,IDLE_DOCK,NO
2026-07-07 15:01:00,TRK-074,Rute-N,Cikarang Industrial Hub,895.3,1200,24.16,1.1,52.4,LOADED,YES
2026-07-08 06:08:00,TRK-075,Rute-O,Gudang West (Tangerang),896.4,1200,24.58,1.3,53.2,DELIVERED,YES
2026-07-09 09:15:00,TRK-076,Rute-A,Central Hub (Jakarta),897.5,1200,14.5,1.5,54.0,IN_TRANSIT,YES
2026-07-10 12:22:00,TRK-077,Rute-B,Grogol Hub (Jakbar),898.6,1200,14.92,1.7,54.8,IDLE_DOCK,NO
2026-07-11 15:29:00,TRK-078,Rute-C,Petamburan Hub,899.7,1200,15.34,1.9,55.6,LOADED,YES
2026-07-12 06:36:00,TRK-079,Rute-D,Bekasi Logistics Hub,900.8,1200,15.76,2.0,56.4,DELIVERED,YES
2026-07-13 09:43:00,TRK-080,Rute-E,Depok Hub,901.9,1200,16.18,2.2,57.2,IN_TRANSIT,YES
2026-07-14 12:50:00,TRK-081,Rute-F,Bogor Transit Hub,903.0,1200,16.6,2.4,58.0,IDLE_DOCK,NO
2026-07-15 15:57:00,TRK-082,Rute-G,Cikarang Industrial Hub,904.1,1200,17.02,0.6,58.8,LOADED,YES
2026-07-16 06:04:00,TRK-083,Rute-H,Gudang West (Tangerang),905.2,1200,17.44,0.8,59.6,DELIVERED,YES
2026-07-17 09:11:00,TRK-084,Rute-I,Central Hub (Jakarta),906.3,1200,17.86,1.0,60.4,IN_TRANSIT,YES
2026-07-18 12:18:00,TRK-085,Rute-J,Grogol Hub (Jakbar),907.4,1200,18.28,1.1,61.2,IDLE_DOCK,NO
2026-07-19 15:25:00,TRK-086,Rute-K,Petamburan Hub,908.5,1200,18.7,1.3,62.0,LOADED,YES
2026-07-20 06:32:00,TRK-087,Rute-L,Bekasi Logistics Hub,909.6,1200,19.12,1.5,62.8,DELIVERED,YES
2026-07-21 09:39:00,TRK-088,Rute-M,Depok Hub,910.7,1200,19.54,1.7,63.6,IN_TRANSIT,YES
2026-07-22 12:46:00,TRK-089,Rute-N,Bogor Transit Hub,911.8,1200,19.96,1.9,64.4,IDLE_DOCK,NO
2026-07-23 15:53:00,TRK-090,Rute-O,Cikarang Industrial Hub,912.9,1200,20.38,2.0,65.2,LOADED,YES
2026-07-24 06:00:00,TRK-091,Rute-A,Gudang West (Tangerang),914.0,1200,20.8,2.2,66.0,DELIVERED,YES
2026-07-25 09:07:00,TRK-092,Rute-B,Central Hub (Jakarta),915.1,1200,21.22,2.4,66.8,IN_TRANSIT,YES
2026-07-26 12:14:00,TRK-093,Rute-C,Grogol Hub (Jakbar),916.2,1200,21.64,0.6,67.6,IDLE_DOCK,NO
2026-07-27 15:21:00,TRK-094,Rute-D,Petamburan Hub,917.3,1200,22.06,0.8,68.4,LOADED,YES
2026-07-28 06:28:00,TRK-095,Rute-E,Bekasi Logistics Hub,918.4,1200,22.48,1.0,69.2,DELIVERED,YES
2026-07-29 09:35:00,TRK-096,Rute-F,Depok Hub,919.5,1200,22.9,1.1,70.0,IN_TRANSIT,YES
2026-07-30 12:42:00,TRK-097,Rute-G,Bogor Transit Hub,920.6,1200,23.32,1.3,70.8,IDLE_DOCK,NO
2026-07-31 15:49:00,TRK-098,Rute-H,Cikarang Industrial Hub,921.7,1200,23.74,1.5,71.6,LOADED,YES
2026-07-01 06:56:00,TRK-099,Rute-I,Gudang West (Tangerang),922.8,1200,24.16,1.7,72.4,DELIVERED,YES
2026-07-02 09:03:00,TRK-100,Rute-J,Central Hub (Jakarta),923.9,1200,24.58,1.9,73.2,IN_TRANSIT,YES
2026-07-03 12:10:00,TRK-101,Rute-K,Grogol Hub (Jakbar),925.0,1200,14.5,2.0,74.0,IDLE_DOCK,NO
2026-07-04 15:17:00,TRK-102,Rute-L,Petamburan Hub,926.1,1200,14.92,2.2,74.8,LOADED,YES
2026-07-05 06:24:00,TRK-103,Rute-M,Bekasi Logistics Hub,927.2,1200,15.34,2.4,75.6,DELIVERED,YES
2026-07-06 09:31:00,TRK-104,Rute-N,Depok Hub,928.3,1200,15.76,0.6,76.4,IN_TRANSIT,YES
2026-07-07 12:38:00,TRK-105,Rute-O,Bogor Transit Hub,929.4,1200,16.18,0.8,77.2,IDLE_DOCK,NO
2026-07-08 15:45:00,TRK-106,Rute-A,Cikarang Industrial Hub,930.5,1200,16.6,1.0,78.0,LOADED,YES
2026-07-09 06:52:00,TRK-107,Rute-B,Gudang West (Tangerang),931.6,1200,17.02,1.1,78.8,DELIVERED,YES
2026-07-10 09:59:00,TRK-108,Rute-C,Central Hub (Jakarta),932.7,1200,17.44,1.3,79.6,IN_TRANSIT,YES
2026-07-11 12:06:00,TRK-109,Rute-D,Grogol Hub (Jakbar),933.8,1200,17.86,1.5,80.4,IDLE_DOCK,NO
2026-07-12 15:13:00,TRK-110,Rute-E,Petamburan Hub,934.9,1200,18.28,1.7,81.2,LOADED,YES
2026-07-13 06:20:00,TRK-111,Rute-F,Bekasi Logistics Hub,936.0,1200,18.7,1.9,82.0,DELIVERED,YES
2026-07-14 09:27:00,TRK-112,Rute-G,Depok Hub,937.1,1200,19.12,2.0,82.8,IN_TRANSIT,YES
2026-07-15 12:34:00,TRK-113,Rute-H,Bogor Transit Hub,938.2,1200,19.54,2.2,83.6,IDLE_DOCK,NO
2026-07-16 15:41:00,TRK-114,Rute-I,Cikarang Industrial Hub,939.3,1200,19.96,2.4,84.4,LOADED,YES
2026-07-17 06:48:00,TRK-115,Rute-J,Gudang West (Tangerang),940.4,1200,20.38,0.6,85.2,DELIVERED,YES
2026-07-18 09:55:00,TRK-116,Rute-K,Central Hub (Jakarta),941.5,1200,20.8,0.8,86.0,IN_TRANSIT,YES
2026-07-19 12:02:00,TRK-117,Rute-L,Grogol Hub (Jakbar),942.6,1200,21.22,1.0,86.8,IDLE_DOCK,NO
2026-07-20 15:09:00,TRK-118,Rute-M,Petamburan Hub,943.7,1200,21.64,1.1,87.6,LOADED,YES
2026-07-21 06:16:00,TRK-119,Rute-N,Bekasi Logistics Hub,944.8,1200,22.06,1.3,88.4,DELIVERED,YES
2026-07-22 09:23:00,TRK-120,Rute-O,Depok Hub,945.9,1200,22.48,1.5,89.2,IN_TRANSIT,YES
2026-07-23 12:30:00,TRK-121,Rute-A,Bogor Transit Hub,947.0,1200,22.9,1.7,18.0,IDLE_DOCK,NO
2026-07-24 15:37:00,TRK-122,Rute-B,Cikarang Industrial Hub,948.1,1200,23.32,1.9,18.8,LOADED,YES
2026-07-25 06:44:00,TRK-123,Rute-C,Gudang West (Tangerang),949.2,1200,23.74,2.0,19.6,DELIVERED,YES
2026-07-26 09:51:00,TRK-124,Rute-D,Central Hub (Jakarta),950.3,1200,24.16,2.2,20.4,IN_TRANSIT,YES
2026-07-27 12:58:00,TRK-125,Rute-E,Grogol Hub (Jakbar),951.4,1200,24.58,2.4,21.2,IDLE_DOCK,NO
2026-07-28 15:05:00,TRK-126,Rute-F,Petamburan Hub,952.5,1200,14.5,0.6,22.0,LOADED,YES
2026-07-29 06:12:00,TRK-127,Rute-G,Bekasi Logistics Hub,953.6,1200,14.92,0.8,22.8,DELIVERED,YES
2026-07-30 09:19:00,TRK-128,Rute-H,Depok Hub,954.7,1200,15.34,1.0,23.6,IN_TRANSIT,YES
2026-07-31 12:26:00,TRK-129,Rute-I,Bogor Transit Hub,955.8,1200,15.76,1.1,24.4,IDLE_DOCK,NO
2026-07-01 15:33:00,TRK-130,Rute-J,Cikarang Industrial Hub,956.9,1200,16.18,1.3,25.2,LOADED,YES
2026-07-02 06:40:00,TRK-131,Rute-K,Gudang West (Tangerang),958.0,1200,16.6,1.5,26.0,DELIVERED,YES
2026-07-03 09:47:00,TRK-132,Rute-L,Central Hub (Jakarta),959.1,1200,17.02,1.7,26.8,IN_TRANSIT,YES
2026-07-04 12:54:00,TRK-133,Rute-M,Grogol Hub (Jakbar),960.2,1200,17.44,1.9,27.6,IDLE_DOCK,NO
2026-07-05 15:01:00,TRK-134,Rute-N,Petamburan Hub,961.3,1200,17.86,2.0,28.4,LOADED,YES
2026-07-06 06:08:00,TRK-135,Rute-O,Bekasi Logistics Hub,962.4,1200,18.28,2.2,29.2,DELIVERED,YES
2026-07-07 09:15:00,TRK-136,Rute-A,Depok Hub,963.5,1200,18.7,2.4,30.0,IN_TRANSIT,YES
2026-07-08 12:22:00,TRK-137,Rute-B,Bogor Transit Hub,964.6,1200,19.12,0.6,30.8,IDLE_DOCK,NO
2026-07-09 15:29:00,TRK-138,Rute-C,Cikarang Industrial Hub,965.7,1200,19.54,0.8,31.6,LOADED,YES
2026-07-10 06:36:00,TRK-139,Rute-D,Gudang West (Tangerang),966.8,1200,19.96,1.0,32.4,DELIVERED,YES
2026-07-11 09:43:00,TRK-140,Rute-E,Central Hub (Jakarta),967.9,1200,20.38,1.1,33.2,IN_TRANSIT,YES
2026-07-12 12:50:00,TRK-141,Rute-F,Grogol Hub (Jakbar),969.0,1200,20.8,1.3,34.0,IDLE_DOCK,NO
2026-07-13 15:57:00,TRK-142,Rute-G,Petamburan Hub,970.1,1200,21.22,1.5,34.8,LOADED,YES
2026-07-14 06:04:00,TRK-143,Rute-H,Bekasi Logistics Hub,971.2,1200,21.64,1.7,35.6,DELIVERED,YES
2026-07-15 09:11:00,TRK-144,Rute-I,Depok Hub,972.3,1200,22.06,1.9,36.4,IN_TRANSIT,YES
2026-07-16 12:18:00,TRK-145,Rute-J,Bogor Transit Hub,973.4,1200,22.48,2.0,37.2,IDLE_DOCK,NO
2026-07-17 15:25:00,TRK-146,Rute-K,Cikarang Industrial Hub,974.5,1200,22.9,2.2,38.0,LOADED,YES
2026-07-18 06:32:00,TRK-147,Rute-L,Gudang West (Tangerang),975.6,1200,23.32,2.4,38.8,DELIVERED,YES
2026-07-19 09:39:00,TRK-148,Rute-M,Central Hub (Jakarta),976.7,1200,23.74,0.6,39.6,IN_TRANSIT,YES
2026-07-20 12:46:00,TRK-149,Rute-N,Grogol Hub (Jakbar),977.8,1200,24.16,0.8,40.4,IDLE_DOCK,NO
2026-07-21 15:53:00,TRK-150,Rute-O,Petamburan Hub,978.9,1200,24.58,1.0,41.2,LOADED,YES
2026-07-22 06:00:00,TRK-001,Rute-A,Bekasi Logistics Hub,980.0,1200,14.5,1.1,42.0,DELIVERED,YES
2026-07-23 09:07:00,TRK-002,Rute-B,Depok Hub,981.1,1200,14.92,1.3,42.8,IN_TRANSIT,YES
2026-07-24 12:14:00,TRK-003,Rute-C,Bogor Transit Hub,982.2,1200,15.34,1.5,43.6,IDLE_DOCK,NO
2026-07-25 15:21:00,TRK-004,Rute-D,Cikarang Industrial Hub,983.3,1200,15.76,1.7,44.4,LOADED,YES
2026-07-26 06:28:00,TRK-005,Rute-E,Gudang West (Tangerang),984.4,1200,16.18,1.9,45.2,DELIVERED,YES
2026-07-27 09:35:00,TRK-006,Rute-F,Central Hub (Jakarta),985.5,1200,16.6,2.0,46.0,IN_TRANSIT,YES
2026-07-28 12:42:00,TRK-007,Rute-G,Grogol Hub (Jakbar),986.6,1200,17.02,2.2,46.8,IDLE_DOCK,NO
2026-07-29 15:49:00,TRK-008,Rute-H,Petamburan Hub,987.7,1200,17.44,2.4,47.6,LOADED,YES
2026-07-30 06:56:00,TRK-009,Rute-I,Bekasi Logistics Hub,988.8,1200,17.86,0.6,48.4,DELIVERED,YES
2026-07-31 09:03:00,TRK-010,Rute-J,Depok Hub,989.9,1200,18.28,0.8,49.2,IN_TRANSIT,YES
2026-07-01 12:10:00,TRK-011,Rute-K,Bogor Transit Hub,991.0,1200,18.7,1.0,50.0,IDLE_DOCK,NO
2026-07-02 15:17:00,TRK-012,Rute-L,Cikarang Industrial Hub,992.1,1200,19.12,1.1,50.8,LOADED,YES
2026-07-03 06:24:00,TRK-013,Rute-M,Gudang West (Tangerang),993.2,1200,19.54,1.3,51.6,DELIVERED,YES
2026-07-04 09:31:00,TRK-014,Rute-N,Central Hub (Jakarta),994.3,1200,19.96,1.5,52.4,IN_TRANSIT,YES
2026-07-05 12:38:00,TRK-015,Rute-O,Grogol Hub (Jakbar),995.4,1200,20.38,1.7,53.2,IDLE_DOCK,NO
2026-07-06 15:45:00,TRK-016,Rute-A,Petamburan Hub,996.5,1200,20.8,1.9,54.0,LOADED,YES
2026-07-07 06:52:00,TRK-017,Rute-B,Bekasi Logistics Hub,997.6,1200,21.22,2.0,54.8,DELIVERED,YES
2026-07-08 09:59:00,TRK-018,Rute-C,Depok Hub,998.7,1200,21.64,2.2,55.6,IN_TRANSIT,YES
2026-07-09 12:06:00,TRK-019,Rute-D,Bogor Transit Hub,999.8,1200,22.06,2.4,56.4,IDLE_DOCK,NO
2026-07-10 15:13:00,TRK-020,Rute-E,Cikarang Industrial Hub,1000.9,1200,22.48,0.6,57.2,LOADED,YES
2026-07-11 06:20:00,TRK-021,Rute-F,Gudang West (Tangerang),1002.0,1200,22.9,0.8,58.0,DELIVERED,YES
2026-07-12 09:27:00,TRK-022,Rute-G,Central Hub (Jakarta),1003.1,1200,23.32,1.0,58.8,IN_TRANSIT,YES
2026-07-13 12:34:00,TRK-023,Rute-H,Grogol Hub (Jakbar),1004.2,1200,23.74,1.1,59.6,IDLE_DOCK,NO
2026-07-14 15:41:00,TRK-024,Rute-I,Petamburan Hub,1005.3,1200,24.16,1.3,60.4,LOADED,YES
2026-07-15 06:48:00,TRK-025,Rute-J,Bekasi Logistics Hub,1006.4,1200,24.58,1.5,61.2,DELIVERED,YES
2026-07-16 09:55:00,TRK-026,Rute-K,Depok Hub,1007.5,1200,14.5,1.7,62.0,IN_TRANSIT,YES
2026-07-17 12:02:00,TRK-027,Rute-L,Bogor Transit Hub,1008.6,1200,14.92,1.9,62.8,IDLE_DOCK,NO
2026-07-18 15:09:00,TRK-028,Rute-M,Cikarang Industrial Hub,1009.7,1200,15.34,2.0,63.6,LOADED,YES
2026-07-19 06:16:00,TRK-029,Rute-N,Gudang West (Tangerang),1010.8,1200,15.76,2.2,64.4,DELIVERED,YES
2026-07-20 09:23:00,TRK-030,Rute-O,Central Hub (Jakarta),1011.9,1200,16.18,2.4,65.2,IN_TRANSIT,YES
2026-07-21 12:30:00,TRK-031,Rute-A,Grogol Hub (Jakbar),1013.0,1200,16.6,0.6,66.0,IDLE_DOCK,NO
2026-07-22 15:37:00,TRK-032,Rute-B,Petamburan Hub,1014.1,1200,17.02,0.8,66.8,LOADED,YES
2026-07-23 06:44:00,TRK-033,Rute-C,Bekasi Logistics Hub,1015.2,1200,17.44,1.0,67.6,DELIVERED,YES
2026-07-24 09:51:00,TRK-034,Rute-D,Depok Hub,1016.3,1200,17.86,1.1,68.4,IN_TRANSIT,YES
2026-07-25 12:58:00,TRK-035,Rute-E,Bogor Transit Hub,1017.4,1200,18.28,1.3,69.2,IDLE_DOCK,NO
2026-07-26 15:05:00,TRK-036,Rute-F,Cikarang Industrial Hub,1018.5,1200,18.7,1.5,70.0,LOADED,YES
2026-07-27 06:12:00,TRK-037,Rute-G,Gudang West (Tangerang),1019.6,1200,19.12,1.7,70.8,DELIVERED,YES
2026-07-28 09:19:00,TRK-038,Rute-H,Central Hub (Jakarta),1020.7,1200,19.54,1.9,71.6,IN_TRANSIT,YES
2026-07-29 12:26:00,TRK-039,Rute-I,Grogol Hub (Jakbar),1021.8,1200,19.96,2.0,72.4,IDLE_DOCK,NO
2026-07-30 15:33:00,TRK-040,Rute-J,Petamburan Hub,1022.9,1200,20.38,2.2,73.2,LOADED,YES
2026-07-31 06:40:00,TRK-041,Rute-K,Bekasi Logistics Hub,1024.0,1200,20.8,2.4,74.0,DELIVERED,YES
2026-07-01 09:47:00,TRK-042,Rute-L,Depok Hub,1025.1,1200,21.22,0.6,74.8,IN_TRANSIT,YES
2026-07-02 12:54:00,TRK-043,Rute-M,Bogor Transit Hub,1026.2,1200,21.64,0.8,75.6,IDLE_DOCK,NO
2026-07-03 15:01:00,TRK-044,Rute-N,Cikarang Industrial Hub,1027.3,1200,22.06,1.0,76.4,LOADED,YES
2026-07-04 06:08:00,TRK-045,Rute-O,Gudang West (Tangerang),1028.4,1200,22.48,1.1,77.2,DELIVERED,YES
2026-07-05 09:15:00,TRK-046,Rute-A,Central Hub (Jakarta),1029.5,1200,22.9,1.3,78.0,IN_TRANSIT,YES
2026-07-06 12:22:00,TRK-047,Rute-B,Grogol Hub (Jakbar),1030.6,1200,23.32,1.5,78.8,IDLE_DOCK,NO
2026-07-07 15:29:00,TRK-048,Rute-C,Petamburan Hub,1031.7,1200,23.74,1.7,79.6,LOADED,YES
2026-07-08 06:36:00,TRK-049,Rute-D,Bekasi Logistics Hub,1032.8,1200,24.16,1.9,80.4,DELIVERED,YES
2026-07-09 09:43:00,TRK-050,Rute-E,Depok Hub,1033.9,1200,24.58,2.0,81.2,IN_TRANSIT,YES
2026-07-10 12:50:00,TRK-051,Rute-F,Bogor Transit Hub,1035.0,1200,14.5,2.2,82.0,IDLE_DOCK,NO
2026-07-11 15:57:00,TRK-052,Rute-G,Cikarang Industrial Hub,1036.1,1200,14.92,2.4,82.8,LOADED,YES
2026-07-12 06:04:00,TRK-053,Rute-H,Gudang West (Tangerang),1037.2,1200,15.34,0.6,83.6,DELIVERED,YES
2026-07-13 09:11:00,TRK-054,Rute-I,Central Hub (Jakarta),1038.3,1200,15.76,0.8,84.4,IN_TRANSIT,YES
2026-07-14 12:18:00,TRK-055,Rute-J,Grogol Hub (Jakbar),1039.4,1200,16.18,1.0,85.2,IDLE_DOCK,NO
2026-07-15 15:25:00,TRK-056,Rute-K,Petamburan Hub,1040.5,1200,16.6,1.1,86.0,LOADED,YES
2026-07-16 06:32:00,TRK-057,Rute-L,Bekasi Logistics Hub,1041.6,1200,17.02,1.3,86.8,DELIVERED,YES
2026-07-17 09:39:00,TRK-058,Rute-M,Depok Hub,1042.7,1200,17.44,1.5,87.6,IN_TRANSIT,YES
2026-07-18 12:46:00,TRK-059,Rute-N,Bogor Transit Hub,1043.8,1200,17.86,1.7,88.4,IDLE_DOCK,NO
2026-07-19 15:53:00,TRK-060,Rute-O,Cikarang Industrial Hub,1044.9,1200,18.28,1.9,89.2,LOADED,YES
2026-07-20 06:00:00,TRK-061,Rute-A,Gudang West (Tangerang),1046.0,1200,18.7,2.0,18.0,DELIVERED,YES
2026-07-21 09:07:00,TRK-062,Rute-B,Central Hub (Jakarta),1047.1,1200,19.12,2.2,18.8,IN_TRANSIT,YES
2026-07-22 12:14:00,TRK-063,Rute-C,Grogol Hub (Jakbar),1048.2,1200,19.54,2.4,19.6,IDLE_DOCK,NO
2026-07-23 15:21:00,TRK-064,Rute-D,Petamburan Hub,1049.3,1200,19.96,0.6,20.4,LOADED,YES
2026-07-24 06:28:00,TRK-065,Rute-E,Bekasi Logistics Hub,1050.4,1200,20.38,0.8,21.2,DELIVERED,YES
2026-07-25 09:35:00,TRK-066,Rute-F,Depok Hub,1051.5,1200,20.8,1.0,22.0,IN_TRANSIT,YES
2026-07-26 12:42:00,TRK-067,Rute-G,Bogor Transit Hub,1052.6,1200,21.22,1.1,22.8,IDLE_DOCK,NO
2026-07-27 15:49:00,TRK-068,Rute-H,Cikarang Industrial Hub,1053.7,1200,21.64,1.3,23.6,LOADED,YES
2026-07-28 06:56:00,TRK-069,Rute-I,Gudang West (Tangerang),1054.8,1200,22.06,1.5,24.4,DELIVERED,YES
2026-07-29 09:03:00,TRK-070,Rute-J,Central Hub (Jakarta),1055.9,1200,22.48,1.7,25.2,IN_TRANSIT,YES
2026-07-30 12:10:00,TRK-071,Rute-K,Grogol Hub (Jakbar),1057.0,1200,22.9,1.9,26.0,IDLE_DOCK,NO
2026-07-31 15:17:00,TRK-072,Rute-L,Petamburan Hub,1058.1,1200,23.32,2.0,26.8,LOADED,YES
2026-07-01 06:24:00,TRK-073,Rute-M,Bekasi Logistics Hub,1059.2,1200,23.74,2.2,27.6,DELIVERED,YES
2026-07-02 09:31:00,TRK-074,Rute-N,Depok Hub,1060.3,1200,24.16,2.4,28.4,IN_TRANSIT,YES
2026-07-03 12:38:00,TRK-075,Rute-O,Bogor Transit Hub,1061.4,1200,24.58,0.6,29.2,IDLE_DOCK,NO
2026-07-04 15:45:00,TRK-076,Rute-A,Cikarang Industrial Hub,1062.5,1200,14.5,0.8,30.0,LOADED,YES
2026-07-05 06:52:00,TRK-077,Rute-B,Gudang West (Tangerang),1063.6,1200,14.92,1.0,30.8,DELIVERED,YES
2026-07-06 09:59:00,TRK-078,Rute-C,Central Hub (Jakarta),1064.7,1200,15.34,1.1,31.6,IN_TRANSIT,YES
2026-07-07 12:06:00,TRK-079,Rute-D,Grogol Hub (Jakbar),1065.8,1200,15.76,1.3,32.4,IDLE_DOCK,NO
2026-07-08 15:13:00,TRK-080,Rute-E,Petamburan Hub,1066.9,1200,16.18,1.5,33.2,LOADED,YES
2026-07-09 06:20:00,TRK-081,Rute-F,Bekasi Logistics Hub,1068.0,1200,16.6,1.7,34.0,DELIVERED,YES
2026-07-10 09:27:00,TRK-082,Rute-G,Depok Hub,1069.1,1200,17.02,1.9,34.8,IN_TRANSIT,YES
2026-07-11 12:34:00,TRK-083,Rute-H,Bogor Transit Hub,1070.2,1200,17.44,2.0,35.6,IDLE_DOCK,NO
2026-07-12 15:41:00,TRK-084,Rute-I,Cikarang Industrial Hub,1071.3,1200,17.86,2.2,36.4,LOADED,YES
2026-07-13 06:48:00,TRK-085,Rute-J,Gudang West (Tangerang),1072.4,1200,18.28,2.4,37.2,DELIVERED,YES
2026-07-14 09:55:00,TRK-086,Rute-K,Central Hub (Jakarta),1073.5,1200,18.7,0.6,38.0,IN_TRANSIT,YES
2026-07-15 12:02:00,TRK-087,Rute-L,Grogol Hub (Jakbar),1074.6,1200,19.12,0.8,38.8,IDLE_DOCK,NO
2026-07-16 15:09:00,TRK-088,Rute-M,Petamburan Hub,1075.7,1200,19.54,1.0,39.6,LOADED,YES
2026-07-17 06:16:00,TRK-089,Rute-N,Bekasi Logistics Hub,1076.8,1200,19.96,1.1,40.4,DELIVERED,YES
2026-07-18 09:23:00,TRK-090,Rute-O,Depok Hub,1077.9,1200,20.38,1.3,41.2,IN_TRANSIT,YES
2026-07-19 12:30:00,TRK-091,Rute-A,Bogor Transit Hub,1079.0,1200,20.8,1.5,42.0,IDLE_DOCK,NO
2026-07-20 15:37:00,TRK-092,Rute-B,Cikarang Industrial Hub,1080.1,1200,21.22,1.7,42.8,LOADED,YES
2026-07-21 06:44:00,TRK-093,Rute-C,Gudang West (Tangerang),1081.2,1200,21.64,1.9,43.6,DELIVERED,YES
2026-07-22 09:51:00,TRK-094,Rute-D,Central Hub (Jakarta),1082.3,1200,22.06,2.0,44.4,IN_TRANSIT,YES
2026-07-23 12:58:00,TRK-095,Rute-E,Grogol Hub (Jakbar),1083.4,1200,22.48,2.2,45.2,IDLE_DOCK,NO
2026-07-24 15:05:00,TRK-096,Rute-F,Petamburan Hub,1084.5,1200,22.9,2.4,46.0,LOADED,YES
2026-07-25 06:12:00,TRK-097,Rute-G,Bekasi Logistics Hub,1085.6,1200,23.32,0.6,46.8,DELIVERED,YES
2026-07-26 09:19:00,TRK-098,Rute-H,Depok Hub,1086.7,1200,23.74,0.8,47.6,IN_TRANSIT,YES
2026-07-27 12:26:00,TRK-099,Rute-I,Bogor Transit Hub,1087.8,1200,24.16,1.0,48.4,IDLE_DOCK,NO
2026-07-28 15:33:00,TRK-100,Rute-J,Cikarang Industrial Hub,1088.9,1200,24.58,1.1,49.2,LOADED,YES
2026-07-29 06:40:00,TRK-101,Rute-K,Gudang West (Tangerang),1090.0,1200,14.5,1.3,50.0,DELIVERED,YES
2026-07-30 09:47:00,TRK-102,Rute-L,Central Hub (Jakarta),1091.1,1200,14.92,1.5,50.8,IN_TRANSIT,YES
2026-07-31 12:54:00,TRK-103,Rute-M,Grogol Hub (Jakbar),1092.2,1200,15.34,1.7,51.6,IDLE_DOCK,NO
2026-07-01 15:01:00,TRK-104,Rute-N,Petamburan Hub,1093.3,1200,15.76,1.9,52.4,LOADED,YES
2026-07-02 06:08:00,TRK-105,Rute-O,Bekasi Logistics Hub,1094.4,1200,16.18,2.0,53.2,DELIVERED,YES
2026-07-03 09:15:00,TRK-106,Rute-A,Depok Hub,1095.5,1200,16.6,2.2,54.0,IN_TRANSIT,YES
2026-07-04 12:22:00,TRK-107,Rute-B,Bogor Transit Hub,1096.6,1200,17.02,2.4,54.8,IDLE_DOCK,NO
2026-07-05 15:29:00,TRK-108,Rute-C,Cikarang Industrial Hub,1097.7,1200,17.44,0.6,55.6,LOADED,YES
2026-07-06 06:36:00,TRK-109,Rute-D,Gudang West (Tangerang),1098.8,1200,17.86,0.8,56.4,DELIVERED,YES
2026-07-07 09:43:00,TRK-110,Rute-E,Central Hub (Jakarta),1099.9,1200,18.28,1.0,57.2,IN_TRANSIT,YES
2026-07-08 12:50:00,TRK-111,Rute-F,Grogol Hub (Jakbar),1101.0,1200,18.7,1.1,58.0,IDLE_DOCK,NO
2026-07-09 15:57:00,TRK-112,Rute-G,Petamburan Hub,1102.1,1200,19.12,1.3,58.8,LOADED,YES
2026-07-10 06:04:00,TRK-113,Rute-H,Bekasi Logistics Hub,1103.2,1200,19.54,1.5,59.6,DELIVERED,YES
2026-07-11 09:11:00,TRK-114,Rute-I,Depok Hub,1104.3,1200,19.96,1.7,60.4,IN_TRANSIT,YES
2026-07-12 12:18:00,TRK-115,Rute-J,Bogor Transit Hub,1105.4,1200,20.38,1.9,61.2,IDLE_DOCK,NO
2026-07-13 15:25:00,TRK-116,Rute-K,Cikarang Industrial Hub,1106.5,1200,20.8,2.0,62.0,LOADED,YES
2026-07-14 06:32:00,TRK-117,Rute-L,Gudang West (Tangerang),1107.6,1200,21.22,2.2,62.8,DELIVERED,YES
2026-07-15 09:39:00,TRK-118,Rute-M,Central Hub (Jakarta),1108.7,1200,21.64,2.4,63.6,IN_TRANSIT,YES
2026-07-16 12:46:00,TRK-119,Rute-N,Grogol Hub (Jakbar),1109.8,1200,22.06,0.6,64.4,IDLE_DOCK,NO
2026-07-17 15:53:00,TRK-120,Rute-O,Petamburan Hub,1110.9,1200,22.48,0.8,65.2,LOADED,YES
2026-07-18 06:00:00,TRK-121,Rute-A,Bekasi Logistics Hub,1112.0,1200,22.9,1.0,66.0,DELIVERED,YES
2026-07-19 09:07:00,TRK-122,Rute-B,Depok Hub,1113.1,1200,23.32,1.1,66.8,IN_TRANSIT,YES
2026-07-20 12:14:00,TRK-123,Rute-C,Bogor Transit Hub,1114.2,1200,23.74,1.3,67.6,IDLE_DOCK,NO
2026-07-21 15:21:00,TRK-124,Rute-D,Cikarang Industrial Hub,1115.3,1200,24.16,1.5,68.4,LOADED,YES
2026-07-22 06:28:00,TRK-125,Rute-E,Gudang West (Tangerang),1116.4,1200,24.58,1.7,69.2,DELIVERED,YES
2026-07-23 09:35:00,TRK-126,Rute-F,Central Hub (Jakarta),1117.5,1200,14.5,1.9,70.0,IN_TRANSIT,YES
2026-07-24 12:42:00,TRK-127,Rute-G,Grogol Hub (Jakbar),1118.6,1200,14.92,2.0,70.8,IDLE_DOCK,NO
2026-07-25 15:49:00,TRK-128,Rute-H,Petamburan Hub,1119.7,1200,15.34,2.2,71.6,LOADED,YES
2026-07-26 06:56:00,TRK-129,Rute-I,Bekasi Logistics Hub,1120.8,1200,15.76,2.4,72.4,DELIVERED,YES
2026-07-27 09:03:00,TRK-130,Rute-J,Depok Hub,1121.9,1200,16.18,0.6,73.2,IN_TRANSIT,YES
2026-07-28 12:10:00,TRK-131,Rute-K,Bogor Transit Hub,1123.0,1200,16.6,0.8,74.0,IDLE_DOCK,NO
2026-07-29 15:17:00,TRK-132,Rute-L,Cikarang Industrial Hub,1124.1,1200,17.02,1.0,74.8,LOADED,YES
2026-07-30 06:24:00,TRK-133,Rute-M,Gudang West (Tangerang),1125.2,1200,17.44,1.1,75.6,DELIVERED,YES
2026-07-31 09:31:00,TRK-134,Rute-N,Central Hub (Jakarta),1126.3,1200,17.86,1.3,76.4,IN_TRANSIT,YES
2026-07-01 12:38:00,TRK-135,Rute-O,Grogol Hub (Jakbar),1127.4,1200,18.28,1.5,77.2,IDLE_DOCK,NO
2026-07-02 15:45:00,TRK-136,Rute-A,Petamburan Hub,1128.5,1200,18.7,1.7,78.0,LOADED,YES
2026-07-03 06:52:00,TRK-137,Rute-B,Bekasi Logistics Hub,1129.6,1200,19.12,1.9,78.8,DELIVERED,YES
2026-07-04 09:59:00,TRK-138,Rute-C,Depok Hub,1130.7,1200,19.54,2.0,79.6,IN_TRANSIT,YES
2026-07-05 12:06:00,TRK-139,Rute-D,Bogor Transit Hub,1131.8,1200,19.96,2.2,80.4,IDLE_DOCK,NO
2026-07-06 15:13:00,TRK-140,Rute-E,Cikarang Industrial Hub,1132.9,1200,20.38,2.4,81.2,LOADED,YES
2026-07-07 06:20:00,TRK-141,Rute-F,Gudang West (Tangerang),1134.0,1200,20.8,0.6,82.0,DELIVERED,YES
2026-07-08 09:27:00,TRK-142,Rute-G,Central Hub (Jakarta),1135.1,1200,21.22,0.8,82.8,IN_TRANSIT,YES
2026-07-09 12:34:00,TRK-143,Rute-H,Grogol Hub (Jakbar),1136.2,1200,21.64,1.0,83.6,IDLE_DOCK,NO
2026-07-10 15:41:00,TRK-144,Rute-I,Petamburan Hub,1137.3,1200,22.06,1.1,84.4,LOADED,YES
2026-07-11 06:48:00,TRK-145,Rute-J,Bekasi Logistics Hub,1138.4,1200,22.48,1.3,85.2,DELIVERED,YES
2026-07-12 09:55:00,TRK-146,Rute-K,Depok Hub,1139.5,1200,22.9,1.5,86.0,IN_TRANSIT,YES
2026-07-13 12:02:00,TRK-147,Rute-L,Bogor Transit Hub,1140.6,1200,23.32,1.7,86.8,IDLE_DOCK,NO
2026-07-14 15:09:00,TRK-148,Rute-M,Cikarang Industrial Hub,1141.7,1200,23.74,1.9,87.6,LOADED,YES
2026-07-15 06:16:00,TRK-149,Rute-N,Gudang West (Tangerang),1142.8,1200,24.16,2.0,88.4,DELIVERED,YES
2026-07-16 09:23:00,TRK-150,Rute-O,Central Hub (Jakarta),1143.9,1200,24.58,2.2,89.2,IN_TRANSIT,YES
2026-07-17 12:30:00,TRK-001,Rute-A,Grogol Hub (Jakbar),1145.0,1200,14.5,2.4,18.0,IDLE_DOCK,NO
2026-07-18 15:37:00,TRK-002,Rute-B,Petamburan Hub,1146.1,1200,14.92,0.6,18.8,LOADED,YES
2026-07-19 06:44:00,TRK-003,Rute-C,Bekasi Logistics Hub,1147.2,1200,15.34,0.8,19.6,DELIVERED,YES
2026-07-20 09:51:00,TRK-004,Rute-D,Depok Hub,1148.3,1200,15.76,1.0,20.4,IN_TRANSIT,YES
2026-07-21 12:58:00,TRK-005,Rute-E,Bogor Transit Hub,1149.4,1200,16.18,1.1,21.2,IDLE_DOCK,NO
2026-07-22 15:05:00,TRK-006,Rute-F,Cikarang Industrial Hub,1150.5,1200,16.6,1.3,22.0,LOADED,YES
2026-07-23 06:12:00,TRK-007,Rute-G,Gudang West (Tangerang),1151.6,1200,17.02,1.5,22.8,DELIVERED,YES
2026-07-24 09:19:00,TRK-008,Rute-H,Central Hub (Jakarta),1152.7,1200,17.44,1.7,23.6,IN_TRANSIT,YES
2026-07-25 12:26:00,TRK-009,Rute-I,Grogol Hub (Jakbar),1153.8,1200,17.86,1.9,24.4,IDLE_DOCK,NO
2026-07-26 15:33:00,TRK-010,Rute-J,Petamburan Hub,1154.9,1200,18.28,2.0,25.2,LOADED,YES
2026-07-27 06:40:00,TRK-011,Rute-K,Bekasi Logistics Hub,650.0,1200,18.7,2.2,26.0,DELIVERED,YES
2026-07-28 09:47:00,TRK-012,Rute-L,Depok Hub,651.1,1200,19.12,2.4,26.8,IN_TRANSIT,YES
2026-07-29 12:54:00,TRK-013,Rute-M,Bogor Transit Hub,652.2,1200,19.54,0.6,27.6,IDLE_DOCK,NO
2026-07-30 15:01:00,TRK-014,Rute-N,Cikarang Industrial Hub,653.3,1200,19.96,0.8,28.4,LOADED,YES
2026-07-31 06:08:00,TRK-015,Rute-O,Gudang West (Tangerang),654.4,1200,20.38,1.0,29.2,DELIVERED,YES
2026-07-01 09:15:00,TRK-016,Rute-A,Central Hub (Jakarta),655.5,1200,20.8,1.1,30.0,IN_TRANSIT,YES
2026-07-02 12:22:00,TRK-017,Rute-B,Grogol Hub (Jakbar),656.6,1200,21.22,1.3,30.8,IDLE_DOCK,NO
2026-07-03 15:29:00,TRK-018,Rute-C,Petamburan Hub,657.7,1200,21.64,1.5,31.6,LOADED,YES
2026-07-04 06:36:00,TRK-019,Rute-D,Bekasi Logistics Hub,658.8,1200,22.06,1.7,32.4,DELIVERED,YES
2026-07-05 09:43:00,TRK-020,Rute-E,Depok Hub,659.9,1200,22.48,1.9,33.2,IN_TRANSIT,YES
2026-07-06 12:50:00,TRK-021,Rute-F,Bogor Transit Hub,661.0,1200,22.9,2.0,34.0,IDLE_DOCK,NO
2026-07-07 15:57:00,TRK-022,Rute-G,Cikarang Industrial Hub,662.1,1200,23.32,2.2,34.8,LOADED,YES
2026-07-08 06:04:00,TRK-023,Rute-H,Gudang West (Tangerang),663.2,1200,23.74,2.4,35.6,DELIVERED,YES
2026-07-09 09:11:00,TRK-024,Rute-I,Central Hub (Jakarta),664.3,1200,24.16,0.6,36.4,IN_TRANSIT,YES
2026-07-10 12:18:00,TRK-025,Rute-J,Grogol Hub (Jakbar),665.4,1200,24.58,0.8,37.2,IDLE_DOCK,NO
2026-07-11 15:25:00,TRK-026,Rute-K,Petamburan Hub,666.5,1200,14.5,1.0,38.0,LOADED,YES
2026-07-12 06:32:00,TRK-027,Rute-L,Bekasi Logistics Hub,667.6,1200,14.92,1.1,38.8,DELIVERED,YES
2026-07-13 09:39:00,TRK-028,Rute-M,Depok Hub,668.7,1200,15.34,1.3,39.6,IN_TRANSIT,YES
2026-07-14 12:46:00,TRK-029,Rute-N,Bogor Transit Hub,669.8,1200,15.76,1.5,40.4,IDLE_DOCK,NO
2026-07-15 15:53:00,TRK-030,Rute-O,Cikarang Industrial Hub,670.9,1200,16.18,1.7,41.2,LOADED,YES
2026-07-16 06:00:00,TRK-031,Rute-A,Gudang West (Tangerang),672.0,1200,16.6,1.9,42.0,DELIVERED,YES
2026-07-17 09:07:00,TRK-032,Rute-B,Central Hub (Jakarta),673.1,1200,17.02,2.0,42.8,IN_TRANSIT,YES
2026-07-18 12:14:00,TRK-033,Rute-C,Grogol Hub (Jakbar),674.2,1200,17.44,2.2,43.6,IDLE_DOCK,NO
2026-07-19 15:21:00,TRK-034,Rute-D,Petamburan Hub,675.3,1200,17.86,2.4,44.4,LOADED,YES
2026-07-20 06:28:00,TRK-035,Rute-E,Bekasi Logistics Hub,676.4,1200,18.28,0.6,45.2,DELIVERED,YES
2026-07-21 09:35:00,TRK-036,Rute-F,Depok Hub,677.5,1200,18.7,0.8,46.0,IN_TRANSIT,YES
2026-07-22 12:42:00,TRK-037,Rute-G,Bogor Transit Hub,678.6,1200,19.12,1.0,46.8,IDLE_DOCK,NO
2026-07-23 15:49:00,TRK-038,Rute-H,Cikarang Industrial Hub,679.7,1200,19.54,1.1,47.6,LOADED,YES
2026-07-24 06:56:00,TRK-039,Rute-I,Gudang West (Tangerang),680.8,1200,19.96,1.3,48.4,DELIVERED,YES
2026-07-25 09:03:00,TRK-040,Rute-J,Central Hub (Jakarta),681.9,1200,20.38,1.5,49.2,IN_TRANSIT,YES
2026-07-26 12:10:00,TRK-041,Rute-K,Grogol Hub (Jakbar),683.0,1200,20.8,1.7,50.0,IDLE_DOCK,NO
2026-07-27 15:17:00,TRK-042,Rute-L,Petamburan Hub,684.1,1200,21.22,1.9,50.8,LOADED,YES
2026-07-28 06:24:00,TRK-043,Rute-M,Bekasi Logistics Hub,685.2,1200,21.64,2.0,51.6,DELIVERED,YES
2026-07-29 09:31:00,TRK-044,Rute-N,Depok Hub,686.3,1200,22.06,2.2,52.4,IN_TRANSIT,YES
2026-07-30 12:38:00,TRK-045,Rute-O,Bogor Transit Hub,687.4,1200,22.48,2.4,53.2,IDLE_DOCK,NO
2026-07-31 15:45:00,TRK-046,Rute-A,Cikarang Industrial Hub,688.5,1200,22.9,0.6,54.0,LOADED,YES
2026-07-01 06:52:00,TRK-047,Rute-B,Gudang West (Tangerang),689.6,1200,23.32,0.8,54.8,DELIVERED,YES
2026-07-02 09:59:00,TRK-048,Rute-C,Central Hub (Jakarta),690.7,1200,23.74,1.0,55.6,IN_TRANSIT,YES
2026-07-03 12:06:00,TRK-049,Rute-D,Grogol Hub (Jakbar),691.8,1200,24.16,1.1,56.4,IDLE_DOCK,NO
2026-07-04 15:13:00,TRK-050,Rute-E,Petamburan Hub,692.9,1200,24.58,1.3,57.2,LOADED,YES
2026-07-05 06:20:00,TRK-051,Rute-F,Bekasi Logistics Hub,694.0,1200,14.5,1.5,58.0,DELIVERED,YES
2026-07-06 09:27:00,TRK-052,Rute-G,Depok Hub,695.1,1200,14.92,1.7,58.8,IN_TRANSIT,YES
2026-07-07 12:34:00,TRK-053,Rute-H,Bogor Transit Hub,696.2,1200,15.34,1.9,59.6,IDLE_DOCK,NO
2026-07-08 15:41:00,TRK-054,Rute-I,Cikarang Industrial Hub,697.3,1200,15.76,2.0,60.4,LOADED,YES
2026-07-09 06:48:00,TRK-055,Rute-J,Gudang West (Tangerang),698.4,1200,16.18,2.2,61.2,DELIVERED,YES
2026-07-10 09:55:00,TRK-056,Rute-K,Central Hub (Jakarta),699.5,1200,16.6,2.4,62.0,IN_TRANSIT,YES
2026-07-11 12:02:00,TRK-057,Rute-L,Grogol Hub (Jakbar),700.6,1200,17.02,0.6,62.8,IDLE_DOCK,NO
2026-07-12 15:09:00,TRK-058,Rute-M,Petamburan Hub,701.7,1200,17.44,0.8,63.6,LOADED,YES
2026-07-13 06:16:00,TRK-059,Rute-N,Bekasi Logistics Hub,702.8,1200,17.86,1.0,64.4,DELIVERED,YES
2026-07-14 09:23:00,TRK-060,Rute-O,Depok Hub,703.9,1200,18.28,1.1,65.2,IN_TRANSIT,YES
2026-07-15 12:30:00,TRK-061,Rute-A,Bogor Transit Hub,705.0,1200,18.7,1.3,66.0,IDLE_DOCK,NO
2026-07-16 15:37:00,TRK-062,Rute-B,Cikarang Industrial Hub,706.1,1200,19.12,1.5,66.8,LOADED,YES
2026-07-17 06:44:00,TRK-063,Rute-C,Gudang West (Tangerang),707.2,1200,19.54,1.7,67.6,DELIVERED,YES
2026-07-18 09:51:00,TRK-064,Rute-D,Central Hub (Jakarta),708.3,1200,19.96,1.9,68.4,IN_TRANSIT,YES
2026-07-19 12:58:00,TRK-065,Rute-E,Grogol Hub (Jakbar),709.4,1200,20.38,2.0,69.2,IDLE_DOCK,NO
2026-07-20 15:05:00,TRK-066,Rute-F,Petamburan Hub,710.5,1200,20.8,2.2,70.0,LOADED,YES
2026-07-21 06:12:00,TRK-067,Rute-G,Bekasi Logistics Hub,711.6,1200,21.22,2.4,70.8,DELIVERED,YES
2026-07-22 09:19:00,TRK-068,Rute-H,Depok Hub,712.7,1200,21.64,0.6,71.6,IN_TRANSIT,YES
2026-07-23 12:26:00,TRK-069,Rute-I,Bogor Transit Hub,713.8,1200,22.06,0.8,72.4,IDLE_DOCK,NO
2026-07-24 15:33:00,TRK-070,Rute-J,Cikarang Industrial Hub,714.9,1200,22.48,1.0,73.2,LOADED,YES
2026-07-25 06:40:00,TRK-071,Rute-K,Gudang West (Tangerang),716.0,1200,22.9,1.1,74.0,DELIVERED,YES
2026-07-26 09:47:00,TRK-072,Rute-L,Central Hub (Jakarta),717.1,1200,23.32,1.3,74.8,IN_TRANSIT,YES
2026-07-27 12:54:00,TRK-073,Rute-M,Grogol Hub (Jakbar),718.2,1200,23.74,1.5,75.6,IDLE_DOCK,NO
2026-07-28 15:01:00,TRK-074,Rute-N,Petamburan Hub,719.3,1200,24.16,1.7,76.4,LOADED,YES
2026-07-29 06:08:00,TRK-075,Rute-O,Bekasi Logistics Hub,720.4,1200,24.58,1.9,77.2,DELIVERED,YES
2026-07-30 09:15:00,TRK-076,Rute-A,Depok Hub,721.5,1200,14.5,2.0,78.0,IN_TRANSIT,YES
2026-07-31 12:22:00,TRK-077,Rute-B,Bogor Transit Hub,722.6,1200,14.92,2.2,78.8,IDLE_DOCK,NO
2026-07-01 15:29:00,TRK-078,Rute-C,Cikarang Industrial Hub,723.7,1200,15.34,2.4,79.6,LOADED,YES
2026-07-02 06:36:00,TRK-079,Rute-D,Gudang West (Tangerang),724.8,1200,15.76,0.6,80.4,DELIVERED,YES
2026-07-03 09:43:00,TRK-080,Rute-E,Central Hub (Jakarta),725.9,1200,16.18,0.8,81.2,IN_TRANSIT,YES
2026-07-04 12:50:00,TRK-081,Rute-F,Grogol Hub (Jakbar),727.0,1200,16.6,1.0,82.0,IDLE_DOCK,NO
2026-07-05 15:57:00,TRK-082,Rute-G,Petamburan Hub,728.1,1200,17.02,1.1,82.8,LOADED,YES
2026-07-06 06:04:00,TRK-083,Rute-H,Bekasi Logistics Hub,729.2,1200,17.44,1.3,83.6,DELIVERED,YES
2026-07-07 09:11:00,TRK-084,Rute-I,Depok Hub,730.3,1200,17.86,1.5,84.4,IN_TRANSIT,YES
2026-07-08 12:18:00,TRK-085,Rute-J,Bogor Transit Hub,731.4,1200,18.28,1.7,85.2,IDLE_DOCK,NO
2026-07-09 15:25:00,TRK-086,Rute-K,Cikarang Industrial Hub,732.5,1200,18.7,1.9,86.0,LOADED,YES
2026-07-10 06:32:00,TRK-087,Rute-L,Gudang West (Tangerang),733.6,1200,19.12,2.0,86.8,DELIVERED,YES
2026-07-11 09:39:00,TRK-088,Rute-M,Central Hub (Jakarta),734.7,1200,19.54,2.2,87.6,IN_TRANSIT,YES
2026-07-12 12:46:00,TRK-089,Rute-N,Grogol Hub (Jakbar),735.8,1200,19.96,2.4,88.4,IDLE_DOCK,NO
2026-07-13 15:53:00,TRK-090,Rute-O,Petamburan Hub,736.9,1200,20.38,0.6,89.2,LOADED,YES
2026-07-14 06:00:00,TRK-091,Rute-A,Bekasi Logistics Hub,738.0,1200,20.8,0.8,18.0,DELIVERED,YES
2026-07-15 09:07:00,TRK-092,Rute-B,Depok Hub,739.1,1200,21.22,1.0,18.8,IN_TRANSIT,YES
2026-07-16 12:14:00,TRK-093,Rute-C,Bogor Transit Hub,740.2,1200,21.64,1.1,19.6,IDLE_DOCK,NO
2026-07-17 15:21:00,TRK-094,Rute-D,Cikarang Industrial Hub,741.3,1200,22.06,1.3,20.4,LOADED,YES
2026-07-18 06:28:00,TRK-095,Rute-E,Gudang West (Tangerang),742.4,1200,22.48,1.5,21.2,DELIVERED,YES
2026-07-19 09:35:00,TRK-096,Rute-F,Central Hub (Jakarta),743.5,1200,22.9,1.7,22.0,IN_TRANSIT,YES
2026-07-20 12:42:00,TRK-097,Rute-G,Grogol Hub (Jakbar),744.6,1200,23.32,1.9,22.8,IDLE_DOCK,NO
2026-07-21 15:49:00,TRK-098,Rute-H,Petamburan Hub,745.7,1200,23.74,2.0,23.6,LOADED,YES
2026-07-22 06:56:00,TRK-099,Rute-I,Bekasi Logistics Hub,746.8,1200,24.16,2.2,24.4,DELIVERED,YES
2026-07-23 09:03:00,TRK-100,Rute-J,Depok Hub,747.9,1200,24.58,2.4,25.2,IN_TRANSIT,YES
2026-07-24 12:10:00,TRK-101,Rute-K,Bogor Transit Hub,749.0,1200,14.5,0.6,26.0,IDLE_DOCK,NO
2026-07-25 15:17:00,TRK-102,Rute-L,Cikarang Industrial Hub,750.1,1200,14.92,0.8,26.8,LOADED,YES
2026-07-26 06:24:00,TRK-103,Rute-M,Gudang West (Tangerang),751.2,1200,15.34,1.0,27.6,DELIVERED,YES
2026-07-27 09:31:00,TRK-104,Rute-N,Central Hub (Jakarta),752.3,1200,15.76,1.1,28.4,IN_TRANSIT,YES
2026-07-28 12:38:00,TRK-105,Rute-O,Grogol Hub (Jakbar),753.4,1200,16.18,1.3,29.2,IDLE_DOCK,NO
2026-07-29 15:45:00,TRK-106,Rute-A,Petamburan Hub,754.5,1200,16.6,1.5,30.0,LOADED,YES
2026-07-30 06:52:00,TRK-107,Rute-B,Bekasi Logistics Hub,755.6,1200,17.02,1.7,30.8,DELIVERED,YES
2026-07-31 09:59:00,TRK-108,Rute-C,Depok Hub,756.7,1200,17.44,1.9,31.6,IN_TRANSIT,YES
2026-07-01 12:06:00,TRK-109,Rute-D,Bogor Transit Hub,757.8,1200,17.86,2.0,32.4,IDLE_DOCK,NO
2026-07-02 15:13:00,TRK-110,Rute-E,Cikarang Industrial Hub,758.9,1200,18.28,2.2,33.2,LOADED,YES
2026-07-03 06:20:00,TRK-111,Rute-F,Gudang West (Tangerang),760.0,1200,18.7,2.4,34.0,DELIVERED,YES
2026-07-04 09:27:00,TRK-112,Rute-G,Central Hub (Jakarta),761.1,1200,19.12,0.6,34.8,IN_TRANSIT,YES
2026-07-05 12:34:00,TRK-113,Rute-H,Grogol Hub (Jakbar),762.2,1200,19.54,0.8,35.6,IDLE_DOCK,NO
2026-07-06 15:41:00,TRK-114,Rute-I,Petamburan Hub,763.3,1200,19.96,1.0,36.4,LOADED,YES
2026-07-07 06:48:00,TRK-115,Rute-J,Bekasi Logistics Hub,764.4,1200,20.38,1.1,37.2,DELIVERED,YES
2026-07-08 09:55:00,TRK-116,Rute-K,Depok Hub,765.5,1200,20.8,1.3,38.0,IN_TRANSIT,YES
2026-07-09 12:02:00,TRK-117,Rute-L,Bogor Transit Hub,766.6,1200,21.22,1.5,38.8,IDLE_DOCK,NO
2026-07-10 15:09:00,TRK-118,Rute-M,Cikarang Industrial Hub,767.7,1200,21.64,1.7,39.6,LOADED,YES
2026-07-11 06:16:00,TRK-119,Rute-N,Gudang West (Tangerang),768.8,1200,22.06,1.9,40.4,DELIVERED,YES
2026-07-12 09:23:00,TRK-120,Rute-O,Central Hub (Jakarta),769.9,1200,22.48,2.0,41.2,IN_TRANSIT,YES
2026-07-13 12:30:00,TRK-121,Rute-A,Grogol Hub (Jakbar),771.0,1200,22.9,2.2,42.0,IDLE_DOCK,NO
2026-07-14 15:37:00,TRK-122,Rute-B,Petamburan Hub,772.1,1200,23.32,2.4,42.8,LOADED,YES
2026-07-15 06:44:00,TRK-123,Rute-C,Bekasi Logistics Hub,773.2,1200,23.74,0.6,43.6,DELIVERED,YES
2026-07-16 09:51:00,TRK-124,Rute-D,Depok Hub,774.3,1200,24.16,0.8,44.4,IN_TRANSIT,YES
2026-07-17 12:58:00,TRK-125,Rute-E,Bogor Transit Hub,775.4,1200,24.58,1.0,45.2,IDLE_DOCK,NO
2026-07-18 15:05:00,TRK-126,Rute-F,Cikarang Industrial Hub,776.5,1200,14.5,1.1,46.0,LOADED,YES
2026-07-19 06:12:00,TRK-127,Rute-G,Gudang West (Tangerang),777.6,1200,14.92,1.3,46.8,DELIVERED,YES
2026-07-20 09:19:00,TRK-128,Rute-H,Central Hub (Jakarta),778.7,1200,15.34,1.5,47.6,IN_TRANSIT,YES
2026-07-21 12:26:00,TRK-129,Rute-I,Grogol Hub (Jakbar),779.8,1200,15.76,1.7,48.4,IDLE_DOCK,NO
2026-07-22 15:33:00,TRK-130,Rute-J,Petamburan Hub,780.9,1200,16.18,1.9,49.2,LOADED,YES
2026-07-23 06:40:00,TRK-131,Rute-K,Bekasi Logistics Hub,782.0,1200,16.6,2.0,50.0,DELIVERED,YES
2026-07-24 09:47:00,TRK-132,Rute-L,Depok Hub,783.1,1200,17.02,2.2,50.8,IN_TRANSIT,YES
2026-07-25 12:54:00,TRK-133,Rute-M,Bogor Transit Hub,784.2,1200,17.44,2.4,51.6,IDLE_DOCK,NO
2026-07-26 15:01:00,TRK-134,Rute-N,Cikarang Industrial Hub,785.3,1200,17.86,0.6,52.4,LOADED,YES
2026-07-27 06:08:00,TRK-135,Rute-O,Gudang West (Tangerang),786.4,1200,18.28,0.8,53.2,DELIVERED,YES
2026-07-28 09:15:00,TRK-136,Rute-A,Central Hub (Jakarta),787.5,1200,18.7,1.0,54.0,IN_TRANSIT,YES
2026-07-29 12:22:00,TRK-137,Rute-B,Grogol Hub (Jakbar),788.6,1200,19.12,1.1,54.8,IDLE_DOCK,NO
2026-07-30 15:29:00,TRK-138,Rute-C,Petamburan Hub,789.7,1200,19.54,1.3,55.6,LOADED,YES
2026-07-31 06:36:00,TRK-139,Rute-D,Bekasi Logistics Hub,790.8,1200,19.96,1.5,56.4,DELIVERED,YES
2026-07-01 09:43:00,TRK-140,Rute-E,Depok Hub,791.9,1200,20.38,1.7,57.2,IN_TRANSIT,YES
2026-07-02 12:50:00,TRK-141,Rute-F,Bogor Transit Hub,793.0,1200,20.8,1.9,58.0,IDLE_DOCK,NO
2026-07-03 15:57:00,TRK-142,Rute-G,Cikarang Industrial Hub,794.1,1200,21.22,2.0,58.8,LOADED,YES
2026-07-04 06:04:00,TRK-143,Rute-H,Gudang West (Tangerang),795.2,1200,21.64,2.2,59.6,DELIVERED,YES
2026-07-05 09:11:00,TRK-144,Rute-I,Central Hub (Jakarta),796.3,1200,22.06,2.4,60.4,IN_TRANSIT,YES
2026-07-06 12:18:00,TRK-145,Rute-J,Grogol Hub (Jakbar),797.4,1200,22.48,0.6,61.2,IDLE_DOCK,NO
2026-07-07 15:25:00,TRK-146,Rute-K,Petamburan Hub,798.5,1200,22.9,0.8,62.0,LOADED,YES
2026-07-08 06:32:00,TRK-147,Rute-L,Bekasi Logistics Hub,799.6,1200,23.32,1.0,62.8,DELIVERED,YES
2026-07-09 09:39:00,TRK-148,Rute-M,Depok Hub,800.7,1200,23.74,1.1,63.6,IN_TRANSIT,YES
2026-07-10 12:46:00,TRK-149,Rute-N,Bogor Transit Hub,801.8,1200,24.16,1.3,64.4,IDLE_DOCK,NO
2026-07-11 15:53:00,TRK-150,Rute-O,Cikarang Industrial Hub,802.9,1200,24.58,1.5,65.2,LOADED,YES
2026-07-12 06:00:00,TRK-001,Rute-A,Gudang West (Tangerang),804.0,1200,14.5,1.7,66.0,DELIVERED,YES
2026-07-13 09:07:00,TRK-002,Rute-B,Central Hub (Jakarta),805.1,1200,14.92,1.9,66.8,IN_TRANSIT,YES
2026-07-14 12:14:00,TRK-003,Rute-C,Grogol Hub (Jakbar),806.2,1200,15.34,2.0,67.6,IDLE_DOCK,NO
2026-07-15 15:21:00,TRK-004,Rute-D,Petamburan Hub,807.3,1200,15.76,2.2,68.4,LOADED,YES
2026-07-16 06:28:00,TRK-005,Rute-E,Bekasi Logistics Hub,808.4,1200,16.18,2.4,69.2,DELIVERED,YES
2026-07-17 09:35:00,TRK-006,Rute-F,Depok Hub,809.5,1200,16.6,0.6,70.0,IN_TRANSIT,YES
2026-07-18 12:42:00,TRK-007,Rute-G,Bogor Transit Hub,810.6,1200,17.02,0.8,70.8,IDLE_DOCK,NO
2026-07-19 15:49:00,TRK-008,Rute-H,Cikarang Industrial Hub,811.7,1200,17.44,1.0,71.6,LOADED,YES
2026-07-20 06:56:00,TRK-009,Rute-I,Gudang West (Tangerang),812.8,1200,17.86,1.1,72.4,DELIVERED,YES
2026-07-21 09:03:00,TRK-010,Rute-J,Central Hub (Jakarta),813.9,1200,18.28,1.3,73.2,IN_TRANSIT,YES
2026-07-22 12:10:00,TRK-011,Rute-K,Grogol Hub (Jakbar),815.0,1200,18.7,1.5,74.0,IDLE_DOCK,NO
2026-07-23 15:17:00,TRK-012,Rute-L,Petamburan Hub,816.1,1200,19.12,1.7,74.8,LOADED,YES
2026-07-24 06:24:00,TRK-013,Rute-M,Bekasi Logistics Hub,817.2,1200,19.54,1.9,75.6,DELIVERED,YES
2026-07-25 09:31:00,TRK-014,Rute-N,Depok Hub,818.3,1200,19.96,2.0,76.4,IN_TRANSIT,YES
2026-07-26 12:38:00,TRK-015,Rute-O,Bogor Transit Hub,819.4,1200,20.38,2.2,77.2,IDLE_DOCK,NO
2026-07-27 15:45:00,TRK-016,Rute-A,Cikarang Industrial Hub,820.5,1200,20.8,2.4,78.0,LOADED,YES
2026-07-28 06:52:00,TRK-017,Rute-B,Gudang West (Tangerang),821.6,1200,21.22,0.6,78.8,DELIVERED,YES
2026-07-29 09:59:00,TRK-018,Rute-C,Central Hub (Jakarta),822.7,1200,21.64,0.8,79.6,IN_TRANSIT,YES
2026-07-30 12:06:00,TRK-019,Rute-D,Grogol Hub (Jakbar),823.8,1200,22.06,1.0,80.4,IDLE_DOCK,NO
2026-07-31 15:13:00,TRK-020,Rute-E,Petamburan Hub,824.9,1200,22.48,1.1,81.2,LOADED,YES
2026-07-01 06:20:00,TRK-021,Rute-F,Bekasi Logistics Hub,826.0,1200,22.9,1.3,82.0,DELIVERED,YES
2026-07-02 09:27:00,TRK-022,Rute-G,Depok Hub,827.1,1200,23.32,1.5,82.8,IN_TRANSIT,YES
2026-07-03 12:34:00,TRK-023,Rute-H,Bogor Transit Hub,828.2,1200,23.74,1.7,83.6,IDLE_DOCK,NO
2026-07-04 15:41:00,TRK-024,Rute-I,Cikarang Industrial Hub,829.3,1200,24.16,1.9,84.4,LOADED,YES
2026-07-05 06:48:00,TRK-025,Rute-J,Gudang West (Tangerang),830.4,1200,24.58,2.0,85.2,DELIVERED,YES
2026-07-06 09:55:00,TRK-026,Rute-K,Central Hub (Jakarta),831.5,1200,14.5,2.2,86.0,IN_TRANSIT,YES
2026-07-07 12:02:00,TRK-027,Rute-L,Grogol Hub (Jakbar),832.6,1200,14.92,2.4,86.8,IDLE_DOCK,NO
2026-07-08 15:09:00,TRK-028,Rute-M,Petamburan Hub,833.7,1200,15.34,0.6,87.6,LOADED,YES
2026-07-09 06:16:00,TRK-029,Rute-N,Bekasi Logistics Hub,834.8,1200,15.76,0.8,88.4,DELIVERED,YES
2026-07-10 09:23:00,TRK-030,Rute-O,Depok Hub,835.9,1200,16.18,1.0,89.2,IN_TRANSIT,YES
2026-07-11 12:30:00,TRK-031,Rute-A,Bogor Transit Hub,837.0,1200,16.6,1.1,18.0,IDLE_DOCK,NO
2026-07-12 15:37:00,TRK-032,Rute-B,Cikarang Industrial Hub,838.1,1200,17.02,1.3,18.8,LOADED,YES
2026-07-13 06:44:00,TRK-033,Rute-C,Gudang West (Tangerang),839.2,1200,17.44,1.5,19.6,DELIVERED,YES
2026-07-14 09:51:00,TRK-034,Rute-D,Central Hub (Jakarta),840.3,1200,17.86,1.7,20.4,IN_TRANSIT,YES
2026-07-15 12:58:00,TRK-035,Rute-E,Grogol Hub (Jakbar),841.4,1200,18.28,1.9,21.2,IDLE_DOCK,NO
2026-07-16 15:05:00,TRK-036,Rute-F,Petamburan Hub,842.5,1200,18.7,2.0,22.0,LOADED,YES
2026-07-17 06:12:00,TRK-037,Rute-G,Bekasi Logistics Hub,843.6,1200,19.12,2.2,22.8,DELIVERED,YES
2026-07-18 09:19:00,TRK-038,Rute-H,Depok Hub,844.7,1200,19.54,2.4,23.6,IN_TRANSIT,YES
2026-07-19 12:26:00,TRK-039,Rute-I,Bogor Transit Hub,845.8,1200,19.96,0.6,24.4,IDLE_DOCK,NO
2026-07-20 15:33:00,TRK-040,Rute-J,Cikarang Industrial Hub,846.9,1200,20.38,0.8,25.2,LOADED,YES
2026-07-21 06:40:00,TRK-041,Rute-K,Gudang West (Tangerang),848.0,1200,20.8,1.0,26.0,DELIVERED,YES
2026-07-22 09:47:00,TRK-042,Rute-L,Central Hub (Jakarta),849.1,1200,21.22,1.1,26.8,IN_TRANSIT,YES
2026-07-23 12:54:00,TRK-043,Rute-M,Grogol Hub (Jakbar),850.2,1200,21.64,1.3,27.6,IDLE_DOCK,NO
2026-07-24 15:01:00,TRK-044,Rute-N,Petamburan Hub,851.3,1200,22.06,1.5,28.4,LOADED,YES
2026-07-25 06:08:00,TRK-045,Rute-O,Bekasi Logistics Hub,852.4,1200,22.48,1.7,29.2,DELIVERED,YES
2026-07-26 09:15:00,TRK-046,Rute-A,Depok Hub,853.5,1200,22.9,1.9,30.0,IN_TRANSIT,YES
2026-07-27 12:22:00,TRK-047,Rute-B,Bogor Transit Hub,854.6,1200,23.32,2.0,30.8,IDLE_DOCK,NO
2026-07-28 15:29:00,TRK-048,Rute-C,Cikarang Industrial Hub,855.7,1200,23.74,2.2,31.6,LOADED,YES
2026-07-29 06:36:00,TRK-049,Rute-D,Gudang West (Tangerang),856.8,1200,24.16,2.4,32.4,DELIVERED,YES
2026-07-30 09:43:00,TRK-050,Rute-E,Central Hub (Jakarta),857.9,1200,24.58,0.6,33.2,IN_TRANSIT,YES
2026-07-31 12:50:00,TRK-051,Rute-F,Grogol Hub (Jakbar),859.0,1200,14.5,0.8,34.0,IDLE_DOCK,NO
2026-07-01 15:57:00,TRK-052,Rute-G,Petamburan Hub,860.1,1200,14.92,1.0,34.8,LOADED,YES
2026-07-02 06:04:00,TRK-053,Rute-H,Bekasi Logistics Hub,861.2,1200,15.34,1.1,35.6,DELIVERED,YES
2026-07-03 09:11:00,TRK-054,Rute-I,Depok Hub,862.3,1200,15.76,1.3,36.4,IN_TRANSIT,YES
2026-07-04 12:18:00,TRK-055,Rute-J,Bogor Transit Hub,863.4,1200,16.18,1.5,37.2,IDLE_DOCK,NO
2026-07-05 15:25:00,TRK-056,Rute-K,Cikarang Industrial Hub,864.5,1200,16.6,1.7,38.0,LOADED,YES
2026-07-06 06:32:00,TRK-057,Rute-L,Gudang West (Tangerang),865.6,1200,17.02,1.9,38.8,DELIVERED,YES
2026-07-07 09:39:00,TRK-058,Rute-M,Central Hub (Jakarta),866.7,1200,17.44,2.0,39.6,IN_TRANSIT,YES
2026-07-08 12:46:00,TRK-059,Rute-N,Grogol Hub (Jakbar),867.8,1200,17.86,2.2,40.4,IDLE_DOCK,NO
2026-07-09 15:53:00,TRK-060,Rute-O,Petamburan Hub,868.9,1200,18.28,2.4,41.2,LOADED,YES
2026-07-10 06:00:00,TRK-061,Rute-A,Bekasi Logistics Hub,870.0,1200,18.7,0.6,42.0,DELIVERED,YES
2026-07-11 09:07:00,TRK-062,Rute-B,Depok Hub,871.1,1200,19.12,0.8,42.8,IN_TRANSIT,YES
2026-07-12 12:14:00,TRK-063,Rute-C,Bogor Transit Hub,872.2,1200,19.54,1.0,43.6,IDLE_DOCK,NO
2026-07-13 15:21:00,TRK-064,Rute-D,Cikarang Industrial Hub,873.3,1200,19.96,1.1,44.4,LOADED,YES
2026-07-14 06:28:00,TRK-065,Rute-E,Gudang West (Tangerang),874.4,1200,20.38,1.3,45.2,DELIVERED,YES
2026-07-15 09:35:00,TRK-066,Rute-F,Central Hub (Jakarta),875.5,1200,20.8,1.5,46.0,IN_TRANSIT,YES
2026-07-16 12:42:00,TRK-067,Rute-G,Grogol Hub (Jakbar),876.6,1200,21.22,1.7,46.8,IDLE_DOCK,NO
2026-07-17 15:49:00,TRK-068,Rute-H,Petamburan Hub,877.7,1200,21.64,1.9,47.6,LOADED,YES
2026-07-18 06:56:00,TRK-069,Rute-I,Bekasi Logistics Hub,878.8,1200,22.06,2.0,48.4,DELIVERED,YES
2026-07-19 09:03:00,TRK-070,Rute-J,Depok Hub,879.9,1200,22.48,2.2,49.2,IN_TRANSIT,YES
2026-07-20 12:10:00,TRK-071,Rute-K,Bogor Transit Hub,881.0,1200,22.9,2.4,50.0,IDLE_DOCK,NO
2026-07-21 15:17:00,TRK-072,Rute-L,Cikarang Industrial Hub,882.1,1200,23.32,0.6,50.8,LOADED,YES
2026-07-22 06:24:00,TRK-073,Rute-M,Gudang West (Tangerang),883.2,1200,23.74,0.8,51.6,DELIVERED,YES
2026-07-23 09:31:00,TRK-074,Rute-N,Central Hub (Jakarta),884.3,1200,24.16,1.0,52.4,IN_TRANSIT,YES
2026-07-24 12:38:00,TRK-075,Rute-O,Grogol Hub (Jakbar),885.4,1200,24.58,1.1,53.2,IDLE_DOCK,NO
2026-07-25 15:45:00,TRK-076,Rute-A,Petamburan Hub,886.5,1200,14.5,1.3,54.0,LOADED,YES
2026-07-26 06:52:00,TRK-077,Rute-B,Bekasi Logistics Hub,887.6,1200,14.92,1.5,54.8,DELIVERED,YES
2026-07-27 09:59:00,TRK-078,Rute-C,Depok Hub,888.7,1200,15.34,1.7,55.6,IN_TRANSIT,YES
2026-07-28 12:06:00,TRK-079,Rute-D,Bogor Transit Hub,889.8,1200,15.76,1.9,56.4,IDLE_DOCK,NO
2026-07-29 15:13:00,TRK-080,Rute-E,Cikarang Industrial Hub,890.9,1200,16.18,2.0,57.2,LOADED,YES
2026-07-30 06:20:00,TRK-081,Rute-F,Gudang West (Tangerang),892.0,1200,16.6,2.2,58.0,DELIVERED,YES
2026-07-31 09:27:00,TRK-082,Rute-G,Central Hub (Jakarta),893.1,1200,17.02,2.4,58.8,IN_TRANSIT,YES
2026-07-01 12:34:00,TRK-083,Rute-H,Grogol Hub (Jakbar),894.2,1200,17.44,0.6,59.6,IDLE_DOCK,NO
2026-07-02 15:41:00,TRK-084,Rute-I,Petamburan Hub,895.3,1200,17.86,0.8,60.4,LOADED,YES
2026-07-03 06:48:00,TRK-085,Rute-J,Bekasi Logistics Hub,896.4,1200,18.28,1.0,61.2,DELIVERED,YES
2026-07-04 09:55:00,TRK-086,Rute-K,Depok Hub,897.5,1200,18.7,1.1,62.0,IN_TRANSIT,YES
2026-07-05 12:02:00,TRK-087,Rute-L,Bogor Transit Hub,898.6,1200,19.12,1.3,62.8,IDLE_DOCK,NO
2026-07-06 15:09:00,TRK-088,Rute-M,Cikarang Industrial Hub,899.7,1200,19.54,1.5,63.6,LOADED,YES
2026-07-07 06:16:00,TRK-089,Rute-N,Gudang West (Tangerang),900.8,1200,19.96,1.7,64.4,DELIVERED,YES
2026-07-08 09:23:00,TRK-090,Rute-O,Central Hub (Jakarta),901.9,1200,20.38,1.9,65.2,IN_TRANSIT,YES
2026-07-09 12:30:00,TRK-091,Rute-A,Grogol Hub (Jakbar),903.0,1200,20.8,2.0,66.0,IDLE_DOCK,NO
2026-07-10 15:37:00,TRK-092,Rute-B,Petamburan Hub,904.1,1200,21.22,2.2,66.8,LOADED,YES
2026-07-11 06:44:00,TRK-093,Rute-C,Bekasi Logistics Hub,905.2,1200,21.64,2.4,67.6,DELIVERED,YES
2026-07-12 09:51:00,TRK-094,Rute-D,Depok Hub,906.3,1200,22.06,0.6,68.4,IN_TRANSIT,YES
2026-07-13 12:58:00,TRK-095,Rute-E,Bogor Transit Hub,907.4,1200,22.48,0.8,69.2,IDLE_DOCK,NO
2026-07-14 15:05:00,TRK-096,Rute-F,Cikarang Industrial Hub,908.5,1200,22.9,1.0,70.0,LOADED,YES
2026-07-15 06:12:00,TRK-097,Rute-G,Gudang West (Tangerang),909.6,1200,23.32,1.1,70.8,DELIVERED,YES
2026-07-16 09:19:00,TRK-098,Rute-H,Central Hub (Jakarta),910.7,1200,23.74,1.3,71.6,IN_TRANSIT,YES
2026-07-17 12:26:00,TRK-099,Rute-I,Grogol Hub (Jakbar),911.8,1200,24.16,1.5,72.4,IDLE_DOCK,NO
2026-07-18 15:33:00,TRK-100,Rute-J,Petamburan Hub,912.9,1200,24.58,1.7,73.2,LOADED,YES
2026-07-19 06:40:00,TRK-101,Rute-K,Bekasi Logistics Hub,914.0,1200,14.5,1.9,74.0,DELIVERED,YES
2026-07-20 09:47:00,TRK-102,Rute-L,Depok Hub,915.1,1200,14.92,2.0,74.8,IN_TRANSIT,YES
2026-07-21 12:54:00,TRK-103,Rute-M,Bogor Transit Hub,916.2,1200,15.34,2.2,75.6,IDLE_DOCK,NO
2026-07-22 15:01:00,TRK-104,Rute-N,Cikarang Industrial Hub,917.3,1200,15.76,2.4,76.4,LOADED,YES
2026-07-23 06:08:00,TRK-105,Rute-O,Gudang West (Tangerang),918.4,1200,16.18,0.6,77.2,DELIVERED,YES
2026-07-24 09:15:00,TRK-106,Rute-A,Central Hub (Jakarta),919.5,1200,16.6,0.8,78.0,IN_TRANSIT,YES
2026-07-25 12:22:00,TRK-107,Rute-B,Grogol Hub (Jakbar),920.6,1200,17.02,1.0,78.8,IDLE_DOCK,NO
2026-07-26 15:29:00,TRK-108,Rute-C,Petamburan Hub,921.7,1200,17.44,1.1,79.6,LOADED,YES
2026-07-27 06:36:00,TRK-109,Rute-D,Bekasi Logistics Hub,922.8,1200,17.86,1.3,80.4,DELIVERED,YES
2026-07-28 09:43:00,TRK-110,Rute-E,Depok Hub,923.9,1200,18.28,1.5,81.2,IN_TRANSIT,YES
2026-07-29 12:50:00,TRK-111,Rute-F,Bogor Transit Hub,925.0,1200,18.7,1.7,82.0,IDLE_DOCK,NO
2026-07-30 15:57:00,TRK-112,Rute-G,Cikarang Industrial Hub,926.1,1200,19.12,1.9,82.8,LOADED,YES
2026-07-31 06:04:00,TRK-113,Rute-H,Gudang West (Tangerang),927.2,1200,19.54,2.0,83.6,DELIVERED,YES
2026-07-01 09:11:00,TRK-114,Rute-I,Central Hub (Jakarta),928.3,1200,19.96,2.2,84.4,IN_TRANSIT,YES
2026-07-02 12:18:00,TRK-115,Rute-J,Grogol Hub (Jakbar),929.4,1200,20.38,2.4,85.2,IDLE_DOCK,NO
2026-07-03 15:25:00,TRK-116,Rute-K,Petamburan Hub,930.5,1200,20.8,0.6,86.0,LOADED,YES
2026-07-04 06:32:00,TRK-117,Rute-L,Bekasi Logistics Hub,931.6,1200,21.22,0.8,86.8,DELIVERED,YES
2026-07-05 09:39:00,TRK-118,Rute-M,Depok Hub,932.7,1200,21.64,1.0,87.6,IN_TRANSIT,YES
2026-07-06 12:46:00,TRK-119,Rute-N,Bogor Transit Hub,933.8,1200,22.06,1.1,88.4,IDLE_DOCK,NO
2026-07-07 15:53:00,TRK-120,Rute-O,Cikarang Industrial Hub,934.9,1200,22.48,1.3,89.2,LOADED,YES
2026-07-08 06:00:00,TRK-121,Rute-A,Gudang West (Tangerang),936.0,1200,22.9,1.5,18.0,DELIVERED,YES
2026-07-09 09:07:00,TRK-122,Rute-B,Central Hub (Jakarta),937.1,1200,23.32,1.7,18.8,IN_TRANSIT,YES
2026-07-10 12:14:00,TRK-123,Rute-C,Grogol Hub (Jakbar),938.2,1200,23.74,1.9,19.6,IDLE_DOCK,NO
2026-07-11 15:21:00,TRK-124,Rute-D,Petamburan Hub,939.3,1200,24.16,2.0,20.4,LOADED,YES
2026-07-12 06:28:00,TRK-125,Rute-E,Bekasi Logistics Hub,940.4,1200,24.58,2.2,21.2,DELIVERED,YES
2026-07-13 09:35:00,TRK-126,Rute-F,Depok Hub,941.5,1200,14.5,2.4,22.0,IN_TRANSIT,YES
2026-07-14 12:42:00,TRK-127,Rute-G,Bogor Transit Hub,942.6,1200,14.92,0.6,22.8,IDLE_DOCK,NO
2026-07-15 15:49:00,TRK-128,Rute-H,Cikarang Industrial Hub,943.7,1200,15.34,0.8,23.6,LOADED,YES
2026-07-16 06:56:00,TRK-129,Rute-I,Gudang West (Tangerang),944.8,1200,15.76,1.0,24.4,DELIVERED,YES
2026-07-17 09:03:00,TRK-130,Rute-J,Central Hub (Jakarta),945.9,1200,16.18,1.1,25.2,IN_TRANSIT,YES
2026-07-18 12:10:00,TRK-131,Rute-K,Grogol Hub (Jakbar),947.0,1200,16.6,1.3,26.0,IDLE_DOCK,NO
2026-07-19 15:17:00,TRK-132,Rute-L,Petamburan Hub,948.1,1200,17.02,1.5,26.8,LOADED,YES
2026-07-20 06:24:00,TRK-133,Rute-M,Bekasi Logistics Hub,949.2,1200,17.44,1.7,27.6,DELIVERED,YES
2026-07-21 09:31:00,TRK-134,Rute-N,Depok Hub,950.3,1200,17.86,1.9,28.4,IN_TRANSIT,YES
2026-07-22 12:38:00,TRK-135,Rute-O,Bogor Transit Hub,951.4,1200,18.28,2.0,29.2,IDLE_DOCK,NO
2026-07-23 15:45:00,TRK-136,Rute-A,Cikarang Industrial Hub,952.5,1200,18.7,2.2,30.0,LOADED,YES
2026-07-24 06:52:00,TRK-137,Rute-B,Gudang West (Tangerang),953.6,1200,19.12,2.4,30.8,DELIVERED,YES
2026-07-25 09:59:00,TRK-138,Rute-C,Central Hub (Jakarta),954.7,1200,19.54,0.6,31.6,IN_TRANSIT,YES
2026-07-26 12:06:00,TRK-139,Rute-D,Grogol Hub (Jakbar),955.8,1200,19.96,0.8,32.4,IDLE_DOCK,NO
2026-07-27 15:13:00,TRK-140,Rute-E,Petamburan Hub,956.9,1200,20.38,1.0,33.2,LOADED,YES
2026-07-28 06:20:00,TRK-141,Rute-F,Bekasi Logistics Hub,958.0,1200,20.8,1.1,34.0,DELIVERED,YES
2026-07-29 09:27:00,TRK-142,Rute-G,Depok Hub,959.1,1200,21.22,1.3,34.8,IN_TRANSIT,YES
2026-07-30 12:34:00,TRK-143,Rute-H,Bogor Transit Hub,960.2,1200,21.64,1.5,35.6,IDLE_DOCK,NO
2026-07-31 15:41:00,TRK-144,Rute-I,Cikarang Industrial Hub,961.3,1200,22.06,1.7,36.4,LOADED,YES
2026-07-01 06:48:00,TRK-145,Rute-J,Gudang West (Tangerang),962.4,1200,22.48,1.9,37.2,DELIVERED,YES
2026-07-02 09:55:00,TRK-146,Rute-K,Central Hub (Jakarta),963.5,1200,22.9,2.0,38.0,IN_TRANSIT,YES
2026-07-03 12:02:00,TRK-147,Rute-L,Grogol Hub (Jakbar),964.6,1200,23.32,2.2,38.8,IDLE_DOCK,NO
2026-07-04 15:09:00,TRK-148,Rute-M,Petamburan Hub,965.7,1200,23.74,2.4,39.6,LOADED,YES
2026-07-05 06:16:00,TRK-149,Rute-N,Bekasi Logistics Hub,966.8,1200,24.16,0.6,40.4,DELIVERED,YES
2026-07-06 09:23:00,TRK-150,Rute-O,Depok Hub,967.9,1200,24.58,0.8,41.2,IN_TRANSIT,YES
2026-07-07 12:30:00,TRK-001,Rute-A,Bogor Transit Hub,969.0,1200,14.5,1.0,42.0,IDLE_DOCK,NO
2026-07-08 15:37:00,TRK-002,Rute-B,Cikarang Industrial Hub,970.1,1200,14.92,1.1,42.8,LOADED,YES
2026-07-09 06:44:00,TRK-003,Rute-C,Gudang West (Tangerang),971.2,1200,15.34,1.3,43.6,DELIVERED,YES
2026-07-10 09:51:00,TRK-004,Rute-D,Central Hub (Jakarta),972.3,1200,15.76,1.5,44.4,IN_TRANSIT,YES
2026-07-11 12:58:00,TRK-005,Rute-E,Grogol Hub (Jakbar),973.4,1200,16.18,1.7,45.2,IDLE_DOCK,NO
2026-07-12 15:05:00,TRK-006,Rute-F,Petamburan Hub,974.5,1200,16.6,1.9,46.0,LOADED,YES
2026-07-13 06:12:00,TRK-007,Rute-G,Bekasi Logistics Hub,975.6,1200,17.02,2.0,46.8,DELIVERED,YES
2026-07-14 09:19:00,TRK-008,Rute-H,Depok Hub,976.7,1200,17.44,2.2,47.6,IN_TRANSIT,YES
2026-07-15 12:26:00,TRK-009,Rute-I,Bogor Transit Hub,977.8,1200,17.86,2.4,48.4,IDLE_DOCK,NO
2026-07-16 15:33:00,TRK-010,Rute-J,Cikarang Industrial Hub,978.9,1200,18.28,0.6,49.2,LOADED,YES
2026-07-17 06:40:00,TRK-011,Rute-K,Gudang West (Tangerang),980.0,1200,18.7,0.8,50.0,DELIVERED,YES
2026-07-18 09:47:00,TRK-012,Rute-L,Central Hub (Jakarta),981.1,1200,19.12,1.0,50.8,IN_TRANSIT,YES
2026-07-19 12:54:00,TRK-013,Rute-M,Grogol Hub (Jakbar),982.2,1200,19.54,1.1,51.6,IDLE_DOCK,NO
2026-07-20 15:01:00,TRK-014,Rute-N,Petamburan Hub,983.3,1200,19.96,1.3,52.4,LOADED,YES
2026-07-21 06:08:00,TRK-015,Rute-O,Bekasi Logistics Hub,984.4,1200,20.38,1.5,53.2,DELIVERED,YES
2026-07-22 09:15:00,TRK-016,Rute-A,Depok Hub,985.5,1200,20.8,1.7,54.0,IN_TRANSIT,YES
2026-07-23 12:22:00,TRK-017,Rute-B,Bogor Transit Hub,986.6,1200,21.22,1.9,54.8,IDLE_DOCK,NO
2026-07-24 15:29:00,TRK-018,Rute-C,Cikarang Industrial Hub,987.7,1200,21.64,2.0,55.6,LOADED,YES
2026-07-25 06:36:00,TRK-019,Rute-D,Gudang West (Tangerang),988.8,1200,22.06,2.2,56.4,DELIVERED,YES
2026-07-26 09:43:00,TRK-020,Rute-E,Central Hub (Jakarta),989.9,1200,22.48,2.4,57.2,IN_TRANSIT,YES
2026-07-27 12:50:00,TRK-021,Rute-F,Grogol Hub (Jakbar),991.0,1200,22.9,0.6,58.0,IDLE_DOCK,NO
2026-07-28 15:57:00,TRK-022,Rute-G,Petamburan Hub,992.1,1200,23.32,0.8,58.8,LOADED,YES
2026-07-29 06:04:00,TRK-023,Rute-H,Bekasi Logistics Hub,993.2,1200,23.74,1.0,59.6,DELIVERED,YES
2026-07-30 09:11:00,TRK-024,Rute-I,Depok Hub,994.3,1200,24.16,1.1,60.4,IN_TRANSIT,YES
2026-07-31 12:18:00,TRK-025,Rute-J,Bogor Transit Hub,995.4,1200,24.58,1.3,61.2,IDLE_DOCK,NO
2026-07-01 15:25:00,TRK-026,Rute-K,Cikarang Industrial Hub,996.5,1200,14.5,1.5,62.0,LOADED,YES
2026-07-02 06:32:00,TRK-027,Rute-L,Gudang West (Tangerang),997.6,1200,14.92,1.7,62.8,DELIVERED,YES
2026-07-03 09:39:00,TRK-028,Rute-M,Central Hub (Jakarta),998.7,1200,15.34,1.9,63.6,IN_TRANSIT,YES
2026-07-04 12:46:00,TRK-029,Rute-N,Grogol Hub (Jakbar),999.8,1200,15.76,2.0,64.4,IDLE_DOCK,NO
2026-07-05 15:53:00,TRK-030,Rute-O,Petamburan Hub,1000.9,1200,16.18,2.2,65.2,LOADED,YES
2026-07-06 06:00:00,TRK-031,Rute-A,Bekasi Logistics Hub,1002.0,1200,16.6,2.4,66.0,DELIVERED,YES
2026-07-07 09:07:00,TRK-032,Rute-B,Depok Hub,1003.1,1200,17.02,0.6,66.8,IN_TRANSIT,YES
2026-07-08 12:14:00,TRK-033,Rute-C,Bogor Transit Hub,1004.2,1200,17.44,0.8,67.6,IDLE_DOCK,NO
2026-07-09 15:21:00,TRK-034,Rute-D,Cikarang Industrial Hub,1005.3,1200,17.86,1.0,68.4,LOADED,YES
2026-07-10 06:28:00,TRK-035,Rute-E,Gudang West (Tangerang),1006.4,1200,18.28,1.1,69.2,DELIVERED,YES
2026-07-11 09:35:00,TRK-036,Rute-F,Central Hub (Jakarta),1007.5,1200,18.7,1.3,70.0,IN_TRANSIT,YES
2026-07-12 12:42:00,TRK-037,Rute-G,Grogol Hub (Jakbar),1008.6,1200,19.12,1.5,70.8,IDLE_DOCK,NO
2026-07-13 15:49:00,TRK-038,Rute-H,Petamburan Hub,1009.7,1200,19.54,1.7,71.6,LOADED,YES
2026-07-14 06:56:00,TRK-039,Rute-I,Bekasi Logistics Hub,1010.8,1200,19.96,1.9,72.4,DELIVERED,YES
2026-07-15 09:03:00,TRK-040,Rute-J,Depok Hub,1011.9,1200,20.38,2.0,73.2,IN_TRANSIT,YES
2026-07-16 12:10:00,TRK-041,Rute-K,Bogor Transit Hub,1013.0,1200,20.8,2.2,74.0,IDLE_DOCK,NO
2026-07-17 15:17:00,TRK-042,Rute-L,Cikarang Industrial Hub,1014.1,1200,21.22,2.4,74.8,LOADED,YES
2026-07-18 06:24:00,TRK-043,Rute-M,Gudang West (Tangerang),1015.2,1200,21.64,0.6,75.6,DELIVERED,YES
2026-07-19 09:31:00,TRK-044,Rute-N,Central Hub (Jakarta),1016.3,1200,22.06,0.8,76.4,IN_TRANSIT,YES
2026-07-20 12:38:00,TRK-045,Rute-O,Grogol Hub (Jakbar),1017.4,1200,22.48,1.0,77.2,IDLE_DOCK,NO
2026-07-21 15:45:00,TRK-046,Rute-A,Petamburan Hub,1018.5,1200,22.9,1.1,78.0,LOADED,YES
2026-07-22 06:52:00,TRK-047,Rute-B,Bekasi Logistics Hub,1019.6,1200,23.32,1.3,78.8,DELIVERED,YES
2026-07-23 09:59:00,TRK-048,Rute-C,Depok Hub,1020.7,1200,23.74,1.5,79.6,IN_TRANSIT,YES
2026-07-24 12:06:00,TRK-049,Rute-D,Bogor Transit Hub,1021.8,1200,24.16,1.7,80.4,IDLE_DOCK,NO
2026-07-25 15:13:00,TRK-050,Rute-E,Cikarang Industrial Hub,1022.9,1200,24.58,1.9,81.2,LOADED,YES
2026-07-26 06:20:00,TRK-051,Rute-F,Gudang West (Tangerang),1024.0,1200,14.5,2.0,82.0,DELIVERED,YES
2026-07-27 09:27:00,TRK-052,Rute-G,Central Hub (Jakarta),1025.1,1200,14.92,2.2,82.8,IN_TRANSIT,YES
2026-07-28 12:34:00,TRK-053,Rute-H,Grogol Hub (Jakbar),1026.2,1200,15.34,2.4,83.6,IDLE_DOCK,NO
2026-07-29 15:41:00,TRK-054,Rute-I,Petamburan Hub,1027.3,1200,15.76,0.6,84.4,LOADED,YES
2026-07-30 06:48:00,TRK-055,Rute-J,Bekasi Logistics Hub,1028.4,1200,16.18,0.8,85.2,DELIVERED,YES
2026-07-31 09:55:00,TRK-056,Rute-K,Depok Hub,1029.5,1200,16.6,1.0,86.0,IN_TRANSIT,YES
2026-07-01 12:02:00,TRK-057,Rute-L,Bogor Transit Hub,1030.6,1200,17.02,1.1,86.8,IDLE_DOCK,NO
2026-07-02 15:09:00,TRK-058,Rute-M,Cikarang Industrial Hub,1031.7,1200,17.44,1.3,87.6,LOADED,YES
2026-07-03 06:16:00,TRK-059,Rute-N,Gudang West (Tangerang),1032.8,1200,17.86,1.5,88.4,DELIVERED,YES
2026-07-04 09:23:00,TRK-060,Rute-O,Central Hub (Jakarta),1033.9,1200,18.28,1.7,89.2,IN_TRANSIT,YES
2026-07-05 12:30:00,TRK-061,Rute-A,Grogol Hub (Jakbar),1035.0,1200,18.7,1.9,18.0,IDLE_DOCK,NO
2026-07-06 15:37:00,TRK-062,Rute-B,Petamburan Hub,1036.1,1200,19.12,2.0,18.8,LOADED,YES
2026-07-07 06:44:00,TRK-063,Rute-C,Bekasi Logistics Hub,1037.2,1200,19.54,2.2,19.6,DELIVERED,YES
2026-07-08 09:51:00,TRK-064,Rute-D,Depok Hub,1038.3,1200,19.96,2.4,20.4,IN_TRANSIT,YES
2026-07-09 12:58:00,TRK-065,Rute-E,Bogor Transit Hub,1039.4,1200,20.38,0.6,21.2,IDLE_DOCK,NO
2026-07-10 15:05:00,TRK-066,Rute-F,Cikarang Industrial Hub,1040.5,1200,20.8,0.8,22.0,LOADED,YES
2026-07-11 06:12:00,TRK-067,Rute-G,Gudang West (Tangerang),1041.6,1200,21.22,1.0,22.8,DELIVERED,YES
2026-07-12 09:19:00,TRK-068,Rute-H,Central Hub (Jakarta),1042.7,1200,21.64,1.1,23.6,IN_TRANSIT,YES
2026-07-13 12:26:00,TRK-069,Rute-I,Grogol Hub (Jakbar),1043.8,1200,22.06,1.3,24.4,IDLE_DOCK,NO
2026-07-14 15:33:00,TRK-070,Rute-J,Petamburan Hub,1044.9,1200,22.48,1.5,25.2,LOADED,YES
2026-07-15 06:40:00,TRK-071,Rute-K,Bekasi Logistics Hub,1046.0,1200,22.9,1.7,26.0,DELIVERED,YES
2026-07-16 09:47:00,TRK-072,Rute-L,Depok Hub,1047.1,1200,23.32,1.9,26.8,IN_TRANSIT,YES
2026-07-17 12:54:00,TRK-073,Rute-M,Bogor Transit Hub,1048.2,1200,23.74,2.0,27.6,IDLE_DOCK,NO
2026-07-18 15:01:00,TRK-074,Rute-N,Cikarang Industrial Hub,1049.3,1200,24.16,2.2,28.4,LOADED,YES
2026-07-19 06:08:00,TRK-075,Rute-O,Gudang West (Tangerang),1050.4,1200,24.58,2.4,29.2,DELIVERED,YES
2026-07-20 09:15:00,TRK-076,Rute-A,Central Hub (Jakarta),1051.5,1200,14.5,0.6,30.0,IN_TRANSIT,YES
2026-07-21 12:22:00,TRK-077,Rute-B,Grogol Hub (Jakbar),1052.6,1200,14.92,0.8,30.8,IDLE_DOCK,NO
2026-07-22 15:29:00,TRK-078,Rute-C,Petamburan Hub,1053.7,1200,15.34,1.0,31.6,LOADED,YES
2026-07-23 06:36:00,TRK-079,Rute-D,Bekasi Logistics Hub,1054.8,1200,15.76,1.1,32.4,DELIVERED,YES
2026-07-24 09:43:00,TRK-080,Rute-E,Depok Hub,1055.9,1200,16.18,1.3,33.2,IN_TRANSIT,YES
2026-07-25 12:50:00,TRK-081,Rute-F,Bogor Transit Hub,1057.0,1200,16.6,1.5,34.0,IDLE_DOCK,NO
2026-07-26 15:57:00,TRK-082,Rute-G,Cikarang Industrial Hub,1058.1,1200,17.02,1.7,34.8,LOADED,YES
2026-07-27 06:04:00,TRK-083,Rute-H,Gudang West (Tangerang),1059.2,1200,17.44,1.9,35.6,DELIVERED,YES
2026-07-28 09:11:00,TRK-084,Rute-I,Central Hub (Jakarta),1060.3,1200,17.86,2.0,36.4,IN_TRANSIT,YES
2026-07-29 12:18:00,TRK-085,Rute-J,Grogol Hub (Jakbar),1061.4,1200,18.28,2.2,37.2,IDLE_DOCK,NO
2026-07-30 15:25:00,TRK-086,Rute-K,Petamburan Hub,1062.5,1200,18.7,2.4,38.0,LOADED,YES
2026-07-31 06:32:00,TRK-087,Rute-L,Bekasi Logistics Hub,1063.6,1200,19.12,0.6,38.8,DELIVERED,YES
2026-07-01 09:39:00,TRK-088,Rute-M,Depok Hub,1064.7,1200,19.54,0.8,39.6,IN_TRANSIT,YES
2026-07-02 12:46:00,TRK-089,Rute-N,Bogor Transit Hub,1065.8,1200,19.96,1.0,40.4,IDLE_DOCK,NO
2026-07-03 15:53:00,TRK-090,Rute-O,Cikarang Industrial Hub,1066.9,1200,20.38,1.1,41.2,LOADED,YES
2026-07-04 06:00:00,TRK-091,Rute-A,Gudang West (Tangerang),1068.0,1200,20.8,1.3,42.0,DELIVERED,YES
2026-07-05 09:07:00,TRK-092,Rute-B,Central Hub (Jakarta),1069.1,1200,21.22,1.5,42.8,IN_TRANSIT,YES
2026-07-06 12:14:00,TRK-093,Rute-C,Grogol Hub (Jakbar),1070.2,1200,21.64,1.7,43.6,IDLE_DOCK,NO
2026-07-07 15:21:00,TRK-094,Rute-D,Petamburan Hub,1071.3,1200,22.06,1.9,44.4,LOADED,YES
2026-07-08 06:28:00,TRK-095,Rute-E,Bekasi Logistics Hub,1072.4,1200,22.48,2.0,45.2,DELIVERED,YES
2026-07-09 09:35:00,TRK-096,Rute-F,Depok Hub,1073.5,1200,22.9,2.2,46.0,IN_TRANSIT,YES
2026-07-10 12:42:00,TRK-097,Rute-G,Bogor Transit Hub,1074.6,1200,23.32,2.4,46.8,IDLE_DOCK,NO
2026-07-11 15:49:00,TRK-098,Rute-H,Cikarang Industrial Hub,1075.7,1200,23.74,0.6,47.6,LOADED,YES
2026-07-12 06:56:00,TRK-099,Rute-I,Gudang West (Tangerang),1076.8,1200,24.16,0.8,48.4,DELIVERED,YES
2026-07-13 09:03:00,TRK-100,Rute-J,Central Hub (Jakarta),1077.9,1200,24.58,1.0,49.2,IN_TRANSIT,YES
2026-07-14 12:10:00,TRK-101,Rute-K,Grogol Hub (Jakbar),1079.0,1200,14.5,1.1,50.0,IDLE_DOCK,NO
2026-07-15 15:17:00,TRK-102,Rute-L,Petamburan Hub,1080.1,1200,14.92,1.3,50.8,LOADED,YES
2026-07-16 06:24:00,TRK-103,Rute-M,Bekasi Logistics Hub,1081.2,1200,15.34,1.5,51.6,DELIVERED,YES
2026-07-17 09:31:00,TRK-104,Rute-N,Depok Hub,1082.3,1200,15.76,1.7,52.4,IN_TRANSIT,YES
2026-07-18 12:38:00,TRK-105,Rute-O,Bogor Transit Hub,1083.4,1200,16.18,1.9,53.2,IDLE_DOCK,NO
2026-07-19 15:45:00,TRK-106,Rute-A,Cikarang Industrial Hub,1084.5,1200,16.6,2.0,54.0,LOADED,YES
2026-07-20 06:52:00,TRK-107,Rute-B,Gudang West (Tangerang),1085.6,1200,17.02,2.2,54.8,DELIVERED,YES
2026-07-21 09:59:00,TRK-108,Rute-C,Central Hub (Jakarta),1086.7,1200,17.44,2.4,55.6,IN_TRANSIT,YES
2026-07-22 12:06:00,TRK-109,Rute-D,Grogol Hub (Jakbar),1087.8,1200,17.86,0.6,56.4,IDLE_DOCK,NO
2026-07-23 15:13:00,TRK-110,Rute-E,Petamburan Hub,1088.9,1200,18.28,0.8,57.2,LOADED,YES
2026-07-24 06:20:00,TRK-111,Rute-F,Bekasi Logistics Hub,1090.0,1200,18.7,1.0,58.0,DELIVERED,YES
2026-07-25 09:27:00,TRK-112,Rute-G,Depok Hub,1091.1,1200,19.12,1.1,58.8,IN_TRANSIT,YES
2026-07-26 12:34:00,TRK-113,Rute-H,Bogor Transit Hub,1092.2,1200,19.54,1.3,59.6,IDLE_DOCK,NO
2026-07-27 15:41:00,TRK-114,Rute-I,Cikarang Industrial Hub,1093.3,1200,19.96,1.5,60.4,LOADED,YES
2026-07-28 06:48:00,TRK-115,Rute-J,Gudang West (Tangerang),1094.4,1200,20.38,1.7,61.2,DELIVERED,YES
2026-07-29 09:55:00,TRK-116,Rute-K,Central Hub (Jakarta),1095.5,1200,20.8,1.9,62.0,IN_TRANSIT,YES
2026-07-30 12:02:00,TRK-117,Rute-L,Grogol Hub (Jakbar),1096.6,1200,21.22,2.0,62.8,IDLE_DOCK,NO
2026-07-31 15:09:00,TRK-118,Rute-M,Petamburan Hub,1097.7,1200,21.64,2.2,63.6,LOADED,YES
2026-07-01 06:16:00,TRK-119,Rute-N,Bekasi Logistics Hub,1098.8,1200,22.06,2.4,64.4,DELIVERED,YES
2026-07-02 09:23:00,TRK-120,Rute-O,Depok Hub,1099.9,1200,22.48,0.6,65.2,IN_TRANSIT,YES
2026-07-03 12:30:00,TRK-121,Rute-A,Bogor Transit Hub,1101.0,1200,22.9,0.8,66.0,IDLE_DOCK,NO
2026-07-04 15:37:00,TRK-122,Rute-B,Cikarang Industrial Hub,1102.1,1200,23.32,1.0,66.8,LOADED,YES
2026-07-05 06:44:00,TRK-123,Rute-C,Gudang West (Tangerang),1103.2,1200,23.74,1.1,67.6,DELIVERED,YES
2026-07-06 09:51:00,TRK-124,Rute-D,Central Hub (Jakarta),1104.3,1200,24.16,1.3,68.4,IN_TRANSIT,YES
2026-07-07 12:58:00,TRK-125,Rute-E,Grogol Hub (Jakbar),1105.4,1200,24.58,1.5,69.2,IDLE_DOCK,NO
2026-07-08 15:05:00,TRK-126,Rute-F,Petamburan Hub,1106.5,1200,14.5,1.7,70.0,LOADED,YES
2026-07-09 06:12:00,TRK-127,Rute-G,Bekasi Logistics Hub,1107.6,1200,14.92,1.9,70.8,DELIVERED,YES
2026-07-10 09:19:00,TRK-128,Rute-H,Depok Hub,1108.7,1200,15.34,2.0,71.6,IN_TRANSIT,YES
2026-07-11 12:26:00,TRK-129,Rute-I,Bogor Transit Hub,1109.8,1200,15.76,2.2,72.4,IDLE_DOCK,NO
2026-07-12 15:33:00,TRK-130,Rute-J,Cikarang Industrial Hub,1110.9,1200,16.18,2.4,73.2,LOADED,YES
2026-07-13 06:40:00,TRK-131,Rute-K,Gudang West (Tangerang),1112.0,1200,16.6,0.6,74.0,DELIVERED,YES
2026-07-14 09:47:00,TRK-132,Rute-L,Central Hub (Jakarta),1113.1,1200,17.02,0.8,74.8,IN_TRANSIT,YES
2026-07-15 12:54:00,TRK-133,Rute-M,Grogol Hub (Jakbar),1114.2,1200,17.44,1.0,75.6,IDLE_DOCK,NO
2026-07-16 15:01:00,TRK-134,Rute-N,Petamburan Hub,1115.3,1200,17.86,1.1,76.4,LOADED,YES
2026-07-17 06:08:00,TRK-135,Rute-O,Bekasi Logistics Hub,1116.4,1200,18.28,1.3,77.2,DELIVERED,YES
2026-07-18 09:15:00,TRK-136,Rute-A,Depok Hub,1117.5,1200,18.7,1.5,78.0,IN_TRANSIT,YES
2026-07-19 12:22:00,TRK-137,Rute-B,Bogor Transit Hub,1118.6,1200,19.12,1.7,78.8,IDLE_DOCK,NO
2026-07-20 15:29:00,TRK-138,Rute-C,Cikarang Industrial Hub,1119.7,1200,19.54,1.9,79.6,LOADED,YES
2026-07-21 06:36:00,TRK-139,Rute-D,Gudang West (Tangerang),1120.8,1200,19.96,2.0,80.4,DELIVERED,YES
2026-07-22 09:43:00,TRK-140,Rute-E,Central Hub (Jakarta),1121.9,1200,20.38,2.2,81.2,IN_TRANSIT,YES
2026-07-23 12:50:00,TRK-141,Rute-F,Grogol Hub (Jakbar),1123.0,1200,20.8,2.4,82.0,IDLE_DOCK,NO
2026-07-24 15:57:00,TRK-142,Rute-G,Petamburan Hub,1124.1,1200,21.22,0.6,82.8,LOADED,YES
2026-07-25 06:04:00,TRK-143,Rute-H,Bekasi Logistics Hub,1125.2,1200,21.64,0.8,83.6,DELIVERED,YES
2026-07-26 09:11:00,TRK-144,Rute-I,Depok Hub,1126.3,1200,22.06,1.0,84.4,IN_TRANSIT,YES
2026-07-27 12:18:00,TRK-145,Rute-J,Bogor Transit Hub,1127.4,1200,22.48,1.1,85.2,IDLE_DOCK,NO
2026-07-28 15:25:00,TRK-146,Rute-K,Cikarang Industrial Hub,1128.5,1200,22.9,1.3,86.0,LOADED,YES
2026-07-29 06:32:00,TRK-147,Rute-L,Gudang West (Tangerang),1129.6,1200,23.32,1.5,86.8,DELIVERED,YES
2026-07-30 09:39:00,TRK-148,Rute-M,Central Hub (Jakarta),1130.7,1200,23.74,1.7,87.6,IN_TRANSIT,YES
2026-07-31 12:46:00,TRK-149,Rute-N,Grogol Hub (Jakbar),1131.8,1200,24.16,1.9,88.4,IDLE_DOCK,NO
2026-07-01 15:53:00,TRK-150,Rute-O,Petamburan Hub,1132.9,1200,24.58,2.0,89.2,LOADED,YES
2026-07-02 06:00:00,TRK-001,Rute-A,Bekasi Logistics Hub,1134.0,1200,14.5,2.2,18.0,DELIVERED,YES
2026-07-03 09:07:00,TRK-002,Rute-B,Depok Hub,1135.1,1200,14.92,2.4,18.8,IN_TRANSIT,YES
2026-07-04 12:14:00,TRK-003,Rute-C,Bogor Transit Hub,1136.2,1200,15.34,0.6,19.6,IDLE_DOCK,NO
2026-07-05 15:21:00,TRK-004,Rute-D,Cikarang Industrial Hub,1137.3,1200,15.76,0.8,20.4,LOADED,YES
2026-07-06 06:28:00,TRK-005,Rute-E,Gudang West (Tangerang),1138.4,1200,16.18,1.0,21.2,DELIVERED,YES
2026-07-07 09:35:00,TRK-006,Rute-F,Central Hub (Jakarta),1139.5,1200,16.6,1.1,22.0,IN_TRANSIT,YES
2026-07-08 12:42:00,TRK-007,Rute-G,Grogol Hub (Jakbar),1140.6,1200,17.02,1.3,22.8,IDLE_DOCK,NO
2026-07-09 15:49:00,TRK-008,Rute-H,Petamburan Hub,1141.7,1200,17.44,1.5,23.6,LOADED,YES
2026-07-10 06:56:00,TRK-009,Rute-I,Bekasi Logistics Hub,1142.8,1200,17.86,1.7,24.4,DELIVERED,YES
2026-07-11 09:03:00,TRK-010,Rute-J,Depok Hub,1143.9,1200,18.28,1.9,25.2,IN_TRANSIT,YES
2026-07-12 12:10:00,TRK-011,Rute-K,Bogor Transit Hub,1145.0,1200,18.7,2.0,26.0,IDLE_DOCK,NO
2026-07-13 15:17:00,TRK-012,Rute-L,Cikarang Industrial Hub,1146.1,1200,19.12,2.2,26.8,LOADED,YES
2026-07-14 06:24:00,TRK-013,Rute-M,Gudang West (Tangerang),1147.2,1200,19.54,2.4,27.6,DELIVERED,YES
2026-07-15 09:31:00,TRK-014,Rute-N,Central Hub (Jakarta),1148.3,1200,19.96,0.6,28.4,IN_TRANSIT,YES
2026-07-16 12:38:00,TRK-015,Rute-O,Grogol Hub (Jakbar),1149.4,1200,20.38,0.8,29.2,IDLE_DOCK,NO
2026-07-17 15:45:00,TRK-016,Rute-A,Petamburan Hub,1150.5,1200,20.8,1.0,30.0,LOADED,YES
2026-07-18 06:52:00,TRK-017,Rute-B,Bekasi Logistics Hub,1151.6,1200,21.22,1.1,30.8,DELIVERED,YES
2026-07-19 09:59:00,TRK-018,Rute-C,Depok Hub,1152.7,1200,21.64,1.3,31.6,IN_TRANSIT,YES
2026-07-20 12:06:00,TRK-019,Rute-D,Bogor Transit Hub,1153.8,1200,22.06,1.5,32.4,IDLE_DOCK,NO
2026-07-21 15:13:00,TRK-020,Rute-E,Cikarang Industrial Hub,1154.9,1200,22.48,1.7,33.2,LOADED,YES
2026-07-22 06:20:00,TRK-021,Rute-F,Gudang West (Tangerang),650.0,1200,22.9,1.9,34.0,DELIVERED,YES
2026-07-23 09:27:00,TRK-022,Rute-G,Central Hub (Jakarta),651.1,1200,23.32,2.0,34.8,IN_TRANSIT,YES
2026-07-24 12:34:00,TRK-023,Rute-H,Grogol Hub (Jakbar),652.2,1200,23.74,2.2,35.6,IDLE_DOCK,NO
2026-07-25 15:41:00,TRK-024,Rute-I,Petamburan Hub,653.3,1200,24.16,2.4,36.4,LOADED,YES
2026-07-26 06:48:00,TRK-025,Rute-J,Bekasi Logistics Hub,654.4,1200,24.58,0.6,37.2,DELIVERED,YES
2026-07-27 09:55:00,TRK-026,Rute-K,Depok Hub,655.5,1200,14.5,0.8,38.0,IN_TRANSIT,YES
2026-07-28 12:02:00,TRK-027,Rute-L,Bogor Transit Hub,656.6,1200,14.92,1.0,38.8,IDLE_DOCK,NO
2026-07-29 15:09:00,TRK-028,Rute-M,Cikarang Industrial Hub,657.7,1200,15.34,1.1,39.6,LOADED,YES
2026-07-30 06:16:00,TRK-029,Rute-N,Gudang West (Tangerang),658.8,1200,15.76,1.3,40.4,DELIVERED,YES
2026-07-31 09:23:00,TRK-030,Rute-O,Central Hub (Jakarta),659.9,1200,16.18,1.5,41.2,IN_TRANSIT,YES
2026-07-01 12:30:00,TRK-031,Rute-A,Grogol Hub (Jakbar),661.0,1200,16.6,1.7,42.0,IDLE_DOCK,NO
2026-07-02 15:37:00,TRK-032,Rute-B,Petamburan Hub,662.1,1200,17.02,1.9,42.8,LOADED,YES
2026-07-03 06:44:00,TRK-033,Rute-C,Bekasi Logistics Hub,663.2,1200,17.44,2.0,43.6,DELIVERED,YES
2026-07-04 09:51:00,TRK-034,Rute-D,Depok Hub,664.3,1200,17.86,2.2,44.4,IN_TRANSIT,YES
2026-07-05 12:58:00,TRK-035,Rute-E,Bogor Transit Hub,665.4,1200,18.28,2.4,45.2,IDLE_DOCK,NO
2026-07-06 15:05:00,TRK-036,Rute-F,Cikarang Industrial Hub,666.5,1200,18.7,0.6,46.0,LOADED,YES
2026-07-07 06:12:00,TRK-037,Rute-G,Gudang West (Tangerang),667.6,1200,19.12,0.8,46.8,DELIVERED,YES
2026-07-08 09:19:00,TRK-038,Rute-H,Central Hub (Jakarta),668.7,1200,19.54,1.0,47.6,IN_TRANSIT,YES
2026-07-09 12:26:00,TRK-039,Rute-I,Grogol Hub (Jakbar),669.8,1200,19.96,1.1,48.4,IDLE_DOCK,NO
2026-07-10 15:33:00,TRK-040,Rute-J,Petamburan Hub,670.9,1200,20.38,1.3,49.2,LOADED,YES
2026-07-11 06:40:00,TRK-041,Rute-K,Bekasi Logistics Hub,672.0,1200,20.8,1.5,50.0,DELIVERED,YES
2026-07-12 09:47:00,TRK-042,Rute-L,Depok Hub,673.1,1200,21.22,1.7,50.8,IN_TRANSIT,YES
2026-07-13 12:54:00,TRK-043,Rute-M,Bogor Transit Hub,674.2,1200,21.64,1.9,51.6,IDLE_DOCK,NO
2026-07-14 15:01:00,TRK-044,Rute-N,Cikarang Industrial Hub,675.3,1200,22.06,2.0,52.4,LOADED,YES
2026-07-15 06:08:00,TRK-045,Rute-O,Gudang West (Tangerang),676.4,1200,22.48,2.2,53.2,DELIVERED,YES
2026-07-16 09:15:00,TRK-046,Rute-A,Central Hub (Jakarta),677.5,1200,22.9,2.4,54.0,IN_TRANSIT,YES
2026-07-17 12:22:00,TRK-047,Rute-B,Grogol Hub (Jakbar),678.6,1200,23.32,0.6,54.8,IDLE_DOCK,NO
2026-07-18 15:29:00,TRK-048,Rute-C,Petamburan Hub,679.7,1200,23.74,0.8,55.6,LOADED,YES
2026-07-19 06:36:00,TRK-049,Rute-D,Bekasi Logistics Hub,680.8,1200,24.16,1.0,56.4,DELIVERED,YES
2026-07-20 09:43:00,TRK-050,Rute-E,Depok Hub,681.9,1200,24.58,1.1,57.2,IN_TRANSIT,YES
2026-07-21 12:50:00,TRK-051,Rute-F,Bogor Transit Hub,683.0,1200,14.5,1.3,58.0,IDLE_DOCK,NO
2026-07-22 15:57:00,TRK-052,Rute-G,Cikarang Industrial Hub,684.1,1200,14.92,1.5,58.8,LOADED,YES
2026-07-23 06:04:00,TRK-053,Rute-H,Gudang West (Tangerang),685.2,1200,15.34,1.7,59.6,DELIVERED,YES
2026-07-24 09:11:00,TRK-054,Rute-I,Central Hub (Jakarta),686.3,1200,15.76,1.9,60.4,IN_TRANSIT,YES
2026-07-25 12:18:00,TRK-055,Rute-J,Grogol Hub (Jakbar),687.4,1200,16.18,2.0,61.2,IDLE_DOCK,NO
2026-07-26 15:25:00,TRK-056,Rute-K,Petamburan Hub,688.5,1200,16.6,2.2,62.0,LOADED,YES
2026-07-27 06:32:00,TRK-057,Rute-L,Bekasi Logistics Hub,689.6,1200,17.02,2.4,62.8,DELIVERED,YES
2026-07-28 09:39:00,TRK-058,Rute-M,Depok Hub,690.7,1200,17.44,0.6,63.6,IN_TRANSIT,YES
2026-07-29 12:46:00,TRK-059,Rute-N,Bogor Transit Hub,691.8,1200,17.86,0.8,64.4,IDLE_DOCK,NO
2026-07-30 15:53:00,TRK-060,Rute-O,Cikarang Industrial Hub,692.9,1200,18.28,1.0,65.2,LOADED,YES
2026-07-31 06:00:00,TRK-061,Rute-A,Gudang West (Tangerang),694.0,1200,18.7,1.1,66.0,DELIVERED,YES
2026-07-01 09:07:00,TRK-062,Rute-B,Central Hub (Jakarta),695.1,1200,19.12,1.3,66.8,IN_TRANSIT,YES
2026-07-02 12:14:00,TRK-063,Rute-C,Grogol Hub (Jakbar),696.2,1200,19.54,1.5,67.6,IDLE_DOCK,NO
2026-07-03 15:21:00,TRK-064,Rute-D,Petamburan Hub,697.3,1200,19.96,1.7,68.4,LOADED,YES
2026-07-04 06:28:00,TRK-065,Rute-E,Bekasi Logistics Hub,698.4,1200,20.38,1.9,69.2,DELIVERED,YES
2026-07-05 09:35:00,TRK-066,Rute-F,Depok Hub,699.5,1200,20.8,2.0,70.0,IN_TRANSIT,YES
2026-07-06 12:42:00,TRK-067,Rute-G,Bogor Transit Hub,700.6,1200,21.22,2.2,70.8,IDLE_DOCK,NO
2026-07-07 15:49:00,TRK-068,Rute-H,Cikarang Industrial Hub,701.7,1200,21.64,2.4,71.6,LOADED,YES
2026-07-08 06:56:00,TRK-069,Rute-I,Gudang West (Tangerang),702.8,1200,22.06,0.6,72.4,DELIVERED,YES
2026-07-09 09:03:00,TRK-070,Rute-J,Central Hub (Jakarta),703.9,1200,22.48,0.8,73.2,IN_TRANSIT,YES
2026-07-10 12:10:00,TRK-071,Rute-K,Grogol Hub (Jakbar),705.0,1200,22.9,1.0,74.0,IDLE_DOCK,NO
2026-07-11 15:17:00,TRK-072,Rute-L,Petamburan Hub,706.1,1200,23.32,1.1,74.8,LOADED,YES
2026-07-12 06:24:00,TRK-073,Rute-M,Bekasi Logistics Hub,707.2,1200,23.74,1.3,75.6,DELIVERED,YES
2026-07-13 09:31:00,TRK-074,Rute-N,Depok Hub,708.3,1200,24.16,1.5,76.4,IN_TRANSIT,YES
2026-07-14 12:38:00,TRK-075,Rute-O,Bogor Transit Hub,709.4,1200,24.58,1.7,77.2,IDLE_DOCK,NO
2026-07-15 15:45:00,TRK-076,Rute-A,Cikarang Industrial Hub,710.5,1200,14.5,1.9,78.0,LOADED,YES
2026-07-16 06:52:00,TRK-077,Rute-B,Gudang West (Tangerang),711.6,1200,14.92,2.0,78.8,DELIVERED,YES
2026-07-17 09:59:00,TRK-078,Rute-C,Central Hub (Jakarta),712.7,1200,15.34,2.2,79.6,IN_TRANSIT,YES
2026-07-18 12:06:00,TRK-079,Rute-D,Grogol Hub (Jakbar),713.8,1200,15.76,2.4,80.4,IDLE_DOCK,NO
2026-07-19 15:13:00,TRK-080,Rute-E,Petamburan Hub,714.9,1200,16.18,0.6,81.2,LOADED,YES
2026-07-20 06:20:00,TRK-081,Rute-F,Bekasi Logistics Hub,716.0,1200,16.6,0.8,82.0,DELIVERED,YES
2026-07-21 09:27:00,TRK-082,Rute-G,Depok Hub,717.1,1200,17.02,1.0,82.8,IN_TRANSIT,YES
2026-07-22 12:34:00,TRK-083,Rute-H,Bogor Transit Hub,718.2,1200,17.44,1.1,83.6,IDLE_DOCK,NO
2026-07-23 15:41:00,TRK-084,Rute-I,Cikarang Industrial Hub,719.3,1200,17.86,1.3,84.4,LOADED,YES
2026-07-24 06:48:00,TRK-085,Rute-J,Gudang West (Tangerang),720.4,1200,18.28,1.5,85.2,DELIVERED,YES
2026-07-25 09:55:00,TRK-086,Rute-K,Central Hub (Jakarta),721.5,1200,18.7,1.7,86.0,IN_TRANSIT,YES
2026-07-26 12:02:00,TRK-087,Rute-L,Grogol Hub (Jakbar),722.6,1200,19.12,1.9,86.8,IDLE_DOCK,NO
2026-07-27 15:09:00,TRK-088,Rute-M,Petamburan Hub,723.7,1200,19.54,2.0,87.6,LOADED,YES
2026-07-28 06:16:00,TRK-089,Rute-N,Bekasi Logistics Hub,724.8,1200,19.96,2.2,88.4,DELIVERED,YES
2026-07-29 09:23:00,TRK-090,Rute-O,Depok Hub,725.9,1200,20.38,2.4,89.2,IN_TRANSIT,YES
2026-07-30 12:30:00,TRK-091,Rute-A,Bogor Transit Hub,727.0,1200,20.8,0.6,18.0,IDLE_DOCK,NO
2026-07-31 15:37:00,TRK-092,Rute-B,Cikarang Industrial Hub,728.1,1200,21.22,0.8,18.8,LOADED,YES
2026-07-01 06:44:00,TRK-093,Rute-C,Gudang West (Tangerang),729.2,1200,21.64,1.0,19.6,DELIVERED,YES
2026-07-02 09:51:00,TRK-094,Rute-D,Central Hub (Jakarta),730.3,1200,22.06,1.1,20.4,IN_TRANSIT,YES
2026-07-03 12:58:00,TRK-095,Rute-E,Grogol Hub (Jakbar),731.4,1200,22.48,1.3,21.2,IDLE_DOCK,NO
2026-07-04 15:05:00,TRK-096,Rute-F,Petamburan Hub,732.5,1200,22.9,1.5,22.0,LOADED,YES
2026-07-05 06:12:00,TRK-097,Rute-G,Bekasi Logistics Hub,733.6,1200,23.32,1.7,22.8,DELIVERED,YES
2026-07-06 09:19:00,TRK-098,Rute-H,Depok Hub,734.7,1200,23.74,1.9,23.6,IN_TRANSIT,YES
2026-07-07 12:26:00,TRK-099,Rute-I,Bogor Transit Hub,735.8,1200,24.16,2.0,24.4,IDLE_DOCK,NO
2026-07-08 15:33:00,TRK-100,Rute-J,Cikarang Industrial Hub,736.9,1200,24.58,2.2,25.2,LOADED,YES
2026-07-09 06:40:00,TRK-101,Rute-K,Gudang West (Tangerang),738.0,1200,14.5,2.4,26.0,DELIVERED,YES
2026-07-10 09:47:00,TRK-102,Rute-L,Central Hub (Jakarta),739.1,1200,14.92,0.6,26.8,IN_TRANSIT,YES
2026-07-11 12:54:00,TRK-103,Rute-M,Grogol Hub (Jakbar),740.2,1200,15.34,0.8,27.6,IDLE_DOCK,NO
2026-07-12 15:01:00,TRK-104,Rute-N,Petamburan Hub,741.3,1200,15.76,1.0,28.4,LOADED,YES
2026-07-13 06:08:00,TRK-105,Rute-O,Bekasi Logistics Hub,742.4,1200,16.18,1.1,29.2,DELIVERED,YES
2026-07-14 09:15:00,TRK-106,Rute-A,Depok Hub,743.5,1200,16.6,1.3,30.0,IN_TRANSIT,YES
2026-07-15 12:22:00,TRK-107,Rute-B,Bogor Transit Hub,744.6,1200,17.02,1.5,30.8,IDLE_DOCK,NO
2026-07-16 15:29:00,TRK-108,Rute-C,Cikarang Industrial Hub,745.7,1200,17.44,1.7,31.6,LOADED,YES
2026-07-17 06:36:00,TRK-109,Rute-D,Gudang West (Tangerang),746.8,1200,17.86,1.9,32.4,DELIVERED,YES
2026-07-18 09:43:00,TRK-110,Rute-E,Central Hub (Jakarta),747.9,1200,18.28,2.0,33.2,IN_TRANSIT,YES
2026-07-19 12:50:00,TRK-111,Rute-F,Grogol Hub (Jakbar),749.0,1200,18.7,2.2,34.0,IDLE_DOCK,NO
2026-07-20 15:57:00,TRK-112,Rute-G,Petamburan Hub,750.1,1200,19.12,2.4,34.8,LOADED,YES
2026-07-21 06:04:00,TRK-113,Rute-H,Bekasi Logistics Hub,751.2,1200,19.54,0.6,35.6,DELIVERED,YES
2026-07-22 09:11:00,TRK-114,Rute-I,Depok Hub,752.3,1200,19.96,0.8,36.4,IN_TRANSIT,YES
2026-07-23 12:18:00,TRK-115,Rute-J,Bogor Transit Hub,753.4,1200,20.38,1.0,37.2,IDLE_DOCK,NO
2026-07-24 15:25:00,TRK-116,Rute-K,Cikarang Industrial Hub,754.5,1200,20.8,1.1,38.0,LOADED,YES
2026-07-25 06:32:00,TRK-117,Rute-L,Gudang West (Tangerang),755.6,1200,21.22,1.3,38.8,DELIVERED,YES
2026-07-26 09:39:00,TRK-118,Rute-M,Central Hub (Jakarta),756.7,1200,21.64,1.5,39.6,IN_TRANSIT,YES
2026-07-27 12:46:00,TRK-119,Rute-N,Grogol Hub (Jakbar),757.8,1200,22.06,1.7,40.4,IDLE_DOCK,NO
2026-07-28 15:53:00,TRK-120,Rute-O,Petamburan Hub,758.9,1200,22.48,1.9,41.2,LOADED,YES
2026-07-29 06:00:00,TRK-121,Rute-A,Bekasi Logistics Hub,760.0,1200,22.9,2.0,42.0,DELIVERED,YES
2026-07-30 09:07:00,TRK-122,Rute-B,Depok Hub,761.1,1200,23.32,2.2,42.8,IN_TRANSIT,YES
2026-07-31 12:14:00,TRK-123,Rute-C,Bogor Transit Hub,762.2,1200,23.74,2.4,43.6,IDLE_DOCK,NO
2026-07-01 15:21:00,TRK-124,Rute-D,Cikarang Industrial Hub,763.3,1200,24.16,0.6,44.4,LOADED,YES
2026-07-02 06:28:00,TRK-125,Rute-E,Gudang West (Tangerang),764.4,1200,24.58,0.8,45.2,DELIVERED,YES
2026-07-03 09:35:00,TRK-126,Rute-F,Central Hub (Jakarta),765.5,1200,14.5,1.0,46.0,IN_TRANSIT,YES
2026-07-04 12:42:00,TRK-127,Rute-G,Grogol Hub (Jakbar),766.6,1200,14.92,1.1,46.8,IDLE_DOCK,NO
2026-07-05 15:49:00,TRK-128,Rute-H,Petamburan Hub,767.7,1200,15.34,1.3,47.6,LOADED,YES
2026-07-06 06:56:00,TRK-129,Rute-I,Bekasi Logistics Hub,768.8,1200,15.76,1.5,48.4,DELIVERED,YES
2026-07-07 09:03:00,TRK-130,Rute-J,Depok Hub,769.9,1200,16.18,1.7,49.2,IN_TRANSIT,YES
2026-07-08 12:10:00,TRK-131,Rute-K,Bogor Transit Hub,771.0,1200,16.6,1.9,50.0,IDLE_DOCK,NO
2026-07-09 15:17:00,TRK-132,Rute-L,Cikarang Industrial Hub,772.1,1200,17.02,2.0,50.8,LOADED,YES
2026-07-10 06:24:00,TRK-133,Rute-M,Gudang West (Tangerang),773.2,1200,17.44,2.2,51.6,DELIVERED,YES
2026-07-11 09:31:00,TRK-134,Rute-N,Central Hub (Jakarta),774.3,1200,17.86,2.4,52.4,IN_TRANSIT,YES
2026-07-12 12:38:00,TRK-135,Rute-O,Grogol Hub (Jakbar),775.4,1200,18.28,0.6,53.2,IDLE_DOCK,NO
2026-07-13 15:45:00,TRK-136,Rute-A,Petamburan Hub,776.5,1200,18.7,0.8,54.0,LOADED,YES
2026-07-14 06:52:00,TRK-137,Rute-B,Bekasi Logistics Hub,777.6,1200,19.12,1.0,54.8,DELIVERED,YES
2026-07-15 09:59:00,TRK-138,Rute-C,Depok Hub,778.7,1200,19.54,1.1,55.6,IN_TRANSIT,YES
2026-07-16 12:06:00,TRK-139,Rute-D,Bogor Transit Hub,779.8,1200,19.96,1.3,56.4,IDLE_DOCK,NO
2026-07-17 15:13:00,TRK-140,Rute-E,Cikarang Industrial Hub,780.9,1200,20.38,1.5,57.2,LOADED,YES
2026-07-18 06:20:00,TRK-141,Rute-F,Gudang West (Tangerang),782.0,1200,20.8,1.7,58.0,DELIVERED,YES
2026-07-19 09:27:00,TRK-142,Rute-G,Central Hub (Jakarta),783.1,1200,21.22,1.9,58.8,IN_TRANSIT,YES
2026-07-20 12:34:00,TRK-143,Rute-H,Grogol Hub (Jakbar),784.2,1200,21.64,2.0,59.6,IDLE_DOCK,NO
2026-07-21 15:41:00,TRK-144,Rute-I,Petamburan Hub,785.3,1200,22.06,2.2,60.4,LOADED,YES
2026-07-22 06:48:00,TRK-145,Rute-J,Bekasi Logistics Hub,786.4,1200,22.48,2.4,61.2,DELIVERED,YES
2026-07-23 09:55:00,TRK-146,Rute-K,Depok Hub,787.5,1200,22.9,0.6,62.0,IN_TRANSIT,YES
2026-07-24 12:02:00,TRK-147,Rute-L,Bogor Transit Hub,788.6,1200,23.32,0.8,62.8,IDLE_DOCK,NO
2026-07-25 15:09:00,TRK-148,Rute-M,Cikarang Industrial Hub,789.7,1200,23.74,1.0,63.6,LOADED,YES
2026-07-26 06:16:00,TRK-149,Rute-N,Gudang West (Tangerang),790.8,1200,24.16,1.1,64.4,DELIVERED,YES
2026-07-27 09:23:00,TRK-150,Rute-O,Central Hub (Jakarta),791.9,1200,24.58,1.3,65.2,IN_TRANSIT,YES
2026-07-28 12:30:00,TRK-001,Rute-A,Grogol Hub (Jakbar),793.0,1200,14.5,1.5,66.0,IDLE_DOCK,NO
2026-07-29 15:37:00,TRK-002,Rute-B,Petamburan Hub,794.1,1200,14.92,1.7,66.8,LOADED,YES
2026-07-30 06:44:00,TRK-003,Rute-C,Bekasi Logistics Hub,795.2,1200,15.34,1.9,67.6,DELIVERED,YES
2026-07-31 09:51:00,TRK-004,Rute-D,Depok Hub,796.3,1200,15.76,2.0,68.4,IN_TRANSIT,YES
2026-07-01 12:58:00,TRK-005,Rute-E,Bogor Transit Hub,797.4,1200,16.18,2.2,69.2,IDLE_DOCK,NO
2026-07-02 15:05:00,TRK-006,Rute-F,Cikarang Industrial Hub,798.5,1200,16.6,2.4,70.0,LOADED,YES
2026-07-03 06:12:00,TRK-007,Rute-G,Gudang West (Tangerang),799.6,1200,17.02,0.6,70.8,DELIVERED,YES
2026-07-04 09:19:00,TRK-008,Rute-H,Central Hub (Jakarta),800.7,1200,17.44,0.8,71.6,IN_TRANSIT,YES
2026-07-05 12:26:00,TRK-009,Rute-I,Grogol Hub (Jakbar),801.8,1200,17.86,1.0,72.4,IDLE_DOCK,NO
2026-07-06 15:33:00,TRK-010,Rute-J,Petamburan Hub,802.9,1200,18.28,1.1,73.2,LOADED,YES
2026-07-07 06:40:00,TRK-011,Rute-K,Bekasi Logistics Hub,804.0,1200,18.7,1.3,74.0,DELIVERED,YES
2026-07-08 09:47:00,TRK-012,Rute-L,Depok Hub,805.1,1200,19.12,1.5,74.8,IN_TRANSIT,YES
2026-07-09 12:54:00,TRK-013,Rute-M,Bogor Transit Hub,806.2,1200,19.54,1.7,75.6,IDLE_DOCK,NO
2026-07-10 15:01:00,TRK-014,Rute-N,Cikarang Industrial Hub,807.3,1200,19.96,1.9,76.4,LOADED,YES
2026-07-11 06:08:00,TRK-015,Rute-O,Gudang West (Tangerang),808.4,1200,20.38,2.0,77.2,DELIVERED,YES
2026-07-12 09:15:00,TRK-016,Rute-A,Central Hub (Jakarta),809.5,1200,20.8,2.2,78.0,IN_TRANSIT,YES
2026-07-13 12:22:00,TRK-017,Rute-B,Grogol Hub (Jakbar),810.6,1200,21.22,2.4,78.8,IDLE_DOCK,NO
2026-07-14 15:29:00,TRK-018,Rute-C,Petamburan Hub,811.7,1200,21.64,0.6,79.6,LOADED,YES
2026-07-15 06:36:00,TRK-019,Rute-D,Bekasi Logistics Hub,812.8,1200,22.06,0.8,80.4,DELIVERED,YES
2026-07-16 09:43:00,TRK-020,Rute-E,Depok Hub,813.9,1200,22.48,1.0,81.2,IN_TRANSIT,YES
2026-07-17 12:50:00,TRK-021,Rute-F,Bogor Transit Hub,815.0,1200,22.9,1.1,82.0,IDLE_DOCK,NO
2026-07-18 15:57:00,TRK-022,Rute-G,Cikarang Industrial Hub,816.1,1200,23.32,1.3,82.8,LOADED,YES
2026-07-19 06:04:00,TRK-023,Rute-H,Gudang West (Tangerang),817.2,1200,23.74,1.5,83.6,DELIVERED,YES
2026-07-20 09:11:00,TRK-024,Rute-I,Central Hub (Jakarta),818.3,1200,24.16,1.7,84.4,IN_TRANSIT,YES
2026-07-21 12:18:00,TRK-025,Rute-J,Grogol Hub (Jakbar),819.4,1200,24.58,1.9,85.2,IDLE_DOCK,NO
2026-07-22 15:25:00,TRK-026,Rute-K,Petamburan Hub,820.5,1200,14.5,2.0,86.0,LOADED,YES
2026-07-23 06:32:00,TRK-027,Rute-L,Bekasi Logistics Hub,821.6,1200,14.92,2.2,86.8,DELIVERED,YES
2026-07-24 09:39:00,TRK-028,Rute-M,Depok Hub,822.7,1200,15.34,2.4,87.6,IN_TRANSIT,YES
2026-07-25 12:46:00,TRK-029,Rute-N,Bogor Transit Hub,823.8,1200,15.76,0.6,88.4,IDLE_DOCK,NO
2026-07-26 15:53:00,TRK-030,Rute-O,Cikarang Industrial Hub,824.9,1200,16.18,0.8,89.2,LOADED,YES
2026-07-27 06:00:00,TRK-031,Rute-A,Gudang West (Tangerang),826.0,1200,16.6,1.0,18.0,DELIVERED,YES
2026-07-28 09:07:00,TRK-032,Rute-B,Central Hub (Jakarta),827.1,1200,17.02,1.1,18.8,IN_TRANSIT,YES
2026-07-29 12:14:00,TRK-033,Rute-C,Grogol Hub (Jakbar),828.2,1200,17.44,1.3,19.6,IDLE_DOCK,NO
2026-07-30 15:21:00,TRK-034,Rute-D,Petamburan Hub,829.3,1200,17.86,1.5,20.4,LOADED,YES
2026-07-31 06:28:00,TRK-035,Rute-E,Bekasi Logistics Hub,830.4,1200,18.28,1.7,21.2,DELIVERED,YES
2026-07-01 09:35:00,TRK-036,Rute-F,Depok Hub,831.5,1200,18.7,1.9,22.0,IN_TRANSIT,YES
2026-07-02 12:42:00,TRK-037,Rute-G,Bogor Transit Hub,832.6,1200,19.12,2.0,22.8,IDLE_DOCK,NO
2026-07-03 15:49:00,TRK-038,Rute-H,Cikarang Industrial Hub,833.7,1200,19.54,2.2,23.6,LOADED,YES
2026-07-04 06:56:00,TRK-039,Rute-I,Gudang West (Tangerang),834.8,1200,19.96,2.4,24.4,DELIVERED,YES
2026-07-05 09:03:00,TRK-040,Rute-J,Central Hub (Jakarta),835.9,1200,20.38,0.6,25.2,IN_TRANSIT,YES
2026-07-06 12:10:00,TRK-041,Rute-K,Grogol Hub (Jakbar),837.0,1200,20.8,0.8,26.0,IDLE_DOCK,NO
2026-07-07 15:17:00,TRK-042,Rute-L,Petamburan Hub,838.1,1200,21.22,1.0,26.8,LOADED,YES
2026-07-08 06:24:00,TRK-043,Rute-M,Bekasi Logistics Hub,839.2,1200,21.64,1.1,27.6,DELIVERED,YES
2026-07-09 09:31:00,TRK-044,Rute-N,Depok Hub,840.3,1200,22.06,1.3,28.4,IN_TRANSIT,YES
2026-07-10 12:38:00,TRK-045,Rute-O,Bogor Transit Hub,841.4,1200,22.48,1.5,29.2,IDLE_DOCK,NO
2026-07-11 15:45:00,TRK-046,Rute-A,Cikarang Industrial Hub,842.5,1200,22.9,1.7,30.0,LOADED,YES
2026-07-12 06:52:00,TRK-047,Rute-B,Gudang West (Tangerang),843.6,1200,23.32,1.9,30.8,DELIVERED,YES
2026-07-13 09:59:00,TRK-048,Rute-C,Central Hub (Jakarta),844.7,1200,23.74,2.0,31.6,IN_TRANSIT,YES
2026-07-14 12:06:00,TRK-049,Rute-D,Grogol Hub (Jakbar),845.8,1200,24.16,2.2,32.4,IDLE_DOCK,NO
2026-07-15 15:13:00,TRK-050,Rute-E,Petamburan Hub,846.9,1200,24.58,2.4,33.2,LOADED,YES
2026-07-16 06:20:00,TRK-051,Rute-F,Bekasi Logistics Hub,848.0,1200,14.5,0.6,34.0,DELIVERED,YES
2026-07-17 09:27:00,TRK-052,Rute-G,Depok Hub,849.1,1200,14.92,0.8,34.8,IN_TRANSIT,YES
2026-07-18 12:34:00,TRK-053,Rute-H,Bogor Transit Hub,850.2,1200,15.34,1.0,35.6,IDLE_DOCK,NO
2026-07-19 15:41:00,TRK-054,Rute-I,Cikarang Industrial Hub,851.3,1200,15.76,1.1,36.4,LOADED,YES
2026-07-20 06:48:00,TRK-055,Rute-J,Gudang West (Tangerang),852.4,1200,16.18,1.3,37.2,DELIVERED,YES
2026-07-21 09:55:00,TRK-056,Rute-K,Central Hub (Jakarta),853.5,1200,16.6,1.5,38.0,IN_TRANSIT,YES
2026-07-22 12:02:00,TRK-057,Rute-L,Grogol Hub (Jakbar),854.6,1200,17.02,1.7,38.8,IDLE_DOCK,NO
2026-07-23 15:09:00,TRK-058,Rute-M,Petamburan Hub,855.7,1200,17.44,1.9,39.6,LOADED,YES
2026-07-24 06:16:00,TRK-059,Rute-N,Bekasi Logistics Hub,856.8,1200,17.86,2.0,40.4,DELIVERED,YES
2026-07-25 09:23:00,TRK-060,Rute-O,Depok Hub,857.9,1200,18.28,2.2,41.2,IN_TRANSIT,YES
2026-07-26 12:30:00,TRK-061,Rute-A,Bogor Transit Hub,859.0,1200,18.7,2.4,42.0,IDLE_DOCK,NO
2026-07-27 15:37:00,TRK-062,Rute-B,Cikarang Industrial Hub,860.1,1200,19.12,0.6,42.8,LOADED,YES
2026-07-28 06:44:00,TRK-063,Rute-C,Gudang West (Tangerang),861.2,1200,19.54,0.8,43.6,DELIVERED,YES
2026-07-29 09:51:00,TRK-064,Rute-D,Central Hub (Jakarta),862.3,1200,19.96,1.0,44.4,IN_TRANSIT,YES
2026-07-30 12:58:00,TRK-065,Rute-E,Grogol Hub (Jakbar),863.4,1200,20.38,1.1,45.2,IDLE_DOCK,NO
2026-07-31 15:05:00,TRK-066,Rute-F,Petamburan Hub,864.5,1200,20.8,1.3,46.0,LOADED,YES
2026-07-01 06:12:00,TRK-067,Rute-G,Bekasi Logistics Hub,865.6,1200,21.22,1.5,46.8,DELIVERED,YES
2026-07-02 09:19:00,TRK-068,Rute-H,Depok Hub,866.7,1200,21.64,1.7,47.6,IN_TRANSIT,YES
2026-07-03 12:26:00,TRK-069,Rute-I,Bogor Transit Hub,867.8,1200,22.06,1.9,48.4,IDLE_DOCK,NO
2026-07-04 15:33:00,TRK-070,Rute-J,Cikarang Industrial Hub,868.9,1200,22.48,2.0,49.2,LOADED,YES
2026-07-05 06:40:00,TRK-071,Rute-K,Gudang West (Tangerang),870.0,1200,22.9,2.2,50.0,DELIVERED,YES
2026-07-06 09:47:00,TRK-072,Rute-L,Central Hub (Jakarta),871.1,1200,23.32,2.4,50.8,IN_TRANSIT,YES
2026-07-07 12:54:00,TRK-073,Rute-M,Grogol Hub (Jakbar),872.2,1200,23.74,0.6,51.6,IDLE_DOCK,NO
2026-07-08 15:01:00,TRK-074,Rute-N,Petamburan Hub,873.3,1200,24.16,0.8,52.4,LOADED,YES
2026-07-09 06:08:00,TRK-075,Rute-O,Bekasi Logistics Hub,874.4,1200,24.58,1.0,53.2,DELIVERED,YES
2026-07-10 09:15:00,TRK-076,Rute-A,Depok Hub,875.5,1200,14.5,1.1,54.0,IN_TRANSIT,YES
2026-07-11 12:22:00,TRK-077,Rute-B,Bogor Transit Hub,876.6,1200,14.92,1.3,54.8,IDLE_DOCK,NO
2026-07-12 15:29:00,TRK-078,Rute-C,Cikarang Industrial Hub,877.7,1200,15.34,1.5,55.6,LOADED,YES
2026-07-13 06:36:00,TRK-079,Rute-D,Gudang West (Tangerang),878.8,1200,15.76,1.7,56.4,DELIVERED,YES
2026-07-14 09:43:00,TRK-080,Rute-E,Central Hub (Jakarta),879.9,1200,16.18,1.9,57.2,IN_TRANSIT,YES
2026-07-15 12:50:00,TRK-081,Rute-F,Grogol Hub (Jakbar),881.0,1200,16.6,2.0,58.0,IDLE_DOCK,NO
2026-07-16 15:57:00,TRK-082,Rute-G,Petamburan Hub,882.1,1200,17.02,2.2,58.8,LOADED,YES
2026-07-17 06:04:00,TRK-083,Rute-H,Bekasi Logistics Hub,883.2,1200,17.44,2.4,59.6,DELIVERED,YES
2026-07-18 09:11:00,TRK-084,Rute-I,Depok Hub,884.3,1200,17.86,0.6,60.4,IN_TRANSIT,YES
2026-07-19 12:18:00,TRK-085,Rute-J,Bogor Transit Hub,885.4,1200,18.28,0.8,61.2,IDLE_DOCK,NO
2026-07-20 15:25:00,TRK-086,Rute-K,Cikarang Industrial Hub,886.5,1200,18.7,1.0,62.0,LOADED,YES
2026-07-21 06:32:00,TRK-087,Rute-L,Gudang West (Tangerang),887.6,1200,19.12,1.1,62.8,DELIVERED,YES
2026-07-22 09:39:00,TRK-088,Rute-M,Central Hub (Jakarta),888.7,1200,19.54,1.3,63.6,IN_TRANSIT,YES
2026-07-23 12:46:00,TRK-089,Rute-N,Grogol Hub (Jakbar),889.8,1200,19.96,1.5,64.4,IDLE_DOCK,NO
2026-07-24 15:53:00,TRK-090,Rute-O,Petamburan Hub,890.9,1200,20.38,1.7,65.2,LOADED,YES
2026-07-25 06:00:00,TRK-091,Rute-A,Bekasi Logistics Hub,892.0,1200,20.8,1.9,66.0,DELIVERED,YES
2026-07-26 09:07:00,TRK-092,Rute-B,Depok Hub,893.1,1200,21.22,2.0,66.8,IN_TRANSIT,YES
2026-07-27 12:14:00,TRK-093,Rute-C,Bogor Transit Hub,894.2,1200,21.64,2.2,67.6,IDLE_DOCK,NO
2026-07-28 15:21:00,TRK-094,Rute-D,Cikarang Industrial Hub,895.3,1200,22.06,2.4,68.4,LOADED,YES
2026-07-29 06:28:00,TRK-095,Rute-E,Gudang West (Tangerang),896.4,1200,22.48,0.6,69.2,DELIVERED,YES
2026-07-30 09:35:00,TRK-096,Rute-F,Central Hub (Jakarta),897.5,1200,22.9,0.8,70.0,IN_TRANSIT,YES
2026-07-31 12:42:00,TRK-097,Rute-G,Grogol Hub (Jakbar),898.6,1200,23.32,1.0,70.8,IDLE_DOCK,NO
2026-07-01 15:49:00,TRK-098,Rute-H,Petamburan Hub,899.7,1200,23.74,1.1,71.6,LOADED,YES
2026-07-02 06:56:00,TRK-099,Rute-I,Bekasi Logistics Hub,900.8,1200,24.16,1.3,72.4,DELIVERED,YES
2026-07-03 09:03:00,TRK-100,Rute-J,Depok Hub,901.9,1200,24.58,1.5,73.2,IN_TRANSIT,YES
2026-07-04 12:10:00,TRK-101,Rute-K,Bogor Transit Hub,903.0,1200,14.5,1.7,74.0,IDLE_DOCK,NO
2026-07-05 15:17:00,TRK-102,Rute-L,Cikarang Industrial Hub,904.1,1200,14.92,1.9,74.8,LOADED,YES
2026-07-06 06:24:00,TRK-103,Rute-M,Gudang West (Tangerang),905.2,1200,15.34,2.0,75.6,DELIVERED,YES
2026-07-07 09:31:00,TRK-104,Rute-N,Central Hub (Jakarta),906.3,1200,15.76,2.2,76.4,IN_TRANSIT,YES
2026-07-08 12:38:00,TRK-105,Rute-O,Grogol Hub (Jakbar),907.4,1200,16.18,2.4,77.2,IDLE_DOCK,NO
2026-07-09 15:45:00,TRK-106,Rute-A,Petamburan Hub,908.5,1200,16.6,0.6,78.0,LOADED,YES
2026-07-10 06:52:00,TRK-107,Rute-B,Bekasi Logistics Hub,909.6,1200,17.02,0.8,78.8,DELIVERED,YES
2026-07-11 09:59:00,TRK-108,Rute-C,Depok Hub,910.7,1200,17.44,1.0,79.6,IN_TRANSIT,YES
2026-07-12 12:06:00,TRK-109,Rute-D,Bogor Transit Hub,911.8,1200,17.86,1.1,80.4,IDLE_DOCK,NO
2026-07-13 15:13:00,TRK-110,Rute-E,Cikarang Industrial Hub,912.9,1200,18.28,1.3,81.2,LOADED,YES
2026-07-14 06:20:00,TRK-111,Rute-F,Gudang West (Tangerang),914.0,1200,18.7,1.5,82.0,DELIVERED,YES
2026-07-15 09:27:00,TRK-112,Rute-G,Central Hub (Jakarta),915.1,1200,19.12,1.7,82.8,IN_TRANSIT,YES
2026-07-16 12:34:00,TRK-113,Rute-H,Grogol Hub (Jakbar),916.2,1200,19.54,1.9,83.6,IDLE_DOCK,NO
2026-07-17 15:41:00,TRK-114,Rute-I,Petamburan Hub,917.3,1200,19.96,2.0,84.4,LOADED,YES
2026-07-18 06:48:00,TRK-115,Rute-J,Bekasi Logistics Hub,918.4,1200,20.38,2.2,85.2,DELIVERED,YES
2026-07-19 09:55:00,TRK-116,Rute-K,Depok Hub,919.5,1200,20.8,2.4,86.0,IN_TRANSIT,YES
2026-07-20 12:02:00,TRK-117,Rute-L,Bogor Transit Hub,920.6,1200,21.22,0.6,86.8,IDLE_DOCK,NO
2026-07-21 15:09:00,TRK-118,Rute-M,Cikarang Industrial Hub,921.7,1200,21.64,0.8,87.6,LOADED,YES
2026-07-22 06:16:00,TRK-119,Rute-N,Gudang West (Tangerang),922.8,1200,22.06,1.0,88.4,DELIVERED,YES
2026-07-23 09:23:00,TRK-120,Rute-O,Central Hub (Jakarta),923.9,1200,22.48,1.1,89.2,IN_TRANSIT,YES
2026-07-24 12:30:00,TRK-121,Rute-A,Grogol Hub (Jakbar),925.0,1200,22.9,1.3,18.0,IDLE_DOCK,NO
2026-07-25 15:37:00,TRK-122,Rute-B,Petamburan Hub,926.1,1200,23.32,1.5,18.8,LOADED,YES
2026-07-26 06:44:00,TRK-123,Rute-C,Bekasi Logistics Hub,927.2,1200,23.74,1.7,19.6,DELIVERED,YES
2026-07-27 09:51:00,TRK-124,Rute-D,Depok Hub,928.3,1200,24.16,1.9,20.4,IN_TRANSIT,YES
2026-07-28 12:58:00,TRK-125,Rute-E,Bogor Transit Hub,929.4,1200,24.58,2.0,21.2,IDLE_DOCK,NO
2026-07-29 15:05:00,TRK-126,Rute-F,Cikarang Industrial Hub,930.5,1200,14.5,2.2,22.0,LOADED,YES
2026-07-30 06:12:00,TRK-127,Rute-G,Gudang West (Tangerang),931.6,1200,14.92,2.4,22.8,DELIVERED,YES
2026-07-31 09:19:00,TRK-128,Rute-H,Central Hub (Jakarta),932.7,1200,15.34,0.6,23.6,IN_TRANSIT,YES
2026-07-01 12:26:00,TRK-129,Rute-I,Grogol Hub (Jakbar),933.8,1200,15.76,0.8,24.4,IDLE_DOCK,NO
2026-07-02 15:33:00,TRK-130,Rute-J,Petamburan Hub,934.9,1200,16.18,1.0,25.2,LOADED,YES
2026-07-03 06:40:00,TRK-131,Rute-K,Bekasi Logistics Hub,936.0,1200,16.6,1.1,26.0,DELIVERED,YES
2026-07-04 09:47:00,TRK-132,Rute-L,Depok Hub,937.1,1200,17.02,1.3,26.8,IN_TRANSIT,YES
2026-07-05 12:54:00,TRK-133,Rute-M,Bogor Transit Hub,938.2,1200,17.44,1.5,27.6,IDLE_DOCK,NO
2026-07-06 15:01:00,TRK-134,Rute-N,Cikarang Industrial Hub,939.3,1200,17.86,1.7,28.4,LOADED,YES
2026-07-07 06:08:00,TRK-135,Rute-O,Gudang West (Tangerang),940.4,1200,18.28,1.9,29.2,DELIVERED,YES
2026-07-08 09:15:00,TRK-136,Rute-A,Central Hub (Jakarta),941.5,1200,18.7,2.0,30.0,IN_TRANSIT,YES
2026-07-09 12:22:00,TRK-137,Rute-B,Grogol Hub (Jakbar),942.6,1200,19.12,2.2,30.8,IDLE_DOCK,NO
2026-07-10 15:29:00,TRK-138,Rute-C,Petamburan Hub,943.7,1200,19.54,2.4,31.6,LOADED,YES
2026-07-11 06:36:00,TRK-139,Rute-D,Bekasi Logistics Hub,944.8,1200,19.96,0.6,32.4,DELIVERED,YES
2026-07-12 09:43:00,TRK-140,Rute-E,Depok Hub,945.9,1200,20.38,0.8,33.2,IN_TRANSIT,YES
2026-07-13 12:50:00,TRK-141,Rute-F,Bogor Transit Hub,947.0,1200,20.8,1.0,34.0,IDLE_DOCK,NO
2026-07-14 15:57:00,TRK-142,Rute-G,Cikarang Industrial Hub,948.1,1200,21.22,1.1,34.8,LOADED,YES
2026-07-15 06:04:00,TRK-143,Rute-H,Gudang West (Tangerang),949.2,1200,21.64,1.3,35.6,DELIVERED,YES
2026-07-16 09:11:00,TRK-144,Rute-I,Central Hub (Jakarta),950.3,1200,22.06,1.5,36.4,IN_TRANSIT,YES
2026-07-17 12:18:00,TRK-145,Rute-J,Grogol Hub (Jakbar),951.4,1200,22.48,1.7,37.2,IDLE_DOCK,NO
2026-07-18 15:25:00,TRK-146,Rute-K,Petamburan Hub,952.5,1200,22.9,1.9,38.0,LOADED,YES
2026-07-19 06:32:00,TRK-147,Rute-L,Bekasi Logistics Hub,953.6,1200,23.32,2.0,38.8,DELIVERED,YES
2026-07-20 09:39:00,TRK-148,Rute-M,Depok Hub,954.7,1200,23.74,2.2,39.6,IN_TRANSIT,YES
2026-07-21 12:46:00,TRK-149,Rute-N,Bogor Transit Hub,955.8,1200,24.16,2.4,40.4,IDLE_DOCK,NO
2026-07-22 15:53:00,TRK-150,Rute-O,Cikarang Industrial Hub,956.9,1200,24.58,0.6,41.2,LOADED,YES
2026-07-23 06:00:00,TRK-001,Rute-A,Gudang West (Tangerang),958.0,1200,14.5,0.8,42.0,DELIVERED,YES
2026-07-24 09:07:00,TRK-002,Rute-B,Central Hub (Jakarta),959.1,1200,14.92,1.0,42.8,IN_TRANSIT,YES
2026-07-25 12:14:00,TRK-003,Rute-C,Grogol Hub (Jakbar),960.2,1200,15.34,1.1,43.6,IDLE_DOCK,NO
2026-07-26 15:21:00,TRK-004,Rute-D,Petamburan Hub,961.3,1200,15.76,1.3,44.4,LOADED,YES
2026-07-27 06:28:00,TRK-005,Rute-E,Bekasi Logistics Hub,962.4,1200,16.18,1.5,45.2,DELIVERED,YES
2026-07-28 09:35:00,TRK-006,Rute-F,Depok Hub,963.5,1200,16.6,1.7,46.0,IN_TRANSIT,YES
2026-07-29 12:42:00,TRK-007,Rute-G,Bogor Transit Hub,964.6,1200,17.02,1.9,46.8,IDLE_DOCK,NO
2026-07-30 15:49:00,TRK-008,Rute-H,Cikarang Industrial Hub,965.7,1200,17.44,2.0,47.6,LOADED,YES
2026-07-31 06:56:00,TRK-009,Rute-I,Gudang West (Tangerang),966.8,1200,17.86,2.2,48.4,DELIVERED,YES
2026-07-01 09:03:00,TRK-010,Rute-J,Central Hub (Jakarta),967.9,1200,18.28,2.4,49.2,IN_TRANSIT,YES
2026-07-02 12:10:00,TRK-011,Rute-K,Grogol Hub (Jakbar),969.0,1200,18.7,0.6,50.0,IDLE_DOCK,NO
2026-07-03 15:17:00,TRK-012,Rute-L,Petamburan Hub,970.1,1200,19.12,0.8,50.8,LOADED,YES
2026-07-04 06:24:00,TRK-013,Rute-M,Bekasi Logistics Hub,971.2,1200,19.54,1.0,51.6,DELIVERED,YES
2026-07-05 09:31:00,TRK-014,Rute-N,Depok Hub,972.3,1200,19.96,1.1,52.4,IN_TRANSIT,YES
2026-07-06 12:38:00,TRK-015,Rute-O,Bogor Transit Hub,973.4,1200,20.38,1.3,53.2,IDLE_DOCK,NO
2026-07-07 15:45:00,TRK-016,Rute-A,Cikarang Industrial Hub,974.5,1200,20.8,1.5,54.0,LOADED,YES
2026-07-08 06:52:00,TRK-017,Rute-B,Gudang West (Tangerang),975.6,1200,21.22,1.7,54.8,DELIVERED,YES
2026-07-09 09:59:00,TRK-018,Rute-C,Central Hub (Jakarta),976.7,1200,21.64,1.9,55.6,IN_TRANSIT,YES
2026-07-10 12:06:00,TRK-019,Rute-D,Grogol Hub (Jakbar),977.8,1200,22.06,2.0,56.4,IDLE_DOCK,NO
2026-07-11 15:13:00,TRK-020,Rute-E,Petamburan Hub,978.9,1200,22.48,2.2,57.2,LOADED,YES
2026-07-12 06:20:00,TRK-021,Rute-F,Bekasi Logistics Hub,980.0,1200,22.9,2.4,58.0,DELIVERED,YES
2026-07-13 09:27:00,TRK-022,Rute-G,Depok Hub,981.1,1200,23.32,0.6,58.8,IN_TRANSIT,YES
2026-07-14 12:34:00,TRK-023,Rute-H,Bogor Transit Hub,982.2,1200,23.74,0.8,59.6,IDLE_DOCK,NO
2026-07-15 15:41:00,TRK-024,Rute-I,Cikarang Industrial Hub,983.3,1200,24.16,1.0,60.4,LOADED,YES
2026-07-16 06:48:00,TRK-025,Rute-J,Gudang West (Tangerang),984.4,1200,24.58,1.1,61.2,DELIVERED,YES
2026-07-17 09:55:00,TRK-026,Rute-K,Central Hub (Jakarta),985.5,1200,14.5,1.3,62.0,IN_TRANSIT,YES
2026-07-18 12:02:00,TRK-027,Rute-L,Grogol Hub (Jakbar),986.6,1200,14.92,1.5,62.8,IDLE_DOCK,NO
2026-07-19 15:09:00,TRK-028,Rute-M,Petamburan Hub,987.7,1200,15.34,1.7,63.6,LOADED,YES
2026-07-20 06:16:00,TRK-029,Rute-N,Bekasi Logistics Hub,988.8,1200,15.76,1.9,64.4,DELIVERED,YES
2026-07-21 09:23:00,TRK-030,Rute-O,Depok Hub,989.9,1200,16.18,2.0,65.2,IN_TRANSIT,YES
2026-07-22 12:30:00,TRK-031,Rute-A,Bogor Transit Hub,991.0,1200,16.6,2.2,66.0,IDLE_DOCK,NO
2026-07-23 15:37:00,TRK-032,Rute-B,Cikarang Industrial Hub,992.1,1200,17.02,2.4,66.8,LOADED,YES
2026-07-24 06:44:00,TRK-033,Rute-C,Gudang West (Tangerang),993.2,1200,17.44,0.6,67.6,DELIVERED,YES
2026-07-25 09:51:00,TRK-034,Rute-D,Central Hub (Jakarta),994.3,1200,17.86,0.8,68.4,IN_TRANSIT,YES
2026-07-26 12:58:00,TRK-035,Rute-E,Grogol Hub (Jakbar),995.4,1200,18.28,1.0,69.2,IDLE_DOCK,NO
2026-07-27 15:05:00,TRK-036,Rute-F,Petamburan Hub,996.5,1200,18.7,1.1,70.0,LOADED,YES
2026-07-28 06:12:00,TRK-037,Rute-G,Bekasi Logistics Hub,997.6,1200,19.12,1.3,70.8,DELIVERED,YES
2026-07-29 09:19:00,TRK-038,Rute-H,Depok Hub,998.7,1200,19.54,1.5,71.6,IN_TRANSIT,YES
2026-07-30 12:26:00,TRK-039,Rute-I,Bogor Transit Hub,999.8,1200,19.96,1.7,72.4,IDLE_DOCK,NO
2026-07-31 15:33:00,TRK-040,Rute-J,Cikarang Industrial Hub,1000.9,1200,20.38,1.9,73.2,LOADED,YES
2026-07-01 06:40:00,TRK-041,Rute-K,Gudang West (Tangerang),1002.0,1200,20.8,2.0,74.0,DELIVERED,YES
2026-07-02 09:47:00,TRK-042,Rute-L,Central Hub (Jakarta),1003.1,1200,21.22,2.2,74.8,IN_TRANSIT,YES
2026-07-03 12:54:00,TRK-043,Rute-M,Grogol Hub (Jakbar),1004.2,1200,21.64,2.4,75.6,IDLE_DOCK,NO
2026-07-04 15:01:00,TRK-044,Rute-N,Petamburan Hub,1005.3,1200,22.06,0.6,76.4,LOADED,YES
2026-07-05 06:08:00,TRK-045,Rute-O,Bekasi Logistics Hub,1006.4,1200,22.48,0.8,77.2,DELIVERED,YES
2026-07-06 09:15:00,TRK-046,Rute-A,Depok Hub,1007.5,1200,22.9,1.0,78.0,IN_TRANSIT,YES
2026-07-07 12:22:00,TRK-047,Rute-B,Bogor Transit Hub,1008.6,1200,23.32,1.1,78.8,IDLE_DOCK,NO
2026-07-08 15:29:00,TRK-048,Rute-C,Cikarang Industrial Hub,1009.7,1200,23.74,1.3,79.6,LOADED,YES
2026-07-09 06:36:00,TRK-049,Rute-D,Gudang West (Tangerang),1010.8,1200,24.16,1.5,80.4,DELIVERED,YES
2026-07-10 09:43:00,TRK-050,Rute-E,Central Hub (Jakarta),1011.9,1200,24.58,1.7,81.2,IN_TRANSIT,YES
2026-07-11 12:50:00,TRK-051,Rute-F,Grogol Hub (Jakbar),1013.0,1200,14.5,1.9,82.0,IDLE_DOCK,NO
2026-07-12 15:57:00,TRK-052,Rute-G,Petamburan Hub,1014.1,1200,14.92,2.0,82.8,LOADED,YES
2026-07-13 06:04:00,TRK-053,Rute-H,Bekasi Logistics Hub,1015.2,1200,15.34,2.2,83.6,DELIVERED,YES
2026-07-14 09:11:00,TRK-054,Rute-I,Depok Hub,1016.3,1200,15.76,2.4,84.4,IN_TRANSIT,YES
2026-07-15 12:18:00,TRK-055,Rute-J,Bogor Transit Hub,1017.4,1200,16.18,0.6,85.2,IDLE_DOCK,NO
2026-07-16 15:25:00,TRK-056,Rute-K,Cikarang Industrial Hub,1018.5,1200,16.6,0.8,86.0,LOADED,YES
2026-07-17 06:32:00,TRK-057,Rute-L,Gudang West (Tangerang),1019.6,1200,17.02,1.0,86.8,DELIVERED,YES
2026-07-18 09:39:00,TRK-058,Rute-M,Central Hub (Jakarta),1020.7,1200,17.44,1.1,87.6,IN_TRANSIT,YES
2026-07-19 12:46:00,TRK-059,Rute-N,Grogol Hub (Jakbar),1021.8,1200,17.86,1.3,88.4,IDLE_DOCK,NO
2026-07-20 15:53:00,TRK-060,Rute-O,Petamburan Hub,1022.9,1200,18.28,1.5,89.2,LOADED,YES
2026-07-21 06:00:00,TRK-061,Rute-A,Bekasi Logistics Hub,1024.0,1200,18.7,1.7,18.0,DELIVERED,YES
2026-07-22 09:07:00,TRK-062,Rute-B,Depok Hub,1025.1,1200,19.12,1.9,18.8,IN_TRANSIT,YES
2026-07-23 12:14:00,TRK-063,Rute-C,Bogor Transit Hub,1026.2,1200,19.54,2.0,19.6,IDLE_DOCK,NO
2026-07-24 15:21:00,TRK-064,Rute-D,Cikarang Industrial Hub,1027.3,1200,19.96,2.2,20.4,LOADED,YES
2026-07-25 06:28:00,TRK-065,Rute-E,Gudang West (Tangerang),1028.4,1200,20.38,2.4,21.2,DELIVERED,YES
2026-07-26 09:35:00,TRK-066,Rute-F,Central Hub (Jakarta),1029.5,1200,20.8,0.6,22.0,IN_TRANSIT,YES
2026-07-27 12:42:00,TRK-067,Rute-G,Grogol Hub (Jakbar),1030.6,1200,21.22,0.8,22.8,IDLE_DOCK,NO
2026-07-28 15:49:00,TRK-068,Rute-H,Petamburan Hub,1031.7,1200,21.64,1.0,23.6,LOADED,YES
2026-07-29 06:56:00,TRK-069,Rute-I,Bekasi Logistics Hub,1032.8,1200,22.06,1.1,24.4,DELIVERED,YES
2026-07-30 09:03:00,TRK-070,Rute-J,Depok Hub,1033.9,1200,22.48,1.3,25.2,IN_TRANSIT,YES
2026-07-31 12:10:00,TRK-071,Rute-K,Bogor Transit Hub,1035.0,1200,22.9,1.5,26.0,IDLE_DOCK,NO
2026-07-01 15:17:00,TRK-072,Rute-L,Cikarang Industrial Hub,1036.1,1200,23.32,1.7,26.8,LOADED,YES
2026-07-02 06:24:00,TRK-073,Rute-M,Gudang West (Tangerang),1037.2,1200,23.74,1.9,27.6,DELIVERED,YES
2026-07-03 09:31:00,TRK-074,Rute-N,Central Hub (Jakarta),1038.3,1200,24.16,2.0,28.4,IN_TRANSIT,YES
2026-07-04 12:38:00,TRK-075,Rute-O,Grogol Hub (Jakbar),1039.4,1200,24.58,2.2,29.2,IDLE_DOCK,NO
2026-07-05 15:45:00,TRK-076,Rute-A,Petamburan Hub,1040.5,1200,14.5,2.4,30.0,LOADED,YES
2026-07-06 06:52:00,TRK-077,Rute-B,Bekasi Logistics Hub,1041.6,1200,14.92,0.6,30.8,DELIVERED,YES
2026-07-07 09:59:00,TRK-078,Rute-C,Depok Hub,1042.7,1200,15.34,0.8,31.6,IN_TRANSIT,YES
2026-07-08 12:06:00,TRK-079,Rute-D,Bogor Transit Hub,1043.8,1200,15.76,1.0,32.4,IDLE_DOCK,NO
2026-07-09 15:13:00,TRK-080,Rute-E,Cikarang Industrial Hub,1044.9,1200,16.18,1.1,33.2,LOADED,YES
2026-07-10 06:20:00,TRK-081,Rute-F,Gudang West (Tangerang),1046.0,1200,16.6,1.3,34.0,DELIVERED,YES
2026-07-11 09:27:00,TRK-082,Rute-G,Central Hub (Jakarta),1047.1,1200,17.02,1.5,34.8,IN_TRANSIT,YES
2026-07-12 12:34:00,TRK-083,Rute-H,Grogol Hub (Jakbar),1048.2,1200,17.44,1.7,35.6,IDLE_DOCK,NO
2026-07-13 15:41:00,TRK-084,Rute-I,Petamburan Hub,1049.3,1200,17.86,1.9,36.4,LOADED,YES
2026-07-14 06:48:00,TRK-085,Rute-J,Bekasi Logistics Hub,1050.4,1200,18.28,2.0,37.2,DELIVERED,YES
2026-07-15 09:55:00,TRK-086,Rute-K,Depok Hub,1051.5,1200,18.7,2.2,38.0,IN_TRANSIT,YES
2026-07-16 12:02:00,TRK-087,Rute-L,Bogor Transit Hub,1052.6,1200,19.12,2.4,38.8,IDLE_DOCK,NO
2026-07-17 15:09:00,TRK-088,Rute-M,Cikarang Industrial Hub,1053.7,1200,19.54,0.6,39.6,LOADED,YES
2026-07-18 06:16:00,TRK-089,Rute-N,Gudang West (Tangerang),1054.8,1200,19.96,0.8,40.4,DELIVERED,YES
2026-07-19 09:23:00,TRK-090,Rute-O,Central Hub (Jakarta),1055.9,1200,20.38,1.0,41.2,IN_TRANSIT,YES
2026-07-20 12:30:00,TRK-091,Rute-A,Grogol Hub (Jakbar),1057.0,1200,20.8,1.1,42.0,IDLE_DOCK,NO
2026-07-21 15:37:00,TRK-092,Rute-B,Petamburan Hub,1058.1,1200,21.22,1.3,42.8,LOADED,YES
2026-07-22 06:44:00,TRK-093,Rute-C,Bekasi Logistics Hub,1059.2,1200,21.64,1.5,43.6,DELIVERED,YES
2026-07-23 09:51:00,TRK-094,Rute-D,Depok Hub,1060.3,1200,22.06,1.7,44.4,IN_TRANSIT,YES
2026-07-24 12:58:00,TRK-095,Rute-E,Bogor Transit Hub,1061.4,1200,22.48,1.9,45.2,IDLE_DOCK,NO
2026-07-25 15:05:00,TRK-096,Rute-F,Cikarang Industrial Hub,1062.5,1200,22.9,2.0,46.0,LOADED,YES
2026-07-26 06:12:00,TRK-097,Rute-G,Gudang West (Tangerang),1063.6,1200,23.32,2.2,46.8,DELIVERED,YES
2026-07-27 09:19:00,TRK-098,Rute-H,Central Hub (Jakarta),1064.7,1200,23.74,2.4,47.6,IN_TRANSIT,YES
2026-07-28 12:26:00,TRK-099,Rute-I,Grogol Hub (Jakbar),1065.8,1200,24.16,0.6,48.4,IDLE_DOCK,NO
2026-07-29 15:33:00,TRK-100,Rute-J,Petamburan Hub,1066.9,1200,24.58,0.8,49.2,LOADED,YES
2026-07-30 06:40:00,TRK-101,Rute-K,Bekasi Logistics Hub,1068.0,1200,14.5,1.0,50.0,DELIVERED,YES
2026-07-31 09:47:00,TRK-102,Rute-L,Depok Hub,1069.1,1200,14.92,1.1,50.8,IN_TRANSIT,YES
2026-07-01 12:54:00,TRK-103,Rute-M,Bogor Transit Hub,1070.2,1200,15.34,1.3,51.6,IDLE_DOCK,NO
2026-07-02 15:01:00,TRK-104,Rute-N,Cikarang Industrial Hub,1071.3,1200,15.76,1.5,52.4,LOADED,YES
2026-07-03 06:08:00,TRK-105,Rute-O,Gudang West (Tangerang),1072.4,1200,16.18,1.7,53.2,DELIVERED,YES
2026-07-04 09:15:00,TRK-106,Rute-A,Central Hub (Jakarta),1073.5,1200,16.6,1.9,54.0,IN_TRANSIT,YES
2026-07-05 12:22:00,TRK-107,Rute-B,Grogol Hub (Jakbar),1074.6,1200,17.02,2.0,54.8,IDLE_DOCK,NO
2026-07-06 15:29:00,TRK-108,Rute-C,Petamburan Hub,1075.7,1200,17.44,2.2,55.6,LOADED,YES
2026-07-07 06:36:00,TRK-109,Rute-D,Bekasi Logistics Hub,1076.8,1200,17.86,2.4,56.4,DELIVERED,YES
2026-07-08 09:43:00,TRK-110,Rute-E,Depok Hub,1077.9,1200,18.28,0.6,57.2,IN_TRANSIT,YES
2026-07-09 12:50:00,TRK-111,Rute-F,Bogor Transit Hub,1079.0,1200,18.7,0.8,58.0,IDLE_DOCK,NO
2026-07-10 15:57:00,TRK-112,Rute-G,Cikarang Industrial Hub,1080.1,1200,19.12,1.0,58.8,LOADED,YES
2026-07-11 06:04:00,TRK-113,Rute-H,Gudang West (Tangerang),1081.2,1200,19.54,1.1,59.6,DELIVERED,YES
2026-07-12 09:11:00,TRK-114,Rute-I,Central Hub (Jakarta),1082.3,1200,19.96,1.3,60.4,IN_TRANSIT,YES
2026-07-13 12:18:00,TRK-115,Rute-J,Grogol Hub (Jakbar),1083.4,1200,20.38,1.5,61.2,IDLE_DOCK,NO
2026-07-14 15:25:00,TRK-116,Rute-K,Petamburan Hub,1084.5,1200,20.8,1.7,62.0,LOADED,YES
2026-07-15 06:32:00,TRK-117,Rute-L,Bekasi Logistics Hub,1085.6,1200,21.22,1.9,62.8,DELIVERED,YES
2026-07-16 09:39:00,TRK-118,Rute-M,Depok Hub,1086.7,1200,21.64,2.0,63.6,IN_TRANSIT,YES
2026-07-17 12:46:00,TRK-119,Rute-N,Bogor Transit Hub,1087.8,1200,22.06,2.2,64.4,IDLE_DOCK,NO
2026-07-18 15:53:00,TRK-120,Rute-O,Cikarang Industrial Hub,1088.9,1200,22.48,2.4,65.2,LOADED,YES
2026-07-19 06:00:00,TRK-121,Rute-A,Gudang West (Tangerang),1090.0,1200,22.9,0.6,66.0,DELIVERED,YES
2026-07-20 09:07:00,TRK-122,Rute-B,Central Hub (Jakarta),1091.1,1200,23.32,0.8,66.8,IN_TRANSIT,YES
2026-07-21 12:14:00,TRK-123,Rute-C,Grogol Hub (Jakbar),1092.2,1200,23.74,1.0,67.6,IDLE_DOCK,NO
2026-07-22 15:21:00,TRK-124,Rute-D,Petamburan Hub,1093.3,1200,24.16,1.1,68.4,LOADED,YES
2026-07-23 06:28:00,TRK-125,Rute-E,Bekasi Logistics Hub,1094.4,1200,24.58,1.3,69.2,DELIVERED,YES
2026-07-24 09:35:00,TRK-126,Rute-F,Depok Hub,1095.5,1200,14.5,1.5,70.0,IN_TRANSIT,YES
2026-07-25 12:42:00,TRK-127,Rute-G,Bogor Transit Hub,1096.6,1200,14.92,1.7,70.8,IDLE_DOCK,NO
2026-07-26 15:49:00,TRK-128,Rute-H,Cikarang Industrial Hub,1097.7,1200,15.34,1.9,71.6,LOADED,YES
2026-07-27 06:56:00,TRK-129,Rute-I,Gudang West (Tangerang),1098.8,1200,15.76,2.0,72.4,DELIVERED,YES
2026-07-28 09:03:00,TRK-130,Rute-J,Central Hub (Jakarta),1099.9,1200,16.18,2.2,73.2,IN_TRANSIT,YES
2026-07-29 12:10:00,TRK-131,Rute-K,Grogol Hub (Jakbar),1101.0,1200,16.6,2.4,74.0,IDLE_DOCK,NO
2026-07-30 15:17:00,TRK-132,Rute-L,Petamburan Hub,1102.1,1200,17.02,0.6,74.8,LOADED,YES
2026-07-31 06:24:00,TRK-133,Rute-M,Bekasi Logistics Hub,1103.2,1200,17.44,0.8,75.6,DELIVERED,YES
2026-07-01 09:31:00,TRK-134,Rute-N,Depok Hub,1104.3,1200,17.86,1.0,76.4,IN_TRANSIT,YES
2026-07-02 12:38:00,TRK-135,Rute-O,Bogor Transit Hub,1105.4,1200,18.28,1.1,77.2,IDLE_DOCK,NO
2026-07-03 15:45:00,TRK-136,Rute-A,Cikarang Industrial Hub,1106.5,1200,18.7,1.3,78.0,LOADED,YES
2026-07-04 06:52:00,TRK-137,Rute-B,Gudang West (Tangerang),1107.6,1200,19.12,1.5,78.8,DELIVERED,YES
2026-07-05 09:59:00,TRK-138,Rute-C,Central Hub (Jakarta),1108.7,1200,19.54,1.7,79.6,IN_TRANSIT,YES
2026-07-06 12:06:00,TRK-139,Rute-D,Grogol Hub (Jakbar),1109.8,1200,19.96,1.9,80.4,IDLE_DOCK,NO
2026-07-07 15:13:00,TRK-140,Rute-E,Petamburan Hub,1110.9,1200,20.38,2.0,81.2,LOADED,YES
2026-07-08 06:20:00,TRK-141,Rute-F,Bekasi Logistics Hub,1112.0,1200,20.8,2.2,82.0,DELIVERED,YES
2026-07-09 09:27:00,TRK-142,Rute-G,Depok Hub,1113.1,1200,21.22,2.4,82.8,IN_TRANSIT,YES
2026-07-10 12:34:00,TRK-143,Rute-H,Bogor Transit Hub,1114.2,1200,21.64,0.6,83.6,IDLE_DOCK,NO
2026-07-11 15:41:00,TRK-144,Rute-I,Cikarang Industrial Hub,1115.3,1200,22.06,0.8,84.4,LOADED,YES
2026-07-12 06:48:00,TRK-145,Rute-J,Gudang West (Tangerang),1116.4,1200,22.48,1.0,85.2,DELIVERED,YES
2026-07-13 09:55:00,TRK-146,Rute-K,Central Hub (Jakarta),1117.5,1200,22.9,1.1,86.0,IN_TRANSIT,YES
2026-07-14 12:02:00,TRK-147,Rute-L,Grogol Hub (Jakbar),1118.6,1200,23.32,1.3,86.8,IDLE_DOCK,NO
2026-07-15 15:09:00,TRK-148,Rute-M,Petamburan Hub,1119.7,1200,23.74,1.5,87.6,LOADED,YES
2026-07-16 06:16:00,TRK-149,Rute-N,Bekasi Logistics Hub,1120.8,1200,24.16,1.7,88.4,DELIVERED,YES
2026-07-17 09:23:00,TRK-150,Rute-O,Depok Hub,1121.9,1200,24.58,1.9,89.2,IN_TRANSIT,YES
2026-07-18 12:30:00,TRK-001,Rute-A,Bogor Transit Hub,1123.0,1200,14.5,2.0,18.0,IDLE_DOCK,NO
2026-07-19 15:37:00,TRK-002,Rute-B,Cikarang Industrial Hub,1124.1,1200,14.92,2.2,18.8,LOADED,YES
2026-07-20 06:44:00,TRK-003,Rute-C,Gudang West (Tangerang),1125.2,1200,15.34,2.4,19.6,DELIVERED,YES
2026-07-21 09:51:00,TRK-004,Rute-D,Central Hub (Jakarta),1126.3,1200,15.76,0.6,20.4,IN_TRANSIT,YES
2026-07-22 12:58:00,TRK-005,Rute-E,Grogol Hub (Jakbar),1127.4,1200,16.18,0.8,21.2,IDLE_DOCK,NO
2026-07-23 15:05:00,TRK-006,Rute-F,Petamburan Hub,1128.5,1200,16.6,1.0,22.0,LOADED,YES
2026-07-24 06:12:00,TRK-007,Rute-G,Bekasi Logistics Hub,1129.6,1200,17.02,1.1,22.8,DELIVERED,YES
2026-07-25 09:19:00,TRK-008,Rute-H,Depok Hub,1130.7,1200,17.44,1.3,23.6,IN_TRANSIT,YES
2026-07-26 12:26:00,TRK-009,Rute-I,Bogor Transit Hub,1131.8,1200,17.86,1.5,24.4,IDLE_DOCK,NO
2026-07-27 15:33:00,TRK-010,Rute-J,Cikarang Industrial Hub,1132.9,1200,18.28,1.7,25.2,LOADED,YES
2026-07-28 06:40:00,TRK-011,Rute-K,Gudang West (Tangerang),1134.0,1200,18.7,1.9,26.0,DELIVERED,YES
2026-07-29 09:47:00,TRK-012,Rute-L,Central Hub (Jakarta),1135.1,1200,19.12,2.0,26.8,IN_TRANSIT,YES
2026-07-30 12:54:00,TRK-013,Rute-M,Grogol Hub (Jakbar),1136.2,1200,19.54,2.2,27.6,IDLE_DOCK,NO
2026-07-31 15:01:00,TRK-014,Rute-N,Petamburan Hub,1137.3,1200,19.96,2.4,28.4,LOADED,YES
2026-07-01 06:08:00,TRK-015,Rute-O,Bekasi Logistics Hub,1138.4,1200,20.38,0.6,29.2,DELIVERED,YES
2026-07-02 09:15:00,TRK-016,Rute-A,Depok Hub,1139.5,1200,20.8,0.8,30.0,IN_TRANSIT,YES
2026-07-03 12:22:00,TRK-017,Rute-B,Bogor Transit Hub,1140.6,1200,21.22,1.0,30.8,IDLE_DOCK,NO
2026-07-04 15:29:00,TRK-018,Rute-C,Cikarang Industrial Hub,1141.7,1200,21.64,1.1,31.6,LOADED,YES
2026-07-05 06:36:00,TRK-019,Rute-D,Gudang West (Tangerang),1142.8,1200,22.06,1.3,32.4,DELIVERED,YES
2026-07-06 09:43:00,TRK-020,Rute-E,Central Hub (Jakarta),1143.9,1200,22.48,1.5,33.2,IN_TRANSIT,YES
2026-07-07 12:50:00,TRK-021,Rute-F,Grogol Hub (Jakbar),1145.0,1200,22.9,1.7,34.0,IDLE_DOCK,NO
2026-07-08 15:57:00,TRK-022,Rute-G,Petamburan Hub,1146.1,1200,23.32,1.9,34.8,LOADED,YES
2026-07-09 06:04:00,TRK-023,Rute-H,Bekasi Logistics Hub,1147.2,1200,23.74,2.0,35.6,DELIVERED,YES
2026-07-10 09:11:00,TRK-024,Rute-I,Depok Hub,1148.3,1200,24.16,2.2,36.4,IN_TRANSIT,YES
2026-07-11 12:18:00,TRK-025,Rute-J,Bogor Transit Hub,1149.4,1200,24.58,2.4,37.2,IDLE_DOCK,NO
2026-07-12 15:25:00,TRK-026,Rute-K,Cikarang Industrial Hub,1150.5,1200,14.5,0.6,38.0,LOADED,YES
2026-07-13 06:32:00,TRK-027,Rute-L,Gudang West (Tangerang),1151.6,1200,14.92,0.8,38.8,DELIVERED,YES
2026-07-14 09:39:00,TRK-028,Rute-M,Central Hub (Jakarta),1152.7,1200,15.34,1.0,39.6,IN_TRANSIT,YES
2026-07-15 12:46:00,TRK-029,Rute-N,Grogol Hub (Jakbar),1153.8,1200,15.76,1.1,40.4,IDLE_DOCK,NO
2026-07-16 15:53:00,TRK-030,Rute-O,Petamburan Hub,1154.9,1200,16.18,1.3,41.2,LOADED,YES
2026-07-17 06:00:00,TRK-031,Rute-A,Bekasi Logistics Hub,650.0,1200,16.6,1.5,42.0,DELIVERED,YES
2026-07-18 09:07:00,TRK-032,Rute-B,Depok Hub,651.1,1200,17.02,1.7,42.8,IN_TRANSIT,YES
2026-07-19 12:14:00,TRK-033,Rute-C,Bogor Transit Hub,652.2,1200,17.44,1.9,43.6,IDLE_DOCK,NO
2026-07-20 15:21:00,TRK-034,Rute-D,Cikarang Industrial Hub,653.3,1200,17.86,2.0,44.4,LOADED,YES
2026-07-21 06:28:00,TRK-035,Rute-E,Gudang West (Tangerang),654.4,1200,18.28,2.2,45.2,DELIVERED,YES
2026-07-22 09:35:00,TRK-036,Rute-F,Central Hub (Jakarta),655.5,1200,18.7,2.4,46.0,IN_TRANSIT,YES
2026-07-23 12:42:00,TRK-037,Rute-G,Grogol Hub (Jakbar),656.6,1200,19.12,0.6,46.8,IDLE_DOCK,NO
2026-07-24 15:49:00,TRK-038,Rute-H,Petamburan Hub,657.7,1200,19.54,0.8,47.6,LOADED,YES
2026-07-25 06:56:00,TRK-039,Rute-I,Bekasi Logistics Hub,658.8,1200,19.96,1.0,48.4,DELIVERED,YES
2026-07-26 09:03:00,TRK-040,Rute-J,Depok Hub,659.9,1200,20.38,1.1,49.2,IN_TRANSIT,YES
2026-07-27 12:10:00,TRK-041,Rute-K,Bogor Transit Hub,661.0,1200,20.8,1.3,50.0,IDLE_DOCK,NO
2026-07-28 15:17:00,TRK-042,Rute-L,Cikarang Industrial Hub,662.1,1200,21.22,1.5,50.8,LOADED,YES
2026-07-29 06:24:00,TRK-043,Rute-M,Gudang West (Tangerang),663.2,1200,21.64,1.7,51.6,DELIVERED,YES
2026-07-30 09:31:00,TRK-044,Rute-N,Central Hub (Jakarta),664.3,1200,22.06,1.9,52.4,IN_TRANSIT,YES
2026-07-31 12:38:00,TRK-045,Rute-O,Grogol Hub (Jakbar),665.4,1200,22.48,2.0,53.2,IDLE_DOCK,NO
2026-07-01 15:45:00,TRK-046,Rute-A,Petamburan Hub,666.5,1200,22.9,2.2,54.0,LOADED,YES
2026-07-02 06:52:00,TRK-047,Rute-B,Bekasi Logistics Hub,667.6,1200,23.32,2.4,54.8,DELIVERED,YES
2026-07-03 09:59:00,TRK-048,Rute-C,Depok Hub,668.7,1200,23.74,0.6,55.6,IN_TRANSIT,YES
2026-07-04 12:06:00,TRK-049,Rute-D,Bogor Transit Hub,669.8,1200,24.16,0.8,56.4,IDLE_DOCK,NO
2026-07-05 15:13:00,TRK-050,Rute-E,Cikarang Industrial Hub,670.9,1200,24.58,1.0,57.2,LOADED,YES
2026-07-06 06:20:00,TRK-051,Rute-F,Gudang West (Tangerang),672.0,1200,14.5,1.1,58.0,DELIVERED,YES
2026-07-07 09:27:00,TRK-052,Rute-G,Central Hub (Jakarta),673.1,1200,14.92,1.3,58.8,IN_TRANSIT,YES
2026-07-08 12:34:00,TRK-053,Rute-H,Grogol Hub (Jakbar),674.2,1200,15.34,1.5,59.6,IDLE_DOCK,NO
2026-07-09 15:41:00,TRK-054,Rute-I,Petamburan Hub,675.3,1200,15.76,1.7,60.4,LOADED,YES
2026-07-10 06:48:00,TRK-055,Rute-J,Bekasi Logistics Hub,676.4,1200,16.18,1.9,61.2,DELIVERED,YES
2026-07-11 09:55:00,TRK-056,Rute-K,Depok Hub,677.5,1200,16.6,2.0,62.0,IN_TRANSIT,YES
2026-07-12 12:02:00,TRK-057,Rute-L,Bogor Transit Hub,678.6,1200,17.02,2.2,62.8,IDLE_DOCK,NO
2026-07-13 15:09:00,TRK-058,Rute-M,Cikarang Industrial Hub,679.7,1200,17.44,2.4,63.6,LOADED,YES
2026-07-14 06:16:00,TRK-059,Rute-N,Gudang West (Tangerang),680.8,1200,17.86,0.6,64.4,DELIVERED,YES
2026-07-15 09:23:00,TRK-060,Rute-O,Central Hub (Jakarta),681.9,1200,18.28,0.8,65.2,IN_TRANSIT,YES
2026-07-16 12:30:00,TRK-061,Rute-A,Grogol Hub (Jakbar),683.0,1200,18.7,1.0,66.0,IDLE_DOCK,NO
2026-07-17 15:37:00,TRK-062,Rute-B,Petamburan Hub,684.1,1200,19.12,1.1,66.8,LOADED,YES
2026-07-18 06:44:00,TRK-063,Rute-C,Bekasi Logistics Hub,685.2,1200,19.54,1.3,67.6,DELIVERED,YES
2026-07-19 09:51:00,TRK-064,Rute-D,Depok Hub,686.3,1200,19.96,1.5,68.4,IN_TRANSIT,YES
2026-07-20 12:58:00,TRK-065,Rute-E,Bogor Transit Hub,687.4,1200,20.38,1.7,69.2,IDLE_DOCK,NO
2026-07-21 15:05:00,TRK-066,Rute-F,Cikarang Industrial Hub,688.5,1200,20.8,1.9,70.0,LOADED,YES
2026-07-22 06:12:00,TRK-067,Rute-G,Gudang West (Tangerang),689.6,1200,21.22,2.0,70.8,DELIVERED,YES
2026-07-23 09:19:00,TRK-068,Rute-H,Central Hub (Jakarta),690.7,1200,21.64,2.2,71.6,IN_TRANSIT,YES
2026-07-24 12:26:00,TRK-069,Rute-I,Grogol Hub (Jakbar),691.8,1200,22.06,2.4,72.4,IDLE_DOCK,NO
2026-07-25 15:33:00,TRK-070,Rute-J,Petamburan Hub,692.9,1200,22.48,0.6,73.2,LOADED,YES
2026-07-26 06:40:00,TRK-071,Rute-K,Bekasi Logistics Hub,694.0,1200,22.9,0.8,74.0,DELIVERED,YES
2026-07-27 09:47:00,TRK-072,Rute-L,Depok Hub,695.1,1200,23.32,1.0,74.8,IN_TRANSIT,YES
2026-07-28 12:54:00,TRK-073,Rute-M,Bogor Transit Hub,696.2,1200,23.74,1.1,75.6,IDLE_DOCK,NO
2026-07-29 15:01:00,TRK-074,Rute-N,Cikarang Industrial Hub,697.3,1200,24.16,1.3,76.4,LOADED,YES
2026-07-30 06:08:00,TRK-075,Rute-O,Gudang West (Tangerang),698.4,1200,24.58,1.5,77.2,DELIVERED,YES
2026-07-31 09:15:00,TRK-076,Rute-A,Central Hub (Jakarta),699.5,1200,14.5,1.7,78.0,IN_TRANSIT,YES
2026-07-01 12:22:00,TRK-077,Rute-B,Grogol Hub (Jakbar),700.6,1200,14.92,1.9,78.8,IDLE_DOCK,NO
2026-07-02 15:29:00,TRK-078,Rute-C,Petamburan Hub,701.7,1200,15.34,2.0,79.6,LOADED,YES
2026-07-03 06:36:00,TRK-079,Rute-D,Bekasi Logistics Hub,702.8,1200,15.76,2.2,80.4,DELIVERED,YES
2026-07-04 09:43:00,TRK-080,Rute-E,Depok Hub,703.9,1200,16.18,2.4,81.2,IN_TRANSIT,YES
2026-07-05 12:50:00,TRK-081,Rute-F,Bogor Transit Hub,705.0,1200,16.6,0.6,82.0,IDLE_DOCK,NO
2026-07-06 15:57:00,TRK-082,Rute-G,Cikarang Industrial Hub,706.1,1200,17.02,0.8,82.8,LOADED,YES
2026-07-07 06:04:00,TRK-083,Rute-H,Gudang West (Tangerang),707.2,1200,17.44,1.0,83.6,DELIVERED,YES
2026-07-08 09:11:00,TRK-084,Rute-I,Central Hub (Jakarta),708.3,1200,17.86,1.1,84.4,IN_TRANSIT,YES
2026-07-09 12:18:00,TRK-085,Rute-J,Grogol Hub (Jakbar),709.4,1200,18.28,1.3,85.2,IDLE_DOCK,NO
2026-07-10 15:25:00,TRK-086,Rute-K,Petamburan Hub,710.5,1200,18.7,1.5,86.0,LOADED,YES
2026-07-11 06:32:00,TRK-087,Rute-L,Bekasi Logistics Hub,711.6,1200,19.12,1.7,86.8,DELIVERED,YES
2026-07-12 09:39:00,TRK-088,Rute-M,Depok Hub,712.7,1200,19.54,1.9,87.6,IN_TRANSIT,YES
2026-07-13 12:46:00,TRK-089,Rute-N,Bogor Transit Hub,713.8,1200,19.96,2.0,88.4,IDLE_DOCK,NO
2026-07-14 15:53:00,TRK-090,Rute-O,Cikarang Industrial Hub,714.9,1200,20.38,2.2,89.2,LOADED,YES
2026-07-15 06:00:00,TRK-091,Rute-A,Gudang West (Tangerang),716.0,1200,20.8,2.4,18.0,DELIVERED,YES
2026-07-16 09:07:00,TRK-092,Rute-B,Central Hub (Jakarta),717.1,1200,21.22,0.6,18.8,IN_TRANSIT,YES
2026-07-17 12:14:00,TRK-093,Rute-C,Grogol Hub (Jakbar),718.2,1200,21.64,0.8,19.6,IDLE_DOCK,NO
2026-07-18 15:21:00,TRK-094,Rute-D,Petamburan Hub,719.3,1200,22.06,1.0,20.4,LOADED,YES
2026-07-19 06:28:00,TRK-095,Rute-E,Bekasi Logistics Hub,720.4,1200,22.48,1.1,21.2,DELIVERED,YES
2026-07-20 09:35:00,TRK-096,Rute-F,Depok Hub,721.5,1200,22.9,1.3,22.0,IN_TRANSIT,YES
2026-07-21 12:42:00,TRK-097,Rute-G,Bogor Transit Hub,722.6,1200,23.32,1.5,22.8,IDLE_DOCK,NO
2026-07-22 15:49:00,TRK-098,Rute-H,Cikarang Industrial Hub,723.7,1200,23.74,1.7,23.6,LOADED,YES
2026-07-23 06:56:00,TRK-099,Rute-I,Gudang West (Tangerang),724.8,1200,24.16,1.9,24.4,DELIVERED,YES
2026-07-24 09:03:00,TRK-100,Rute-J,Central Hub (Jakarta),725.9,1200,24.58,2.0,25.2,IN_TRANSIT,YES
2026-07-25 12:10:00,TRK-101,Rute-K,Grogol Hub (Jakbar),727.0,1200,14.5,2.2,26.0,IDLE_DOCK,NO
2026-07-26 15:17:00,TRK-102,Rute-L,Petamburan Hub,728.1,1200,14.92,2.4,26.8,LOADED,YES
2026-07-27 06:24:00,TRK-103,Rute-M,Bekasi Logistics Hub,729.2,1200,15.34,0.6,27.6,DELIVERED,YES
2026-07-28 09:31:00,TRK-104,Rute-N,Depok Hub,730.3,1200,15.76,0.8,28.4,IN_TRANSIT,YES
2026-07-29 12:38:00,TRK-105,Rute-O,Bogor Transit Hub,731.4,1200,16.18,1.0,29.2,IDLE_DOCK,NO
2026-07-30 15:45:00,TRK-106,Rute-A,Cikarang Industrial Hub,732.5,1200,16.6,1.1,30.0,LOADED,YES
2026-07-31 06:52:00,TRK-107,Rute-B,Gudang West (Tangerang),733.6,1200,17.02,1.3,30.8,DELIVERED,YES
2026-07-01 09:59:00,TRK-108,Rute-C,Central Hub (Jakarta),734.7,1200,17.44,1.5,31.6,IN_TRANSIT,YES
2026-07-02 12:06:00,TRK-109,Rute-D,Grogol Hub (Jakbar),735.8,1200,17.86,1.7,32.4,IDLE_DOCK,NO
2026-07-03 15:13:00,TRK-110,Rute-E,Petamburan Hub,736.9,1200,18.28,1.9,33.2,LOADED,YES
2026-07-04 06:20:00,TRK-111,Rute-F,Bekasi Logistics Hub,738.0,1200,18.7,2.0,34.0,DELIVERED,YES
2026-07-05 09:27:00,TRK-112,Rute-G,Depok Hub,739.1,1200,19.12,2.2,34.8,IN_TRANSIT,YES
2026-07-06 12:34:00,TRK-113,Rute-H,Bogor Transit Hub,740.2,1200,19.54,2.4,35.6,IDLE_DOCK,NO
2026-07-07 15:41:00,TRK-114,Rute-I,Cikarang Industrial Hub,741.3,1200,19.96,0.6,36.4,LOADED,YES
2026-07-08 06:48:00,TRK-115,Rute-J,Gudang West (Tangerang),742.4,1200,20.38,0.8,37.2,DELIVERED,YES
2026-07-09 09:55:00,TRK-116,Rute-K,Central Hub (Jakarta),743.5,1200,20.8,1.0,38.0,IN_TRANSIT,YES
2026-07-10 12:02:00,TRK-117,Rute-L,Grogol Hub (Jakbar),744.6,1200,21.22,1.1,38.8,IDLE_DOCK,NO
2026-07-11 15:09:00,TRK-118,Rute-M,Petamburan Hub,745.7,1200,21.64,1.3,39.6,LOADED,YES
2026-07-12 06:16:00,TRK-119,Rute-N,Bekasi Logistics Hub,746.8,1200,22.06,1.5,40.4,DELIVERED,YES
2026-07-13 09:23:00,TRK-120,Rute-O,Depok Hub,747.9,1200,22.48,1.7,41.2,IN_TRANSIT,YES
2026-07-14 12:30:00,TRK-121,Rute-A,Bogor Transit Hub,749.0,1200,22.9,1.9,42.0,IDLE_DOCK,NO
2026-07-15 15:37:00,TRK-122,Rute-B,Cikarang Industrial Hub,750.1,1200,23.32,2.0,42.8,LOADED,YES
2026-07-16 06:44:00,TRK-123,Rute-C,Gudang West (Tangerang),751.2,1200,23.74,2.2,43.6,DELIVERED,YES
2026-07-17 09:51:00,TRK-124,Rute-D,Central Hub (Jakarta),752.3,1200,24.16,2.4,44.4,IN_TRANSIT,YES
2026-07-18 12:58:00,TRK-125,Rute-E,Grogol Hub (Jakbar),753.4,1200,24.58,0.6,45.2,IDLE_DOCK,NO
2026-07-19 15:05:00,TRK-126,Rute-F,Petamburan Hub,754.5,1200,14.5,0.8,46.0,LOADED,YES
2026-07-20 06:12:00,TRK-127,Rute-G,Bekasi Logistics Hub,755.6,1200,14.92,1.0,46.8,DELIVERED,YES
2026-07-21 09:19:00,TRK-128,Rute-H,Depok Hub,756.7,1200,15.34,1.1,47.6,IN_TRANSIT,YES
2026-07-22 12:26:00,TRK-129,Rute-I,Bogor Transit Hub,757.8,1200,15.76,1.3,48.4,IDLE_DOCK,NO
2026-07-23 15:33:00,TRK-130,Rute-J,Cikarang Industrial Hub,758.9,1200,16.18,1.5,49.2,LOADED,YES
2026-07-24 06:40:00,TRK-131,Rute-K,Gudang West (Tangerang),760.0,1200,16.6,1.7,50.0,DELIVERED,YES
2026-07-25 09:47:00,TRK-132,Rute-L,Central Hub (Jakarta),761.1,1200,17.02,1.9,50.8,IN_TRANSIT,YES
2026-07-26 12:54:00,TRK-133,Rute-M,Grogol Hub (Jakbar),762.2,1200,17.44,2.0,51.6,IDLE_DOCK,NO
2026-07-27 15:01:00,TRK-134,Rute-N,Petamburan Hub,763.3,1200,17.86,2.2,52.4,LOADED,YES
2026-07-28 06:08:00,TRK-135,Rute-O,Bekasi Logistics Hub,764.4,1200,18.28,2.4,53.2,DELIVERED,YES
2026-07-29 09:15:00,TRK-136,Rute-A,Depok Hub,765.5,1200,18.7,0.6,54.0,IN_TRANSIT,YES
2026-07-30 12:22:00,TRK-137,Rute-B,Bogor Transit Hub,766.6,1200,19.12,0.8,54.8,IDLE_DOCK,NO
2026-07-31 15:29:00,TRK-138,Rute-C,Cikarang Industrial Hub,767.7,1200,19.54,1.0,55.6,LOADED,YES
2026-07-01 06:36:00,TRK-139,Rute-D,Gudang West (Tangerang),768.8,1200,19.96,1.1,56.4,DELIVERED,YES
2026-07-02 09:43:00,TRK-140,Rute-E,Central Hub (Jakarta),769.9,1200,20.38,1.3,57.2,IN_TRANSIT,YES
2026-07-03 12:50:00,TRK-141,Rute-F,Grogol Hub (Jakbar),771.0,1200,20.8,1.5,58.0,IDLE_DOCK,NO
2026-07-04 15:57:00,TRK-142,Rute-G,Petamburan Hub,772.1,1200,21.22,1.7,58.8,LOADED,YES
2026-07-05 06:04:00,TRK-143,Rute-H,Bekasi Logistics Hub,773.2,1200,21.64,1.9,59.6,DELIVERED,YES
2026-07-06 09:11:00,TRK-144,Rute-I,Depok Hub,774.3,1200,22.06,2.0,60.4,IN_TRANSIT,YES
2026-07-07 12:18:00,TRK-145,Rute-J,Bogor Transit Hub,775.4,1200,22.48,2.2,61.2,IDLE_DOCK,NO
2026-07-08 15:25:00,TRK-146,Rute-K,Cikarang Industrial Hub,776.5,1200,22.9,2.4,62.0,LOADED,YES
2026-07-09 06:32:00,TRK-147,Rute-L,Gudang West (Tangerang),777.6,1200,23.32,0.6,62.8,DELIVERED,YES
2026-07-10 09:39:00,TRK-148,Rute-M,Central Hub (Jakarta),778.7,1200,23.74,0.8,63.6,IN_TRANSIT,YES
2026-07-11 12:46:00,TRK-149,Rute-N,Grogol Hub (Jakbar),779.8,1200,24.16,1.0,64.4,IDLE_DOCK,NO
2026-07-12 15:53:00,TRK-150,Rute-O,Petamburan Hub,780.9,1200,24.58,1.1,65.2,LOADED,YES
2026-07-13 06:00:00,TRK-001,Rute-A,Bekasi Logistics Hub,782.0,1200,14.5,1.3,66.0,DELIVERED,YES
2026-07-14 09:07:00,TRK-002,Rute-B,Depok Hub,783.1,1200,14.92,1.5,66.8,IN_TRANSIT,YES
2026-07-15 12:14:00,TRK-003,Rute-C,Bogor Transit Hub,784.2,1200,15.34,1.7,67.6,IDLE_DOCK,NO
2026-07-16 15:21:00,TRK-004,Rute-D,Cikarang Industrial Hub,785.3,1200,15.76,1.9,68.4,LOADED,YES
2026-07-17 06:28:00,TRK-005,Rute-E,Gudang West (Tangerang),786.4,1200,16.18,2.0,69.2,DELIVERED,YES
2026-07-18 09:35:00,TRK-006,Rute-F,Central Hub (Jakarta),787.5,1200,16.6,2.2,70.0,IN_TRANSIT,YES
2026-07-19 12:42:00,TRK-007,Rute-G,Grogol Hub (Jakbar),788.6,1200,17.02,2.4,70.8,IDLE_DOCK,NO
2026-07-20 15:49:00,TRK-008,Rute-H,Petamburan Hub,789.7,1200,17.44,0.6,71.6,LOADED,YES
2026-07-21 06:56:00,TRK-009,Rute-I,Bekasi Logistics Hub,790.8,1200,17.86,0.8,72.4,DELIVERED,YES
2026-07-22 09:03:00,TRK-010,Rute-J,Depok Hub,791.9,1200,18.28,1.0,73.2,IN_TRANSIT,YES
2026-07-23 12:10:00,TRK-011,Rute-K,Bogor Transit Hub,793.0,1200,18.7,1.1,74.0,IDLE_DOCK,NO
2026-07-24 15:17:00,TRK-012,Rute-L,Cikarang Industrial Hub,794.1,1200,19.12,1.3,74.8,LOADED,YES
2026-07-25 06:24:00,TRK-013,Rute-M,Gudang West (Tangerang),795.2,1200,19.54,1.5,75.6,DELIVERED,YES
2026-07-26 09:31:00,TRK-014,Rute-N,Central Hub (Jakarta),796.3,1200,19.96,1.7,76.4,IN_TRANSIT,YES
2026-07-27 12:38:00,TRK-015,Rute-O,Grogol Hub (Jakbar),797.4,1200,20.38,1.9,77.2,IDLE_DOCK,NO
2026-07-28 15:45:00,TRK-016,Rute-A,Petamburan Hub,798.5,1200,20.8,2.0,78.0,LOADED,YES
2026-07-29 06:52:00,TRK-017,Rute-B,Bekasi Logistics Hub,799.6,1200,21.22,2.2,78.8,DELIVERED,YES
2026-07-30 09:59:00,TRK-018,Rute-C,Depok Hub,800.7,1200,21.64,2.4,79.6,IN_TRANSIT,YES
2026-07-31 12:06:00,TRK-019,Rute-D,Bogor Transit Hub,801.8,1200,22.06,0.6,80.4,IDLE_DOCK,NO
2026-07-01 15:13:00,TRK-020,Rute-E,Cikarang Industrial Hub,802.9,1200,22.48,0.8,81.2,LOADED,YES
2026-07-02 06:20:00,TRK-021,Rute-F,Gudang West (Tangerang),804.0,1200,22.9,1.0,82.0,DELIVERED,YES
2026-07-03 09:27:00,TRK-022,Rute-G,Central Hub (Jakarta),805.1,1200,23.32,1.1,82.8,IN_TRANSIT,YES
2026-07-04 12:34:00,TRK-023,Rute-H,Grogol Hub (Jakbar),806.2,1200,23.74,1.3,83.6,IDLE_DOCK,NO
2026-07-05 15:41:00,TRK-024,Rute-I,Petamburan Hub,807.3,1200,24.16,1.5,84.4,LOADED,YES
2026-07-06 06:48:00,TRK-025,Rute-J,Bekasi Logistics Hub,808.4,1200,24.58,1.7,85.2,DELIVERED,YES
2026-07-07 09:55:00,TRK-026,Rute-K,Depok Hub,809.5,1200,14.5,1.9,86.0,IN_TRANSIT,YES
2026-07-08 12:02:00,TRK-027,Rute-L,Bogor Transit Hub,810.6,1200,14.92,2.0,86.8,IDLE_DOCK,NO
2026-07-09 15:09:00,TRK-028,Rute-M,Cikarang Industrial Hub,811.7,1200,15.34,2.2,87.6,LOADED,YES
2026-07-10 06:16:00,TRK-029,Rute-N,Gudang West (Tangerang),812.8,1200,15.76,2.4,88.4,DELIVERED,YES
2026-07-11 09:23:00,TRK-030,Rute-O,Central Hub (Jakarta),813.9,1200,16.18,0.6,89.2,IN_TRANSIT,YES
2026-07-12 12:30:00,TRK-031,Rute-A,Grogol Hub (Jakbar),815.0,1200,16.6,0.8,18.0,IDLE_DOCK,NO
2026-07-13 15:37:00,TRK-032,Rute-B,Petamburan Hub,816.1,1200,17.02,1.0,18.8,LOADED,YES
2026-07-14 06:44:00,TRK-033,Rute-C,Bekasi Logistics Hub,817.2,1200,17.44,1.1,19.6,DELIVERED,YES
2026-07-15 09:51:00,TRK-034,Rute-D,Depok Hub,818.3,1200,17.86,1.3,20.4,IN_TRANSIT,YES
2026-07-16 12:58:00,TRK-035,Rute-E,Bogor Transit Hub,819.4,1200,18.28,1.5,21.2,IDLE_DOCK,NO
2026-07-17 15:05:00,TRK-036,Rute-F,Cikarang Industrial Hub,820.5,1200,18.7,1.7,22.0,LOADED,YES
2026-07-18 06:12:00,TRK-037,Rute-G,Gudang West (Tangerang),821.6,1200,19.12,1.9,22.8,DELIVERED,YES
2026-07-19 09:19:00,TRK-038,Rute-H,Central Hub (Jakarta),822.7,1200,19.54,2.0,23.6,IN_TRANSIT,YES
2026-07-20 12:26:00,TRK-039,Rute-I,Grogol Hub (Jakbar),823.8,1200,19.96,2.2,24.4,IDLE_DOCK,NO
2026-07-21 15:33:00,TRK-040,Rute-J,Petamburan Hub,824.9,1200,20.38,2.4,25.2,LOADED,YES
2026-07-22 06:40:00,TRK-041,Rute-K,Bekasi Logistics Hub,826.0,1200,20.8,0.6,26.0,DELIVERED,YES
2026-07-23 09:47:00,TRK-042,Rute-L,Depok Hub,827.1,1200,21.22,0.8,26.8,IN_TRANSIT,YES
2026-07-24 12:54:00,TRK-043,Rute-M,Bogor Transit Hub,828.2,1200,21.64,1.0,27.6,IDLE_DOCK,NO
2026-07-25 15:01:00,TRK-044,Rute-N,Cikarang Industrial Hub,829.3,1200,22.06,1.1,28.4,LOADED,YES
2026-07-26 06:08:00,TRK-045,Rute-O,Gudang West (Tangerang),830.4,1200,22.48,1.3,29.2,DELIVERED,YES
2026-07-27 09:15:00,TRK-046,Rute-A,Central Hub (Jakarta),831.5,1200,22.9,1.5,30.0,IN_TRANSIT,YES
2026-07-28 12:22:00,TRK-047,Rute-B,Grogol Hub (Jakbar),832.6,1200,23.32,1.7,30.8,IDLE_DOCK,NO
2026-07-29 15:29:00,TRK-048,Rute-C,Petamburan Hub,833.7,1200,23.74,1.9,31.6,LOADED,YES
2026-07-30 06:36:00,TRK-049,Rute-D,Bekasi Logistics Hub,834.8,1200,24.16,2.0,32.4,DELIVERED,YES
2026-07-31 09:43:00,TRK-050,Rute-E,Depok Hub,835.9,1200,24.58,2.2,33.2,IN_TRANSIT,YES
2026-07-01 12:50:00,TRK-051,Rute-F,Bogor Transit Hub,837.0,1200,14.5,2.4,34.0,IDLE_DOCK,NO
2026-07-02 15:57:00,TRK-052,Rute-G,Cikarang Industrial Hub,838.1,1200,14.92,0.6,34.8,LOADED,YES
2026-07-03 06:04:00,TRK-053,Rute-H,Gudang West (Tangerang),839.2,1200,15.34,0.8,35.6,DELIVERED,YES
2026-07-04 09:11:00,TRK-054,Rute-I,Central Hub (Jakarta),840.3,1200,15.76,1.0,36.4,IN_TRANSIT,YES
2026-07-05 12:18:00,TRK-055,Rute-J,Grogol Hub (Jakbar),841.4,1200,16.18,1.1,37.2,IDLE_DOCK,NO
2026-07-06 15:25:00,TRK-056,Rute-K,Petamburan Hub,842.5,1200,16.6,1.3,38.0,LOADED,YES
2026-07-07 06:32:00,TRK-057,Rute-L,Bekasi Logistics Hub,843.6,1200,17.02,1.5,38.8,DELIVERED,YES
2026-07-08 09:39:00,TRK-058,Rute-M,Depok Hub,844.7,1200,17.44,1.7,39.6,IN_TRANSIT,YES
2026-07-09 12:46:00,TRK-059,Rute-N,Bogor Transit Hub,845.8,1200,17.86,1.9,40.4,IDLE_DOCK,NO
2026-07-10 15:53:00,TRK-060,Rute-O,Cikarang Industrial Hub,846.9,1200,18.28,2.0,41.2,LOADED,YES
2026-07-11 06:00:00,TRK-061,Rute-A,Gudang West (Tangerang),848.0,1200,18.7,2.2,42.0,DELIVERED,YES
2026-07-12 09:07:00,TRK-062,Rute-B,Central Hub (Jakarta),849.1,1200,19.12,2.4,42.8,IN_TRANSIT,YES
2026-07-13 12:14:00,TRK-063,Rute-C,Grogol Hub (Jakbar),850.2,1200,19.54,0.6,43.6,IDLE_DOCK,NO
2026-07-14 15:21:00,TRK-064,Rute-D,Petamburan Hub,851.3,1200,19.96,0.8,44.4,LOADED,YES
2026-07-15 06:28:00,TRK-065,Rute-E,Bekasi Logistics Hub,852.4,1200,20.38,1.0,45.2,DELIVERED,YES
2026-07-16 09:35:00,TRK-066,Rute-F,Depok Hub,853.5,1200,20.8,1.1,46.0,IN_TRANSIT,YES
2026-07-17 12:42:00,TRK-067,Rute-G,Bogor Transit Hub,854.6,1200,21.22,1.3,46.8,IDLE_DOCK,NO
2026-07-18 15:49:00,TRK-068,Rute-H,Cikarang Industrial Hub,855.7,1200,21.64,1.5,47.6,LOADED,YES
2026-07-19 06:56:00,TRK-069,Rute-I,Gudang West (Tangerang),856.8,1200,22.06,1.7,48.4,DELIVERED,YES
2026-07-20 09:03:00,TRK-070,Rute-J,Central Hub (Jakarta),857.9,1200,22.48,1.9,49.2,IN_TRANSIT,YES
2026-07-21 12:10:00,TRK-071,Rute-K,Grogol Hub (Jakbar),859.0,1200,22.9,2.0,50.0,IDLE_DOCK,NO
2026-07-22 15:17:00,TRK-072,Rute-L,Petamburan Hub,860.1,1200,23.32,2.2,50.8,LOADED,YES
2026-07-23 06:24:00,TRK-073,Rute-M,Bekasi Logistics Hub,861.2,1200,23.74,2.4,51.6,DELIVERED,YES
2026-07-24 09:31:00,TRK-074,Rute-N,Depok Hub,862.3,1200,24.16,0.6,52.4,IN_TRANSIT,YES
2026-07-25 12:38:00,TRK-075,Rute-O,Bogor Transit Hub,863.4,1200,24.58,0.8,53.2,IDLE_DOCK,NO
2026-07-26 15:45:00,TRK-076,Rute-A,Cikarang Industrial Hub,864.5,1200,14.5,1.0,54.0,LOADED,YES
2026-07-27 06:52:00,TRK-077,Rute-B,Gudang West (Tangerang),865.6,1200,14.92,1.1,54.8,DELIVERED,YES
2026-07-28 09:59:00,TRK-078,Rute-C,Central Hub (Jakarta),866.7,1200,15.34,1.3,55.6,IN_TRANSIT,YES
2026-07-29 12:06:00,TRK-079,Rute-D,Grogol Hub (Jakbar),867.8,1200,15.76,1.5,56.4,IDLE_DOCK,NO
2026-07-30 15:13:00,TRK-080,Rute-E,Petamburan Hub,868.9,1200,16.18,1.7,57.2,LOADED,YES
2026-07-31 06:20:00,TRK-081,Rute-F,Bekasi Logistics Hub,870.0,1200,16.6,1.9,58.0,DELIVERED,YES
2026-07-01 09:27:00,TRK-082,Rute-G,Depok Hub,871.1,1200,17.02,2.0,58.8,IN_TRANSIT,YES
2026-07-02 12:34:00,TRK-083,Rute-H,Bogor Transit Hub,872.2,1200,17.44,2.2,59.6,IDLE_DOCK,NO
2026-07-03 15:41:00,TRK-084,Rute-I,Cikarang Industrial Hub,873.3,1200,17.86,2.4,60.4,LOADED,YES
2026-07-04 06:48:00,TRK-085,Rute-J,Gudang West (Tangerang),874.4,1200,18.28,0.6,61.2,DELIVERED,YES
2026-07-05 09:55:00,TRK-086,Rute-K,Central Hub (Jakarta),875.5,1200,18.7,0.8,62.0,IN_TRANSIT,YES
2026-07-06 12:02:00,TRK-087,Rute-L,Grogol Hub (Jakbar),876.6,1200,19.12,1.0,62.8,IDLE_DOCK,NO
2026-07-07 15:09:00,TRK-088,Rute-M,Petamburan Hub,877.7,1200,19.54,1.1,63.6,LOADED,YES
2026-07-08 06:16:00,TRK-089,Rute-N,Bekasi Logistics Hub,878.8,1200,19.96,1.3,64.4,DELIVERED,YES
2026-07-09 09:23:00,TRK-090,Rute-O,Depok Hub,879.9,1200,20.38,1.5,65.2,IN_TRANSIT,YES
2026-07-10 12:30:00,TRK-091,Rute-A,Bogor Transit Hub,881.0,1200,20.8,1.7,66.0,IDLE_DOCK,NO
2026-07-11 15:37:00,TRK-092,Rute-B,Cikarang Industrial Hub,882.1,1200,21.22,1.9,66.8,LOADED,YES
2026-07-12 06:44:00,TRK-093,Rute-C,Gudang West (Tangerang),883.2,1200,21.64,2.0,67.6,DELIVERED,YES
2026-07-13 09:51:00,TRK-094,Rute-D,Central Hub (Jakarta),884.3,1200,22.06,2.2,68.4,IN_TRANSIT,YES
2026-07-14 12:58:00,TRK-095,Rute-E,Grogol Hub (Jakbar),885.4,1200,22.48,2.4,69.2,IDLE_DOCK,NO
2026-07-15 15:05:00,TRK-096,Rute-F,Petamburan Hub,886.5,1200,22.9,0.6,70.0,LOADED,YES
2026-07-16 06:12:00,TRK-097,Rute-G,Bekasi Logistics Hub,887.6,1200,23.32,0.8,70.8,DELIVERED,YES
2026-07-17 09:19:00,TRK-098,Rute-H,Depok Hub,888.7,1200,23.74,1.0,71.6,IN_TRANSIT,YES
2026-07-18 12:26:00,TRK-099,Rute-I,Bogor Transit Hub,889.8,1200,24.16,1.1,72.4,IDLE_DOCK,NO
2026-07-19 15:33:00,TRK-100,Rute-J,Cikarang Industrial Hub,890.9,1200,24.58,1.3,73.2,LOADED,YES
2026-07-20 06:40:00,TRK-101,Rute-K,Gudang West (Tangerang),892.0,1200,14.5,1.5,74.0,DELIVERED,YES
2026-07-21 09:47:00,TRK-102,Rute-L,Central Hub (Jakarta),893.1,1200,14.92,1.7,74.8,IN_TRANSIT,YES
2026-07-22 12:54:00,TRK-103,Rute-M,Grogol Hub (Jakbar),894.2,1200,15.34,1.9,75.6,IDLE_DOCK,NO
2026-07-23 15:01:00,TRK-104,Rute-N,Petamburan Hub,895.3,1200,15.76,2.0,76.4,LOADED,YES
2026-07-24 06:08:00,TRK-105,Rute-O,Bekasi Logistics Hub,896.4,1200,16.18,2.2,77.2,DELIVERED,YES
2026-07-25 09:15:00,TRK-106,Rute-A,Depok Hub,897.5,1200,16.6,2.4,78.0,IN_TRANSIT,YES
2026-07-26 12:22:00,TRK-107,Rute-B,Bogor Transit Hub,898.6,1200,17.02,0.6,78.8,IDLE_DOCK,NO
2026-07-27 15:29:00,TRK-108,Rute-C,Cikarang Industrial Hub,899.7,1200,17.44,0.8,79.6,LOADED,YES
2026-07-28 06:36:00,TRK-109,Rute-D,Gudang West (Tangerang),900.8,1200,17.86,1.0,80.4,DELIVERED,YES
2026-07-29 09:43:00,TRK-110,Rute-E,Central Hub (Jakarta),901.9,1200,18.28,1.1,81.2,IN_TRANSIT,YES
2026-07-30 12:50:00,TRK-111,Rute-F,Grogol Hub (Jakbar),903.0,1200,18.7,1.3,82.0,IDLE_DOCK,NO
2026-07-31 15:57:00,TRK-112,Rute-G,Petamburan Hub,904.1,1200,19.12,1.5,82.8,LOADED,YES
2026-07-01 06:04:00,TRK-113,Rute-H,Bekasi Logistics Hub,905.2,1200,19.54,1.7,83.6,DELIVERED,YES
2026-07-02 09:11:00,TRK-114,Rute-I,Depok Hub,906.3,1200,19.96,1.9,84.4,IN_TRANSIT,YES
2026-07-03 12:18:00,TRK-115,Rute-J,Bogor Transit Hub,907.4,1200,20.38,2.0,85.2,IDLE_DOCK,NO
2026-07-04 15:25:00,TRK-116,Rute-K,Cikarang Industrial Hub,908.5,1200,20.8,2.2,86.0,LOADED,YES
2026-07-05 06:32:00,TRK-117,Rute-L,Gudang West (Tangerang),909.6,1200,21.22,2.4,86.8,DELIVERED,YES
2026-07-06 09:39:00,TRK-118,Rute-M,Central Hub (Jakarta),910.7,1200,21.64,0.6,87.6,IN_TRANSIT,YES
2026-07-07 12:46:00,TRK-119,Rute-N,Grogol Hub (Jakbar),911.8,1200,22.06,0.8,88.4,IDLE_DOCK,NO
2026-07-08 15:53:00,TRK-120,Rute-O,Petamburan Hub,912.9,1200,22.48,1.0,89.2,LOADED,YES
2026-07-09 06:00:00,TRK-121,Rute-A,Bekasi Logistics Hub,914.0,1200,22.9,1.1,18.0,DELIVERED,YES
2026-07-10 09:07:00,TRK-122,Rute-B,Depok Hub,915.1,1200,23.32,1.3,18.8,IN_TRANSIT,YES
2026-07-11 12:14:00,TRK-123,Rute-C,Bogor Transit Hub,916.2,1200,23.74,1.5,19.6,IDLE_DOCK,NO
2026-07-12 15:21:00,TRK-124,Rute-D,Cikarang Industrial Hub,917.3,1200,24.16,1.7,20.4,LOADED,YES
2026-07-13 06:28:00,TRK-125,Rute-E,Gudang West (Tangerang),918.4,1200,24.58,1.9,21.2,DELIVERED,YES
2026-07-14 09:35:00,TRK-126,Rute-F,Central Hub (Jakarta),919.5,1200,14.5,2.0,22.0,IN_TRANSIT,YES
2026-07-15 12:42:00,TRK-127,Rute-G,Grogol Hub (Jakbar),920.6,1200,14.92,2.2,22.8,IDLE_DOCK,NO
2026-07-16 15:49:00,TRK-128,Rute-H,Petamburan Hub,921.7,1200,15.34,2.4,23.6,LOADED,YES
2026-07-17 06:56:00,TRK-129,Rute-I,Bekasi Logistics Hub,922.8,1200,15.76,0.6,24.4,DELIVERED,YES
2026-07-18 09:03:00,TRK-130,Rute-J,Depok Hub,923.9,1200,16.18,0.8,25.2,IN_TRANSIT,YES
2026-07-19 12:10:00,TRK-131,Rute-K,Bogor Transit Hub,925.0,1200,16.6,1.0,26.0,IDLE_DOCK,NO
2026-07-20 15:17:00,TRK-132,Rute-L,Cikarang Industrial Hub,926.1,1200,17.02,1.1,26.8,LOADED,YES
2026-07-21 06:24:00,TRK-133,Rute-M,Gudang West (Tangerang),927.2,1200,17.44,1.3,27.6,DELIVERED,YES
2026-07-22 09:31:00,TRK-134,Rute-N,Central Hub (Jakarta),928.3,1200,17.86,1.5,28.4,IN_TRANSIT,YES
2026-07-23 12:38:00,TRK-135,Rute-O,Grogol Hub (Jakbar),929.4,1200,18.28,1.7,29.2,IDLE_DOCK,NO
2026-07-24 15:45:00,TRK-136,Rute-A,Petamburan Hub,930.5,1200,18.7,1.9,30.0,LOADED,YES
2026-07-25 06:52:00,TRK-137,Rute-B,Bekasi Logistics Hub,931.6,1200,19.12,2.0,30.8,DELIVERED,YES
2026-07-26 09:59:00,TRK-138,Rute-C,Depok Hub,932.7,1200,19.54,2.2,31.6,IN_TRANSIT,YES
2026-07-27 12:06:00,TRK-139,Rute-D,Bogor Transit Hub,933.8,1200,19.96,2.4,32.4,IDLE_DOCK,NO
2026-07-28 15:13:00,TRK-140,Rute-E,Cikarang Industrial Hub,934.9,1200,20.38,0.6,33.2,LOADED,YES
2026-07-29 06:20:00,TRK-141,Rute-F,Gudang West (Tangerang),936.0,1200,20.8,0.8,34.0,DELIVERED,YES
2026-07-30 09:27:00,TRK-142,Rute-G,Central Hub (Jakarta),937.1,1200,21.22,1.0,34.8,IN_TRANSIT,YES
2026-07-31 12:34:00,TRK-143,Rute-H,Grogol Hub (Jakbar),938.2,1200,21.64,1.1,35.6,IDLE_DOCK,NO
2026-07-01 15:41:00,TRK-144,Rute-I,Petamburan Hub,939.3,1200,22.06,1.3,36.4,LOADED,YES
2026-07-02 06:48:00,TRK-145,Rute-J,Bekasi Logistics Hub,940.4,1200,22.48,1.5,37.2,DELIVERED,YES
2026-07-03 09:55:00,TRK-146,Rute-K,Depok Hub,941.5,1200,22.9,1.7,38.0,IN_TRANSIT,YES
2026-07-04 12:02:00,TRK-147,Rute-L,Bogor Transit Hub,942.6,1200,23.32,1.9,38.8,IDLE_DOCK,NO
2026-07-05 15:09:00,TRK-148,Rute-M,Cikarang Industrial Hub,943.7,1200,23.74,2.0,39.6,LOADED,YES
2026-07-06 06:16:00,TRK-149,Rute-N,Gudang West (Tangerang),944.8,1200,24.16,2.2,40.4,DELIVERED,YES
2026-07-07 09:23:00,TRK-150,Rute-O,Central Hub (Jakarta),945.9,1200,24.58,2.4,41.2,IN_TRANSIT,YES
2026-07-08 12:30:00,TRK-001,Rute-A,Grogol Hub (Jakbar),947.0,1200,14.5,0.6,42.0,IDLE_DOCK,NO
2026-07-09 15:37:00,TRK-002,Rute-B,Petamburan Hub,948.1,1200,14.92,0.8,42.8,LOADED,YES
2026-07-10 06:44:00,TRK-003,Rute-C,Bekasi Logistics Hub,949.2,1200,15.34,1.0,43.6,DELIVERED,YES
2026-07-11 09:51:00,TRK-004,Rute-D,Depok Hub,950.3,1200,15.76,1.1,44.4,IN_TRANSIT,YES
2026-07-12 12:58:00,TRK-005,Rute-E,Bogor Transit Hub,951.4,1200,16.18,1.3,45.2,IDLE_DOCK,NO
2026-07-13 15:05:00,TRK-006,Rute-F,Cikarang Industrial Hub,952.5,1200,16.6,1.5,46.0,LOADED,YES
2026-07-14 06:12:00,TRK-007,Rute-G,Gudang West (Tangerang),953.6,1200,17.02,1.7,46.8,DELIVERED,YES
2026-07-15 09:19:00,TRK-008,Rute-H,Central Hub (Jakarta),954.7,1200,17.44,1.9,47.6,IN_TRANSIT,YES
2026-07-16 12:26:00,TRK-009,Rute-I,Grogol Hub (Jakbar),955.8,1200,17.86,2.0,48.4,IDLE_DOCK,NO
2026-07-17 15:33:00,TRK-010,Rute-J,Petamburan Hub,956.9,1200,18.28,2.2,49.2,LOADED,YES
2026-07-18 06:40:00,TRK-011,Rute-K,Bekasi Logistics Hub,958.0,1200,18.7,2.4,50.0,DELIVERED,YES
2026-07-19 09:47:00,TRK-012,Rute-L,Depok Hub,959.1,1200,19.12,0.6,50.8,IN_TRANSIT,YES
2026-07-20 12:54:00,TRK-013,Rute-M,Bogor Transit Hub,960.2,1200,19.54,0.8,51.6,IDLE_DOCK,NO
2026-07-21 15:01:00,TRK-014,Rute-N,Cikarang Industrial Hub,961.3,1200,19.96,1.0,52.4,LOADED,YES
2026-07-22 06:08:00,TRK-015,Rute-O,Gudang West (Tangerang),962.4,1200,20.38,1.1,53.2,DELIVERED,YES
2026-07-23 09:15:00,TRK-016,Rute-A,Central Hub (Jakarta),963.5,1200,20.8,1.3,54.0,IN_TRANSIT,YES
2026-07-24 12:22:00,TRK-017,Rute-B,Grogol Hub (Jakbar),964.6,1200,21.22,1.5,54.8,IDLE_DOCK,NO
2026-07-25 15:29:00,TRK-018,Rute-C,Petamburan Hub,965.7,1200,21.64,1.7,55.6,LOADED,YES
2026-07-26 06:36:00,TRK-019,Rute-D,Bekasi Logistics Hub,966.8,1200,22.06,1.9,56.4,DELIVERED,YES
2026-07-27 09:43:00,TRK-020,Rute-E,Depok Hub,967.9,1200,22.48,2.0,57.2,IN_TRANSIT,YES
2026-07-28 12:50:00,TRK-021,Rute-F,Bogor Transit Hub,969.0,1200,22.9,2.2,58.0,IDLE_DOCK,NO
2026-07-29 15:57:00,TRK-022,Rute-G,Cikarang Industrial Hub,970.1,1200,23.32,2.4,58.8,LOADED,YES
2026-07-30 06:04:00,TRK-023,Rute-H,Gudang West (Tangerang),971.2,1200,23.74,0.6,59.6,DELIVERED,YES
2026-07-31 09:11:00,TRK-024,Rute-I,Central Hub (Jakarta),972.3,1200,24.16,0.8,60.4,IN_TRANSIT,YES
2026-07-01 12:18:00,TRK-025,Rute-J,Grogol Hub (Jakbar),973.4,1200,24.58,1.0,61.2,IDLE_DOCK,NO
2026-07-02 15:25:00,TRK-026,Rute-K,Petamburan Hub,974.5,1200,14.5,1.1,62.0,LOADED,YES
2026-07-03 06:32:00,TRK-027,Rute-L,Bekasi Logistics Hub,975.6,1200,14.92,1.3,62.8,DELIVERED,YES
2026-07-04 09:39:00,TRK-028,Rute-M,Depok Hub,976.7,1200,15.34,1.5,63.6,IN_TRANSIT,YES
2026-07-05 12:46:00,TRK-029,Rute-N,Bogor Transit Hub,977.8,1200,15.76,1.7,64.4,IDLE_DOCK,NO
2026-07-06 15:53:00,TRK-030,Rute-O,Cikarang Industrial Hub,978.9,1200,16.18,1.9,65.2,LOADED,YES
2026-07-07 06:00:00,TRK-031,Rute-A,Gudang West (Tangerang),980.0,1200,16.6,2.0,66.0,DELIVERED,YES
2026-07-08 09:07:00,TRK-032,Rute-B,Central Hub (Jakarta),981.1,1200,17.02,2.2,66.8,IN_TRANSIT,YES
2026-07-09 12:14:00,TRK-033,Rute-C,Grogol Hub (Jakbar),982.2,1200,17.44,2.4,67.6,IDLE_DOCK,NO
2026-07-10 15:21:00,TRK-034,Rute-D,Petamburan Hub,983.3,1200,17.86,0.6,68.4,LOADED,YES
2026-07-11 06:28:00,TRK-035,Rute-E,Bekasi Logistics Hub,984.4,1200,18.28,0.8,69.2,DELIVERED,YES
2026-07-12 09:35:00,TRK-036,Rute-F,Depok Hub,985.5,1200,18.7,1.0,70.0,IN_TRANSIT,YES
2026-07-13 12:42:00,TRK-037,Rute-G,Bogor Transit Hub,986.6,1200,19.12,1.1,70.8,IDLE_DOCK,NO
2026-07-14 15:49:00,TRK-038,Rute-H,Cikarang Industrial Hub,987.7,1200,19.54,1.3,71.6,LOADED,YES
2026-07-15 06:56:00,TRK-039,Rute-I,Gudang West (Tangerang),988.8,1200,19.96,1.5,72.4,DELIVERED,YES
2026-07-16 09:03:00,TRK-040,Rute-J,Central Hub (Jakarta),989.9,1200,20.38,1.7,73.2,IN_TRANSIT,YES
2026-07-17 12:10:00,TRK-041,Rute-K,Grogol Hub (Jakbar),991.0,1200,20.8,1.9,74.0,IDLE_DOCK,NO
2026-07-18 15:17:00,TRK-042,Rute-L,Petamburan Hub,992.1,1200,21.22,2.0,74.8,LOADED,YES
2026-07-19 06:24:00,TRK-043,Rute-M,Bekasi Logistics Hub,993.2,1200,21.64,2.2,75.6,DELIVERED,YES
2026-07-20 09:31:00,TRK-044,Rute-N,Depok Hub,994.3,1200,22.06,2.4,76.4,IN_TRANSIT,YES
2026-07-21 12:38:00,TRK-045,Rute-O,Bogor Transit Hub,995.4,1200,22.48,0.6,77.2,IDLE_DOCK,NO
2026-07-22 15:45:00,TRK-046,Rute-A,Cikarang Industrial Hub,996.5,1200,22.9,0.8,78.0,LOADED,YES
2026-07-23 06:52:00,TRK-047,Rute-B,Gudang West (Tangerang),997.6,1200,23.32,1.0,78.8,DELIVERED,YES
2026-07-24 09:59:00,TRK-048,Rute-C,Central Hub (Jakarta),998.7,1200,23.74,1.1,79.6,IN_TRANSIT,YES
2026-07-25 12:06:00,TRK-049,Rute-D,Grogol Hub (Jakbar),999.8,1200,24.16,1.3,80.4,IDLE_DOCK,NO
2026-07-26 15:13:00,TRK-050,Rute-E,Petamburan Hub,1000.9,1200,24.58,1.5,81.2,LOADED,YES
2026-07-27 06:20:00,TRK-051,Rute-F,Bekasi Logistics Hub,1002.0,1200,14.5,1.7,82.0,DELIVERED,YES
2026-07-28 09:27:00,TRK-052,Rute-G,Depok Hub,1003.1,1200,14.92,1.9,82.8,IN_TRANSIT,YES
2026-07-29 12:34:00,TRK-053,Rute-H,Bogor Transit Hub,1004.2,1200,15.34,2.0,83.6,IDLE_DOCK,NO
2026-07-30 15:41:00,TRK-054,Rute-I,Cikarang Industrial Hub,1005.3,1200,15.76,2.2,84.4,LOADED,YES
2026-07-31 06:48:00,TRK-055,Rute-J,Gudang West (Tangerang),1006.4,1200,16.18,2.4,85.2,DELIVERED,YES
2026-07-01 09:55:00,TRK-056,Rute-K,Central Hub (Jakarta),1007.5,1200,16.6,0.6,86.0,IN_TRANSIT,YES
2026-07-02 12:02:00,TRK-057,Rute-L,Grogol Hub (Jakbar),1008.6,1200,17.02,0.8,86.8,IDLE_DOCK,NO
2026-07-03 15:09:00,TRK-058,Rute-M,Petamburan Hub,1009.7,1200,17.44,1.0,87.6,LOADED,YES
2026-07-04 06:16:00,TRK-059,Rute-N,Bekasi Logistics Hub,1010.8,1200,17.86,1.1,88.4,DELIVERED,YES
2026-07-05 09:23:00,TRK-060,Rute-O,Depok Hub,1011.9,1200,18.28,1.3,89.2,IN_TRANSIT,YES
2026-07-06 12:30:00,TRK-061,Rute-A,Bogor Transit Hub,1013.0,1200,18.7,1.5,18.0,IDLE_DOCK,NO
2026-07-07 15:37:00,TRK-062,Rute-B,Cikarang Industrial Hub,1014.1,1200,19.12,1.7,18.8,LOADED,YES
2026-07-08 06:44:00,TRK-063,Rute-C,Gudang West (Tangerang),1015.2,1200,19.54,1.9,19.6,DELIVERED,YES
2026-07-09 09:51:00,TRK-064,Rute-D,Central Hub (Jakarta),1016.3,1200,19.96,2.0,20.4,IN_TRANSIT,YES
2026-07-10 12:58:00,TRK-065,Rute-E,Grogol Hub (Jakbar),1017.4,1200,20.38,2.2,21.2,IDLE_DOCK,NO
2026-07-11 15:05:00,TRK-066,Rute-F,Petamburan Hub,1018.5,1200,20.8,2.4,22.0,LOADED,YES
2026-07-12 06:12:00,TRK-067,Rute-G,Bekasi Logistics Hub,1019.6,1200,21.22,0.6,22.8,DELIVERED,YES
2026-07-13 09:19:00,TRK-068,Rute-H,Depok Hub,1020.7,1200,21.64,0.8,23.6,IN_TRANSIT,YES
2026-07-14 12:26:00,TRK-069,Rute-I,Bogor Transit Hub,1021.8,1200,22.06,1.0,24.4,IDLE_DOCK,NO
2026-07-15 15:33:00,TRK-070,Rute-J,Cikarang Industrial Hub,1022.9,1200,22.48,1.1,25.2,LOADED,YES
2026-07-16 06:40:00,TRK-071,Rute-K,Gudang West (Tangerang),1024.0,1200,22.9,1.3,26.0,DELIVERED,YES
2026-07-17 09:47:00,TRK-072,Rute-L,Central Hub (Jakarta),1025.1,1200,23.32,1.5,26.8,IN_TRANSIT,YES
2026-07-18 12:54:00,TRK-073,Rute-M,Grogol Hub (Jakbar),1026.2,1200,23.74,1.7,27.6,IDLE_DOCK,NO
2026-07-19 15:01:00,TRK-074,Rute-N,Petamburan Hub,1027.3,1200,24.16,1.9,28.4,LOADED,YES
2026-07-20 06:08:00,TRK-075,Rute-O,Bekasi Logistics Hub,1028.4,1200,24.58,2.0,29.2,DELIVERED,YES
2026-07-21 09:15:00,TRK-076,Rute-A,Depok Hub,1029.5,1200,14.5,2.2,30.0,IN_TRANSIT,YES
2026-07-22 12:22:00,TRK-077,Rute-B,Bogor Transit Hub,1030.6,1200,14.92,2.4,30.8,IDLE_DOCK,NO
2026-07-23 15:29:00,TRK-078,Rute-C,Cikarang Industrial Hub,1031.7,1200,15.34,0.6,31.6,LOADED,YES
2026-07-24 06:36:00,TRK-079,Rute-D,Gudang West (Tangerang),1032.8,1200,15.76,0.8,32.4,DELIVERED,YES
2026-07-25 09:43:00,TRK-080,Rute-E,Central Hub (Jakarta),1033.9,1200,16.18,1.0,33.2,IN_TRANSIT,YES
2026-07-26 12:50:00,TRK-081,Rute-F,Grogol Hub (Jakbar),1035.0,1200,16.6,1.1,34.0,IDLE_DOCK,NO
2026-07-27 15:57:00,TRK-082,Rute-G,Petamburan Hub,1036.1,1200,17.02,1.3,34.8,LOADED,YES
2026-07-28 06:04:00,TRK-083,Rute-H,Bekasi Logistics Hub,1037.2,1200,17.44,1.5,35.6,DELIVERED,YES
2026-07-29 09:11:00,TRK-084,Rute-I,Depok Hub,1038.3,1200,17.86,1.7,36.4,IN_TRANSIT,YES
2026-07-30 12:18:00,TRK-085,Rute-J,Bogor Transit Hub,1039.4,1200,18.28,1.9,37.2,IDLE_DOCK,NO
2026-07-31 15:25:00,TRK-086,Rute-K,Cikarang Industrial Hub,1040.5,1200,18.7,2.0,38.0,LOADED,YES
2026-07-01 06:32:00,TRK-087,Rute-L,Gudang West (Tangerang),1041.6,1200,19.12,2.2,38.8,DELIVERED,YES
2026-07-02 09:39:00,TRK-088,Rute-M,Central Hub (Jakarta),1042.7,1200,19.54,2.4,39.6,IN_TRANSIT,YES
2026-07-03 12:46:00,TRK-089,Rute-N,Grogol Hub (Jakbar),1043.8,1200,19.96,0.6,40.4,IDLE_DOCK,NO
2026-07-04 15:53:00,TRK-090,Rute-O,Petamburan Hub,1044.9,1200,20.38,0.8,41.2,LOADED,YES
2026-07-05 06:00:00,TRK-091,Rute-A,Bekasi Logistics Hub,1046.0,1200,20.8,1.0,42.0,DELIVERED,YES
2026-07-06 09:07:00,TRK-092,Rute-B,Depok Hub,1047.1,1200,21.22,1.1,42.8,IN_TRANSIT,YES
2026-07-07 12:14:00,TRK-093,Rute-C,Bogor Transit Hub,1048.2,1200,21.64,1.3,43.6,IDLE_DOCK,NO
2026-07-08 15:21:00,TRK-094,Rute-D,Cikarang Industrial Hub,1049.3,1200,22.06,1.5,44.4,LOADED,YES
2026-07-09 06:28:00,TRK-095,Rute-E,Gudang West (Tangerang),1050.4,1200,22.48,1.7,45.2,DELIVERED,YES
2026-07-10 09:35:00,TRK-096,Rute-F,Central Hub (Jakarta),1051.5,1200,22.9,1.9,46.0,IN_TRANSIT,YES
2026-07-11 12:42:00,TRK-097,Rute-G,Grogol Hub (Jakbar),1052.6,1200,23.32,2.0,46.8,IDLE_DOCK,NO
2026-07-12 15:49:00,TRK-098,Rute-H,Petamburan Hub,1053.7,1200,23.74,2.2,47.6,LOADED,YES
2026-07-13 06:56:00,TRK-099,Rute-I,Bekasi Logistics Hub,1054.8,1200,24.16,2.4,48.4,DELIVERED,YES
2026-07-14 09:03:00,TRK-100,Rute-J,Depok Hub,1055.9,1200,24.58,0.6,49.2,IN_TRANSIT,YES
2026-07-15 12:10:00,TRK-101,Rute-K,Bogor Transit Hub,1057.0,1200,14.5,0.8,50.0,IDLE_DOCK,NO
2026-07-16 15:17:00,TRK-102,Rute-L,Cikarang Industrial Hub,1058.1,1200,14.92,1.0,50.8,LOADED,YES
2026-07-17 06:24:00,TRK-103,Rute-M,Gudang West (Tangerang),1059.2,1200,15.34,1.1,51.6,DELIVERED,YES
2026-07-18 09:31:00,TRK-104,Rute-N,Central Hub (Jakarta),1060.3,1200,15.76,1.3,52.4,IN_TRANSIT,YES
2026-07-19 12:38:00,TRK-105,Rute-O,Grogol Hub (Jakbar),1061.4,1200,16.18,1.5,53.2,IDLE_DOCK,NO
2026-07-20 15:45:00,TRK-106,Rute-A,Petamburan Hub,1062.5,1200,16.6,1.7,54.0,LOADED,YES
2026-07-21 06:52:00,TRK-107,Rute-B,Bekasi Logistics Hub,1063.6,1200,17.02,1.9,54.8,DELIVERED,YES
2026-07-22 09:59:00,TRK-108,Rute-C,Depok Hub,1064.7,1200,17.44,2.0,55.6,IN_TRANSIT,YES
2026-07-23 12:06:00,TRK-109,Rute-D,Bogor Transit Hub,1065.8,1200,17.86,2.2,56.4,IDLE_DOCK,NO
2026-07-24 15:13:00,TRK-110,Rute-E,Cikarang Industrial Hub,1066.9,1200,18.28,2.4,57.2,LOADED,YES
2026-07-25 06:20:00,TRK-111,Rute-F,Gudang West (Tangerang),1068.0,1200,18.7,0.6,58.0,DELIVERED,YES
2026-07-26 09:27:00,TRK-112,Rute-G,Central Hub (Jakarta),1069.1,1200,19.12,0.8,58.8,IN_TRANSIT,YES
2026-07-27 12:34:00,TRK-113,Rute-H,Grogol Hub (Jakbar),1070.2,1200,19.54,1.0,59.6,IDLE_DOCK,NO
2026-07-28 15:41:00,TRK-114,Rute-I,Petamburan Hub,1071.3,1200,19.96,1.1,60.4,LOADED,YES
2026-07-29 06:48:00,TRK-115,Rute-J,Bekasi Logistics Hub,1072.4,1200,20.38,1.3,61.2,DELIVERED,YES
2026-07-30 09:55:00,TRK-116,Rute-K,Depok Hub,1073.5,1200,20.8,1.5,62.0,IN_TRANSIT,YES
2026-07-31 12:02:00,TRK-117,Rute-L,Bogor Transit Hub,1074.6,1200,21.22,1.7,62.8,IDLE_DOCK,NO
2026-07-01 15:09:00,TRK-118,Rute-M,Cikarang Industrial Hub,1075.7,1200,21.64,1.9,63.6,LOADED,YES
2026-07-02 06:16:00,TRK-119,Rute-N,Gudang West (Tangerang),1076.8,1200,22.06,2.0,64.4,DELIVERED,YES
2026-07-03 09:23:00,TRK-120,Rute-O,Central Hub (Jakarta),1077.9,1200,22.48,2.2,65.2,IN_TRANSIT,YES
2026-07-04 12:30:00,TRK-121,Rute-A,Grogol Hub (Jakbar),1079.0,1200,22.9,2.4,66.0,IDLE_DOCK,NO
2026-07-05 15:37:00,TRK-122,Rute-B,Petamburan Hub,1080.1,1200,23.32,0.6,66.8,LOADED,YES
2026-07-06 06:44:00,TRK-123,Rute-C,Bekasi Logistics Hub,1081.2,1200,23.74,0.8,67.6,DELIVERED,YES
2026-07-07 09:51:00,TRK-124,Rute-D,Depok Hub,1082.3,1200,24.16,1.0,68.4,IN_TRANSIT,YES
2026-07-08 12:58:00,TRK-125,Rute-E,Bogor Transit Hub,1083.4,1200,24.58,1.1,69.2,IDLE_DOCK,NO
2026-07-09 15:05:00,TRK-126,Rute-F,Cikarang Industrial Hub,1084.5,1200,14.5,1.3,70.0,LOADED,YES
2026-07-10 06:12:00,TRK-127,Rute-G,Gudang West (Tangerang),1085.6,1200,14.92,1.5,70.8,DELIVERED,YES
2026-07-11 09:19:00,TRK-128,Rute-H,Central Hub (Jakarta),1086.7,1200,15.34,1.7,71.6,IN_TRANSIT,YES
2026-07-12 12:26:00,TRK-129,Rute-I,Grogol Hub (Jakbar),1087.8,1200,15.76,1.9,72.4,IDLE_DOCK,NO
2026-07-13 15:33:00,TRK-130,Rute-J,Petamburan Hub,1088.9,1200,16.18,2.0,73.2,LOADED,YES
2026-07-14 06:40:00,TRK-131,Rute-K,Bekasi Logistics Hub,1090.0,1200,16.6,2.2,74.0,DELIVERED,YES
2026-07-15 09:47:00,TRK-132,Rute-L,Depok Hub,1091.1,1200,17.02,2.4,74.8,IN_TRANSIT,YES
2026-07-16 12:54:00,TRK-133,Rute-M,Bogor Transit Hub,1092.2,1200,17.44,0.6,75.6,IDLE_DOCK,NO
2026-07-17 15:01:00,TRK-134,Rute-N,Cikarang Industrial Hub,1093.3,1200,17.86,0.8,76.4,LOADED,YES
2026-07-18 06:08:00,TRK-135,Rute-O,Gudang West (Tangerang),1094.4,1200,18.28,1.0,77.2,DELIVERED,YES
2026-07-19 09:15:00,TRK-136,Rute-A,Central Hub (Jakarta),1095.5,1200,18.7,1.1,78.0,IN_TRANSIT,YES
2026-07-20 12:22:00,TRK-137,Rute-B,Grogol Hub (Jakbar),1096.6,1200,19.12,1.3,78.8,IDLE_DOCK,NO
2026-07-21 15:29:00,TRK-138,Rute-C,Petamburan Hub,1097.7,1200,19.54,1.5,79.6,LOADED,YES
2026-07-22 06:36:00,TRK-139,Rute-D,Bekasi Logistics Hub,1098.8,1200,19.96,1.7,80.4,DELIVERED,YES
2026-07-23 09:43:00,TRK-140,Rute-E,Depok Hub,1099.9,1200,20.38,1.9,81.2,IN_TRANSIT,YES
2026-07-24 12:50:00,TRK-141,Rute-F,Bogor Transit Hub,1101.0,1200,20.8,2.0,82.0,IDLE_DOCK,NO
2026-07-25 15:57:00,TRK-142,Rute-G,Cikarang Industrial Hub,1102.1,1200,21.22,2.2,82.8,LOADED,YES
2026-07-26 06:04:00,TRK-143,Rute-H,Gudang West (Tangerang),1103.2,1200,21.64,2.4,83.6,DELIVERED,YES
2026-07-27 09:11:00,TRK-144,Rute-I,Central Hub (Jakarta),1104.3,1200,22.06,0.6,84.4,IN_TRANSIT,YES
2026-07-28 12:18:00,TRK-145,Rute-J,Grogol Hub (Jakbar),1105.4,1200,22.48,0.8,85.2,IDLE_DOCK,NO
2026-07-29 15:25:00,TRK-146,Rute-K,Petamburan Hub,1106.5,1200,22.9,1.0,86.0,LOADED,YES
2026-07-30 06:32:00,TRK-147,Rute-L,Bekasi Logistics Hub,1107.6,1200,23.32,1.1,86.8,DELIVERED,YES
2026-07-31 09:39:00,TRK-148,Rute-M,Depok Hub,1108.7,1200,23.74,1.3,87.6,IN_TRANSIT,YES
2026-07-01 12:46:00,TRK-149,Rute-N,Bogor Transit Hub,1109.8,1200,24.16,1.5,88.4,IDLE_DOCK,NO
2026-07-02 15:53:00,TRK-150,Rute-O,Cikarang Industrial Hub,1110.9,1200,24.58,1.7,89.2,LOADED,YES
2026-07-03 06:00:00,TRK-001,Rute-A,Gudang West (Tangerang),1112.0,1200,14.5,1.9,18.0,DELIVERED,YES
2026-07-04 09:07:00,TRK-002,Rute-B,Central Hub (Jakarta),1113.1,1200,14.92,2.0,18.8,IN_TRANSIT,YES
2026-07-05 12:14:00,TRK-003,Rute-C,Grogol Hub (Jakbar),1114.2,1200,15.34,2.2,19.6,IDLE_DOCK,NO
2026-07-06 15:21:00,TRK-004,Rute-D,Petamburan Hub,1115.3,1200,15.76,2.4,20.4,LOADED,YES
2026-07-07 06:28:00,TRK-005,Rute-E,Bekasi Logistics Hub,1116.4,1200,16.18,0.6,21.2,DELIVERED,YES
2026-07-08 09:35:00,TRK-006,Rute-F,Depok Hub,1117.5,1200,16.6,0.8,22.0,IN_TRANSIT,YES
2026-07-09 12:42:00,TRK-007,Rute-G,Bogor Transit Hub,1118.6,1200,17.02,1.0,22.8,IDLE_DOCK,NO
2026-07-10 15:49:00,TRK-008,Rute-H,Cikarang Industrial Hub,1119.7,1200,17.44,1.1,23.6,LOADED,YES
2026-07-11 06:56:00,TRK-009,Rute-I,Gudang West (Tangerang),1120.8,1200,17.86,1.3,24.4,DELIVERED,YES
2026-07-12 09:03:00,TRK-010,Rute-J,Central Hub (Jakarta),1121.9,1200,18.28,1.5,25.2,IN_TRANSIT,YES
2026-07-13 12:10:00,TRK-011,Rute-K,Grogol Hub (Jakbar),1123.0,1200,18.7,1.7,26.0,IDLE_DOCK,NO
2026-07-14 15:17:00,TRK-012,Rute-L,Petamburan Hub,1124.1,1200,19.12,1.9,26.8,LOADED,YES
2026-07-15 06:24:00,TRK-013,Rute-M,Bekasi Logistics Hub,1125.2,1200,19.54,2.0,27.6,DELIVERED,YES
2026-07-16 09:31:00,TRK-014,Rute-N,Depok Hub,1126.3,1200,19.96,2.2,28.4,IN_TRANSIT,YES
2026-07-17 12:38:00,TRK-015,Rute-O,Bogor Transit Hub,1127.4,1200,20.38,2.4,29.2,IDLE_DOCK,NO
2026-07-18 15:45:00,TRK-016,Rute-A,Cikarang Industrial Hub,1128.5,1200,20.8,0.6,30.0,LOADED,YES
2026-07-19 06:52:00,TRK-017,Rute-B,Gudang West (Tangerang),1129.6,1200,21.22,0.8,30.8,DELIVERED,YES
2026-07-20 09:59:00,TRK-018,Rute-C,Central Hub (Jakarta),1130.7,1200,21.64,1.0,31.6,IN_TRANSIT,YES
2026-07-21 12:06:00,TRK-019,Rute-D,Grogol Hub (Jakbar),1131.8,1200,22.06,1.1,32.4,IDLE_DOCK,NO
2026-07-22 15:13:00,TRK-020,Rute-E,Petamburan Hub,1132.9,1200,22.48,1.3,33.2,LOADED,YES
2026-07-23 06:20:00,TRK-021,Rute-F,Bekasi Logistics Hub,1134.0,1200,22.9,1.5,34.0,DELIVERED,YES
2026-07-24 09:27:00,TRK-022,Rute-G,Depok Hub,1135.1,1200,23.32,1.7,34.8,IN_TRANSIT,YES
2026-07-25 12:34:00,TRK-023,Rute-H,Bogor Transit Hub,1136.2,1200,23.74,1.9,35.6,IDLE_DOCK,NO
2026-07-26 15:41:00,TRK-024,Rute-I,Cikarang Industrial Hub,1137.3,1200,24.16,2.0,36.4,LOADED,YES
2026-07-27 06:48:00,TRK-025,Rute-J,Gudang West (Tangerang),1138.4,1200,24.58,2.2,37.2,DELIVERED,YES
2026-07-28 09:55:00,TRK-026,Rute-K,Central Hub (Jakarta),1139.5,1200,14.5,2.4,38.0,IN_TRANSIT,YES
2026-07-29 12:02:00,TRK-027,Rute-L,Grogol Hub (Jakbar),1140.6,1200,14.92,0.6,38.8,IDLE_DOCK,NO
2026-07-30 15:09:00,TRK-028,Rute-M,Petamburan Hub,1141.7,1200,15.34,0.8,39.6,LOADED,YES
2026-07-31 06:16:00,TRK-029,Rute-N,Bekasi Logistics Hub,1142.8,1200,15.76,1.0,40.4,DELIVERED,YES
2026-07-01 09:23:00,TRK-030,Rute-O,Depok Hub,1143.9,1200,16.18,1.1,41.2,IN_TRANSIT,YES
2026-07-02 12:30:00,TRK-031,Rute-A,Bogor Transit Hub,1145.0,1200,16.6,1.3,42.0,IDLE_DOCK,NO
2026-07-03 15:37:00,TRK-032,Rute-B,Cikarang Industrial Hub,1146.1,1200,17.02,1.5,42.8,LOADED,YES
2026-07-04 06:44:00,TRK-033,Rute-C,Gudang West (Tangerang),1147.2,1200,17.44,1.7,43.6,DELIVERED,YES
2026-07-05 09:51:00,TRK-034,Rute-D,Central Hub (Jakarta),1148.3,1200,17.86,1.9,44.4,IN_TRANSIT,YES
2026-07-06 12:58:00,TRK-035,Rute-E,Grogol Hub (Jakbar),1149.4,1200,18.28,2.0,45.2,IDLE_DOCK,NO
2026-07-07 15:05:00,TRK-036,Rute-F,Petamburan Hub,1150.5,1200,18.7,2.2,46.0,LOADED,YES
2026-07-08 06:12:00,TRK-037,Rute-G,Bekasi Logistics Hub,1151.6,1200,19.12,2.4,46.8,DELIVERED,YES
2026-07-09 09:19:00,TRK-038,Rute-H,Depok Hub,1152.7,1200,19.54,0.6,47.6,IN_TRANSIT,YES
2026-07-10 12:26:00,TRK-039,Rute-I,Bogor Transit Hub,1153.8,1200,19.96,0.8,48.4,IDLE_DOCK,NO
2026-07-11 15:33:00,TRK-040,Rute-J,Cikarang Industrial Hub,1154.9,1200,20.38,1.0,49.2,LOADED,YES
2026-07-12 06:40:00,TRK-041,Rute-K,Gudang West (Tangerang),650.0,1200,20.8,1.1,50.0,DELIVERED,YES
2026-07-13 09:47:00,TRK-042,Rute-L,Central Hub (Jakarta),651.1,1200,21.22,1.3,50.8,IN_TRANSIT,YES
2026-07-14 12:54:00,TRK-043,Rute-M,Grogol Hub (Jakbar),652.2,1200,21.64,1.5,51.6,IDLE_DOCK,NO
2026-07-15 15:01:00,TRK-044,Rute-N,Petamburan Hub,653.3,1200,22.06,1.7,52.4,LOADED,YES
2026-07-16 06:08:00,TRK-045,Rute-O,Bekasi Logistics Hub,654.4,1200,22.48,1.9,53.2,DELIVERED,YES
2026-07-17 09:15:00,TRK-046,Rute-A,Depok Hub,655.5,1200,22.9,2.0,54.0,IN_TRANSIT,YES
2026-07-18 12:22:00,TRK-047,Rute-B,Bogor Transit Hub,656.6,1200,23.32,2.2,54.8,IDLE_DOCK,NO
2026-07-19 15:29:00,TRK-048,Rute-C,Cikarang Industrial Hub,657.7,1200,23.74,2.4,55.6,LOADED,YES
2026-07-20 06:36:00,TRK-049,Rute-D,Gudang West (Tangerang),658.8,1200,24.16,0.6,56.4,DELIVERED,YES
2026-07-21 09:43:00,TRK-050,Rute-E,Central Hub (Jakarta),659.9,1200,24.58,0.8,57.2,IN_TRANSIT,YES
2026-07-22 12:50:00,TRK-051,Rute-F,Grogol Hub (Jakbar),661.0,1200,14.5,1.0,58.0,IDLE_DOCK,NO
2026-07-23 15:57:00,TRK-052,Rute-G,Petamburan Hub,662.1,1200,14.92,1.1,58.8,LOADED,YES
2026-07-24 06:04:00,TRK-053,Rute-H,Bekasi Logistics Hub,663.2,1200,15.34,1.3,59.6,DELIVERED,YES
2026-07-25 09:11:00,TRK-054,Rute-I,Depok Hub,664.3,1200,15.76,1.5,60.4,IN_TRANSIT,YES
2026-07-26 12:18:00,TRK-055,Rute-J,Bogor Transit Hub,665.4,1200,16.18,1.7,61.2,IDLE_DOCK,NO
2026-07-27 15:25:00,TRK-056,Rute-K,Cikarang Industrial Hub,666.5,1200,16.6,1.9,62.0,LOADED,YES
2026-07-28 06:32:00,TRK-057,Rute-L,Gudang West (Tangerang),667.6,1200,17.02,2.0,62.8,DELIVERED,YES
2026-07-29 09:39:00,TRK-058,Rute-M,Central Hub (Jakarta),668.7,1200,17.44,2.2,63.6,IN_TRANSIT,YES
2026-07-30 12:46:00,TRK-059,Rute-N,Grogol Hub (Jakbar),669.8,1200,17.86,2.4,64.4,IDLE_DOCK,NO
2026-07-31 15:53:00,TRK-060,Rute-O,Petamburan Hub,670.9,1200,18.28,0.6,65.2,LOADED,YES
2026-07-01 06:00:00,TRK-061,Rute-A,Bekasi Logistics Hub,672.0,1200,18.7,0.8,66.0,DELIVERED,YES
2026-07-02 09:07:00,TRK-062,Rute-B,Depok Hub,673.1,1200,19.12,1.0,66.8,IN_TRANSIT,YES
2026-07-03 12:14:00,TRK-063,Rute-C,Bogor Transit Hub,674.2,1200,19.54,1.1,67.6,IDLE_DOCK,NO
2026-07-04 15:21:00,TRK-064,Rute-D,Cikarang Industrial Hub,675.3,1200,19.96,1.3,68.4,LOADED,YES
2026-07-05 06:28:00,TRK-065,Rute-E,Gudang West (Tangerang),676.4,1200,20.38,1.5,69.2,DELIVERED,YES
2026-07-06 09:35:00,TRK-066,Rute-F,Central Hub (Jakarta),677.5,1200,20.8,1.7,70.0,IN_TRANSIT,YES
2026-07-07 12:42:00,TRK-067,Rute-G,Grogol Hub (Jakbar),678.6,1200,21.22,1.9,70.8,IDLE_DOCK,NO
2026-07-08 15:49:00,TRK-068,Rute-H,Petamburan Hub,679.7,1200,21.64,2.0,71.6,LOADED,YES
2026-07-09 06:56:00,TRK-069,Rute-I,Bekasi Logistics Hub,680.8,1200,22.06,2.2,72.4,DELIVERED,YES
2026-07-10 09:03:00,TRK-070,Rute-J,Depok Hub,681.9,1200,22.48,2.4,73.2,IN_TRANSIT,YES
2026-07-11 12:10:00,TRK-071,Rute-K,Bogor Transit Hub,683.0,1200,22.9,0.6,74.0,IDLE_DOCK,NO
2026-07-12 15:17:00,TRK-072,Rute-L,Cikarang Industrial Hub,684.1,1200,23.32,0.8,74.8,LOADED,YES
2026-07-13 06:24:00,TRK-073,Rute-M,Gudang West (Tangerang),685.2,1200,23.74,1.0,75.6,DELIVERED,YES
2026-07-14 09:31:00,TRK-074,Rute-N,Central Hub (Jakarta),686.3,1200,24.16,1.1,76.4,IN_TRANSIT,YES
2026-07-15 12:38:00,TRK-075,Rute-O,Grogol Hub (Jakbar),687.4,1200,24.58,1.3,77.2,IDLE_DOCK,NO
2026-07-16 15:45:00,TRK-076,Rute-A,Petamburan Hub,688.5,1200,14.5,1.5,78.0,LOADED,YES
2026-07-17 06:52:00,TRK-077,Rute-B,Bekasi Logistics Hub,689.6,1200,14.92,1.7,78.8,DELIVERED,YES
2026-07-18 09:59:00,TRK-078,Rute-C,Depok Hub,690.7,1200,15.34,1.9,79.6,IN_TRANSIT,YES
2026-07-19 12:06:00,TRK-079,Rute-D,Bogor Transit Hub,691.8,1200,15.76,2.0,80.4,IDLE_DOCK,NO
2026-07-20 15:13:00,TRK-080,Rute-E,Cikarang Industrial Hub,692.9,1200,16.18,2.2,81.2,LOADED,YES
2026-07-21 06:20:00,TRK-081,Rute-F,Gudang West (Tangerang),694.0,1200,16.6,2.4,82.0,DELIVERED,YES
2026-07-22 09:27:00,TRK-082,Rute-G,Central Hub (Jakarta),695.1,1200,17.02,0.6,82.8,IN_TRANSIT,YES
2026-07-23 12:34:00,TRK-083,Rute-H,Grogol Hub (Jakbar),696.2,1200,17.44,0.8,83.6,IDLE_DOCK,NO
2026-07-24 15:41:00,TRK-084,Rute-I,Petamburan Hub,697.3,1200,17.86,1.0,84.4,LOADED,YES
2026-07-25 06:48:00,TRK-085,Rute-J,Bekasi Logistics Hub,698.4,1200,18.28,1.1,85.2,DELIVERED,YES
2026-07-26 09:55:00,TRK-086,Rute-K,Depok Hub,699.5,1200,18.7,1.3,86.0,IN_TRANSIT,YES
2026-07-27 12:02:00,TRK-087,Rute-L,Bogor Transit Hub,700.6,1200,19.12,1.5,86.8,IDLE_DOCK,NO
2026-07-28 15:09:00,TRK-088,Rute-M,Cikarang Industrial Hub,701.7,1200,19.54,1.7,87.6,LOADED,YES
2026-07-29 06:16:00,TRK-089,Rute-N,Gudang West (Tangerang),702.8,1200,19.96,1.9,88.4,DELIVERED,YES
2026-07-30 09:23:00,TRK-090,Rute-O,Central Hub (Jakarta),703.9,1200,20.38,2.0,89.2,IN_TRANSIT,YES
2026-07-31 12:30:00,TRK-091,Rute-A,Grogol Hub (Jakbar),705.0,1200,20.8,2.2,18.0,IDLE_DOCK,NO
2026-07-01 15:37:00,TRK-092,Rute-B,Petamburan Hub,706.1,1200,21.22,2.4,18.8,LOADED,YES
2026-07-02 06:44:00,TRK-093,Rute-C,Bekasi Logistics Hub,707.2,1200,21.64,0.6,19.6,DELIVERED,YES
2026-07-03 09:51:00,TRK-094,Rute-D,Depok Hub,708.3,1200,22.06,0.8,20.4,IN_TRANSIT,YES
2026-07-04 12:58:00,TRK-095,Rute-E,Bogor Transit Hub,709.4,1200,22.48,1.0,21.2,IDLE_DOCK,NO
2026-07-05 15:05:00,TRK-096,Rute-F,Cikarang Industrial Hub,710.5,1200,22.9,1.1,22.0,LOADED,YES
2026-07-06 06:12:00,TRK-097,Rute-G,Gudang West (Tangerang),711.6,1200,23.32,1.3,22.8,DELIVERED,YES
2026-07-07 09:19:00,TRK-098,Rute-H,Central Hub (Jakarta),712.7,1200,23.74,1.5,23.6,IN_TRANSIT,YES
2026-07-08 12:26:00,TRK-099,Rute-I,Grogol Hub (Jakbar),713.8,1200,24.16,1.7,24.4,IDLE_DOCK,NO
2026-07-09 15:33:00,TRK-100,Rute-J,Petamburan Hub,714.9,1200,24.58,1.9,25.2,LOADED,YES
2026-07-10 06:40:00,TRK-101,Rute-K,Bekasi Logistics Hub,716.0,1200,14.5,2.0,26.0,DELIVERED,YES
2026-07-11 09:47:00,TRK-102,Rute-L,Depok Hub,717.1,1200,14.92,2.2,26.8,IN_TRANSIT,YES
2026-07-12 12:54:00,TRK-103,Rute-M,Bogor Transit Hub,718.2,1200,15.34,2.4,27.6,IDLE_DOCK,NO
2026-07-13 15:01:00,TRK-104,Rute-N,Cikarang Industrial Hub,719.3,1200,15.76,0.6,28.4,LOADED,YES
2026-07-14 06:08:00,TRK-105,Rute-O,Gudang West (Tangerang),720.4,1200,16.18,0.8,29.2,DELIVERED,YES
2026-07-15 09:15:00,TRK-106,Rute-A,Central Hub (Jakarta),721.5,1200,16.6,1.0,30.0,IN_TRANSIT,YES
2026-07-16 12:22:00,TRK-107,Rute-B,Grogol Hub (Jakbar),722.6,1200,17.02,1.1,30.8,IDLE_DOCK,NO
2026-07-17 15:29:00,TRK-108,Rute-C,Petamburan Hub,723.7,1200,17.44,1.3,31.6,LOADED,YES
2026-07-18 06:36:00,TRK-109,Rute-D,Bekasi Logistics Hub,724.8,1200,17.86,1.5,32.4,DELIVERED,YES
2026-07-19 09:43:00,TRK-110,Rute-E,Depok Hub,725.9,1200,18.28,1.7,33.2,IN_TRANSIT,YES
2026-07-20 12:50:00,TRK-111,Rute-F,Bogor Transit Hub,727.0,1200,18.7,1.9,34.0,IDLE_DOCK,NO
2026-07-21 15:57:00,TRK-112,Rute-G,Cikarang Industrial Hub,728.1,1200,19.12,2.0,34.8,LOADED,YES
2026-07-22 06:04:00,TRK-113,Rute-H,Gudang West (Tangerang),729.2,1200,19.54,2.2,35.6,DELIVERED,YES
2026-07-23 09:11:00,TRK-114,Rute-I,Central Hub (Jakarta),730.3,1200,19.96,2.4,36.4,IN_TRANSIT,YES
2026-07-24 12:18:00,TRK-115,Rute-J,Grogol Hub (Jakbar),731.4,1200,20.38,0.6,37.2,IDLE_DOCK,NO
2026-07-25 15:25:00,TRK-116,Rute-K,Petamburan Hub,732.5,1200,20.8,0.8,38.0,LOADED,YES
2026-07-26 06:32:00,TRK-117,Rute-L,Bekasi Logistics Hub,733.6,1200,21.22,1.0,38.8,DELIVERED,YES
2026-07-27 09:39:00,TRK-118,Rute-M,Depok Hub,734.7,1200,21.64,1.1,39.6,IN_TRANSIT,YES
2026-07-28 12:46:00,TRK-119,Rute-N,Bogor Transit Hub,735.8,1200,22.06,1.3,40.4,IDLE_DOCK,NO
2026-07-29 15:53:00,TRK-120,Rute-O,Cikarang Industrial Hub,736.9,1200,22.48,1.5,41.2,LOADED,YES
2026-07-30 06:00:00,TRK-121,Rute-A,Gudang West (Tangerang),738.0,1200,22.9,1.7,42.0,DELIVERED,YES
2026-07-31 09:07:00,TRK-122,Rute-B,Central Hub (Jakarta),739.1,1200,23.32,1.9,42.8,IN_TRANSIT,YES
2026-07-01 12:14:00,TRK-123,Rute-C,Grogol Hub (Jakbar),740.2,1200,23.74,2.0,43.6,IDLE_DOCK,NO
2026-07-02 15:21:00,TRK-124,Rute-D,Petamburan Hub,741.3,1200,24.16,2.2,44.4,LOADED,YES
2026-07-03 06:28:00,TRK-125,Rute-E,Bekasi Logistics Hub,742.4,1200,24.58,2.4,45.2,DELIVERED,YES
2026-07-04 09:35:00,TRK-126,Rute-F,Depok Hub,743.5,1200,14.5,0.6,46.0,IN_TRANSIT,YES
2026-07-05 12:42:00,TRK-127,Rute-G,Bogor Transit Hub,744.6,1200,14.92,0.8,46.8,IDLE_DOCK,NO
2026-07-06 15:49:00,TRK-128,Rute-H,Cikarang Industrial Hub,745.7,1200,15.34,1.0,47.6,LOADED,YES
2026-07-07 06:56:00,TRK-129,Rute-I,Gudang West (Tangerang),746.8,1200,15.76,1.1,48.4,DELIVERED,YES
2026-07-08 09:03:00,TRK-130,Rute-J,Central Hub (Jakarta),747.9,1200,16.18,1.3,49.2,IN_TRANSIT,YES
2026-07-09 12:10:00,TRK-131,Rute-K,Grogol Hub (Jakbar),749.0,1200,16.6,1.5,50.0,IDLE_DOCK,NO
2026-07-10 15:17:00,TRK-132,Rute-L,Petamburan Hub,750.1,1200,17.02,1.7,50.8,LOADED,YES
2026-07-11 06:24:00,TRK-133,Rute-M,Bekasi Logistics Hub,751.2,1200,17.44,1.9,51.6,DELIVERED,YES
2026-07-12 09:31:00,TRK-134,Rute-N,Depok Hub,752.3,1200,17.86,2.0,52.4,IN_TRANSIT,YES
2026-07-13 12:38:00,TRK-135,Rute-O,Bogor Transit Hub,753.4,1200,18.28,2.2,53.2,IDLE_DOCK,NO
2026-07-14 15:45:00,TRK-136,Rute-A,Cikarang Industrial Hub,754.5,1200,18.7,2.4,54.0,LOADED,YES
2026-07-15 06:52:00,TRK-137,Rute-B,Gudang West (Tangerang),755.6,1200,19.12,0.6,54.8,DELIVERED,YES
2026-07-16 09:59:00,TRK-138,Rute-C,Central Hub (Jakarta),756.7,1200,19.54,0.8,55.6,IN_TRANSIT,YES
2026-07-17 12:06:00,TRK-139,Rute-D,Grogol Hub (Jakbar),757.8,1200,19.96,1.0,56.4,IDLE_DOCK,NO
2026-07-18 15:13:00,TRK-140,Rute-E,Petamburan Hub,758.9,1200,20.38,1.1,57.2,LOADED,YES
2026-07-19 06:20:00,TRK-141,Rute-F,Bekasi Logistics Hub,760.0,1200,20.8,1.3,58.0,DELIVERED,YES
2026-07-20 09:27:00,TRK-142,Rute-G,Depok Hub,761.1,1200,21.22,1.5,58.8,IN_TRANSIT,YES
2026-07-21 12:34:00,TRK-143,Rute-H,Bogor Transit Hub,762.2,1200,21.64,1.7,59.6,IDLE_DOCK,NO
2026-07-22 15:41:00,TRK-144,Rute-I,Cikarang Industrial Hub,763.3,1200,22.06,1.9,60.4,LOADED,YES
2026-07-23 06:48:00,TRK-145,Rute-J,Gudang West (Tangerang),764.4,1200,22.48,2.0,61.2,DELIVERED,YES
2026-07-24 09:55:00,TRK-146,Rute-K,Central Hub (Jakarta),765.5,1200,22.9,2.2,62.0,IN_TRANSIT,YES
2026-07-25 12:02:00,TRK-147,Rute-L,Grogol Hub (Jakbar),766.6,1200,23.32,2.4,62.8,IDLE_DOCK,NO
2026-07-26 15:09:00,TRK-148,Rute-M,Petamburan Hub,767.7,1200,23.74,0.6,63.6,LOADED,YES
2026-07-27 06:16:00,TRK-149,Rute-N,Bekasi Logistics Hub,768.8,1200,24.16,0.8,64.4,DELIVERED,YES
2026-07-28 09:23:00,TRK-150,Rute-O,Depok Hub,769.9,1200,24.58,1.0,65.2,IN_TRANSIT,YES
2026-07-29 12:30:00,TRK-001,Rute-A,Bogor Transit Hub,771.0,1200,14.5,1.1,66.0,IDLE_DOCK,NO
2026-07-30 15:37:00,TRK-002,Rute-B,Cikarang Industrial Hub,772.1,1200,14.92,1.3,66.8,LOADED,YES
2026-07-31 06:44:00,TRK-003,Rute-C,Gudang West (Tangerang),773.2,1200,15.34,1.5,67.6,DELIVERED,YES
2026-07-01 09:51:00,TRK-004,Rute-D,Central Hub (Jakarta),774.3,1200,15.76,1.7,68.4,IN_TRANSIT,YES
2026-07-02 12:58:00,TRK-005,Rute-E,Grogol Hub (Jakbar),775.4,1200,16.18,1.9,69.2,IDLE_DOCK,NO
2026-07-03 15:05:00,TRK-006,Rute-F,Petamburan Hub,776.5,1200,16.6,2.0,70.0,LOADED,YES
2026-07-04 06:12:00,TRK-007,Rute-G,Bekasi Logistics Hub,777.6,1200,17.02,2.2,70.8,DELIVERED,YES
2026-07-05 09:19:00,TRK-008,Rute-H,Depok Hub,778.7,1200,17.44,2.4,71.6,IN_TRANSIT,YES
2026-07-06 12:26:00,TRK-009,Rute-I,Bogor Transit Hub,779.8,1200,17.86,0.6,72.4,IDLE_DOCK,NO
2026-07-07 15:33:00,TRK-010,Rute-J,Cikarang Industrial Hub,780.9,1200,18.28,0.8,73.2,LOADED,YES
2026-07-08 06:40:00,TRK-011,Rute-K,Gudang West (Tangerang),782.0,1200,18.7,1.0,74.0,DELIVERED,YES
2026-07-09 09:47:00,TRK-012,Rute-L,Central Hub (Jakarta),783.1,1200,19.12,1.1,74.8,IN_TRANSIT,YES
2026-07-10 12:54:00,TRK-013,Rute-M,Grogol Hub (Jakbar),784.2,1200,19.54,1.3,75.6,IDLE_DOCK,NO
2026-07-11 15:01:00,TRK-014,Rute-N,Petamburan Hub,785.3,1200,19.96,1.5,76.4,LOADED,YES
2026-07-12 06:08:00,TRK-015,Rute-O,Bekasi Logistics Hub,786.4,1200,20.38,1.7,77.2,DELIVERED,YES
2026-07-13 09:15:00,TRK-016,Rute-A,Depok Hub,787.5,1200,20.8,1.9,78.0,IN_TRANSIT,YES
2026-07-14 12:22:00,TRK-017,Rute-B,Bogor Transit Hub,788.6,1200,21.22,2.0,78.8,IDLE_DOCK,NO
2026-07-15 15:29:00,TRK-018,Rute-C,Cikarang Industrial Hub,789.7,1200,21.64,2.2,79.6,LOADED,YES
2026-07-16 06:36:00,TRK-019,Rute-D,Gudang West (Tangerang),790.8,1200,22.06,2.4,80.4,DELIVERED,YES
2026-07-17 09:43:00,TRK-020,Rute-E,Central Hub (Jakarta),791.9,1200,22.48,0.6,81.2,IN_TRANSIT,YES
2026-07-18 12:50:00,TRK-021,Rute-F,Grogol Hub (Jakbar),793.0,1200,22.9,0.8,82.0,IDLE_DOCK,NO
2026-07-19 15:57:00,TRK-022,Rute-G,Petamburan Hub,794.1,1200,23.32,1.0,82.8,LOADED,YES
2026-07-20 06:04:00,TRK-023,Rute-H,Bekasi Logistics Hub,795.2,1200,23.74,1.1,83.6,DELIVERED,YES
2026-07-21 09:11:00,TRK-024,Rute-I,Depok Hub,796.3,1200,24.16,1.3,84.4,IN_TRANSIT,YES
2026-07-22 12:18:00,TRK-025,Rute-J,Bogor Transit Hub,797.4,1200,24.58,1.5,85.2,IDLE_DOCK,NO
2026-07-23 15:25:00,TRK-026,Rute-K,Cikarang Industrial Hub,798.5,1200,14.5,1.7,86.0,LOADED,YES
2026-07-24 06:32:00,TRK-027,Rute-L,Gudang West (Tangerang),799.6,1200,14.92,1.9,86.8,DELIVERED,YES
2026-07-25 09:39:00,TRK-028,Rute-M,Central Hub (Jakarta),800.7,1200,15.34,2.0,87.6,IN_TRANSIT,YES
2026-07-26 12:46:00,TRK-029,Rute-N,Grogol Hub (Jakbar),801.8,1200,15.76,2.2,88.4,IDLE_DOCK,NO
2026-07-27 15:53:00,TRK-030,Rute-O,Petamburan Hub,802.9,1200,16.18,2.4,89.2,LOADED,YES
2026-07-28 06:00:00,TRK-031,Rute-A,Bekasi Logistics Hub,804.0,1200,16.6,0.6,18.0,DELIVERED,YES
2026-07-29 09:07:00,TRK-032,Rute-B,Depok Hub,805.1,1200,17.02,0.8,18.8,IN_TRANSIT,YES
2026-07-30 12:14:00,TRK-033,Rute-C,Bogor Transit Hub,806.2,1200,17.44,1.0,19.6,IDLE_DOCK,NO
2026-07-31 15:21:00,TRK-034,Rute-D,Cikarang Industrial Hub,807.3,1200,17.86,1.1,20.4,LOADED,YES
2026-07-01 06:28:00,TRK-035,Rute-E,Gudang West (Tangerang),808.4,1200,18.28,1.3,21.2,DELIVERED,YES
2026-07-02 09:35:00,TRK-036,Rute-F,Central Hub (Jakarta),809.5,1200,18.7,1.5,22.0,IN_TRANSIT,YES
2026-07-03 12:42:00,TRK-037,Rute-G,Grogol Hub (Jakbar),810.6,1200,19.12,1.7,22.8,IDLE_DOCK,NO
2026-07-04 15:49:00,TRK-038,Rute-H,Petamburan Hub,811.7,1200,19.54,1.9,23.6,LOADED,YES
2026-07-05 06:56:00,TRK-039,Rute-I,Bekasi Logistics Hub,812.8,1200,19.96,2.0,24.4,DELIVERED,YES
2026-07-06 09:03:00,TRK-040,Rute-J,Depok Hub,813.9,1200,20.38,2.2,25.2,IN_TRANSIT,YES
2026-07-07 12:10:00,TRK-041,Rute-K,Bogor Transit Hub,815.0,1200,20.8,2.4,26.0,IDLE_DOCK,NO
2026-07-08 15:17:00,TRK-042,Rute-L,Cikarang Industrial Hub,816.1,1200,21.22,0.6,26.8,LOADED,YES
2026-07-09 06:24:00,TRK-043,Rute-M,Gudang West (Tangerang),817.2,1200,21.64,0.8,27.6,DELIVERED,YES
2026-07-10 09:31:00,TRK-044,Rute-N,Central Hub (Jakarta),818.3,1200,22.06,1.0,28.4,IN_TRANSIT,YES
2026-07-11 12:38:00,TRK-045,Rute-O,Grogol Hub (Jakbar),819.4,1200,22.48,1.1,29.2,IDLE_DOCK,NO
2026-07-12 15:45:00,TRK-046,Rute-A,Petamburan Hub,820.5,1200,22.9,1.3,30.0,LOADED,YES
2026-07-13 06:52:00,TRK-047,Rute-B,Bekasi Logistics Hub,821.6,1200,23.32,1.5,30.8,DELIVERED,YES
2026-07-14 09:59:00,TRK-048,Rute-C,Depok Hub,822.7,1200,23.74,1.7,31.6,IN_TRANSIT,YES
2026-07-15 12:06:00,TRK-049,Rute-D,Bogor Transit Hub,823.8,1200,24.16,1.9,32.4,IDLE_DOCK,NO
2026-07-16 15:13:00,TRK-050,Rute-E,Cikarang Industrial Hub,824.9,1200,24.58,2.0,33.2,LOADED,YES
2026-07-17 06:20:00,TRK-051,Rute-F,Gudang West (Tangerang),826.0,1200,14.5,2.2,34.0,DELIVERED,YES
2026-07-18 09:27:00,TRK-052,Rute-G,Central Hub (Jakarta),827.1,1200,14.92,2.4,34.8,IN_TRANSIT,YES
2026-07-19 12:34:00,TRK-053,Rute-H,Grogol Hub (Jakbar),828.2,1200,15.34,0.6,35.6,IDLE_DOCK,NO
2026-07-20 15:41:00,TRK-054,Rute-I,Petamburan Hub,829.3,1200,15.76,0.8,36.4,LOADED,YES
2026-07-21 06:48:00,TRK-055,Rute-J,Bekasi Logistics Hub,830.4,1200,16.18,1.0,37.2,DELIVERED,YES
2026-07-22 09:55:00,TRK-056,Rute-K,Depok Hub,831.5,1200,16.6,1.1,38.0,IN_TRANSIT,YES
2026-07-23 12:02:00,TRK-057,Rute-L,Bogor Transit Hub,832.6,1200,17.02,1.3,38.8,IDLE_DOCK,NO
2026-07-24 15:09:00,TRK-058,Rute-M,Cikarang Industrial Hub,833.7,1200,17.44,1.5,39.6,LOADED,YES
2026-07-25 06:16:00,TRK-059,Rute-N,Gudang West (Tangerang),834.8,1200,17.86,1.7,40.4,DELIVERED,YES
2026-07-26 09:23:00,TRK-060,Rute-O,Central Hub (Jakarta),835.9,1200,18.28,1.9,41.2,IN_TRANSIT,YES
2026-07-27 12:30:00,TRK-061,Rute-A,Grogol Hub (Jakbar),837.0,1200,18.7,2.0,42.0,IDLE_DOCK,NO
2026-07-28 15:37:00,TRK-062,Rute-B,Petamburan Hub,838.1,1200,19.12,2.2,42.8,LOADED,YES
2026-07-29 06:44:00,TRK-063,Rute-C,Bekasi Logistics Hub,839.2,1200,19.54,2.4,43.6,DELIVERED,YES
2026-07-30 09:51:00,TRK-064,Rute-D,Depok Hub,840.3,1200,19.96,0.6,44.4,IN_TRANSIT,YES
2026-07-31 12:58:00,TRK-065,Rute-E,Bogor Transit Hub,841.4,1200,20.38,0.8,45.2,IDLE_DOCK,NO
2026-07-01 15:05:00,TRK-066,Rute-F,Cikarang Industrial Hub,842.5,1200,20.8,1.0,46.0,LOADED,YES
2026-07-02 06:12:00,TRK-067,Rute-G,Gudang West (Tangerang),843.6,1200,21.22,1.1,46.8,DELIVERED,YES
2026-07-03 09:19:00,TRK-068,Rute-H,Central Hub (Jakarta),844.7,1200,21.64,1.3,47.6,IN_TRANSIT,YES
2026-07-04 12:26:00,TRK-069,Rute-I,Grogol Hub (Jakbar),845.8,1200,22.06,1.5,48.4,IDLE_DOCK,NO
2026-07-05 15:33:00,TRK-070,Rute-J,Petamburan Hub,846.9,1200,22.48,1.7,49.2,LOADED,YES
2026-07-06 06:40:00,TRK-071,Rute-K,Bekasi Logistics Hub,848.0,1200,22.9,1.9,50.0,DELIVERED,YES
2026-07-07 09:47:00,TRK-072,Rute-L,Depok Hub,849.1,1200,23.32,2.0,50.8,IN_TRANSIT,YES
2026-07-08 12:54:00,TRK-073,Rute-M,Bogor Transit Hub,850.2,1200,23.74,2.2,51.6,IDLE_DOCK,NO
2026-07-09 15:01:00,TRK-074,Rute-N,Cikarang Industrial Hub,851.3,1200,24.16,2.4,52.4,LOADED,YES
2026-07-10 06:08:00,TRK-075,Rute-O,Gudang West (Tangerang),852.4,1200,24.58,0.6,53.2,DELIVERED,YES
2026-07-11 09:15:00,TRK-076,Rute-A,Central Hub (Jakarta),853.5,1200,14.5,0.8,54.0,IN_TRANSIT,YES
2026-07-12 12:22:00,TRK-077,Rute-B,Grogol Hub (Jakbar),854.6,1200,14.92,1.0,54.8,IDLE_DOCK,NO
2026-07-13 15:29:00,TRK-078,Rute-C,Petamburan Hub,855.7,1200,15.34,1.1,55.6,LOADED,YES
2026-07-14 06:36:00,TRK-079,Rute-D,Bekasi Logistics Hub,856.8,1200,15.76,1.3,56.4,DELIVERED,YES
2026-07-15 09:43:00,TRK-080,Rute-E,Depok Hub,857.9,1200,16.18,1.5,57.2,IN_TRANSIT,YES
2026-07-16 12:50:00,TRK-081,Rute-F,Bogor Transit Hub,859.0,1200,16.6,1.7,58.0,IDLE_DOCK,NO
2026-07-17 15:57:00,TRK-082,Rute-G,Cikarang Industrial Hub,860.1,1200,17.02,1.9,58.8,LOADED,YES
2026-07-18 06:04:00,TRK-083,Rute-H,Gudang West (Tangerang),861.2,1200,17.44,2.0,59.6,DELIVERED,YES
2026-07-19 09:11:00,TRK-084,Rute-I,Central Hub (Jakarta),862.3,1200,17.86,2.2,60.4,IN_TRANSIT,YES
2026-07-20 12:18:00,TRK-085,Rute-J,Grogol Hub (Jakbar),863.4,1200,18.28,2.4,61.2,IDLE_DOCK,NO
2026-07-21 15:25:00,TRK-086,Rute-K,Petamburan Hub,864.5,1200,18.7,0.6,62.0,LOADED,YES
2026-07-22 06:32:00,TRK-087,Rute-L,Bekasi Logistics Hub,865.6,1200,19.12,0.8,62.8,DELIVERED,YES
2026-07-23 09:39:00,TRK-088,Rute-M,Depok Hub,866.7,1200,19.54,1.0,63.6,IN_TRANSIT,YES
2026-07-24 12:46:00,TRK-089,Rute-N,Bogor Transit Hub,867.8,1200,19.96,1.1,64.4,IDLE_DOCK,NO
2026-07-25 15:53:00,TRK-090,Rute-O,Cikarang Industrial Hub,868.9,1200,20.38,1.3,65.2,LOADED,YES
2026-07-26 06:00:00,TRK-091,Rute-A,Gudang West (Tangerang),870.0,1200,20.8,1.5,66.0,DELIVERED,YES
2026-07-27 09:07:00,TRK-092,Rute-B,Central Hub (Jakarta),871.1,1200,21.22,1.7,66.8,IN_TRANSIT,YES
2026-07-28 12:14:00,TRK-093,Rute-C,Grogol Hub (Jakbar),872.2,1200,21.64,1.9,67.6,IDLE_DOCK,NO
2026-07-29 15:21:00,TRK-094,Rute-D,Petamburan Hub,873.3,1200,22.06,2.0,68.4,LOADED,YES
2026-07-30 06:28:00,TRK-095,Rute-E,Bekasi Logistics Hub,874.4,1200,22.48,2.2,69.2,DELIVERED,YES
2026-07-31 09:35:00,TRK-096,Rute-F,Depok Hub,875.5,1200,22.9,2.4,70.0,IN_TRANSIT,YES
2026-07-01 12:42:00,TRK-097,Rute-G,Bogor Transit Hub,876.6,1200,23.32,0.6,70.8,IDLE_DOCK,NO
2026-07-02 15:49:00,TRK-098,Rute-H,Cikarang Industrial Hub,877.7,1200,23.74,0.8,71.6,LOADED,YES
2026-07-03 06:56:00,TRK-099,Rute-I,Gudang West (Tangerang),878.8,1200,24.16,1.0,72.4,DELIVERED,YES
2026-07-04 09:03:00,TRK-100,Rute-J,Central Hub (Jakarta),879.9,1200,24.58,1.1,73.2,IN_TRANSIT,YES
2026-07-05 12:10:00,TRK-101,Rute-K,Grogol Hub (Jakbar),881.0,1200,14.5,1.3,74.0,IDLE_DOCK,NO
2026-07-06 15:17:00,TRK-102,Rute-L,Petamburan Hub,882.1,1200,14.92,1.5,74.8,LOADED,YES
2026-07-07 06:24:00,TRK-103,Rute-M,Bekasi Logistics Hub,883.2,1200,15.34,1.7,75.6,DELIVERED,YES
2026-07-08 09:31:00,TRK-104,Rute-N,Depok Hub,884.3,1200,15.76,1.9,76.4,IN_TRANSIT,YES
2026-07-09 12:38:00,TRK-105,Rute-O,Bogor Transit Hub,885.4,1200,16.18,2.0,77.2,IDLE_DOCK,NO
2026-07-10 15:45:00,TRK-106,Rute-A,Cikarang Industrial Hub,886.5,1200,16.6,2.2,78.0,LOADED,YES
2026-07-11 06:52:00,TRK-107,Rute-B,Gudang West (Tangerang),887.6,1200,17.02,2.4,78.8,DELIVERED,YES
2026-07-12 09:59:00,TRK-108,Rute-C,Central Hub (Jakarta),888.7,1200,17.44,0.6,79.6,IN_TRANSIT,YES
2026-07-13 12:06:00,TRK-109,Rute-D,Grogol Hub (Jakbar),889.8,1200,17.86,0.8,80.4,IDLE_DOCK,NO
2026-07-14 15:13:00,TRK-110,Rute-E,Petamburan Hub,890.9,1200,18.28,1.0,81.2,LOADED,YES
2026-07-15 06:20:00,TRK-111,Rute-F,Bekasi Logistics Hub,892.0,1200,18.7,1.1,82.0,DELIVERED,YES
2026-07-16 09:27:00,TRK-112,Rute-G,Depok Hub,893.1,1200,19.12,1.3,82.8,IN_TRANSIT,YES
2026-07-17 12:34:00,TRK-113,Rute-H,Bogor Transit Hub,894.2,1200,19.54,1.5,83.6,IDLE_DOCK,NO
2026-07-18 15:41:00,TRK-114,Rute-I,Cikarang Industrial Hub,895.3,1200,19.96,1.7,84.4,LOADED,YES
2026-07-19 06:48:00,TRK-115,Rute-J,Gudang West (Tangerang),896.4,1200,20.38,1.9,85.2,DELIVERED,YES
2026-07-20 09:55:00,TRK-116,Rute-K,Central Hub (Jakarta),897.5,1200,20.8,2.0,86.0,IN_TRANSIT,YES
2026-07-21 12:02:00,TRK-117,Rute-L,Grogol Hub (Jakbar),898.6,1200,21.22,2.2,86.8,IDLE_DOCK,NO
2026-07-22 15:09:00,TRK-118,Rute-M,Petamburan Hub,899.7,1200,21.64,2.4,87.6,LOADED,YES
2026-07-23 06:16:00,TRK-119,Rute-N,Bekasi Logistics Hub,900.8,1200,22.06,0.6,88.4,DELIVERED,YES
2026-07-24 09:23:00,TRK-120,Rute-O,Depok Hub,901.9,1200,22.48,0.8,89.2,IN_TRANSIT,YES
2026-07-25 12:30:00,TRK-121,Rute-A,Bogor Transit Hub,903.0,1200,22.9,1.0,18.0,IDLE_DOCK,NO
2026-07-26 15:37:00,TRK-122,Rute-B,Cikarang Industrial Hub,904.1,1200,23.32,1.1,18.8,LOADED,YES
2026-07-27 06:44:00,TRK-123,Rute-C,Gudang West (Tangerang),905.2,1200,23.74,1.3,19.6,DELIVERED,YES
2026-07-28 09:51:00,TRK-124,Rute-D,Central Hub (Jakarta),906.3,1200,24.16,1.5,20.4,IN_TRANSIT,YES
2026-07-29 12:58:00,TRK-125,Rute-E,Grogol Hub (Jakbar),907.4,1200,24.58,1.7,21.2,IDLE_DOCK,NO
2026-07-30 15:05:00,TRK-126,Rute-F,Petamburan Hub,908.5,1200,14.5,1.9,22.0,LOADED,YES
2026-07-31 06:12:00,TRK-127,Rute-G,Bekasi Logistics Hub,909.6,1200,14.92,2.0,22.8,DELIVERED,YES
2026-07-01 09:19:00,TRK-128,Rute-H,Depok Hub,910.7,1200,15.34,2.2,23.6,IN_TRANSIT,YES
2026-07-02 12:26:00,TRK-129,Rute-I,Bogor Transit Hub,911.8,1200,15.76,2.4,24.4,IDLE_DOCK,NO
2026-07-03 15:33:00,TRK-130,Rute-J,Cikarang Industrial Hub,912.9,1200,16.18,0.6,25.2,LOADED,YES
2026-07-04 06:40:00,TRK-131,Rute-K,Gudang West (Tangerang),914.0,1200,16.6,0.8,26.0,DELIVERED,YES
2026-07-05 09:47:00,TRK-132,Rute-L,Central Hub (Jakarta),915.1,1200,17.02,1.0,26.8,IN_TRANSIT,YES
2026-07-06 12:54:00,TRK-133,Rute-M,Grogol Hub (Jakbar),916.2,1200,17.44,1.1,27.6,IDLE_DOCK,NO
2026-07-07 15:01:00,TRK-134,Rute-N,Petamburan Hub,917.3,1200,17.86,1.3,28.4,LOADED,YES
2026-07-08 06:08:00,TRK-135,Rute-O,Bekasi Logistics Hub,918.4,1200,18.28,1.5,29.2,DELIVERED,YES
2026-07-09 09:15:00,TRK-136,Rute-A,Depok Hub,919.5,1200,18.7,1.7,30.0,IN_TRANSIT,YES
2026-07-10 12:22:00,TRK-137,Rute-B,Bogor Transit Hub,920.6,1200,19.12,1.9,30.8,IDLE_DOCK,NO
2026-07-11 15:29:00,TRK-138,Rute-C,Cikarang Industrial Hub,921.7,1200,19.54,2.0,31.6,LOADED,YES
2026-07-12 06:36:00,TRK-139,Rute-D,Gudang West (Tangerang),922.8,1200,19.96,2.2,32.4,DELIVERED,YES
2026-07-13 09:43:00,TRK-140,Rute-E,Central Hub (Jakarta),923.9,1200,20.38,2.4,33.2,IN_TRANSIT,YES
2026-07-14 12:50:00,TRK-141,Rute-F,Grogol Hub (Jakbar),925.0,1200,20.8,0.6,34.0,IDLE_DOCK,NO
2026-07-15 15:57:00,TRK-142,Rute-G,Petamburan Hub,926.1,1200,21.22,0.8,34.8,LOADED,YES
2026-07-16 06:04:00,TRK-143,Rute-H,Bekasi Logistics Hub,927.2,1200,21.64,1.0,35.6,DELIVERED,YES
2026-07-17 09:11:00,TRK-144,Rute-I,Depok Hub,928.3,1200,22.06,1.1,36.4,IN_TRANSIT,YES
2026-07-18 12:18:00,TRK-145,Rute-J,Bogor Transit Hub,929.4,1200,22.48,1.3,37.2,IDLE_DOCK,NO
2026-07-19 15:25:00,TRK-146,Rute-K,Cikarang Industrial Hub,930.5,1200,22.9,1.5,38.0,LOADED,YES
2026-07-20 06:32:00,TRK-147,Rute-L,Gudang West (Tangerang),931.6,1200,23.32,1.7,38.8,DELIVERED,YES
2026-07-21 09:39:00,TRK-148,Rute-M,Central Hub (Jakarta),932.7,1200,23.74,1.9,39.6,IN_TRANSIT,YES
2026-07-22 12:46:00,TRK-149,Rute-N,Grogol Hub (Jakbar),933.8,1200,24.16,2.0,40.4,IDLE_DOCK,NO
2026-07-23 15:53:00,TRK-150,Rute-O,Petamburan Hub,934.9,1200,24.58,2.2,41.2,LOADED,YES
2026-07-24 06:00:00,TRK-001,Rute-A,Bekasi Logistics Hub,936.0,1200,14.5,2.4,42.0,DELIVERED,YES
2026-07-25 09:07:00,TRK-002,Rute-B,Depok Hub,937.1,1200,14.92,0.6,42.8,IN_TRANSIT,YES
2026-07-26 12:14:00,TRK-003,Rute-C,Bogor Transit Hub,938.2,1200,15.34,0.8,43.6,IDLE_DOCK,NO
2026-07-27 15:21:00,TRK-004,Rute-D,Cikarang Industrial Hub,939.3,1200,15.76,1.0,44.4,LOADED,YES
2026-07-28 06:28:00,TRK-005,Rute-E,Gudang West (Tangerang),940.4,1200,16.18,1.1,45.2,DELIVERED,YES
2026-07-29 09:35:00,TRK-006,Rute-F,Central Hub (Jakarta),941.5,1200,16.6,1.3,46.0,IN_TRANSIT,YES
2026-07-30 12:42:00,TRK-007,Rute-G,Grogol Hub (Jakbar),942.6,1200,17.02,1.5,46.8,IDLE_DOCK,NO
2026-07-31 15:49:00,TRK-008,Rute-H,Petamburan Hub,943.7,1200,17.44,1.7,47.6,LOADED,YES
2026-07-01 06:56:00,TRK-009,Rute-I,Bekasi Logistics Hub,944.8,1200,17.86,1.9,48.4,DELIVERED,YES
2026-07-02 09:03:00,TRK-010,Rute-J,Depok Hub,945.9,1200,18.28,2.0,49.2,IN_TRANSIT,YES
2026-07-03 12:10:00,TRK-011,Rute-K,Bogor Transit Hub,947.0,1200,18.7,2.2,50.0,IDLE_DOCK,NO
2026-07-04 15:17:00,TRK-012,Rute-L,Cikarang Industrial Hub,948.1,1200,19.12,2.4,50.8,LOADED,YES
2026-07-05 06:24:00,TRK-013,Rute-M,Gudang West (Tangerang),949.2,1200,19.54,0.6,51.6,DELIVERED,YES
2026-07-06 09:31:00,TRK-014,Rute-N,Central Hub (Jakarta),950.3,1200,19.96,0.8,52.4,IN_TRANSIT,YES
2026-07-07 12:38:00,TRK-015,Rute-O,Grogol Hub (Jakbar),951.4,1200,20.38,1.0,53.2,IDLE_DOCK,NO
2026-07-08 15:45:00,TRK-016,Rute-A,Petamburan Hub,952.5,1200,20.8,1.1,54.0,LOADED,YES
2026-07-09 06:52:00,TRK-017,Rute-B,Bekasi Logistics Hub,953.6,1200,21.22,1.3,54.8,DELIVERED,YES
2026-07-10 09:59:00,TRK-018,Rute-C,Depok Hub,954.7,1200,21.64,1.5,55.6,IN_TRANSIT,YES
2026-07-11 12:06:00,TRK-019,Rute-D,Bogor Transit Hub,955.8,1200,22.06,1.7,56.4,IDLE_DOCK,NO
2026-07-12 15:13:00,TRK-020,Rute-E,Cikarang Industrial Hub,956.9,1200,22.48,1.9,57.2,LOADED,YES
2026-07-13 06:20:00,TRK-021,Rute-F,Gudang West (Tangerang),958.0,1200,22.9,2.0,58.0,DELIVERED,YES
2026-07-14 09:27:00,TRK-022,Rute-G,Central Hub (Jakarta),959.1,1200,23.32,2.2,58.8,IN_TRANSIT,YES
2026-07-15 12:34:00,TRK-023,Rute-H,Grogol Hub (Jakbar),960.2,1200,23.74,2.4,59.6,IDLE_DOCK,NO
2026-07-16 15:41:00,TRK-024,Rute-I,Petamburan Hub,961.3,1200,24.16,0.6,60.4,LOADED,YES
2026-07-17 06:48:00,TRK-025,Rute-J,Bekasi Logistics Hub,962.4,1200,24.58,0.8,61.2,DELIVERED,YES
2026-07-18 09:55:00,TRK-026,Rute-K,Depok Hub,963.5,1200,14.5,1.0,62.0,IN_TRANSIT,YES
2026-07-19 12:02:00,TRK-027,Rute-L,Bogor Transit Hub,964.6,1200,14.92,1.1,62.8,IDLE_DOCK,NO
2026-07-20 15:09:00,TRK-028,Rute-M,Cikarang Industrial Hub,965.7,1200,15.34,1.3,63.6,LOADED,YES
2026-07-21 06:16:00,TRK-029,Rute-N,Gudang West (Tangerang),966.8,1200,15.76,1.5,64.4,DELIVERED,YES
2026-07-22 09:23:00,TRK-030,Rute-O,Central Hub (Jakarta),967.9,1200,16.18,1.7,65.2,IN_TRANSIT,YES
2026-07-23 12:30:00,TRK-031,Rute-A,Grogol Hub (Jakbar),969.0,1200,16.6,1.9,66.0,IDLE_DOCK,NO
2026-07-24 15:37:00,TRK-032,Rute-B,Petamburan Hub,970.1,1200,17.02,2.0,66.8,LOADED,YES
2026-07-25 06:44:00,TRK-033,Rute-C,Bekasi Logistics Hub,971.2,1200,17.44,2.2,67.6,DELIVERED,YES
2026-07-26 09:51:00,TRK-034,Rute-D,Depok Hub,972.3,1200,17.86,2.4,68.4,IN_TRANSIT,YES
2026-07-27 12:58:00,TRK-035,Rute-E,Bogor Transit Hub,973.4,1200,18.28,0.6,69.2,IDLE_DOCK,NO
2026-07-28 15:05:00,TRK-036,Rute-F,Cikarang Industrial Hub,974.5,1200,18.7,0.8,70.0,LOADED,YES
2026-07-29 06:12:00,TRK-037,Rute-G,Gudang West (Tangerang),975.6,1200,19.12,1.0,70.8,DELIVERED,YES
2026-07-30 09:19:00,TRK-038,Rute-H,Central Hub (Jakarta),976.7,1200,19.54,1.1,71.6,IN_TRANSIT,YES
2026-07-31 12:26:00,TRK-039,Rute-I,Grogol Hub (Jakbar),977.8,1200,19.96,1.3,72.4,IDLE_DOCK,NO
2026-07-01 15:33:00,TRK-040,Rute-J,Petamburan Hub,978.9,1200,20.38,1.5,73.2,LOADED,YES
2026-07-02 06:40:00,TRK-041,Rute-K,Bekasi Logistics Hub,980.0,1200,20.8,1.7,74.0,DELIVERED,YES
2026-07-03 09:47:00,TRK-042,Rute-L,Depok Hub,981.1,1200,21.22,1.9,74.8,IN_TRANSIT,YES
2026-07-04 12:54:00,TRK-043,Rute-M,Bogor Transit Hub,982.2,1200,21.64,2.0,75.6,IDLE_DOCK,NO
2026-07-05 15:01:00,TRK-044,Rute-N,Cikarang Industrial Hub,983.3,1200,22.06,2.2,76.4,LOADED,YES
2026-07-06 06:08:00,TRK-045,Rute-O,Gudang West (Tangerang),984.4,1200,22.48,2.4,77.2,DELIVERED,YES
2026-07-07 09:15:00,TRK-046,Rute-A,Central Hub (Jakarta),985.5,1200,22.9,0.6,78.0,IN_TRANSIT,YES
2026-07-08 12:22:00,TRK-047,Rute-B,Grogol Hub (Jakbar),986.6,1200,23.32,0.8,78.8,IDLE_DOCK,NO
2026-07-09 15:29:00,TRK-048,Rute-C,Petamburan Hub,987.7,1200,23.74,1.0,79.6,LOADED,YES
2026-07-10 06:36:00,TRK-049,Rute-D,Bekasi Logistics Hub,988.8,1200,24.16,1.1,80.4,DELIVERED,YES
2026-07-11 09:43:00,TRK-050,Rute-E,Depok Hub,989.9,1200,24.58,1.3,81.2,IN_TRANSIT,YES
2026-07-12 12:50:00,TRK-051,Rute-F,Bogor Transit Hub,991.0,1200,14.5,1.5,82.0,IDLE_DOCK,NO
2026-07-13 15:57:00,TRK-052,Rute-G,Cikarang Industrial Hub,992.1,1200,14.92,1.7,82.8,LOADED,YES
2026-07-14 06:04:00,TRK-053,Rute-H,Gudang West (Tangerang),993.2,1200,15.34,1.9,83.6,DELIVERED,YES
2026-07-15 09:11:00,TRK-054,Rute-I,Central Hub (Jakarta),994.3,1200,15.76,2.0,84.4,IN_TRANSIT,YES
2026-07-16 12:18:00,TRK-055,Rute-J,Grogol Hub (Jakbar),995.4,1200,16.18,2.2,85.2,IDLE_DOCK,NO
2026-07-17 15:25:00,TRK-056,Rute-K,Petamburan Hub,996.5,1200,16.6,2.4,86.0,LOADED,YES
2026-07-18 06:32:00,TRK-057,Rute-L,Bekasi Logistics Hub,997.6,1200,17.02,0.6,86.8,DELIVERED,YES
2026-07-19 09:39:00,TRK-058,Rute-M,Depok Hub,998.7,1200,17.44,0.8,87.6,IN_TRANSIT,YES
2026-07-20 12:46:00,TRK-059,Rute-N,Bogor Transit Hub,999.8,1200,17.86,1.0,88.4,IDLE_DOCK,NO
2026-07-21 15:53:00,TRK-060,Rute-O,Cikarang Industrial Hub,1000.9,1200,18.28,1.1,89.2,LOADED,YES
2026-07-22 06:00:00,TRK-061,Rute-A,Gudang West (Tangerang),1002.0,1200,18.7,1.3,18.0,DELIVERED,YES
2026-07-23 09:07:00,TRK-062,Rute-B,Central Hub (Jakarta),1003.1,1200,19.12,1.5,18.8,IN_TRANSIT,YES
2026-07-24 12:14:00,TRK-063,Rute-C,Grogol Hub (Jakbar),1004.2,1200,19.54,1.7,19.6,IDLE_DOCK,NO
2026-07-25 15:21:00,TRK-064,Rute-D,Petamburan Hub,1005.3,1200,19.96,1.9,20.4,LOADED,YES
2026-07-26 06:28:00,TRK-065,Rute-E,Bekasi Logistics Hub,1006.4,1200,20.38,2.0,21.2,DELIVERED,YES
2026-07-27 09:35:00,TRK-066,Rute-F,Depok Hub,1007.5,1200,20.8,2.2,22.0,IN_TRANSIT,YES
2026-07-28 12:42:00,TRK-067,Rute-G,Bogor Transit Hub,1008.6,1200,21.22,2.4,22.8,IDLE_DOCK,NO
2026-07-29 15:49:00,TRK-068,Rute-H,Cikarang Industrial Hub,1009.7,1200,21.64,0.6,23.6,LOADED,YES
2026-07-30 06:56:00,TRK-069,Rute-I,Gudang West (Tangerang),1010.8,1200,22.06,0.8,24.4,DELIVERED,YES
2026-07-31 09:03:00,TRK-070,Rute-J,Central Hub (Jakarta),1011.9,1200,22.48,1.0,25.2,IN_TRANSIT,YES
2026-07-01 12:10:00,TRK-071,Rute-K,Grogol Hub (Jakbar),1013.0,1200,22.9,1.1,26.0,IDLE_DOCK,NO
2026-07-02 15:17:00,TRK-072,Rute-L,Petamburan Hub,1014.1,1200,23.32,1.3,26.8,LOADED,YES
2026-07-03 06:24:00,TRK-073,Rute-M,Bekasi Logistics Hub,1015.2,1200,23.74,1.5,27.6,DELIVERED,YES
2026-07-04 09:31:00,TRK-074,Rute-N,Depok Hub,1016.3,1200,24.16,1.7,28.4,IN_TRANSIT,YES
2026-07-05 12:38:00,TRK-075,Rute-O,Bogor Transit Hub,1017.4,1200,24.58,1.9,29.2,IDLE_DOCK,NO
2026-07-06 15:45:00,TRK-076,Rute-A,Cikarang Industrial Hub,1018.5,1200,14.5,2.0,30.0,LOADED,YES
2026-07-07 06:52:00,TRK-077,Rute-B,Gudang West (Tangerang),1019.6,1200,14.92,2.2,30.8,DELIVERED,YES
2026-07-08 09:59:00,TRK-078,Rute-C,Central Hub (Jakarta),1020.7,1200,15.34,2.4,31.6,IN_TRANSIT,YES
2026-07-09 12:06:00,TRK-079,Rute-D,Grogol Hub (Jakbar),1021.8,1200,15.76,0.6,32.4,IDLE_DOCK,NO
2026-07-10 15:13:00,TRK-080,Rute-E,Petamburan Hub,1022.9,1200,16.18,0.8,33.2,LOADED,YES
2026-07-11 06:20:00,TRK-081,Rute-F,Bekasi Logistics Hub,1024.0,1200,16.6,1.0,34.0,DELIVERED,YES
2026-07-12 09:27:00,TRK-082,Rute-G,Depok Hub,1025.1,1200,17.02,1.1,34.8,IN_TRANSIT,YES
2026-07-13 12:34:00,TRK-083,Rute-H,Bogor Transit Hub,1026.2,1200,17.44,1.3,35.6,IDLE_DOCK,NO
2026-07-14 15:41:00,TRK-084,Rute-I,Cikarang Industrial Hub,1027.3,1200,17.86,1.5,36.4,LOADED,YES
2026-07-15 06:48:00,TRK-085,Rute-J,Gudang West (Tangerang),1028.4,1200,18.28,1.7,37.2,DELIVERED,YES
2026-07-16 09:55:00,TRK-086,Rute-K,Central Hub (Jakarta),1029.5,1200,18.7,1.9,38.0,IN_TRANSIT,YES
2026-07-17 12:02:00,TRK-087,Rute-L,Grogol Hub (Jakbar),1030.6,1200,19.12,2.0,38.8,IDLE_DOCK,NO
2026-07-18 15:09:00,TRK-088,Rute-M,Petamburan Hub,1031.7,1200,19.54,2.2,39.6,LOADED,YES
2026-07-19 06:16:00,TRK-089,Rute-N,Bekasi Logistics Hub,1032.8,1200,19.96,2.4,40.4,DELIVERED,YES
2026-07-20 09:23:00,TRK-090,Rute-O,Depok Hub,1033.9,1200,20.38,0.6,41.2,IN_TRANSIT,YES
2026-07-21 12:30:00,TRK-091,Rute-A,Bogor Transit Hub,1035.0,1200,20.8,0.8,42.0,IDLE_DOCK,NO
2026-07-22 15:37:00,TRK-092,Rute-B,Cikarang Industrial Hub,1036.1,1200,21.22,1.0,42.8,LOADED,YES
2026-07-23 06:44:00,TRK-093,Rute-C,Gudang West (Tangerang),1037.2,1200,21.64,1.1,43.6,DELIVERED,YES
2026-07-24 09:51:00,TRK-094,Rute-D,Central Hub (Jakarta),1038.3,1200,22.06,1.3,44.4,IN_TRANSIT,YES
2026-07-25 12:58:00,TRK-095,Rute-E,Grogol Hub (Jakbar),1039.4,1200,22.48,1.5,45.2,IDLE_DOCK,NO
2026-07-26 15:05:00,TRK-096,Rute-F,Petamburan Hub,1040.5,1200,22.9,1.7,46.0,LOADED,YES
2026-07-27 06:12:00,TRK-097,Rute-G,Bekasi Logistics Hub,1041.6,1200,23.32,1.9,46.8,DELIVERED,YES
2026-07-28 09:19:00,TRK-098,Rute-H,Depok Hub,1042.7,1200,23.74,2.0,47.6,IN_TRANSIT,YES
2026-07-29 12:26:00,TRK-099,Rute-I,Bogor Transit Hub,1043.8,1200,24.16,2.2,48.4,IDLE_DOCK,NO
2026-07-30 15:33:00,TRK-100,Rute-J,Cikarang Industrial Hub,1044.9,1200,24.58,2.4,49.2,LOADED,YES
2026-07-31 06:40:00,TRK-101,Rute-K,Gudang West (Tangerang),1046.0,1200,14.5,0.6,50.0,DELIVERED,YES
2026-07-01 09:47:00,TRK-102,Rute-L,Central Hub (Jakarta),1047.1,1200,14.92,0.8,50.8,IN_TRANSIT,YES
2026-07-02 12:54:00,TRK-103,Rute-M,Grogol Hub (Jakbar),1048.2,1200,15.34,1.0,51.6,IDLE_DOCK,NO
2026-07-03 15:01:00,TRK-104,Rute-N,Petamburan Hub,1049.3,1200,15.76,1.1,52.4,LOADED,YES
2026-07-04 06:08:00,TRK-105,Rute-O,Bekasi Logistics Hub,1050.4,1200,16.18,1.3,53.2,DELIVERED,YES
2026-07-05 09:15:00,TRK-106,Rute-A,Depok Hub,1051.5,1200,16.6,1.5,54.0,IN_TRANSIT,YES
2026-07-06 12:22:00,TRK-107,Rute-B,Bogor Transit Hub,1052.6,1200,17.02,1.7,54.8,IDLE_DOCK,NO
2026-07-07 15:29:00,TRK-108,Rute-C,Cikarang Industrial Hub,1053.7,1200,17.44,1.9,55.6,LOADED,YES
2026-07-08 06:36:00,TRK-109,Rute-D,Gudang West (Tangerang),1054.8,1200,17.86,2.0,56.4,DELIVERED,YES
2026-07-09 09:43:00,TRK-110,Rute-E,Central Hub (Jakarta),1055.9,1200,18.28,2.2,57.2,IN_TRANSIT,YES
2026-07-10 12:50:00,TRK-111,Rute-F,Grogol Hub (Jakbar),1057.0,1200,18.7,2.4,58.0,IDLE_DOCK,NO
2026-07-11 15:57:00,TRK-112,Rute-G,Petamburan Hub,1058.1,1200,19.12,0.6,58.8,LOADED,YES
2026-07-12 06:04:00,TRK-113,Rute-H,Bekasi Logistics Hub,1059.2,1200,19.54,0.8,59.6,DELIVERED,YES
2026-07-13 09:11:00,TRK-114,Rute-I,Depok Hub,1060.3,1200,19.96,1.0,60.4,IN_TRANSIT,YES
2026-07-14 12:18:00,TRK-115,Rute-J,Bogor Transit Hub,1061.4,1200,20.38,1.1,61.2,IDLE_DOCK,NO
2026-07-15 15:25:00,TRK-116,Rute-K,Cikarang Industrial Hub,1062.5,1200,20.8,1.3,62.0,LOADED,YES
2026-07-16 06:32:00,TRK-117,Rute-L,Gudang West (Tangerang),1063.6,1200,21.22,1.5,62.8,DELIVERED,YES
2026-07-17 09:39:00,TRK-118,Rute-M,Central Hub (Jakarta),1064.7,1200,21.64,1.7,63.6,IN_TRANSIT,YES
2026-07-18 12:46:00,TRK-119,Rute-N,Grogol Hub (Jakbar),1065.8,1200,22.06,1.9,64.4,IDLE_DOCK,NO
2026-07-19 15:53:00,TRK-120,Rute-O,Petamburan Hub,1066.9,1200,22.48,2.0,65.2,LOADED,YES
2026-07-20 06:00:00,TRK-121,Rute-A,Bekasi Logistics Hub,1068.0,1200,22.9,2.2,66.0,DELIVERED,YES
2026-07-21 09:07:00,TRK-122,Rute-B,Depok Hub,1069.1,1200,23.32,2.4,66.8,IN_TRANSIT,YES
2026-07-22 12:14:00,TRK-123,Rute-C,Bogor Transit Hub,1070.2,1200,23.74,0.6,67.6,IDLE_DOCK,NO
2026-07-23 15:21:00,TRK-124,Rute-D,Cikarang Industrial Hub,1071.3,1200,24.16,0.8,68.4,LOADED,YES
2026-07-24 06:28:00,TRK-125,Rute-E,Gudang West (Tangerang),1072.4,1200,24.58,1.0,69.2,DELIVERED,YES
2026-07-25 09:35:00,TRK-126,Rute-F,Central Hub (Jakarta),1073.5,1200,14.5,1.1,70.0,IN_TRANSIT,YES
2026-07-26 12:42:00,TRK-127,Rute-G,Grogol Hub (Jakbar),1074.6,1200,14.92,1.3,70.8,IDLE_DOCK,NO
2026-07-27 15:49:00,TRK-128,Rute-H,Petamburan Hub,1075.7,1200,15.34,1.5,71.6,LOADED,YES
2026-07-28 06:56:00,TRK-129,Rute-I,Bekasi Logistics Hub,1076.8,1200,15.76,1.7,72.4,DELIVERED,YES
2026-07-29 09:03:00,TRK-130,Rute-J,Depok Hub,1077.9,1200,16.18,1.9,73.2,IN_TRANSIT,YES
2026-07-30 12:10:00,TRK-131,Rute-K,Bogor Transit Hub,1079.0,1200,16.6,2.0,74.0,IDLE_DOCK,NO
2026-07-31 15:17:00,TRK-132,Rute-L,Cikarang Industrial Hub,1080.1,1200,17.02,2.2,74.8,LOADED,YES
2026-07-01 06:24:00,TRK-133,Rute-M,Gudang West (Tangerang),1081.2,1200,17.44,2.4,75.6,DELIVERED,YES
2026-07-02 09:31:00,TRK-134,Rute-N,Central Hub (Jakarta),1082.3,1200,17.86,0.6,76.4,IN_TRANSIT,YES
2026-07-03 12:38:00,TRK-135,Rute-O,Grogol Hub (Jakbar),1083.4,1200,18.28,0.8,77.2,IDLE_DOCK,NO
2026-07-04 15:45:00,TRK-136,Rute-A,Petamburan Hub,1084.5,1200,18.7,1.0,78.0,LOADED,YES
2026-07-05 06:52:00,TRK-137,Rute-B,Bekasi Logistics Hub,1085.6,1200,19.12,1.1,78.8,DELIVERED,YES
2026-07-06 09:59:00,TRK-138,Rute-C,Depok Hub,1086.7,1200,19.54,1.3,79.6,IN_TRANSIT,YES
2026-07-07 12:06:00,TRK-139,Rute-D,Bogor Transit Hub,1087.8,1200,19.96,1.5,80.4,IDLE_DOCK,NO
2026-07-08 15:13:00,TRK-140,Rute-E,Cikarang Industrial Hub,1088.9,1200,20.38,1.7,81.2,LOADED,YES
2026-07-09 06:20:00,TRK-141,Rute-F,Gudang West (Tangerang),1090.0,1200,20.8,1.9,82.0,DELIVERED,YES
2026-07-10 09:27:00,TRK-142,Rute-G,Central Hub (Jakarta),1091.1,1200,21.22,2.0,82.8,IN_TRANSIT,YES
2026-07-11 12:34:00,TRK-143,Rute-H,Grogol Hub (Jakbar),1092.2,1200,21.64,2.2,83.6,IDLE_DOCK,NO
2026-07-12 15:41:00,TRK-144,Rute-I,Petamburan Hub,1093.3,1200,22.06,2.4,84.4,LOADED,YES
2026-07-13 06:48:00,TRK-145,Rute-J,Bekasi Logistics Hub,1094.4,1200,22.48,0.6,85.2,DELIVERED,YES
2026-07-14 09:55:00,TRK-146,Rute-K,Depok Hub,1095.5,1200,22.9,0.8,86.0,IN_TRANSIT,YES
2026-07-15 12:02:00,TRK-147,Rute-L,Bogor Transit Hub,1096.6,1200,23.32,1.0,86.8,IDLE_DOCK,NO
2026-07-16 15:09:00,TRK-148,Rute-M,Cikarang Industrial Hub,1097.7,1200,23.74,1.1,87.6,LOADED,YES
2026-07-17 06:16:00,TRK-149,Rute-N,Gudang West (Tangerang),1098.8,1200,24.16,1.3,88.4,DELIVERED,YES
2026-07-18 09:23:00,TRK-150,Rute-O,Central Hub (Jakarta),1099.9,1200,24.58,1.5,89.2,IN_TRANSIT,YES
2026-07-19 12:30:00,TRK-001,Rute-A,Grogol Hub (Jakbar),1101.0,1200,14.5,1.7,18.0,IDLE_DOCK,NO
2026-07-20 15:37:00,TRK-002,Rute-B,Petamburan Hub,1102.1,1200,14.92,1.9,18.8,LOADED,YES
2026-07-21 06:44:00,TRK-003,Rute-C,Bekasi Logistics Hub,1103.2,1200,15.34,2.0,19.6,DELIVERED,YES
2026-07-22 09:51:00,TRK-004,Rute-D,Depok Hub,1104.3,1200,15.76,2.2,20.4,IN_TRANSIT,YES
2026-07-23 12:58:00,TRK-005,Rute-E,Bogor Transit Hub,1105.4,1200,16.18,2.4,21.2,IDLE_DOCK,NO
2026-07-24 15:05:00,TRK-006,Rute-F,Cikarang Industrial Hub,1106.5,1200,16.6,0.6,22.0,LOADED,YES
2026-07-25 06:12:00,TRK-007,Rute-G,Gudang West (Tangerang),1107.6,1200,17.02,0.8,22.8,DELIVERED,YES
2026-07-26 09:19:00,TRK-008,Rute-H,Central Hub (Jakarta),1108.7,1200,17.44,1.0,23.6,IN_TRANSIT,YES
2026-07-27 12:26:00,TRK-009,Rute-I,Grogol Hub (Jakbar),1109.8,1200,17.86,1.1,24.4,IDLE_DOCK,NO
2026-07-28 15:33:00,TRK-010,Rute-J,Petamburan Hub,1110.9,1200,18.28,1.3,25.2,LOADED,YES
2026-07-29 06:40:00,TRK-011,Rute-K,Bekasi Logistics Hub,1112.0,1200,18.7,1.5,26.0,DELIVERED,YES
2026-07-30 09:47:00,TRK-012,Rute-L,Depok Hub,1113.1,1200,19.12,1.7,26.8,IN_TRANSIT,YES
2026-07-31 12:54:00,TRK-013,Rute-M,Bogor Transit Hub,1114.2,1200,19.54,1.9,27.6,IDLE_DOCK,NO
2026-07-01 15:01:00,TRK-014,Rute-N,Cikarang Industrial Hub,1115.3,1200,19.96,2.0,28.4,LOADED,YES
2026-07-02 06:08:00,TRK-015,Rute-O,Gudang West (Tangerang),1116.4,1200,20.38,2.2,29.2,DELIVERED,YES
2026-07-03 09:15:00,TRK-016,Rute-A,Central Hub (Jakarta),1117.5,1200,20.8,2.4,30.0,IN_TRANSIT,YES
2026-07-04 12:22:00,TRK-017,Rute-B,Grogol Hub (Jakbar),1118.6,1200,21.22,0.6,30.8,IDLE_DOCK,NO
2026-07-05 15:29:00,TRK-018,Rute-C,Petamburan Hub,1119.7,1200,21.64,0.8,31.6,LOADED,YES
2026-07-06 06:36:00,TRK-019,Rute-D,Bekasi Logistics Hub,1120.8,1200,22.06,1.0,32.4,DELIVERED,YES
2026-07-07 09:43:00,TRK-020,Rute-E,Depok Hub,1121.9,1200,22.48,1.1,33.2,IN_TRANSIT,YES
2026-07-08 12:50:00,TRK-021,Rute-F,Bogor Transit Hub,1123.0,1200,22.9,1.3,34.0,IDLE_DOCK,NO
2026-07-09 15:57:00,TRK-022,Rute-G,Cikarang Industrial Hub,1124.1,1200,23.32,1.5,34.8,LOADED,YES
2026-07-10 06:04:00,TRK-023,Rute-H,Gudang West (Tangerang),1125.2,1200,23.74,1.7,35.6,DELIVERED,YES
2026-07-11 09:11:00,TRK-024,Rute-I,Central Hub (Jakarta),1126.3,1200,24.16,1.9,36.4,IN_TRANSIT,YES
2026-07-12 12:18:00,TRK-025,Rute-J,Grogol Hub (Jakbar),1127.4,1200,24.58,2.0,37.2,IDLE_DOCK,NO
2026-07-13 15:25:00,TRK-026,Rute-K,Petamburan Hub,1128.5,1200,14.5,2.2,38.0,LOADED,YES
2026-07-14 06:32:00,TRK-027,Rute-L,Bekasi Logistics Hub,1129.6,1200,14.92,2.4,38.8,DELIVERED,YES
2026-07-15 09:39:00,TRK-028,Rute-M,Depok Hub,1130.7,1200,15.34,0.6,39.6,IN_TRANSIT,YES
2026-07-16 12:46:00,TRK-029,Rute-N,Bogor Transit Hub,1131.8,1200,15.76,0.8,40.4,IDLE_DOCK,NO
2026-07-17 15:53:00,TRK-030,Rute-O,Cikarang Industrial Hub,1132.9,1200,16.18,1.0,41.2,LOADED,YES
2026-07-18 06:00:00,TRK-031,Rute-A,Gudang West (Tangerang),1134.0,1200,16.6,1.1,42.0,DELIVERED,YES
2026-07-19 09:07:00,TRK-032,Rute-B,Central Hub (Jakarta),1135.1,1200,17.02,1.3,42.8,IN_TRANSIT,YES
2026-07-20 12:14:00,TRK-033,Rute-C,Grogol Hub (Jakbar),1136.2,1200,17.44,1.5,43.6,IDLE_DOCK,NO
2026-07-21 15:21:00,TRK-034,Rute-D,Petamburan Hub,1137.3,1200,17.86,1.7,44.4,LOADED,YES
2026-07-22 06:28:00,TRK-035,Rute-E,Bekasi Logistics Hub,1138.4,1200,18.28,1.9,45.2,DELIVERED,YES
2026-07-23 09:35:00,TRK-036,Rute-F,Depok Hub,1139.5,1200,18.7,2.0,46.0,IN_TRANSIT,YES
2026-07-24 12:42:00,TRK-037,Rute-G,Bogor Transit Hub,1140.6,1200,19.12,2.2,46.8,IDLE_DOCK,NO
2026-07-25 15:49:00,TRK-038,Rute-H,Cikarang Industrial Hub,1141.7,1200,19.54,2.4,47.6,LOADED,YES
2026-07-26 06:56:00,TRK-039,Rute-I,Gudang West (Tangerang),1142.8,1200,19.96,0.6,48.4,DELIVERED,YES
2026-07-27 09:03:00,TRK-040,Rute-J,Central Hub (Jakarta),1143.9,1200,20.38,0.8,49.2,IN_TRANSIT,YES
2026-07-28 12:10:00,TRK-041,Rute-K,Grogol Hub (Jakbar),1145.0,1200,20.8,1.0,50.0,IDLE_DOCK,NO
2026-07-29 15:17:00,TRK-042,Rute-L,Petamburan Hub,1146.1,1200,21.22,1.1,50.8,LOADED,YES
2026-07-30 06:24:00,TRK-043,Rute-M,Bekasi Logistics Hub,1147.2,1200,21.64,1.3,51.6,DELIVERED,YES
2026-07-31 09:31:00,TRK-044,Rute-N,Depok Hub,1148.3,1200,22.06,1.5,52.4,IN_TRANSIT,YES
2026-07-01 12:38:00,TRK-045,Rute-O,Bogor Transit Hub,1149.4,1200,22.48,1.7,53.2,IDLE_DOCK,NO
2026-07-02 15:45:00,TRK-046,Rute-A,Cikarang Industrial Hub,1150.5,1200,22.9,1.9,54.0,LOADED,YES
2026-07-03 06:52:00,TRK-047,Rute-B,Gudang West (Tangerang),1151.6,1200,23.32,2.0,54.8,DELIVERED,YES
2026-07-04 09:59:00,TRK-048,Rute-C,Central Hub (Jakarta),1152.7,1200,23.74,2.2,55.6,IN_TRANSIT,YES
2026-07-05 12:06:00,TRK-049,Rute-D,Grogol Hub (Jakbar),1153.8,1200,24.16,2.4,56.4,IDLE_DOCK,NO
2026-07-06 15:13:00,TRK-050,Rute-E,Petamburan Hub,1154.9,1200,24.58,0.6,57.2,LOADED,YES
2026-07-07 06:20:00,TRK-051,Rute-F,Bekasi Logistics Hub,650.0,1200,14.5,0.8,58.0,DELIVERED,YES
2026-07-08 09:27:00,TRK-052,Rute-G,Depok Hub,651.1,1200,14.92,1.0,58.8,IN_TRANSIT,YES
2026-07-09 12:34:00,TRK-053,Rute-H,Bogor Transit Hub,652.2,1200,15.34,1.1,59.6,IDLE_DOCK,NO
2026-07-10 15:41:00,TRK-054,Rute-I,Cikarang Industrial Hub,653.3,1200,15.76,1.3,60.4,LOADED,YES
2026-07-11 06:48:00,TRK-055,Rute-J,Gudang West (Tangerang),654.4,1200,16.18,1.5,61.2,DELIVERED,YES
2026-07-12 09:55:00,TRK-056,Rute-K,Central Hub (Jakarta),655.5,1200,16.6,1.7,62.0,IN_TRANSIT,YES
2026-07-13 12:02:00,TRK-057,Rute-L,Grogol Hub (Jakbar),656.6,1200,17.02,1.9,62.8,IDLE_DOCK,NO
2026-07-14 15:09:00,TRK-058,Rute-M,Petamburan Hub,657.7,1200,17.44,2.0,63.6,LOADED,YES
2026-07-15 06:16:00,TRK-059,Rute-N,Bekasi Logistics Hub,658.8,1200,17.86,2.2,64.4,DELIVERED,YES
2026-07-16 09:23:00,TRK-060,Rute-O,Depok Hub,659.9,1200,18.28,2.4,65.2,IN_TRANSIT,YES
2026-07-17 12:30:00,TRK-061,Rute-A,Bogor Transit Hub,661.0,1200,18.7,0.6,66.0,IDLE_DOCK,NO
2026-07-18 15:37:00,TRK-062,Rute-B,Cikarang Industrial Hub,662.1,1200,19.12,0.8,66.8,LOADED,YES
2026-07-19 06:44:00,TRK-063,Rute-C,Gudang West (Tangerang),663.2,1200,19.54,1.0,67.6,DELIVERED,YES
2026-07-20 09:51:00,TRK-064,Rute-D,Central Hub (Jakarta),664.3,1200,19.96,1.1,68.4,IN_TRANSIT,YES
2026-07-21 12:58:00,TRK-065,Rute-E,Grogol Hub (Jakbar),665.4,1200,20.38,1.3,69.2,IDLE_DOCK,NO
2026-07-22 15:05:00,TRK-066,Rute-F,Petamburan Hub,666.5,1200,20.8,1.5,70.0,LOADED,YES
2026-07-23 06:12:00,TRK-067,Rute-G,Bekasi Logistics Hub,667.6,1200,21.22,1.7,70.8,DELIVERED,YES
2026-07-24 09:19:00,TRK-068,Rute-H,Depok Hub,668.7,1200,21.64,1.9,71.6,IN_TRANSIT,YES
2026-07-25 12:26:00,TRK-069,Rute-I,Bogor Transit Hub,669.8,1200,22.06,2.0,72.4,IDLE_DOCK,NO
2026-07-26 15:33:00,TRK-070,Rute-J,Cikarang Industrial Hub,670.9,1200,22.48,2.2,73.2,LOADED,YES
2026-07-27 06:40:00,TRK-071,Rute-K,Gudang West (Tangerang),672.0,1200,22.9,2.4,74.0,DELIVERED,YES
2026-07-28 09:47:00,TRK-072,Rute-L,Central Hub (Jakarta),673.1,1200,23.32,0.6,74.8,IN_TRANSIT,YES
2026-07-29 12:54:00,TRK-073,Rute-M,Grogol Hub (Jakbar),674.2,1200,23.74,0.8,75.6,IDLE_DOCK,NO
2026-07-30 15:01:00,TRK-074,Rute-N,Petamburan Hub,675.3,1200,24.16,1.0,76.4,LOADED,YES
2026-07-31 06:08:00,TRK-075,Rute-O,Bekasi Logistics Hub,676.4,1200,24.58,1.1,77.2,DELIVERED,YES
2026-07-01 09:15:00,TRK-076,Rute-A,Depok Hub,677.5,1200,14.5,1.3,78.0,IN_TRANSIT,YES
2026-07-02 12:22:00,TRK-077,Rute-B,Bogor Transit Hub,678.6,1200,14.92,1.5,78.8,IDLE_DOCK,NO
2026-07-03 15:29:00,TRK-078,Rute-C,Cikarang Industrial Hub,679.7,1200,15.34,1.7,79.6,LOADED,YES
2026-07-04 06:36:00,TRK-079,Rute-D,Gudang West (Tangerang),680.8,1200,15.76,1.9,80.4,DELIVERED,YES
2026-07-05 09:43:00,TRK-080,Rute-E,Central Hub (Jakarta),681.9,1200,16.18,2.0,81.2,IN_TRANSIT,YES
2026-07-06 12:50:00,TRK-081,Rute-F,Grogol Hub (Jakbar),683.0,1200,16.6,2.2,82.0,IDLE_DOCK,NO
2026-07-07 15:57:00,TRK-082,Rute-G,Petamburan Hub,684.1,1200,17.02,2.4,82.8,LOADED,YES
2026-07-08 06:04:00,TRK-083,Rute-H,Bekasi Logistics Hub,685.2,1200,17.44,0.6,83.6,DELIVERED,YES
2026-07-09 09:11:00,TRK-084,Rute-I,Depok Hub,686.3,1200,17.86,0.8,84.4,IN_TRANSIT,YES
2026-07-10 12:18:00,TRK-085,Rute-J,Bogor Transit Hub,687.4,1200,18.28,1.0,85.2,IDLE_DOCK,NO
2026-07-11 15:25:00,TRK-086,Rute-K,Cikarang Industrial Hub,688.5,1200,18.7,1.1,86.0,LOADED,YES
2026-07-12 06:32:00,TRK-087,Rute-L,Gudang West (Tangerang),689.6,1200,19.12,1.3,86.8,DELIVERED,YES
2026-07-13 09:39:00,TRK-088,Rute-M,Central Hub (Jakarta),690.7,1200,19.54,1.5,87.6,IN_TRANSIT,YES
2026-07-14 12:46:00,TRK-089,Rute-N,Grogol Hub (Jakbar),691.8,1200,19.96,1.7,88.4,IDLE_DOCK,NO
2026-07-15 15:53:00,TRK-090,Rute-O,Petamburan Hub,692.9,1200,20.38,1.9,89.2,LOADED,YES
2026-07-16 06:00:00,TRK-091,Rute-A,Bekasi Logistics Hub,694.0,1200,20.8,2.0,18.0,DELIVERED,YES
2026-07-17 09:07:00,TRK-092,Rute-B,Depok Hub,695.1,1200,21.22,2.2,18.8,IN_TRANSIT,YES
2026-07-18 12:14:00,TRK-093,Rute-C,Bogor Transit Hub,696.2,1200,21.64,2.4,19.6,IDLE_DOCK,NO
2026-07-19 15:21:00,TRK-094,Rute-D,Cikarang Industrial Hub,697.3,1200,22.06,0.6,20.4,LOADED,YES
2026-07-20 06:28:00,TRK-095,Rute-E,Gudang West (Tangerang),698.4,1200,22.48,0.8,21.2,DELIVERED,YES
2026-07-21 09:35:00,TRK-096,Rute-F,Central Hub (Jakarta),699.5,1200,22.9,1.0,22.0,IN_TRANSIT,YES
2026-07-22 12:42:00,TRK-097,Rute-G,Grogol Hub (Jakbar),700.6,1200,23.32,1.1,22.8,IDLE_DOCK,NO
2026-07-23 15:49:00,TRK-098,Rute-H,Petamburan Hub,701.7,1200,23.74,1.3,23.6,LOADED,YES
2026-07-24 06:56:00,TRK-099,Rute-I,Bekasi Logistics Hub,702.8,1200,24.16,1.5,24.4,DELIVERED,YES
2026-07-25 09:03:00,TRK-100,Rute-J,Depok Hub,703.9,1200,24.58,1.7,25.2,IN_TRANSIT,YES
2026-07-26 12:10:00,TRK-101,Rute-K,Bogor Transit Hub,705.0,1200,14.5,1.9,26.0,IDLE_DOCK,NO
2026-07-27 15:17:00,TRK-102,Rute-L,Cikarang Industrial Hub,706.1,1200,14.92,2.0,26.8,LOADED,YES
2026-07-28 06:24:00,TRK-103,Rute-M,Gudang West (Tangerang),707.2,1200,15.34,2.2,27.6,DELIVERED,YES
2026-07-29 09:31:00,TRK-104,Rute-N,Central Hub (Jakarta),708.3,1200,15.76,2.4,28.4,IN_TRANSIT,YES
2026-07-30 12:38:00,TRK-105,Rute-O,Grogol Hub (Jakbar),709.4,1200,16.18,0.6,29.2,IDLE_DOCK,NO
2026-07-31 15:45:00,TRK-106,Rute-A,Petamburan Hub,710.5,1200,16.6,0.8,30.0,LOADED,YES
2026-07-01 06:52:00,TRK-107,Rute-B,Bekasi Logistics Hub,711.6,1200,17.02,1.0,30.8,DELIVERED,YES
2026-07-02 09:59:00,TRK-108,Rute-C,Depok Hub,712.7,1200,17.44,1.1,31.6,IN_TRANSIT,YES
2026-07-03 12:06:00,TRK-109,Rute-D,Bogor Transit Hub,713.8,1200,17.86,1.3,32.4,IDLE_DOCK,NO
2026-07-04 15:13:00,TRK-110,Rute-E,Cikarang Industrial Hub,714.9,1200,18.28,1.5,33.2,LOADED,YES
2026-07-05 06:20:00,TRK-111,Rute-F,Gudang West (Tangerang),716.0,1200,18.7,1.7,34.0,DELIVERED,YES
2026-07-06 09:27:00,TRK-112,Rute-G,Central Hub (Jakarta),717.1,1200,19.12,1.9,34.8,IN_TRANSIT,YES
2026-07-07 12:34:00,TRK-113,Rute-H,Grogol Hub (Jakbar),718.2,1200,19.54,2.0,35.6,IDLE_DOCK,NO
2026-07-08 15:41:00,TRK-114,Rute-I,Petamburan Hub,719.3,1200,19.96,2.2,36.4,LOADED,YES
2026-07-09 06:48:00,TRK-115,Rute-J,Bekasi Logistics Hub,720.4,1200,20.38,2.4,37.2,DELIVERED,YES
2026-07-10 09:55:00,TRK-116,Rute-K,Depok Hub,721.5,1200,20.8,0.6,38.0,IN_TRANSIT,YES
2026-07-11 12:02:00,TRK-117,Rute-L,Bogor Transit Hub,722.6,1200,21.22,0.8,38.8,IDLE_DOCK,NO
2026-07-12 15:09:00,TRK-118,Rute-M,Cikarang Industrial Hub,723.7,1200,21.64,1.0,39.6,LOADED,YES
2026-07-13 06:16:00,TRK-119,Rute-N,Gudang West (Tangerang),724.8,1200,22.06,1.1,40.4,DELIVERED,YES
2026-07-14 09:23:00,TRK-120,Rute-O,Central Hub (Jakarta),725.9,1200,22.48,1.3,41.2,IN_TRANSIT,YES
2026-07-15 12:30:00,TRK-121,Rute-A,Grogol Hub (Jakbar),727.0,1200,22.9,1.5,42.0,IDLE_DOCK,NO
2026-07-16 15:37:00,TRK-122,Rute-B,Petamburan Hub,728.1,1200,23.32,1.7,42.8,LOADED,YES
2026-07-17 06:44:00,TRK-123,Rute-C,Bekasi Logistics Hub,729.2,1200,23.74,1.9,43.6,DELIVERED,YES
2026-07-18 09:51:00,TRK-124,Rute-D,Depok Hub,730.3,1200,24.16,2.0,44.4,IN_TRANSIT,YES
2026-07-19 12:58:00,TRK-125,Rute-E,Bogor Transit Hub,731.4,1200,24.58,2.2,45.2,IDLE_DOCK,NO
2026-07-20 15:05:00,TRK-126,Rute-F,Cikarang Industrial Hub,732.5,1200,14.5,2.4,46.0,LOADED,YES
2026-07-21 06:12:00,TRK-127,Rute-G,Gudang West (Tangerang),733.6,1200,14.92,0.6,46.8,DELIVERED,YES
2026-07-22 09:19:00,TRK-128,Rute-H,Central Hub (Jakarta),734.7,1200,15.34,0.8,47.6,IN_TRANSIT,YES
2026-07-23 12:26:00,TRK-129,Rute-I,Grogol Hub (Jakbar),735.8,1200,15.76,1.0,48.4,IDLE_DOCK,NO
2026-07-24 15:33:00,TRK-130,Rute-J,Petamburan Hub,736.9,1200,16.18,1.1,49.2,LOADED,YES
2026-07-25 06:40:00,TRK-131,Rute-K,Bekasi Logistics Hub,738.0,1200,16.6,1.3,50.0,DELIVERED,YES
2026-07-26 09:47:00,TRK-132,Rute-L,Depok Hub,739.1,1200,17.02,1.5,50.8,IN_TRANSIT,YES
2026-07-27 12:54:00,TRK-133,Rute-M,Bogor Transit Hub,740.2,1200,17.44,1.7,51.6,IDLE_DOCK,NO
2026-07-28 15:01:00,TRK-134,Rute-N,Cikarang Industrial Hub,741.3,1200,17.86,1.9,52.4,LOADED,YES
2026-07-29 06:08:00,TRK-135,Rute-O,Gudang West (Tangerang),742.4,1200,18.28,2.0,53.2,DELIVERED,YES
2026-07-30 09:15:00,TRK-136,Rute-A,Central Hub (Jakarta),743.5,1200,18.7,2.2,54.0,IN_TRANSIT,YES
2026-07-31 12:22:00,TRK-137,Rute-B,Grogol Hub (Jakbar),744.6,1200,19.12,2.4,54.8,IDLE_DOCK,NO
2026-07-01 15:29:00,TRK-138,Rute-C,Petamburan Hub,745.7,1200,19.54,0.6,55.6,LOADED,YES
2026-07-02 06:36:00,TRK-139,Rute-D,Bekasi Logistics Hub,746.8,1200,19.96,0.8,56.4,DELIVERED,YES
2026-07-03 09:43:00,TRK-140,Rute-E,Depok Hub,747.9,1200,20.38,1.0,57.2,IN_TRANSIT,YES
2026-07-04 12:50:00,TRK-141,Rute-F,Bogor Transit Hub,749.0,1200,20.8,1.1,58.0,IDLE_DOCK,NO
2026-07-05 15:57:00,TRK-142,Rute-G,Cikarang Industrial Hub,750.1,1200,21.22,1.3,58.8,LOADED,YES
2026-07-06 06:04:00,TRK-143,Rute-H,Gudang West (Tangerang),751.2,1200,21.64,1.5,59.6,DELIVERED,YES
2026-07-07 09:11:00,TRK-144,Rute-I,Central Hub (Jakarta),752.3,1200,22.06,1.7,60.4,IN_TRANSIT,YES
2026-07-08 12:18:00,TRK-145,Rute-J,Grogol Hub (Jakbar),753.4,1200,22.48,1.9,61.2,IDLE_DOCK,NO
2026-07-09 15:25:00,TRK-146,Rute-K,Petamburan Hub,754.5,1200,22.9,2.0,62.0,LOADED,YES
2026-07-10 06:32:00,TRK-147,Rute-L,Bekasi Logistics Hub,755.6,1200,23.32,2.2,62.8,DELIVERED,YES
2026-07-11 09:39:00,TRK-148,Rute-M,Depok Hub,756.7,1200,23.74,2.4,63.6,IN_TRANSIT,YES
2026-07-12 12:46:00,TRK-149,Rute-N,Bogor Transit Hub,757.8,1200,24.16,0.6,64.4,IDLE_DOCK,NO
2026-07-13 15:53:00,TRK-150,Rute-O,Cikarang Industrial Hub,758.9,1200,24.58,0.8,65.2,LOADED,YES
2026-07-14 06:00:00,TRK-001,Rute-A,Gudang West (Tangerang),760.0,1200,14.5,1.0,66.0,DELIVERED,YES
2026-07-15 09:07:00,TRK-002,Rute-B,Central Hub (Jakarta),761.1,1200,14.92,1.1,66.8,IN_TRANSIT,YES
2026-07-16 12:14:00,TRK-003,Rute-C,Grogol Hub (Jakbar),762.2,1200,15.34,1.3,67.6,IDLE_DOCK,NO
2026-07-17 15:21:00,TRK-004,Rute-D,Petamburan Hub,763.3,1200,15.76,1.5,68.4,LOADED,YES
2026-07-18 06:28:00,TRK-005,Rute-E,Bekasi Logistics Hub,764.4,1200,16.18,1.7,69.2,DELIVERED,YES
2026-07-19 09:35:00,TRK-006,Rute-F,Depok Hub,765.5,1200,16.6,1.9,70.0,IN_TRANSIT,YES
2026-07-20 12:42:00,TRK-007,Rute-G,Bogor Transit Hub,766.6,1200,17.02,2.0,70.8,IDLE_DOCK,NO
2026-07-21 15:49:00,TRK-008,Rute-H,Cikarang Industrial Hub,767.7,1200,17.44,2.2,71.6,LOADED,YES
2026-07-22 06:56:00,TRK-009,Rute-I,Gudang West (Tangerang),768.8,1200,17.86,2.4,72.4,DELIVERED,YES
2026-07-23 09:03:00,TRK-010,Rute-J,Central Hub (Jakarta),769.9,1200,18.28,0.6,73.2,IN_TRANSIT,YES
2026-07-24 12:10:00,TRK-011,Rute-K,Grogol Hub (Jakbar),771.0,1200,18.7,0.8,74.0,IDLE_DOCK,NO
2026-07-25 15:17:00,TRK-012,Rute-L,Petamburan Hub,772.1,1200,19.12,1.0,74.8,LOADED,YES
2026-07-26 06:24:00,TRK-013,Rute-M,Bekasi Logistics Hub,773.2,1200,19.54,1.1,75.6,DELIVERED,YES
2026-07-27 09:31:00,TRK-014,Rute-N,Depok Hub,774.3,1200,19.96,1.3,76.4,IN_TRANSIT,YES
2026-07-28 12:38:00,TRK-015,Rute-O,Bogor Transit Hub,775.4,1200,20.38,1.5,77.2,IDLE_DOCK,NO
2026-07-29 15:45:00,TRK-016,Rute-A,Cikarang Industrial Hub,776.5,1200,20.8,1.7,78.0,LOADED,YES
2026-07-30 06:52:00,TRK-017,Rute-B,Gudang West (Tangerang),777.6,1200,21.22,1.9,78.8,DELIVERED,YES
2026-07-31 09:59:00,TRK-018,Rute-C,Central Hub (Jakarta),778.7,1200,21.64,2.0,79.6,IN_TRANSIT,YES
2026-07-01 12:06:00,TRK-019,Rute-D,Grogol Hub (Jakbar),779.8,1200,22.06,2.2,80.4,IDLE_DOCK,NO
2026-07-02 15:13:00,TRK-020,Rute-E,Petamburan Hub,780.9,1200,22.48,2.4,81.2,LOADED,YES
2026-07-03 06:20:00,TRK-021,Rute-F,Bekasi Logistics Hub,782.0,1200,22.9,0.6,82.0,DELIVERED,YES
2026-07-04 09:27:00,TRK-022,Rute-G,Depok Hub,783.1,1200,23.32,0.8,82.8,IN_TRANSIT,YES
2026-07-05 12:34:00,TRK-023,Rute-H,Bogor Transit Hub,784.2,1200,23.74,1.0,83.6,IDLE_DOCK,NO
2026-07-06 15:41:00,TRK-024,Rute-I,Cikarang Industrial Hub,785.3,1200,24.16,1.1,84.4,LOADED,YES
2026-07-07 06:48:00,TRK-025,Rute-J,Gudang West (Tangerang),786.4,1200,24.58,1.3,85.2,DELIVERED,YES
2026-07-08 09:55:00,TRK-026,Rute-K,Central Hub (Jakarta),787.5,1200,14.5,1.5,86.0,IN_TRANSIT,YES
2026-07-09 12:02:00,TRK-027,Rute-L,Grogol Hub (Jakbar),788.6,1200,14.92,1.7,86.8,IDLE_DOCK,NO
2026-07-10 15:09:00,TRK-028,Rute-M,Petamburan Hub,789.7,1200,15.34,1.9,87.6,LOADED,YES
2026-07-11 06:16:00,TRK-029,Rute-N,Bekasi Logistics Hub,790.8,1200,15.76,2.0,88.4,DELIVERED,YES
2026-07-12 09:23:00,TRK-030,Rute-O,Depok Hub,791.9,1200,16.18,2.2,89.2,IN_TRANSIT,YES
2026-07-13 12:30:00,TRK-031,Rute-A,Bogor Transit Hub,793.0,1200,16.6,2.4,18.0,IDLE_DOCK,NO
2026-07-14 15:37:00,TRK-032,Rute-B,Cikarang Industrial Hub,794.1,1200,17.02,0.6,18.8,LOADED,YES
2026-07-15 06:44:00,TRK-033,Rute-C,Gudang West (Tangerang),795.2,1200,17.44,0.8,19.6,DELIVERED,YES
2026-07-16 09:51:00,TRK-034,Rute-D,Central Hub (Jakarta),796.3,1200,17.86,1.0,20.4,IN_TRANSIT,YES
2026-07-17 12:58:00,TRK-035,Rute-E,Grogol Hub (Jakbar),797.4,1200,18.28,1.1,21.2,IDLE_DOCK,NO
2026-07-18 15:05:00,TRK-036,Rute-F,Petamburan Hub,798.5,1200,18.7,1.3,22.0,LOADED,YES
2026-07-19 06:12:00,TRK-037,Rute-G,Bekasi Logistics Hub,799.6,1200,19.12,1.5,22.8,DELIVERED,YES
2026-07-20 09:19:00,TRK-038,Rute-H,Depok Hub,800.7,1200,19.54,1.7,23.6,IN_TRANSIT,YES
2026-07-21 12:26:00,TRK-039,Rute-I,Bogor Transit Hub,801.8,1200,19.96,1.9,24.4,IDLE_DOCK,NO
2026-07-22 15:33:00,TRK-040,Rute-J,Cikarang Industrial Hub,802.9,1200,20.38,2.0,25.2,LOADED,YES
2026-07-23 06:40:00,TRK-041,Rute-K,Gudang West (Tangerang),804.0,1200,20.8,2.2,26.0,DELIVERED,YES
2026-07-24 09:47:00,TRK-042,Rute-L,Central Hub (Jakarta),805.1,1200,21.22,2.4,26.8,IN_TRANSIT,YES
2026-07-25 12:54:00,TRK-043,Rute-M,Grogol Hub (Jakbar),806.2,1200,21.64,0.6,27.6,IDLE_DOCK,NO
2026-07-26 15:01:00,TRK-044,Rute-N,Petamburan Hub,807.3,1200,22.06,0.8,28.4,LOADED,YES
2026-07-27 06:08:00,TRK-045,Rute-O,Bekasi Logistics Hub,808.4,1200,22.48,1.0,29.2,DELIVERED,YES
2026-07-28 09:15:00,TRK-046,Rute-A,Depok Hub,809.5,1200,22.9,1.1,30.0,IN_TRANSIT,YES
2026-07-29 12:22:00,TRK-047,Rute-B,Bogor Transit Hub,810.6,1200,23.32,1.3,30.8,IDLE_DOCK,NO
2026-07-30 15:29:00,TRK-048,Rute-C,Cikarang Industrial Hub,811.7,1200,23.74,1.5,31.6,LOADED,YES
2026-07-31 06:36:00,TRK-049,Rute-D,Gudang West (Tangerang),812.8,1200,24.16,1.7,32.4,DELIVERED,YES
2026-07-01 09:43:00,TRK-050,Rute-E,Central Hub (Jakarta),813.9,1200,24.58,1.9,33.2,IN_TRANSIT,YES
2026-07-02 12:50:00,TRK-051,Rute-F,Grogol Hub (Jakbar),815.0,1200,14.5,2.0,34.0,IDLE_DOCK,NO
2026-07-03 15:57:00,TRK-052,Rute-G,Petamburan Hub,816.1,1200,14.92,2.2,34.8,LOADED,YES
2026-07-04 06:04:00,TRK-053,Rute-H,Bekasi Logistics Hub,817.2,1200,15.34,2.4,35.6,DELIVERED,YES
2026-07-05 09:11:00,TRK-054,Rute-I,Depok Hub,818.3,1200,15.76,0.6,36.4,IN_TRANSIT,YES
2026-07-06 12:18:00,TRK-055,Rute-J,Bogor Transit Hub,819.4,1200,16.18,0.8,37.2,IDLE_DOCK,NO
2026-07-07 15:25:00,TRK-056,Rute-K,Cikarang Industrial Hub,820.5,1200,16.6,1.0,38.0,LOADED,YES
2026-07-08 06:32:00,TRK-057,Rute-L,Gudang West (Tangerang),821.6,1200,17.02,1.1,38.8,DELIVERED,YES
2026-07-09 09:39:00,TRK-058,Rute-M,Central Hub (Jakarta),822.7,1200,17.44,1.3,39.6,IN_TRANSIT,YES
2026-07-10 12:46:00,TRK-059,Rute-N,Grogol Hub (Jakbar),823.8,1200,17.86,1.5,40.4,IDLE_DOCK,NO
2026-07-11 15:53:00,TRK-060,Rute-O,Petamburan Hub,824.9,1200,18.28,1.7,41.2,LOADED,YES
2026-07-12 06:00:00,TRK-061,Rute-A,Bekasi Logistics Hub,826.0,1200,18.7,1.9,42.0,DELIVERED,YES
2026-07-13 09:07:00,TRK-062,Rute-B,Depok Hub,827.1,1200,19.12,2.0,42.8,IN_TRANSIT,YES
2026-07-14 12:14:00,TRK-063,Rute-C,Bogor Transit Hub,828.2,1200,19.54,2.2,43.6,IDLE_DOCK,NO
2026-07-15 15:21:00,TRK-064,Rute-D,Cikarang Industrial Hub,829.3,1200,19.96,2.4,44.4,LOADED,YES
2026-07-16 06:28:00,TRK-065,Rute-E,Gudang West (Tangerang),830.4,1200,20.38,0.6,45.2,DELIVERED,YES
2026-07-17 09:35:00,TRK-066,Rute-F,Central Hub (Jakarta),831.5,1200,20.8,0.8,46.0,IN_TRANSIT,YES
2026-07-18 12:42:00,TRK-067,Rute-G,Grogol Hub (Jakbar),832.6,1200,21.22,1.0,46.8,IDLE_DOCK,NO
2026-07-19 15:49:00,TRK-068,Rute-H,Petamburan Hub,833.7,1200,21.64,1.1,47.6,LOADED,YES
2026-07-20 06:56:00,TRK-069,Rute-I,Bekasi Logistics Hub,834.8,1200,22.06,1.3,48.4,DELIVERED,YES
2026-07-21 09:03:00,TRK-070,Rute-J,Depok Hub,835.9,1200,22.48,1.5,49.2,IN_TRANSIT,YES
2026-07-22 12:10:00,TRK-071,Rute-K,Bogor Transit Hub,837.0,1200,22.9,1.7,50.0,IDLE_DOCK,NO
2026-07-23 15:17:00,TRK-072,Rute-L,Cikarang Industrial Hub,838.1,1200,23.32,1.9,50.8,LOADED,YES
2026-07-24 06:24:00,TRK-073,Rute-M,Gudang West (Tangerang),839.2,1200,23.74,2.0,51.6,DELIVERED,YES
2026-07-25 09:31:00,TRK-074,Rute-N,Central Hub (Jakarta),840.3,1200,24.16,2.2,52.4,IN_TRANSIT,YES
2026-07-26 12:38:00,TRK-075,Rute-O,Grogol Hub (Jakbar),841.4,1200,24.58,2.4,53.2,IDLE_DOCK,NO
2026-07-27 15:45:00,TRK-076,Rute-A,Petamburan Hub,842.5,1200,14.5,0.6,54.0,LOADED,YES
2026-07-28 06:52:00,TRK-077,Rute-B,Bekasi Logistics Hub,843.6,1200,14.92,0.8,54.8,DELIVERED,YES
2026-07-29 09:59:00,TRK-078,Rute-C,Depok Hub,844.7,1200,15.34,1.0,55.6,IN_TRANSIT,YES
2026-07-30 12:06:00,TRK-079,Rute-D,Bogor Transit Hub,845.8,1200,15.76,1.1,56.4,IDLE_DOCK,NO
2026-07-31 15:13:00,TRK-080,Rute-E,Cikarang Industrial Hub,846.9,1200,16.18,1.3,57.2,LOADED,YES
2026-07-01 06:20:00,TRK-081,Rute-F,Gudang West (Tangerang),848.0,1200,16.6,1.5,58.0,DELIVERED,YES
2026-07-02 09:27:00,TRK-082,Rute-G,Central Hub (Jakarta),849.1,1200,17.02,1.7,58.8,IN_TRANSIT,YES
2026-07-03 12:34:00,TRK-083,Rute-H,Grogol Hub (Jakbar),850.2,1200,17.44,1.9,59.6,IDLE_DOCK,NO
2026-07-04 15:41:00,TRK-084,Rute-I,Petamburan Hub,851.3,1200,17.86,2.0,60.4,LOADED,YES
2026-07-05 06:48:00,TRK-085,Rute-J,Bekasi Logistics Hub,852.4,1200,18.28,2.2,61.2,DELIVERED,YES
2026-07-06 09:55:00,TRK-086,Rute-K,Depok Hub,853.5,1200,18.7,2.4,62.0,IN_TRANSIT,YES
2026-07-07 12:02:00,TRK-087,Rute-L,Bogor Transit Hub,854.6,1200,19.12,0.6,62.8,IDLE_DOCK,NO
2026-07-08 15:09:00,TRK-088,Rute-M,Cikarang Industrial Hub,855.7,1200,19.54,0.8,63.6,LOADED,YES
2026-07-09 06:16:00,TRK-089,Rute-N,Gudang West (Tangerang),856.8,1200,19.96,1.0,64.4,DELIVERED,YES
2026-07-10 09:23:00,TRK-090,Rute-O,Central Hub (Jakarta),857.9,1200,20.38,1.1,65.2,IN_TRANSIT,YES
2026-07-11 12:30:00,TRK-091,Rute-A,Grogol Hub (Jakbar),859.0,1200,20.8,1.3,66.0,IDLE_DOCK,NO
2026-07-12 15:37:00,TRK-092,Rute-B,Petamburan Hub,860.1,1200,21.22,1.5,66.8,LOADED,YES
2026-07-13 06:44:00,TRK-093,Rute-C,Bekasi Logistics Hub,861.2,1200,21.64,1.7,67.6,DELIVERED,YES
2026-07-14 09:51:00,TRK-094,Rute-D,Depok Hub,862.3,1200,22.06,1.9,68.4,IN_TRANSIT,YES
2026-07-15 12:58:00,TRK-095,Rute-E,Bogor Transit Hub,863.4,1200,22.48,2.0,69.2,IDLE_DOCK,NO
2026-07-16 15:05:00,TRK-096,Rute-F,Cikarang Industrial Hub,864.5,1200,22.9,2.2,70.0,LOADED,YES
2026-07-17 06:12:00,TRK-097,Rute-G,Gudang West (Tangerang),865.6,1200,23.32,2.4,70.8,DELIVERED,YES
2026-07-18 09:19:00,TRK-098,Rute-H,Central Hub (Jakarta),866.7,1200,23.74,0.6,71.6,IN_TRANSIT,YES
2026-07-19 12:26:00,TRK-099,Rute-I,Grogol Hub (Jakbar),867.8,1200,24.16,0.8,72.4,IDLE_DOCK,NO
2026-07-20 15:33:00,TRK-100,Rute-J,Petamburan Hub,868.9,1200,24.58,1.0,73.2,LOADED,YES
2026-07-21 06:40:00,TRK-101,Rute-K,Bekasi Logistics Hub,870.0,1200,14.5,1.1,74.0,DELIVERED,YES
2026-07-22 09:47:00,TRK-102,Rute-L,Depok Hub,871.1,1200,14.92,1.3,74.8,IN_TRANSIT,YES
2026-07-23 12:54:00,TRK-103,Rute-M,Bogor Transit Hub,872.2,1200,15.34,1.5,75.6,IDLE_DOCK,NO
2026-07-24 15:01:00,TRK-104,Rute-N,Cikarang Industrial Hub,873.3,1200,15.76,1.7,76.4,LOADED,YES
2026-07-25 06:08:00,TRK-105,Rute-O,Gudang West (Tangerang),874.4,1200,16.18,1.9,77.2,DELIVERED,YES
2026-07-26 09:15:00,TRK-106,Rute-A,Central Hub (Jakarta),875.5,1200,16.6,2.0,78.0,IN_TRANSIT,YES
2026-07-27 12:22:00,TRK-107,Rute-B,Grogol Hub (Jakbar),876.6,1200,17.02,2.2,78.8,IDLE_DOCK,NO
2026-07-28 15:29:00,TRK-108,Rute-C,Petamburan Hub,877.7,1200,17.44,2.4,79.6,LOADED,YES
2026-07-29 06:36:00,TRK-109,Rute-D,Bekasi Logistics Hub,878.8,1200,17.86,0.6,80.4,DELIVERED,YES
2026-07-30 09:43:00,TRK-110,Rute-E,Depok Hub,879.9,1200,18.28,0.8,81.2,IN_TRANSIT,YES
2026-07-31 12:50:00,TRK-111,Rute-F,Bogor Transit Hub,881.0,1200,18.7,1.0,82.0,IDLE_DOCK,NO
2026-07-01 15:57:00,TRK-112,Rute-G,Cikarang Industrial Hub,882.1,1200,19.12,1.1,82.8,LOADED,YES
2026-07-02 06:04:00,TRK-113,Rute-H,Gudang West (Tangerang),883.2,1200,19.54,1.3,83.6,DELIVERED,YES
2026-07-03 09:11:00,TRK-114,Rute-I,Central Hub (Jakarta),884.3,1200,19.96,1.5,84.4,IN_TRANSIT,YES
2026-07-04 12:18:00,TRK-115,Rute-J,Grogol Hub (Jakbar),885.4,1200,20.38,1.7,85.2,IDLE_DOCK,NO
2026-07-05 15:25:00,TRK-116,Rute-K,Petamburan Hub,886.5,1200,20.8,1.9,86.0,LOADED,YES
2026-07-06 06:32:00,TRK-117,Rute-L,Bekasi Logistics Hub,887.6,1200,21.22,2.0,86.8,DELIVERED,YES
2026-07-07 09:39:00,TRK-118,Rute-M,Depok Hub,888.7,1200,21.64,2.2,87.6,IN_TRANSIT,YES
2026-07-08 12:46:00,TRK-119,Rute-N,Bogor Transit Hub,889.8,1200,22.06,2.4,88.4,IDLE_DOCK,NO
2026-07-09 15:53:00,TRK-120,Rute-O,Cikarang Industrial Hub,890.9,1200,22.48,0.6,89.2,LOADED,YES
2026-07-10 06:00:00,TRK-121,Rute-A,Gudang West (Tangerang),892.0,1200,22.9,0.8,18.0,DELIVERED,YES
2026-07-11 09:07:00,TRK-122,Rute-B,Central Hub (Jakarta),893.1,1200,23.32,1.0,18.8,IN_TRANSIT,YES
2026-07-12 12:14:00,TRK-123,Rute-C,Grogol Hub (Jakbar),894.2,1200,23.74,1.1,19.6,IDLE_DOCK,NO
2026-07-13 15:21:00,TRK-124,Rute-D,Petamburan Hub,895.3,1200,24.16,1.3,20.4,LOADED,YES
2026-07-14 06:28:00,TRK-125,Rute-E,Bekasi Logistics Hub,896.4,1200,24.58,1.5,21.2,DELIVERED,YES
2026-07-15 09:35:00,TRK-126,Rute-F,Depok Hub,897.5,1200,14.5,1.7,22.0,IN_TRANSIT,YES
2026-07-16 12:42:00,TRK-127,Rute-G,Bogor Transit Hub,898.6,1200,14.92,1.9,22.8,IDLE_DOCK,NO
2026-07-17 15:49:00,TRK-128,Rute-H,Cikarang Industrial Hub,899.7,1200,15.34,2.0,23.6,LOADED,YES
2026-07-18 06:56:00,TRK-129,Rute-I,Gudang West (Tangerang),900.8,1200,15.76,2.2,24.4,DELIVERED,YES
2026-07-19 09:03:00,TRK-130,Rute-J,Central Hub (Jakarta),901.9,1200,16.18,2.4,25.2,IN_TRANSIT,YES
2026-07-20 12:10:00,TRK-131,Rute-K,Grogol Hub (Jakbar),903.0,1200,16.6,0.6,26.0,IDLE_DOCK,NO
2026-07-21 15:17:00,TRK-132,Rute-L,Petamburan Hub,904.1,1200,17.02,0.8,26.8,LOADED,YES
2026-07-22 06:24:00,TRK-133,Rute-M,Bekasi Logistics Hub,905.2,1200,17.44,1.0,27.6,DELIVERED,YES
2026-07-23 09:31:00,TRK-134,Rute-N,Depok Hub,906.3,1200,17.86,1.1,28.4,IN_TRANSIT,YES
2026-07-24 12:38:00,TRK-135,Rute-O,Bogor Transit Hub,907.4,1200,18.28,1.3,29.2,IDLE_DOCK,NO
2026-07-25 15:45:00,TRK-136,Rute-A,Cikarang Industrial Hub,908.5,1200,18.7,1.5,30.0,LOADED,YES
2026-07-26 06:52:00,TRK-137,Rute-B,Gudang West (Tangerang),909.6,1200,19.12,1.7,30.8,DELIVERED,YES
2026-07-27 09:59:00,TRK-138,Rute-C,Central Hub (Jakarta),910.7,1200,19.54,1.9,31.6,IN_TRANSIT,YES
2026-07-28 12:06:00,TRK-139,Rute-D,Grogol Hub (Jakbar),911.8,1200,19.96,2.0,32.4,IDLE_DOCK,NO
2026-07-29 15:13:00,TRK-140,Rute-E,Petamburan Hub,912.9,1200,20.38,2.2,33.2,LOADED,YES
2026-07-30 06:20:00,TRK-141,Rute-F,Bekasi Logistics Hub,914.0,1200,20.8,2.4,34.0,DELIVERED,YES
2026-07-31 09:27:00,TRK-142,Rute-G,Depok Hub,915.1,1200,21.22,0.6,34.8,IN_TRANSIT,YES
2026-07-01 12:34:00,TRK-143,Rute-H,Bogor Transit Hub,916.2,1200,21.64,0.8,35.6,IDLE_DOCK,NO
2026-07-02 15:41:00,TRK-144,Rute-I,Cikarang Industrial Hub,917.3,1200,22.06,1.0,36.4,LOADED,YES
2026-07-03 06:48:00,TRK-145,Rute-J,Gudang West (Tangerang),918.4,1200,22.48,1.1,37.2,DELIVERED,YES
2026-07-04 09:55:00,TRK-146,Rute-K,Central Hub (Jakarta),919.5,1200,22.9,1.3,38.0,IN_TRANSIT,YES
2026-07-05 12:02:00,TRK-147,Rute-L,Grogol Hub (Jakbar),920.6,1200,23.32,1.5,38.8,IDLE_DOCK,NO
2026-07-06 15:09:00,TRK-148,Rute-M,Petamburan Hub,921.7,1200,23.74,1.7,39.6,LOADED,YES
2026-07-07 06:16:00,TRK-149,Rute-N,Bekasi Logistics Hub,922.8,1200,24.16,1.9,40.4,DELIVERED,YES
2026-07-08 09:23:00,TRK-150,Rute-O,Depok Hub,923.9,1200,24.58,2.0,41.2,IN_TRANSIT,YES
2026-07-09 12:30:00,TRK-001,Rute-A,Bogor Transit Hub,925.0,1200,14.5,2.2,42.0,IDLE_DOCK,NO
2026-07-10 15:37:00,TRK-002,Rute-B,Cikarang Industrial Hub,926.1,1200,14.92,2.4,42.8,LOADED,YES
2026-07-11 06:44:00,TRK-003,Rute-C,Gudang West (Tangerang),927.2,1200,15.34,0.6,43.6,DELIVERED,YES
2026-07-12 09:51:00,TRK-004,Rute-D,Central Hub (Jakarta),928.3,1200,15.76,0.8,44.4,IN_TRANSIT,YES
2026-07-13 12:58:00,TRK-005,Rute-E,Grogol Hub (Jakbar),929.4,1200,16.18,1.0,45.2,IDLE_DOCK,NO
2026-07-14 15:05:00,TRK-006,Rute-F,Petamburan Hub,930.5,1200,16.6,1.1,46.0,LOADED,YES
2026-07-15 06:12:00,TRK-007,Rute-G,Bekasi Logistics Hub,931.6,1200,17.02,1.3,46.8,DELIVERED,YES
2026-07-16 09:19:00,TRK-008,Rute-H,Depok Hub,932.7,1200,17.44,1.5,47.6,IN_TRANSIT,YES
2026-07-17 12:26:00,TRK-009,Rute-I,Bogor Transit Hub,933.8,1200,17.86,1.7,48.4,IDLE_DOCK,NO
2026-07-18 15:33:00,TRK-010,Rute-J,Cikarang Industrial Hub,934.9,1200,18.28,1.9,49.2,LOADED,YES
2026-07-19 06:40:00,TRK-011,Rute-K,Gudang West (Tangerang),936.0,1200,18.7,2.0,50.0,DELIVERED,YES
2026-07-20 09:47:00,TRK-012,Rute-L,Central Hub (Jakarta),937.1,1200,19.12,2.2,50.8,IN_TRANSIT,YES
2026-07-21 12:54:00,TRK-013,Rute-M,Grogol Hub (Jakbar),938.2,1200,19.54,2.4,51.6,IDLE_DOCK,NO
2026-07-22 15:01:00,TRK-014,Rute-N,Petamburan Hub,939.3,1200,19.96,0.6,52.4,LOADED,YES
2026-07-23 06:08:00,TRK-015,Rute-O,Bekasi Logistics Hub,940.4,1200,20.38,0.8,53.2,DELIVERED,YES
2026-07-24 09:15:00,TRK-016,Rute-A,Depok Hub,941.5,1200,20.8,1.0,54.0,IN_TRANSIT,YES
2026-07-25 12:22:00,TRK-017,Rute-B,Bogor Transit Hub,942.6,1200,21.22,1.1,54.8,IDLE_DOCK,NO
2026-07-26 15:29:00,TRK-018,Rute-C,Cikarang Industrial Hub,943.7,1200,21.64,1.3,55.6,LOADED,YES
2026-07-27 06:36:00,TRK-019,Rute-D,Gudang West (Tangerang),944.8,1200,22.06,1.5,56.4,DELIVERED,YES
2026-07-28 09:43:00,TRK-020,Rute-E,Central Hub (Jakarta),945.9,1200,22.48,1.7,57.2,IN_TRANSIT,YES
2026-07-29 12:50:00,TRK-021,Rute-F,Grogol Hub (Jakbar),947.0,1200,22.9,1.9,58.0,IDLE_DOCK,NO
2026-07-30 15:57:00,TRK-022,Rute-G,Petamburan Hub,948.1,1200,23.32,2.0,58.8,LOADED,YES
2026-07-31 06:04:00,TRK-023,Rute-H,Bekasi Logistics Hub,949.2,1200,23.74,2.2,59.6,DELIVERED,YES
2026-07-01 09:11:00,TRK-024,Rute-I,Depok Hub,950.3,1200,24.16,2.4,60.4,IN_TRANSIT,YES
2026-07-02 12:18:00,TRK-025,Rute-J,Bogor Transit Hub,951.4,1200,24.58,0.6,61.2,IDLE_DOCK,NO
2026-07-03 15:25:00,TRK-026,Rute-K,Cikarang Industrial Hub,952.5,1200,14.5,0.8,62.0,LOADED,YES
2026-07-04 06:32:00,TRK-027,Rute-L,Gudang West (Tangerang),953.6,1200,14.92,1.0,62.8,DELIVERED,YES
2026-07-05 09:39:00,TRK-028,Rute-M,Central Hub (Jakarta),954.7,1200,15.34,1.1,63.6,IN_TRANSIT,YES
2026-07-06 12:46:00,TRK-029,Rute-N,Grogol Hub (Jakbar),955.8,1200,15.76,1.3,64.4,IDLE_DOCK,NO
2026-07-07 15:53:00,TRK-030,Rute-O,Petamburan Hub,956.9,1200,16.18,1.5,65.2,LOADED,YES
2026-07-08 06:00:00,TRK-031,Rute-A,Bekasi Logistics Hub,958.0,1200,16.6,1.7,66.0,DELIVERED,YES
2026-07-09 09:07:00,TRK-032,Rute-B,Depok Hub,959.1,1200,17.02,1.9,66.8,IN_TRANSIT,YES
2026-07-10 12:14:00,TRK-033,Rute-C,Bogor Transit Hub,960.2,1200,17.44,2.0,67.6,IDLE_DOCK,NO
2026-07-11 15:21:00,TRK-034,Rute-D,Cikarang Industrial Hub,961.3,1200,17.86,2.2,68.4,LOADED,YES
2026-07-12 06:28:00,TRK-035,Rute-E,Gudang West (Tangerang),962.4,1200,18.28,2.4,69.2,DELIVERED,YES
2026-07-13 09:35:00,TRK-036,Rute-F,Central Hub (Jakarta),963.5,1200,18.7,0.6,70.0,IN_TRANSIT,YES
2026-07-14 12:42:00,TRK-037,Rute-G,Grogol Hub (Jakbar),964.6,1200,19.12,0.8,70.8,IDLE_DOCK,NO
2026-07-15 15:49:00,TRK-038,Rute-H,Petamburan Hub,965.7,1200,19.54,1.0,71.6,LOADED,YES
2026-07-16 06:56:00,TRK-039,Rute-I,Bekasi Logistics Hub,966.8,1200,19.96,1.1,72.4,DELIVERED,YES
2026-07-17 09:03:00,TRK-040,Rute-J,Depok Hub,967.9,1200,20.38,1.3,73.2,IN_TRANSIT,YES
2026-07-18 12:10:00,TRK-041,Rute-K,Bogor Transit Hub,969.0,1200,20.8,1.5,74.0,IDLE_DOCK,NO
2026-07-19 15:17:00,TRK-042,Rute-L,Cikarang Industrial Hub,970.1,1200,21.22,1.7,74.8,LOADED,YES
2026-07-20 06:24:00,TRK-043,Rute-M,Gudang West (Tangerang),971.2,1200,21.64,1.9,75.6,DELIVERED,YES
2026-07-21 09:31:00,TRK-044,Rute-N,Central Hub (Jakarta),972.3,1200,22.06,2.0,76.4,IN_TRANSIT,YES
2026-07-22 12:38:00,TRK-045,Rute-O,Grogol Hub (Jakbar),973.4,1200,22.48,2.2,77.2,IDLE_DOCK,NO
2026-07-23 15:45:00,TRK-046,Rute-A,Petamburan Hub,974.5,1200,22.9,2.4,78.0,LOADED,YES
2026-07-24 06:52:00,TRK-047,Rute-B,Bekasi Logistics Hub,975.6,1200,23.32,0.6,78.8,DELIVERED,YES
2026-07-25 09:59:00,TRK-048,Rute-C,Depok Hub,976.7,1200,23.74,0.8,79.6,IN_TRANSIT,YES
2026-07-26 12:06:00,TRK-049,Rute-D,Bogor Transit Hub,977.8,1200,24.16,1.0,80.4,IDLE_DOCK,NO
2026-07-27 15:13:00,TRK-050,Rute-E,Cikarang Industrial Hub,978.9,1200,24.58,1.1,81.2,LOADED,YES
2026-07-28 06:20:00,TRK-051,Rute-F,Gudang West (Tangerang),980.0,1200,14.5,1.3,82.0,DELIVERED,YES
2026-07-29 09:27:00,TRK-052,Rute-G,Central Hub (Jakarta),981.1,1200,14.92,1.5,82.8,IN_TRANSIT,YES
2026-07-30 12:34:00,TRK-053,Rute-H,Grogol Hub (Jakbar),982.2,1200,15.34,1.7,83.6,IDLE_DOCK,NO
2026-07-31 15:41:00,TRK-054,Rute-I,Petamburan Hub,983.3,1200,15.76,1.9,84.4,LOADED,YES
2026-07-01 06:48:00,TRK-055,Rute-J,Bekasi Logistics Hub,984.4,1200,16.18,2.0,85.2,DELIVERED,YES
2026-07-02 09:55:00,TRK-056,Rute-K,Depok Hub,985.5,1200,16.6,2.2,86.0,IN_TRANSIT,YES
2026-07-03 12:02:00,TRK-057,Rute-L,Bogor Transit Hub,986.6,1200,17.02,2.4,86.8,IDLE_DOCK,NO
2026-07-04 15:09:00,TRK-058,Rute-M,Cikarang Industrial Hub,987.7,1200,17.44,0.6,87.6,LOADED,YES
2026-07-05 06:16:00,TRK-059,Rute-N,Gudang West (Tangerang),988.8,1200,17.86,0.8,88.4,DELIVERED,YES
2026-07-06 09:23:00,TRK-060,Rute-O,Central Hub (Jakarta),989.9,1200,18.28,1.0,89.2,IN_TRANSIT,YES
2026-07-07 12:30:00,TRK-061,Rute-A,Grogol Hub (Jakbar),991.0,1200,18.7,1.1,18.0,IDLE_DOCK,NO
2026-07-08 15:37:00,TRK-062,Rute-B,Petamburan Hub,992.1,1200,19.12,1.3,18.8,LOADED,YES
2026-07-09 06:44:00,TRK-063,Rute-C,Bekasi Logistics Hub,993.2,1200,19.54,1.5,19.6,DELIVERED,YES
2026-07-10 09:51:00,TRK-064,Rute-D,Depok Hub,994.3,1200,19.96,1.7,20.4,IN_TRANSIT,YES
2026-07-11 12:58:00,TRK-065,Rute-E,Bogor Transit Hub,995.4,1200,20.38,1.9,21.2,IDLE_DOCK,NO
2026-07-12 15:05:00,TRK-066,Rute-F,Cikarang Industrial Hub,996.5,1200,20.8,2.0,22.0,LOADED,YES
2026-07-13 06:12:00,TRK-067,Rute-G,Gudang West (Tangerang),997.6,1200,21.22,2.2,22.8,DELIVERED,YES
2026-07-14 09:19:00,TRK-068,Rute-H,Central Hub (Jakarta),998.7,1200,21.64,2.4,23.6,IN_TRANSIT,YES
2026-07-15 12:26:00,TRK-069,Rute-I,Grogol Hub (Jakbar),999.8,1200,22.06,0.6,24.4,IDLE_DOCK,NO
2026-07-16 15:33:00,TRK-070,Rute-J,Petamburan Hub,1000.9,1200,22.48,0.8,25.2,LOADED,YES
2026-07-17 06:40:00,TRK-071,Rute-K,Bekasi Logistics Hub,1002.0,1200,22.9,1.0,26.0,DELIVERED,YES
2026-07-18 09:47:00,TRK-072,Rute-L,Depok Hub,1003.1,1200,23.32,1.1,26.8,IN_TRANSIT,YES
2026-07-19 12:54:00,TRK-073,Rute-M,Bogor Transit Hub,1004.2,1200,23.74,1.3,27.6,IDLE_DOCK,NO
2026-07-20 15:01:00,TRK-074,Rute-N,Cikarang Industrial Hub,1005.3,1200,24.16,1.5,28.4,LOADED,YES
2026-07-21 06:08:00,TRK-075,Rute-O,Gudang West (Tangerang),1006.4,1200,24.58,1.7,29.2,DELIVERED,YES
2026-07-22 09:15:00,TRK-076,Rute-A,Central Hub (Jakarta),1007.5,1200,14.5,1.9,30.0,IN_TRANSIT,YES
2026-07-23 12:22:00,TRK-077,Rute-B,Grogol Hub (Jakbar),1008.6,1200,14.92,2.0,30.8,IDLE_DOCK,NO
2026-07-24 15:29:00,TRK-078,Rute-C,Petamburan Hub,1009.7,1200,15.34,2.2,31.6,LOADED,YES
2026-07-25 06:36:00,TRK-079,Rute-D,Bekasi Logistics Hub,1010.8,1200,15.76,2.4,32.4,DELIVERED,YES
2026-07-26 09:43:00,TRK-080,Rute-E,Depok Hub,1011.9,1200,16.18,0.6,33.2,IN_TRANSIT,YES
2026-07-27 12:50:00,TRK-081,Rute-F,Bogor Transit Hub,1013.0,1200,16.6,0.8,34.0,IDLE_DOCK,NO
2026-07-28 15:57:00,TRK-082,Rute-G,Cikarang Industrial Hub,1014.1,1200,17.02,1.0,34.8,LOADED,YES
2026-07-29 06:04:00,TRK-083,Rute-H,Gudang West (Tangerang),1015.2,1200,17.44,1.1,35.6,DELIVERED,YES
2026-07-30 09:11:00,TRK-084,Rute-I,Central Hub (Jakarta),1016.3,1200,17.86,1.3,36.4,IN_TRANSIT,YES
2026-07-31 12:18:00,TRK-085,Rute-J,Grogol Hub (Jakbar),1017.4,1200,18.28,1.5,37.2,IDLE_DOCK,NO
2026-07-01 15:25:00,TRK-086,Rute-K,Petamburan Hub,1018.5,1200,18.7,1.7,38.0,LOADED,YES
2026-07-02 06:32:00,TRK-087,Rute-L,Bekasi Logistics Hub,1019.6,1200,19.12,1.9,38.8,DELIVERED,YES
2026-07-03 09:39:00,TRK-088,Rute-M,Depok Hub,1020.7,1200,19.54,2.0,39.6,IN_TRANSIT,YES
2026-07-04 12:46:00,TRK-089,Rute-N,Bogor Transit Hub,1021.8,1200,19.96,2.2,40.4,IDLE_DOCK,NO
2026-07-05 15:53:00,TRK-090,Rute-O,Cikarang Industrial Hub,1022.9,1200,20.38,2.4,41.2,LOADED,YES
2026-07-06 06:00:00,TRK-091,Rute-A,Gudang West (Tangerang),1024.0,1200,20.8,0.6,42.0,DELIVERED,YES
2026-07-07 09:07:00,TRK-092,Rute-B,Central Hub (Jakarta),1025.1,1200,21.22,0.8,42.8,IN_TRANSIT,YES
2026-07-08 12:14:00,TRK-093,Rute-C,Grogol Hub (Jakbar),1026.2,1200,21.64,1.0,43.6,IDLE_DOCK,NO
2026-07-09 15:21:00,TRK-094,Rute-D,Petamburan Hub,1027.3,1200,22.06,1.1,44.4,LOADED,YES
2026-07-10 06:28:00,TRK-095,Rute-E,Bekasi Logistics Hub,1028.4,1200,22.48,1.3,45.2,DELIVERED,YES
2026-07-11 09:35:00,TRK-096,Rute-F,Depok Hub,1029.5,1200,22.9,1.5,46.0,IN_TRANSIT,YES
2026-07-12 12:42:00,TRK-097,Rute-G,Bogor Transit Hub,1030.6,1200,23.32,1.7,46.8,IDLE_DOCK,NO
2026-07-13 15:49:00,TRK-098,Rute-H,Cikarang Industrial Hub,1031.7,1200,23.74,1.9,47.6,LOADED,YES
2026-07-14 06:56:00,TRK-099,Rute-I,Gudang West (Tangerang),1032.8,1200,24.16,2.0,48.4,DELIVERED,YES
2026-07-15 09:03:00,TRK-100,Rute-J,Central Hub (Jakarta),1033.9,1200,24.58,2.2,49.2,IN_TRANSIT,YES
2026-07-16 12:10:00,TRK-101,Rute-K,Grogol Hub (Jakbar),1035.0,1200,14.5,2.4,50.0,IDLE_DOCK,NO
2026-07-17 15:17:00,TRK-102,Rute-L,Petamburan Hub,1036.1,1200,14.92,0.6,50.8,LOADED,YES
2026-07-18 06:24:00,TRK-103,Rute-M,Bekasi Logistics Hub,1037.2,1200,15.34,0.8,51.6,DELIVERED,YES
2026-07-19 09:31:00,TRK-104,Rute-N,Depok Hub,1038.3,1200,15.76,1.0,52.4,IN_TRANSIT,YES
2026-07-20 12:38:00,TRK-105,Rute-O,Bogor Transit Hub,1039.4,1200,16.18,1.1,53.2,IDLE_DOCK,NO
2026-07-21 15:45:00,TRK-106,Rute-A,Cikarang Industrial Hub,1040.5,1200,16.6,1.3,54.0,LOADED,YES
2026-07-22 06:52:00,TRK-107,Rute-B,Gudang West (Tangerang),1041.6,1200,17.02,1.5,54.8,DELIVERED,YES
2026-07-23 09:59:00,TRK-108,Rute-C,Central Hub (Jakarta),1042.7,1200,17.44,1.7,55.6,IN_TRANSIT,YES
2026-07-24 12:06:00,TRK-109,Rute-D,Grogol Hub (Jakbar),1043.8,1200,17.86,1.9,56.4,IDLE_DOCK,NO
2026-07-25 15:13:00,TRK-110,Rute-E,Petamburan Hub,1044.9,1200,18.28,2.0,57.2,LOADED,YES
2026-07-26 06:20:00,TRK-111,Rute-F,Bekasi Logistics Hub,1046.0,1200,18.7,2.2,58.0,DELIVERED,YES
2026-07-27 09:27:00,TRK-112,Rute-G,Depok Hub,1047.1,1200,19.12,2.4,58.8,IN_TRANSIT,YES
2026-07-28 12:34:00,TRK-113,Rute-H,Bogor Transit Hub,1048.2,1200,19.54,0.6,59.6,IDLE_DOCK,NO
2026-07-29 15:41:00,TRK-114,Rute-I,Cikarang Industrial Hub,1049.3,1200,19.96,0.8,60.4,LOADED,YES
2026-07-30 06:48:00,TRK-115,Rute-J,Gudang West (Tangerang),1050.4,1200,20.38,1.0,61.2,DELIVERED,YES
2026-07-31 09:55:00,TRK-116,Rute-K,Central Hub (Jakarta),1051.5,1200,20.8,1.1,62.0,IN_TRANSIT,YES
2026-07-01 12:02:00,TRK-117,Rute-L,Grogol Hub (Jakbar),1052.6,1200,21.22,1.3,62.8,IDLE_DOCK,NO
2026-07-02 15:09:00,TRK-118,Rute-M,Petamburan Hub,1053.7,1200,21.64,1.5,63.6,LOADED,YES
2026-07-03 06:16:00,TRK-119,Rute-N,Bekasi Logistics Hub,1054.8,1200,22.06,1.7,64.4,DELIVERED,YES
2026-07-04 09:23:00,TRK-120,Rute-O,Depok Hub,1055.9,1200,22.48,1.9,65.2,IN_TRANSIT,YES
2026-07-05 12:30:00,TRK-121,Rute-A,Bogor Transit Hub,1057.0,1200,22.9,2.0,66.0,IDLE_DOCK,NO
2026-07-06 15:37:00,TRK-122,Rute-B,Cikarang Industrial Hub,1058.1,1200,23.32,2.2,66.8,LOADED,YES
2026-07-07 06:44:00,TRK-123,Rute-C,Gudang West (Tangerang),1059.2,1200,23.74,2.4,67.6,DELIVERED,YES
2026-07-08 09:51:00,TRK-124,Rute-D,Central Hub (Jakarta),1060.3,1200,24.16,0.6,68.4,IN_TRANSIT,YES
2026-07-09 12:58:00,TRK-125,Rute-E,Grogol Hub (Jakbar),1061.4,1200,24.58,0.8,69.2,IDLE_DOCK,NO
2026-07-10 15:05:00,TRK-126,Rute-F,Petamburan Hub,1062.5,1200,14.5,1.0,70.0,LOADED,YES
2026-07-11 06:12:00,TRK-127,Rute-G,Bekasi Logistics Hub,1063.6,1200,14.92,1.1,70.8,DELIVERED,YES
2026-07-12 09:19:00,TRK-128,Rute-H,Depok Hub,1064.7,1200,15.34,1.3,71.6,IN_TRANSIT,YES
2026-07-13 12:26:00,TRK-129,Rute-I,Bogor Transit Hub,1065.8,1200,15.76,1.5,72.4,IDLE_DOCK,NO
2026-07-14 15:33:00,TRK-130,Rute-J,Cikarang Industrial Hub,1066.9,1200,16.18,1.7,73.2,LOADED,YES
2026-07-15 06:40:00,TRK-131,Rute-K,Gudang West (Tangerang),1068.0,1200,16.6,1.9,74.0,DELIVERED,YES
2026-07-16 09:47:00,TRK-132,Rute-L,Central Hub (Jakarta),1069.1,1200,17.02,2.0,74.8,IN_TRANSIT,YES
2026-07-17 12:54:00,TRK-133,Rute-M,Grogol Hub (Jakbar),1070.2,1200,17.44,2.2,75.6,IDLE_DOCK,NO
2026-07-18 15:01:00,TRK-134,Rute-N,Petamburan Hub,1071.3,1200,17.86,2.4,76.4,LOADED,YES
2026-07-19 06:08:00,TRK-135,Rute-O,Bekasi Logistics Hub,1072.4,1200,18.28,0.6,77.2,DELIVERED,YES
2026-07-20 09:15:00,TRK-136,Rute-A,Depok Hub,1073.5,1200,18.7,0.8,78.0,IN_TRANSIT,YES
2026-07-21 12:22:00,TRK-137,Rute-B,Bogor Transit Hub,1074.6,1200,19.12,1.0,78.8,IDLE_DOCK,NO
2026-07-22 15:29:00,TRK-138,Rute-C,Cikarang Industrial Hub,1075.7,1200,19.54,1.1,79.6,LOADED,YES
2026-07-23 06:36:00,TRK-139,Rute-D,Gudang West (Tangerang),1076.8,1200,19.96,1.3,80.4,DELIVERED,YES
2026-07-24 09:43:00,TRK-140,Rute-E,Central Hub (Jakarta),1077.9,1200,20.38,1.5,81.2,IN_TRANSIT,YES
2026-07-25 12:50:00,TRK-141,Rute-F,Grogol Hub (Jakbar),1079.0,1200,20.8,1.7,82.0,IDLE_DOCK,NO
2026-07-26 15:57:00,TRK-142,Rute-G,Petamburan Hub,1080.1,1200,21.22,1.9,82.8,LOADED,YES
2026-07-27 06:04:00,TRK-143,Rute-H,Bekasi Logistics Hub,1081.2,1200,21.64,2.0,83.6,DELIVERED,YES
2026-07-28 09:11:00,TRK-144,Rute-I,Depok Hub,1082.3,1200,22.06,2.2,84.4,IN_TRANSIT,YES
2026-07-29 12:18:00,TRK-145,Rute-J,Bogor Transit Hub,1083.4,1200,22.48,2.4,85.2,IDLE_DOCK,NO
2026-07-30 15:25:00,TRK-146,Rute-K,Cikarang Industrial Hub,1084.5,1200,22.9,0.6,86.0,LOADED,YES
2026-07-31 06:32:00,TRK-147,Rute-L,Gudang West (Tangerang),1085.6,1200,23.32,0.8,86.8,DELIVERED,YES
2026-07-01 09:39:00,TRK-148,Rute-M,Central Hub (Jakarta),1086.7,1200,23.74,1.0,87.6,IN_TRANSIT,YES
2026-07-02 12:46:00,TRK-149,Rute-N,Grogol Hub (Jakbar),1087.8,1200,24.16,1.1,88.4,IDLE_DOCK,NO
2026-07-03 15:53:00,TRK-150,Rute-O,Petamburan Hub,1088.9,1200,24.58,1.3,89.2,LOADED,YES
2026-07-04 06:00:00,TRK-001,Rute-A,Bekasi Logistics Hub,1090.0,1200,14.5,1.5,18.0,DELIVERED,YES
2026-07-05 09:07:00,TRK-002,Rute-B,Depok Hub,1091.1,1200,14.92,1.7,18.8,IN_TRANSIT,YES
2026-07-06 12:14:00,TRK-003,Rute-C,Bogor Transit Hub,1092.2,1200,15.34,1.9,19.6,IDLE_DOCK,NO
2026-07-07 15:21:00,TRK-004,Rute-D,Cikarang Industrial Hub,1093.3,1200,15.76,2.0,20.4,LOADED,YES
2026-07-08 06:28:00,TRK-005,Rute-E,Gudang West (Tangerang),1094.4,1200,16.18,2.2,21.2,DELIVERED,YES
2026-07-09 09:35:00,TRK-006,Rute-F,Central Hub (Jakarta),1095.5,1200,16.6,2.4,22.0,IN_TRANSIT,YES
2026-07-10 12:42:00,TRK-007,Rute-G,Grogol Hub (Jakbar),1096.6,1200,17.02,0.6,22.8,IDLE_DOCK,NO
2026-07-11 15:49:00,TRK-008,Rute-H,Petamburan Hub,1097.7,1200,17.44,0.8,23.6,LOADED,YES
2026-07-12 06:56:00,TRK-009,Rute-I,Bekasi Logistics Hub,1098.8,1200,17.86,1.0,24.4,DELIVERED,YES
2026-07-13 09:03:00,TRK-010,Rute-J,Depok Hub,1099.9,1200,18.28,1.1,25.2,IN_TRANSIT,YES
2026-07-14 12:10:00,TRK-011,Rute-K,Bogor Transit Hub,1101.0,1200,18.7,1.3,26.0,IDLE_DOCK,NO
2026-07-15 15:17:00,TRK-012,Rute-L,Cikarang Industrial Hub,1102.1,1200,19.12,1.5,26.8,LOADED,YES
2026-07-16 06:24:00,TRK-013,Rute-M,Gudang West (Tangerang),1103.2,1200,19.54,1.7,27.6,DELIVERED,YES
2026-07-17 09:31:00,TRK-014,Rute-N,Central Hub (Jakarta),1104.3,1200,19.96,1.9,28.4,IN_TRANSIT,YES
2026-07-18 12:38:00,TRK-015,Rute-O,Grogol Hub (Jakbar),1105.4,1200,20.38,2.0,29.2,IDLE_DOCK,NO
2026-07-19 15:45:00,TRK-016,Rute-A,Petamburan Hub,1106.5,1200,20.8,2.2,30.0,LOADED,YES
2026-07-20 06:52:00,TRK-017,Rute-B,Bekasi Logistics Hub,1107.6,1200,21.22,2.4,30.8,DELIVERED,YES
2026-07-21 09:59:00,TRK-018,Rute-C,Depok Hub,1108.7,1200,21.64,0.6,31.6,IN_TRANSIT,YES
2026-07-22 12:06:00,TRK-019,Rute-D,Bogor Transit Hub,1109.8,1200,22.06,0.8,32.4,IDLE_DOCK,NO
2026-07-23 15:13:00,TRK-020,Rute-E,Cikarang Industrial Hub,1110.9,1200,22.48,1.0,33.2,LOADED,YES
2026-07-24 06:20:00,TRK-021,Rute-F,Gudang West (Tangerang),1112.0,1200,22.9,1.1,34.0,DELIVERED,YES
2026-07-25 09:27:00,TRK-022,Rute-G,Central Hub (Jakarta),1113.1,1200,23.32,1.3,34.8,IN_TRANSIT,YES
2026-07-26 12:34:00,TRK-023,Rute-H,Grogol Hub (Jakbar),1114.2,1200,23.74,1.5,35.6,IDLE_DOCK,NO
2026-07-27 15:41:00,TRK-024,Rute-I,Petamburan Hub,1115.3,1200,24.16,1.7,36.4,LOADED,YES
2026-07-28 06:48:00,TRK-025,Rute-J,Bekasi Logistics Hub,1116.4,1200,24.58,1.9,37.2,DELIVERED,YES
2026-07-29 09:55:00,TRK-026,Rute-K,Depok Hub,1117.5,1200,14.5,2.0,38.0,IN_TRANSIT,YES
2026-07-30 12:02:00,TRK-027,Rute-L,Bogor Transit Hub,1118.6,1200,14.92,2.2,38.8,IDLE_DOCK,NO
2026-07-31 15:09:00,TRK-028,Rute-M,Cikarang Industrial Hub,1119.7,1200,15.34,2.4,39.6,LOADED,YES
2026-07-01 06:16:00,TRK-029,Rute-N,Gudang West (Tangerang),1120.8,1200,15.76,0.6,40.4,DELIVERED,YES
2026-07-02 09:23:00,TRK-030,Rute-O,Central Hub (Jakarta),1121.9,1200,16.18,0.8,41.2,IN_TRANSIT,YES
2026-07-03 12:30:00,TRK-031,Rute-A,Grogol Hub (Jakbar),1123.0,1200,16.6,1.0,42.0,IDLE_DOCK,NO
2026-07-04 15:37:00,TRK-032,Rute-B,Petamburan Hub,1124.1,1200,17.02,1.1,42.8,LOADED,YES
2026-07-05 06:44:00,TRK-033,Rute-C,Bekasi Logistics Hub,1125.2,1200,17.44,1.3,43.6,DELIVERED,YES
2026-07-06 09:51:00,TRK-034,Rute-D,Depok Hub,1126.3,1200,17.86,1.5,44.4,IN_TRANSIT,YES
2026-07-07 12:58:00,TRK-035,Rute-E,Bogor Transit Hub,1127.4,1200,18.28,1.7,45.2,IDLE_DOCK,NO
2026-07-08 15:05:00,TRK-036,Rute-F,Cikarang Industrial Hub,1128.5,1200,18.7,1.9,46.0,LOADED,YES
2026-07-09 06:12:00,TRK-037,Rute-G,Gudang West (Tangerang),1129.6,1200,19.12,2.0,46.8,DELIVERED,YES
2026-07-10 09:19:00,TRK-038,Rute-H,Central Hub (Jakarta),1130.7,1200,19.54,2.2,47.6,IN_TRANSIT,YES
2026-07-11 12:26:00,TRK-039,Rute-I,Grogol Hub (Jakbar),1131.8,1200,19.96,2.4,48.4,IDLE_DOCK,NO
2026-07-12 15:33:00,TRK-040,Rute-J,Petamburan Hub,1132.9,1200,20.38,0.6,49.2,LOADED,YES
2026-07-13 06:40:00,TRK-041,Rute-K,Bekasi Logistics Hub,1134.0,1200,20.8,0.8,50.0,DELIVERED,YES
2026-07-14 09:47:00,TRK-042,Rute-L,Depok Hub,1135.1,1200,21.22,1.0,50.8,IN_TRANSIT,YES
2026-07-15 12:54:00,TRK-043,Rute-M,Bogor Transit Hub,1136.2,1200,21.64,1.1,51.6,IDLE_DOCK,NO
2026-07-16 15:01:00,TRK-044,Rute-N,Cikarang Industrial Hub,1137.3,1200,22.06,1.3,52.4,LOADED,YES
2026-07-17 06:08:00,TRK-045,Rute-O,Gudang West (Tangerang),1138.4,1200,22.48,1.5,53.2,DELIVERED,YES
2026-07-18 09:15:00,TRK-046,Rute-A,Central Hub (Jakarta),1139.5,1200,22.9,1.7,54.0,IN_TRANSIT,YES
2026-07-19 12:22:00,TRK-047,Rute-B,Grogol Hub (Jakbar),1140.6,1200,23.32,1.9,54.8,IDLE_DOCK,NO
2026-07-20 15:29:00,TRK-048,Rute-C,Petamburan Hub,1141.7,1200,23.74,2.0,55.6,LOADED,YES
2026-07-21 06:36:00,TRK-049,Rute-D,Bekasi Logistics Hub,1142.8,1200,24.16,2.2,56.4,DELIVERED,YES
2026-07-22 09:43:00,TRK-050,Rute-E,Depok Hub,1143.9,1200,24.58,2.4,57.2,IN_TRANSIT,YES
2026-07-23 12:50:00,TRK-051,Rute-F,Bogor Transit Hub,1145.0,1200,14.5,0.6,58.0,IDLE_DOCK,NO
2026-07-24 15:57:00,TRK-052,Rute-G,Cikarang Industrial Hub,1146.1,1200,14.92,0.8,58.8,LOADED,YES
2026-07-25 06:04:00,TRK-053,Rute-H,Gudang West (Tangerang),1147.2,1200,15.34,1.0,59.6,DELIVERED,YES
2026-07-26 09:11:00,TRK-054,Rute-I,Central Hub (Jakarta),1148.3,1200,15.76,1.1,60.4,IN_TRANSIT,YES
2026-07-27 12:18:00,TRK-055,Rute-J,Grogol Hub (Jakbar),1149.4,1200,16.18,1.3,61.2,IDLE_DOCK,NO
2026-07-28 15:25:00,TRK-056,Rute-K,Petamburan Hub,1150.5,1200,16.6,1.5,62.0,LOADED,YES
2026-07-29 06:32:00,TRK-057,Rute-L,Bekasi Logistics Hub,1151.6,1200,17.02,1.7,62.8,DELIVERED,YES
2026-07-30 09:39:00,TRK-058,Rute-M,Depok Hub,1152.7,1200,17.44,1.9,63.6,IN_TRANSIT,YES
2026-07-31 12:46:00,TRK-059,Rute-N,Bogor Transit Hub,1153.8,1200,17.86,2.0,64.4,IDLE_DOCK,NO
2026-07-01 15:53:00,TRK-060,Rute-O,Cikarang Industrial Hub,1154.9,1200,18.28,2.2,65.2,LOADED,YES
2026-07-02 06:00:00,TRK-061,Rute-A,Gudang West (Tangerang),650.0,1200,18.7,2.4,66.0,DELIVERED,YES
2026-07-03 09:07:00,TRK-062,Rute-B,Central Hub (Jakarta),651.1,1200,19.12,0.6,66.8,IN_TRANSIT,YES
2026-07-04 12:14:00,TRK-063,Rute-C,Grogol Hub (Jakbar),652.2,1200,19.54,0.8,67.6,IDLE_DOCK,NO
2026-07-05 15:21:00,TRK-064,Rute-D,Petamburan Hub,653.3,1200,19.96,1.0,68.4,LOADED,YES
2026-07-06 06:28:00,TRK-065,Rute-E,Bekasi Logistics Hub,654.4,1200,20.38,1.1,69.2,DELIVERED,YES
2026-07-07 09:35:00,TRK-066,Rute-F,Depok Hub,655.5,1200,20.8,1.3,70.0,IN_TRANSIT,YES
2026-07-08 12:42:00,TRK-067,Rute-G,Bogor Transit Hub,656.6,1200,21.22,1.5,70.8,IDLE_DOCK,NO
2026-07-09 15:49:00,TRK-068,Rute-H,Cikarang Industrial Hub,657.7,1200,21.64,1.7,71.6,LOADED,YES
2026-07-10 06:56:00,TRK-069,Rute-I,Gudang West (Tangerang),658.8,1200,22.06,1.9,72.4,DELIVERED,YES
2026-07-11 09:03:00,TRK-070,Rute-J,Central Hub (Jakarta),659.9,1200,22.48,2.0,73.2,IN_TRANSIT,YES
2026-07-12 12:10:00,TRK-071,Rute-K,Grogol Hub (Jakbar),661.0,1200,22.9,2.2,74.0,IDLE_DOCK,NO
2026-07-13 15:17:00,TRK-072,Rute-L,Petamburan Hub,662.1,1200,23.32,2.4,74.8,LOADED,YES
2026-07-14 06:24:00,TRK-073,Rute-M,Bekasi Logistics Hub,663.2,1200,23.74,0.6,75.6,DELIVERED,YES
2026-07-15 09:31:00,TRK-074,Rute-N,Depok Hub,664.3,1200,24.16,0.8,76.4,IN_TRANSIT,YES
2026-07-16 12:38:00,TRK-075,Rute-O,Bogor Transit Hub,665.4,1200,24.58,1.0,77.2,IDLE_DOCK,NO
2026-07-17 15:45:00,TRK-076,Rute-A,Cikarang Industrial Hub,666.5,1200,14.5,1.1,78.0,LOADED,YES
2026-07-18 06:52:00,TRK-077,Rute-B,Gudang West (Tangerang),667.6,1200,14.92,1.3,78.8,DELIVERED,YES
2026-07-19 09:59:00,TRK-078,Rute-C,Central Hub (Jakarta),668.7,1200,15.34,1.5,79.6,IN_TRANSIT,YES
2026-07-20 12:06:00,TRK-079,Rute-D,Grogol Hub (Jakbar),669.8,1200,15.76,1.7,80.4,IDLE_DOCK,NO
2026-07-21 15:13:00,TRK-080,Rute-E,Petamburan Hub,670.9,1200,16.18,1.9,81.2,LOADED,YES
2026-07-22 06:20:00,TRK-081,Rute-F,Bekasi Logistics Hub,672.0,1200,16.6,2.0,82.0,DELIVERED,YES
2026-07-23 09:27:00,TRK-082,Rute-G,Depok Hub,673.1,1200,17.02,2.2,82.8,IN_TRANSIT,YES
2026-07-24 12:34:00,TRK-083,Rute-H,Bogor Transit Hub,674.2,1200,17.44,2.4,83.6,IDLE_DOCK,NO
2026-07-25 15:41:00,TRK-084,Rute-I,Cikarang Industrial Hub,675.3,1200,17.86,0.6,84.4,LOADED,YES
2026-07-26 06:48:00,TRK-085,Rute-J,Gudang West (Tangerang),676.4,1200,18.28,0.8,85.2,DELIVERED,YES
2026-07-27 09:55:00,TRK-086,Rute-K,Central Hub (Jakarta),677.5,1200,18.7,1.0,86.0,IN_TRANSIT,YES
2026-07-28 12:02:00,TRK-087,Rute-L,Grogol Hub (Jakbar),678.6,1200,19.12,1.1,86.8,IDLE_DOCK,NO
2026-07-29 15:09:00,TRK-088,Rute-M,Petamburan Hub,679.7,1200,19.54,1.3,87.6,LOADED,YES
2026-07-30 06:16:00,TRK-089,Rute-N,Bekasi Logistics Hub,680.8,1200,19.96,1.5,88.4,DELIVERED,YES
2026-07-31 09:23:00,TRK-090,Rute-O,Depok Hub,681.9,1200,20.38,1.7,89.2,IN_TRANSIT,YES
2026-07-01 12:30:00,TRK-091,Rute-A,Bogor Transit Hub,683.0,1200,20.8,1.9,18.0,IDLE_DOCK,NO
2026-07-02 15:37:00,TRK-092,Rute-B,Cikarang Industrial Hub,684.1,1200,21.22,2.0,18.8,LOADED,YES
2026-07-03 06:44:00,TRK-093,Rute-C,Gudang West (Tangerang),685.2,1200,21.64,2.2,19.6,DELIVERED,YES
2026-07-04 09:51:00,TRK-094,Rute-D,Central Hub (Jakarta),686.3,1200,22.06,2.4,20.4,IN_TRANSIT,YES
2026-07-05 12:58:00,TRK-095,Rute-E,Grogol Hub (Jakbar),687.4,1200,22.48,0.6,21.2,IDLE_DOCK,NO
2026-07-06 15:05:00,TRK-096,Rute-F,Petamburan Hub,688.5,1200,22.9,0.8,22.0,LOADED,YES
2026-07-07 06:12:00,TRK-097,Rute-G,Bekasi Logistics Hub,689.6,1200,23.32,1.0,22.8,DELIVERED,YES
2026-07-08 09:19:00,TRK-098,Rute-H,Depok Hub,690.7,1200,23.74,1.1,23.6,IN_TRANSIT,YES
2026-07-09 12:26:00,TRK-099,Rute-I,Bogor Transit Hub,691.8,1200,24.16,1.3,24.4,IDLE_DOCK,NO
2026-07-10 15:33:00,TRK-100,Rute-J,Cikarang Industrial Hub,692.9,1200,24.58,1.5,25.2,LOADED,YES
2026-07-11 06:40:00,TRK-101,Rute-K,Gudang West (Tangerang),694.0,1200,14.5,1.7,26.0,DELIVERED,YES
2026-07-12 09:47:00,TRK-102,Rute-L,Central Hub (Jakarta),695.1,1200,14.92,1.9,26.8,IN_TRANSIT,YES
2026-07-13 12:54:00,TRK-103,Rute-M,Grogol Hub (Jakbar),696.2,1200,15.34,2.0,27.6,IDLE_DOCK,NO
2026-07-14 15:01:00,TRK-104,Rute-N,Petamburan Hub,697.3,1200,15.76,2.2,28.4,LOADED,YES
2026-07-15 06:08:00,TRK-105,Rute-O,Bekasi Logistics Hub,698.4,1200,16.18,2.4,29.2,DELIVERED,YES
2026-07-16 09:15:00,TRK-106,Rute-A,Depok Hub,699.5,1200,16.6,0.6,30.0,IN_TRANSIT,YES
2026-07-17 12:22:00,TRK-107,Rute-B,Bogor Transit Hub,700.6,1200,17.02,0.8,30.8,IDLE_DOCK,NO
2026-07-18 15:29:00,TRK-108,Rute-C,Cikarang Industrial Hub,701.7,1200,17.44,1.0,31.6,LOADED,YES
2026-07-19 06:36:00,TRK-109,Rute-D,Gudang West (Tangerang),702.8,1200,17.86,1.1,32.4,DELIVERED,YES
2026-07-20 09:43:00,TRK-110,Rute-E,Central Hub (Jakarta),703.9,1200,18.28,1.3,33.2,IN_TRANSIT,YES
2026-07-21 12:50:00,TRK-111,Rute-F,Grogol Hub (Jakbar),705.0,1200,18.7,1.5,34.0,IDLE_DOCK,NO
2026-07-22 15:57:00,TRK-112,Rute-G,Petamburan Hub,706.1,1200,19.12,1.7,34.8,LOADED,YES
2026-07-23 06:04:00,TRK-113,Rute-H,Bekasi Logistics Hub,707.2,1200,19.54,1.9,35.6,DELIVERED,YES
2026-07-24 09:11:00,TRK-114,Rute-I,Depok Hub,708.3,1200,19.96,2.0,36.4,IN_TRANSIT,YES
2026-07-25 12:18:00,TRK-115,Rute-J,Bogor Transit Hub,709.4,1200,20.38,2.2,37.2,IDLE_DOCK,NO
2026-07-26 15:25:00,TRK-116,Rute-K,Cikarang Industrial Hub,710.5,1200,20.8,2.4,38.0,LOADED,YES
2026-07-27 06:32:00,TRK-117,Rute-L,Gudang West (Tangerang),711.6,1200,21.22,0.6,38.8,DELIVERED,YES
2026-07-28 09:39:00,TRK-118,Rute-M,Central Hub (Jakarta),712.7,1200,21.64,0.8,39.6,IN_TRANSIT,YES
2026-07-29 12:46:00,TRK-119,Rute-N,Grogol Hub (Jakbar),713.8,1200,22.06,1.0,40.4,IDLE_DOCK,NO
2026-07-30 15:53:00,TRK-120,Rute-O,Petamburan Hub,714.9,1200,22.48,1.1,41.2,LOADED,YES
2026-07-31 06:00:00,TRK-121,Rute-A,Bekasi Logistics Hub,716.0,1200,22.9,1.3,42.0,DELIVERED,YES
2026-07-01 09:07:00,TRK-122,Rute-B,Depok Hub,717.1,1200,23.32,1.5,42.8,IN_TRANSIT,YES
2026-07-02 12:14:00,TRK-123,Rute-C,Bogor Transit Hub,718.2,1200,23.74,1.7,43.6,IDLE_DOCK,NO
2026-07-03 15:21:00,TRK-124,Rute-D,Cikarang Industrial Hub,719.3,1200,24.16,1.9,44.4,LOADED,YES
2026-07-04 06:28:00,TRK-125,Rute-E,Gudang West (Tangerang),720.4,1200,24.58,2.0,45.2,DELIVERED,YES
2026-07-05 09:35:00,TRK-126,Rute-F,Central Hub (Jakarta),721.5,1200,14.5,2.2,46.0,IN_TRANSIT,YES
2026-07-06 12:42:00,TRK-127,Rute-G,Grogol Hub (Jakbar),722.6,1200,14.92,2.4,46.8,IDLE_DOCK,NO
2026-07-07 15:49:00,TRK-128,Rute-H,Petamburan Hub,723.7,1200,15.34,0.6,47.6,LOADED,YES
2026-07-08 06:56:00,TRK-129,Rute-I,Bekasi Logistics Hub,724.8,1200,15.76,0.8,48.4,DELIVERED,YES
2026-07-09 09:03:00,TRK-130,Rute-J,Depok Hub,725.9,1200,16.18,1.0,49.2,IN_TRANSIT,YES
2026-07-10 12:10:00,TRK-131,Rute-K,Bogor Transit Hub,727.0,1200,16.6,1.1,50.0,IDLE_DOCK,NO
2026-07-11 15:17:00,TRK-132,Rute-L,Cikarang Industrial Hub,728.1,1200,17.02,1.3,50.8,LOADED,YES
2026-07-12 06:24:00,TRK-133,Rute-M,Gudang West (Tangerang),729.2,1200,17.44,1.5,51.6,DELIVERED,YES
2026-07-13 09:31:00,TRK-134,Rute-N,Central Hub (Jakarta),730.3,1200,17.86,1.7,52.4,IN_TRANSIT,YES
2026-07-14 12:38:00,TRK-135,Rute-O,Grogol Hub (Jakbar),731.4,1200,18.28,1.9,53.2,IDLE_DOCK,NO
2026-07-15 15:45:00,TRK-136,Rute-A,Petamburan Hub,732.5,1200,18.7,2.0,54.0,LOADED,YES
2026-07-16 06:52:00,TRK-137,Rute-B,Bekasi Logistics Hub,733.6,1200,19.12,2.2,54.8,DELIVERED,YES
2026-07-17 09:59:00,TRK-138,Rute-C,Depok Hub,734.7,1200,19.54,2.4,55.6,IN_TRANSIT,YES
2026-07-18 12:06:00,TRK-139,Rute-D,Bogor Transit Hub,735.8,1200,19.96,0.6,56.4,IDLE_DOCK,NO
2026-07-19 15:13:00,TRK-140,Rute-E,Cikarang Industrial Hub,736.9,1200,20.38,0.8,57.2,LOADED,YES
2026-07-20 06:20:00,TRK-141,Rute-F,Gudang West (Tangerang),738.0,1200,20.8,1.0,58.0,DELIVERED,YES
2026-07-21 09:27:00,TRK-142,Rute-G,Central Hub (Jakarta),739.1,1200,21.22,1.1,58.8,IN_TRANSIT,YES
2026-07-22 12:34:00,TRK-143,Rute-H,Grogol Hub (Jakbar),740.2,1200,21.64,1.3,59.6,IDLE_DOCK,NO
2026-07-23 15:41:00,TRK-144,Rute-I,Petamburan Hub,741.3,1200,22.06,1.5,60.4,LOADED,YES
2026-07-24 06:48:00,TRK-145,Rute-J,Bekasi Logistics Hub,742.4,1200,22.48,1.7,61.2,DELIVERED,YES
2026-07-25 09:55:00,TRK-146,Rute-K,Depok Hub,743.5,1200,22.9,1.9,62.0,IN_TRANSIT,YES
2026-07-26 12:02:00,TRK-147,Rute-L,Bogor Transit Hub,744.6,1200,23.32,2.0,62.8,IDLE_DOCK,NO
2026-07-27 15:09:00,TRK-148,Rute-M,Cikarang Industrial Hub,745.7,1200,23.74,2.2,63.6,LOADED,YES
2026-07-28 06:16:00,TRK-149,Rute-N,Gudang West (Tangerang),746.8,1200,24.16,2.4,64.4,DELIVERED,YES
2026-07-29 09:23:00,TRK-150,Rute-O,Central Hub (Jakarta),747.9,1200,24.58,0.6,65.2,IN_TRANSIT,YES
2026-07-30 12:30:00,TRK-001,Rute-A,Grogol Hub (Jakbar),749.0,1200,14.5,0.8,66.0,IDLE_DOCK,NO
2026-07-31 15:37:00,TRK-002,Rute-B,Petamburan Hub,750.1,1200,14.92,1.0,66.8,LOADED,YES
2026-07-01 06:44:00,TRK-003,Rute-C,Bekasi Logistics Hub,751.2,1200,15.34,1.1,67.6,DELIVERED,YES
2026-07-02 09:51:00,TRK-004,Rute-D,Depok Hub,752.3,1200,15.76,1.3,68.4,IN_TRANSIT,YES
2026-07-03 12:58:00,TRK-005,Rute-E,Bogor Transit Hub,753.4,1200,16.18,1.5,69.2,IDLE_DOCK,NO
2026-07-04 15:05:00,TRK-006,Rute-F,Cikarang Industrial Hub,754.5,1200,16.6,1.7,70.0,LOADED,YES
2026-07-05 06:12:00,TRK-007,Rute-G,Gudang West (Tangerang),755.6,1200,17.02,1.9,70.8,DELIVERED,YES
2026-07-06 09:19:00,TRK-008,Rute-H,Central Hub (Jakarta),756.7,1200,17.44,2.0,71.6,IN_TRANSIT,YES
2026-07-07 12:26:00,TRK-009,Rute-I,Grogol Hub (Jakbar),757.8,1200,17.86,2.2,72.4,IDLE_DOCK,NO
2026-07-08 15:33:00,TRK-010,Rute-J,Petamburan Hub,758.9,1200,18.28,2.4,73.2,LOADED,YES
2026-07-09 06:40:00,TRK-011,Rute-K,Bekasi Logistics Hub,760.0,1200,18.7,0.6,74.0,DELIVERED,YES
2026-07-10 09:47:00,TRK-012,Rute-L,Depok Hub,761.1,1200,19.12,0.8,74.8,IN_TRANSIT,YES
2026-07-11 12:54:00,TRK-013,Rute-M,Bogor Transit Hub,762.2,1200,19.54,1.0,75.6,IDLE_DOCK,NO
2026-07-12 15:01:00,TRK-014,Rute-N,Cikarang Industrial Hub,763.3,1200,19.96,1.1,76.4,LOADED,YES
2026-07-13 06:08:00,TRK-015,Rute-O,Gudang West (Tangerang),764.4,1200,20.38,1.3,77.2,DELIVERED,YES
2026-07-14 09:15:00,TRK-016,Rute-A,Central Hub (Jakarta),765.5,1200,20.8,1.5,78.0,IN_TRANSIT,YES
2026-07-15 12:22:00,TRK-017,Rute-B,Grogol Hub (Jakbar),766.6,1200,21.22,1.7,78.8,IDLE_DOCK,NO
2026-07-16 15:29:00,TRK-018,Rute-C,Petamburan Hub,767.7,1200,21.64,1.9,79.6,LOADED,YES
2026-07-17 06:36:00,TRK-019,Rute-D,Bekasi Logistics Hub,768.8,1200,22.06,2.0,80.4,DELIVERED,YES
2026-07-18 09:43:00,TRK-020,Rute-E,Depok Hub,769.9,1200,22.48,2.2,81.2,IN_TRANSIT,YES
2026-07-19 12:50:00,TRK-021,Rute-F,Bogor Transit Hub,771.0,1200,22.9,2.4,82.0,IDLE_DOCK,NO
2026-07-20 15:57:00,TRK-022,Rute-G,Cikarang Industrial Hub,772.1,1200,23.32,0.6,82.8,LOADED,YES
2026-07-21 06:04:00,TRK-023,Rute-H,Gudang West (Tangerang),773.2,1200,23.74,0.8,83.6,DELIVERED,YES
2026-07-22 09:11:00,TRK-024,Rute-I,Central Hub (Jakarta),774.3,1200,24.16,1.0,84.4,IN_TRANSIT,YES
2026-07-23 12:18:00,TRK-025,Rute-J,Grogol Hub (Jakbar),775.4,1200,24.58,1.1,85.2,IDLE_DOCK,NO
2026-07-24 15:25:00,TRK-026,Rute-K,Petamburan Hub,776.5,1200,14.5,1.3,86.0,LOADED,YES
2026-07-25 06:32:00,TRK-027,Rute-L,Bekasi Logistics Hub,777.6,1200,14.92,1.5,86.8,DELIVERED,YES
2026-07-26 09:39:00,TRK-028,Rute-M,Depok Hub,778.7,1200,15.34,1.7,87.6,IN_TRANSIT,YES
2026-07-27 12:46:00,TRK-029,Rute-N,Bogor Transit Hub,779.8,1200,15.76,1.9,88.4,IDLE_DOCK,NO
2026-07-28 15:53:00,TRK-030,Rute-O,Cikarang Industrial Hub,780.9,1200,16.18,2.0,89.2,LOADED,YES
2026-07-29 06:00:00,TRK-031,Rute-A,Gudang West (Tangerang),782.0,1200,16.6,2.2,18.0,DELIVERED,YES
2026-07-30 09:07:00,TRK-032,Rute-B,Central Hub (Jakarta),783.1,1200,17.02,2.4,18.8,IN_TRANSIT,YES
2026-07-31 12:14:00,TRK-033,Rute-C,Grogol Hub (Jakbar),784.2,1200,17.44,0.6,19.6,IDLE_DOCK,NO
2026-07-01 15:21:00,TRK-034,Rute-D,Petamburan Hub,785.3,1200,17.86,0.8,20.4,LOADED,YES
2026-07-02 06:28:00,TRK-035,Rute-E,Bekasi Logistics Hub,786.4,1200,18.28,1.0,21.2,DELIVERED,YES
2026-07-03 09:35:00,TRK-036,Rute-F,Depok Hub,787.5,1200,18.7,1.1,22.0,IN_TRANSIT,YES
2026-07-04 12:42:00,TRK-037,Rute-G,Bogor Transit Hub,788.6,1200,19.12,1.3,22.8,IDLE_DOCK,NO
2026-07-05 15:49:00,TRK-038,Rute-H,Cikarang Industrial Hub,789.7,1200,19.54,1.5,23.6,LOADED,YES
2026-07-06 06:56:00,TRK-039,Rute-I,Gudang West (Tangerang),790.8,1200,19.96,1.7,24.4,DELIVERED,YES
2026-07-07 09:03:00,TRK-040,Rute-J,Central Hub (Jakarta),791.9,1200,20.38,1.9,25.2,IN_TRANSIT,YES
2026-07-08 12:10:00,TRK-041,Rute-K,Grogol Hub (Jakbar),793.0,1200,20.8,2.0,26.0,IDLE_DOCK,NO
2026-07-09 15:17:00,TRK-042,Rute-L,Petamburan Hub,794.1,1200,21.22,2.2,26.8,LOADED,YES
2026-07-10 06:24:00,TRK-043,Rute-M,Bekasi Logistics Hub,795.2,1200,21.64,2.4,27.6,DELIVERED,YES
2026-07-11 09:31:00,TRK-044,Rute-N,Depok Hub,796.3,1200,22.06,0.6,28.4,IN_TRANSIT,YES
2026-07-12 12:38:00,TRK-045,Rute-O,Bogor Transit Hub,797.4,1200,22.48,0.8,29.2,IDLE_DOCK,NO
2026-07-13 15:45:00,TRK-046,Rute-A,Cikarang Industrial Hub,798.5,1200,22.9,1.0,30.0,LOADED,YES
2026-07-14 06:52:00,TRK-047,Rute-B,Gudang West (Tangerang),799.6,1200,23.32,1.1,30.8,DELIVERED,YES
2026-07-15 09:59:00,TRK-048,Rute-C,Central Hub (Jakarta),800.7,1200,23.74,1.3,31.6,IN_TRANSIT,YES
2026-07-16 12:06:00,TRK-049,Rute-D,Grogol Hub (Jakbar),801.8,1200,24.16,1.5,32.4,IDLE_DOCK,NO
2026-07-17 15:13:00,TRK-050,Rute-E,Petamburan Hub,802.9,1200,24.58,1.7,33.2,LOADED,YES
2026-07-18 06:20:00,TRK-051,Rute-F,Bekasi Logistics Hub,804.0,1200,14.5,1.9,34.0,DELIVERED,YES
2026-07-19 09:27:00,TRK-052,Rute-G,Depok Hub,805.1,1200,14.92,2.0,34.8,IN_TRANSIT,YES
2026-07-20 12:34:00,TRK-053,Rute-H,Bogor Transit Hub,806.2,1200,15.34,2.2,35.6,IDLE_DOCK,NO
2026-07-21 15:41:00,TRK-054,Rute-I,Cikarang Industrial Hub,807.3,1200,15.76,2.4,36.4,LOADED,YES
2026-07-22 06:48:00,TRK-055,Rute-J,Gudang West (Tangerang),808.4,1200,16.18,0.6,37.2,DELIVERED,YES
2026-07-23 09:55:00,TRK-056,Rute-K,Central Hub (Jakarta),809.5,1200,16.6,0.8,38.0,IN_TRANSIT,YES
2026-07-24 12:02:00,TRK-057,Rute-L,Grogol Hub (Jakbar),810.6,1200,17.02,1.0,38.8,IDLE_DOCK,NO
2026-07-25 15:09:00,TRK-058,Rute-M,Petamburan Hub,811.7,1200,17.44,1.1,39.6,LOADED,YES
2026-07-26 06:16:00,TRK-059,Rute-N,Bekasi Logistics Hub,812.8,1200,17.86,1.3,40.4,DELIVERED,YES
2026-07-27 09:23:00,TRK-060,Rute-O,Depok Hub,813.9,1200,18.28,1.5,41.2,IN_TRANSIT,YES
2026-07-28 12:30:00,TRK-061,Rute-A,Bogor Transit Hub,815.0,1200,18.7,1.7,42.0,IDLE_DOCK,NO
2026-07-29 15:37:00,TRK-062,Rute-B,Cikarang Industrial Hub,816.1,1200,19.12,1.9,42.8,LOADED,YES
2026-07-30 06:44:00,TRK-063,Rute-C,Gudang West (Tangerang),817.2,1200,19.54,2.0,43.6,DELIVERED,YES
2026-07-31 09:51:00,TRK-064,Rute-D,Central Hub (Jakarta),818.3,1200,19.96,2.2,44.4,IN_TRANSIT,YES
2026-07-01 12:58:00,TRK-065,Rute-E,Grogol Hub (Jakbar),819.4,1200,20.38,2.4,45.2,IDLE_DOCK,NO
2026-07-02 15:05:00,TRK-066,Rute-F,Petamburan Hub,820.5,1200,20.8,0.6,46.0,LOADED,YES
2026-07-03 06:12:00,TRK-067,Rute-G,Bekasi Logistics Hub,821.6,1200,21.22,0.8,46.8,DELIVERED,YES
2026-07-04 09:19:00,TRK-068,Rute-H,Depok Hub,822.7,1200,21.64,1.0,47.6,IN_TRANSIT,YES
2026-07-05 12:26:00,TRK-069,Rute-I,Bogor Transit Hub,823.8,1200,22.06,1.1,48.4,IDLE_DOCK,NO
2026-07-06 15:33:00,TRK-070,Rute-J,Cikarang Industrial Hub,824.9,1200,22.48,1.3,49.2,LOADED,YES
2026-07-07 06:40:00,TRK-071,Rute-K,Gudang West (Tangerang),826.0,1200,22.9,1.5,50.0,DELIVERED,YES
2026-07-08 09:47:00,TRK-072,Rute-L,Central Hub (Jakarta),827.1,1200,23.32,1.7,50.8,IN_TRANSIT,YES
2026-07-09 12:54:00,TRK-073,Rute-M,Grogol Hub (Jakbar),828.2,1200,23.74,1.9,51.6,IDLE_DOCK,NO
2026-07-10 15:01:00,TRK-074,Rute-N,Petamburan Hub,829.3,1200,24.16,2.0,52.4,LOADED,YES
2026-07-11 06:08:00,TRK-075,Rute-O,Bekasi Logistics Hub,830.4,1200,24.58,2.2,53.2,DELIVERED,YES
2026-07-12 09:15:00,TRK-076,Rute-A,Depok Hub,831.5,1200,14.5,2.4,54.0,IN_TRANSIT,YES
2026-07-13 12:22:00,TRK-077,Rute-B,Bogor Transit Hub,832.6,1200,14.92,0.6,54.8,IDLE_DOCK,NO
2026-07-14 15:29:00,TRK-078,Rute-C,Cikarang Industrial Hub,833.7,1200,15.34,0.8,55.6,LOADED,YES
2026-07-15 06:36:00,TRK-079,Rute-D,Gudang West (Tangerang),834.8,1200,15.76,1.0,56.4,DELIVERED,YES
2026-07-16 09:43:00,TRK-080,Rute-E,Central Hub (Jakarta),835.9,1200,16.18,1.1,57.2,IN_TRANSIT,YES
2026-07-17 12:50:00,TRK-081,Rute-F,Grogol Hub (Jakbar),837.0,1200,16.6,1.3,58.0,IDLE_DOCK,NO
2026-07-18 15:57:00,TRK-082,Rute-G,Petamburan Hub,838.1,1200,17.02,1.5,58.8,LOADED,YES
2026-07-19 06:04:00,TRK-083,Rute-H,Bekasi Logistics Hub,839.2,1200,17.44,1.7,59.6,DELIVERED,YES
2026-07-20 09:11:00,TRK-084,Rute-I,Depok Hub,840.3,1200,17.86,1.9,60.4,IN_TRANSIT,YES
2026-07-21 12:18:00,TRK-085,Rute-J,Bogor Transit Hub,841.4,1200,18.28,2.0,61.2,IDLE_DOCK,NO
2026-07-22 15:25:00,TRK-086,Rute-K,Cikarang Industrial Hub,842.5,1200,18.7,2.2,62.0,LOADED,YES
2026-07-23 06:32:00,TRK-087,Rute-L,Gudang West (Tangerang),843.6,1200,19.12,2.4,62.8,DELIVERED,YES
2026-07-24 09:39:00,TRK-088,Rute-M,Central Hub (Jakarta),844.7,1200,19.54,0.6,63.6,IN_TRANSIT,YES
2026-07-25 12:46:00,TRK-089,Rute-N,Grogol Hub (Jakbar),845.8,1200,19.96,0.8,64.4,IDLE_DOCK,NO
2026-07-26 15:53:00,TRK-090,Rute-O,Petamburan Hub,846.9,1200,20.38,1.0,65.2,LOADED,YES
2026-07-27 06:00:00,TRK-091,Rute-A,Bekasi Logistics Hub,848.0,1200,20.8,1.1,66.0,DELIVERED,YES
2026-07-28 09:07:00,TRK-092,Rute-B,Depok Hub,849.1,1200,21.22,1.3,66.8,IN_TRANSIT,YES
2026-07-29 12:14:00,TRK-093,Rute-C,Bogor Transit Hub,850.2,1200,21.64,1.5,67.6,IDLE_DOCK,NO
2026-07-30 15:21:00,TRK-094,Rute-D,Cikarang Industrial Hub,851.3,1200,22.06,1.7,68.4,LOADED,YES
2026-07-31 06:28:00,TRK-095,Rute-E,Gudang West (Tangerang),852.4,1200,22.48,1.9,69.2,DELIVERED,YES
2026-07-01 09:35:00,TRK-096,Rute-F,Central Hub (Jakarta),853.5,1200,22.9,2.0,70.0,IN_TRANSIT,YES
2026-07-02 12:42:00,TRK-097,Rute-G,Grogol Hub (Jakbar),854.6,1200,23.32,2.2,70.8,IDLE_DOCK,NO
2026-07-03 15:49:00,TRK-098,Rute-H,Petamburan Hub,855.7,1200,23.74,2.4,71.6,LOADED,YES
2026-07-04 06:56:00,TRK-099,Rute-I,Bekasi Logistics Hub,856.8,1200,24.16,0.6,72.4,DELIVERED,YES
2026-07-05 09:03:00,TRK-100,Rute-J,Depok Hub,857.9,1200,24.58,0.8,73.2,IN_TRANSIT,YES
2026-07-06 12:10:00,TRK-101,Rute-K,Bogor Transit Hub,859.0,1200,14.5,1.0,74.0,IDLE_DOCK,NO
2026-07-07 15:17:00,TRK-102,Rute-L,Cikarang Industrial Hub,860.1,1200,14.92,1.1,74.8,LOADED,YES
2026-07-08 06:24:00,TRK-103,Rute-M,Gudang West (Tangerang),861.2,1200,15.34,1.3,75.6,DELIVERED,YES
2026-07-09 09:31:00,TRK-104,Rute-N,Central Hub (Jakarta),862.3,1200,15.76,1.5,76.4,IN_TRANSIT,YES
2026-07-10 12:38:00,TRK-105,Rute-O,Grogol Hub (Jakbar),863.4,1200,16.18,1.7,77.2,IDLE_DOCK,NO
2026-07-11 15:45:00,TRK-106,Rute-A,Petamburan Hub,864.5,1200,16.6,1.9,78.0,LOADED,YES
2026-07-12 06:52:00,TRK-107,Rute-B,Bekasi Logistics Hub,865.6,1200,17.02,2.0,78.8,DELIVERED,YES
2026-07-13 09:59:00,TRK-108,Rute-C,Depok Hub,866.7,1200,17.44,2.2,79.6,IN_TRANSIT,YES
2026-07-14 12:06:00,TRK-109,Rute-D,Bogor Transit Hub,867.8,1200,17.86,2.4,80.4,IDLE_DOCK,NO
2026-07-15 15:13:00,TRK-110,Rute-E,Cikarang Industrial Hub,868.9,1200,18.28,0.6,81.2,LOADED,YES
2026-07-16 06:20:00,TRK-111,Rute-F,Gudang West (Tangerang),870.0,1200,18.7,0.8,82.0,DELIVERED,YES
2026-07-17 09:27:00,TRK-112,Rute-G,Central Hub (Jakarta),871.1,1200,19.12,1.0,82.8,IN_TRANSIT,YES
2026-07-18 12:34:00,TRK-113,Rute-H,Grogol Hub (Jakbar),872.2,1200,19.54,1.1,83.6,IDLE_DOCK,NO
2026-07-19 15:41:00,TRK-114,Rute-I,Petamburan Hub,873.3,1200,19.96,1.3,84.4,LOADED,YES
2026-07-20 06:48:00,TRK-115,Rute-J,Bekasi Logistics Hub,874.4,1200,20.38,1.5,85.2,DELIVERED,YES
2026-07-21 09:55:00,TRK-116,Rute-K,Depok Hub,875.5,1200,20.8,1.7,86.0,IN_TRANSIT,YES
2026-07-22 12:02:00,TRK-117,Rute-L,Bogor Transit Hub,876.6,1200,21.22,1.9,86.8,IDLE_DOCK,NO
2026-07-23 15:09:00,TRK-118,Rute-M,Cikarang Industrial Hub,877.7,1200,21.64,2.0,87.6,LOADED,YES
2026-07-24 06:16:00,TRK-119,Rute-N,Gudang West (Tangerang),878.8,1200,22.06,2.2,88.4,DELIVERED,YES
2026-07-25 09:23:00,TRK-120,Rute-O,Central Hub (Jakarta),879.9,1200,22.48,2.4,89.2,IN_TRANSIT,YES
2026-07-26 12:30:00,TRK-121,Rute-A,Grogol Hub (Jakbar),881.0,1200,22.9,0.6,18.0,IDLE_DOCK,NO
2026-07-27 15:37:00,TRK-122,Rute-B,Petamburan Hub,882.1,1200,23.32,0.8,18.8,LOADED,YES
2026-07-28 06:44:00,TRK-123,Rute-C,Bekasi Logistics Hub,883.2,1200,23.74,1.0,19.6,DELIVERED,YES
2026-07-29 09:51:00,TRK-124,Rute-D,Depok Hub,884.3,1200,24.16,1.1,20.4,IN_TRANSIT,YES
2026-07-30 12:58:00,TRK-125,Rute-E,Bogor Transit Hub,885.4,1200,24.58,1.3,21.2,IDLE_DOCK,NO
2026-07-31 15:05:00,TRK-126,Rute-F,Cikarang Industrial Hub,886.5,1200,14.5,1.5,22.0,LOADED,YES
2026-07-01 06:12:00,TRK-127,Rute-G,Gudang West (Tangerang),887.6,1200,14.92,1.7,22.8,DELIVERED,YES
2026-07-02 09:19:00,TRK-128,Rute-H,Central Hub (Jakarta),888.7,1200,15.34,1.9,23.6,IN_TRANSIT,YES
2026-07-03 12:26:00,TRK-129,Rute-I,Grogol Hub (Jakbar),889.8,1200,15.76,2.0,24.4,IDLE_DOCK,NO
2026-07-04 15:33:00,TRK-130,Rute-J,Petamburan Hub,890.9,1200,16.18,2.2,25.2,LOADED,YES
2026-07-05 06:40:00,TRK-131,Rute-K,Bekasi Logistics Hub,892.0,1200,16.6,2.4,26.0,DELIVERED,YES
2026-07-06 09:47:00,TRK-132,Rute-L,Depok Hub,893.1,1200,17.02,0.6,26.8,IN_TRANSIT,YES
2026-07-07 12:54:00,TRK-133,Rute-M,Bogor Transit Hub,894.2,1200,17.44,0.8,27.6,IDLE_DOCK,NO
2026-07-08 15:01:00,TRK-134,Rute-N,Cikarang Industrial Hub,895.3,1200,17.86,1.0,28.4,LOADED,YES
2026-07-09 06:08:00,TRK-135,Rute-O,Gudang West (Tangerang),896.4,1200,18.28,1.1,29.2,DELIVERED,YES
2026-07-10 09:15:00,TRK-136,Rute-A,Central Hub (Jakarta),897.5,1200,18.7,1.3,30.0,IN_TRANSIT,YES
2026-07-11 12:22:00,TRK-137,Rute-B,Grogol Hub (Jakbar),898.6,1200,19.12,1.5,30.8,IDLE_DOCK,NO
2026-07-12 15:29:00,TRK-138,Rute-C,Petamburan Hub,899.7,1200,19.54,1.7,31.6,LOADED,YES
2026-07-13 06:36:00,TRK-139,Rute-D,Bekasi Logistics Hub,900.8,1200,19.96,1.9,32.4,DELIVERED,YES
2026-07-14 09:43:00,TRK-140,Rute-E,Depok Hub,901.9,1200,20.38,2.0,33.2,IN_TRANSIT,YES
2026-07-15 12:50:00,TRK-141,Rute-F,Bogor Transit Hub,903.0,1200,20.8,2.2,34.0,IDLE_DOCK,NO
2026-07-16 15:57:00,TRK-142,Rute-G,Cikarang Industrial Hub,904.1,1200,21.22,2.4,34.8,LOADED,YES
2026-07-17 06:04:00,TRK-143,Rute-H,Gudang West (Tangerang),905.2,1200,21.64,0.6,35.6,DELIVERED,YES
2026-07-18 09:11:00,TRK-144,Rute-I,Central Hub (Jakarta),906.3,1200,22.06,0.8,36.4,IN_TRANSIT,YES
2026-07-19 12:18:00,TRK-145,Rute-J,Grogol Hub (Jakbar),907.4,1200,22.48,1.0,37.2,IDLE_DOCK,NO
2026-07-20 15:25:00,TRK-146,Rute-K,Petamburan Hub,908.5,1200,22.9,1.1,38.0,LOADED,YES
2026-07-21 06:32:00,TRK-147,Rute-L,Bekasi Logistics Hub,909.6,1200,23.32,1.3,38.8,DELIVERED,YES
2026-07-22 09:39:00,TRK-148,Rute-M,Depok Hub,910.7,1200,23.74,1.5,39.6,IN_TRANSIT,YES
2026-07-23 12:46:00,TRK-149,Rute-N,Bogor Transit Hub,911.8,1200,24.16,1.7,40.4,IDLE_DOCK,NO
2026-07-24 15:53:00,TRK-150,Rute-O,Cikarang Industrial Hub,912.9,1200,24.58,1.9,41.2,LOADED,YES
2026-07-25 06:00:00,TRK-001,Rute-A,Gudang West (Tangerang),914.0,1200,14.5,2.0,42.0,DELIVERED,YES
2026-07-26 09:07:00,TRK-002,Rute-B,Central Hub (Jakarta),915.1,1200,14.92,2.2,42.8,IN_TRANSIT,YES
2026-07-27 12:14:00,TRK-003,Rute-C,Grogol Hub (Jakbar),916.2,1200,15.34,2.4,43.6,IDLE_DOCK,NO
2026-07-28 15:21:00,TRK-004,Rute-D,Petamburan Hub,917.3,1200,15.76,0.6,44.4,LOADED,YES
2026-07-29 06:28:00,TRK-005,Rute-E,Bekasi Logistics Hub,918.4,1200,16.18,0.8,45.2,DELIVERED,YES
2026-07-30 09:35:00,TRK-006,Rute-F,Depok Hub,919.5,1200,16.6,1.0,46.0,IN_TRANSIT,YES
2026-07-31 12:42:00,TRK-007,Rute-G,Bogor Transit Hub,920.6,1200,17.02,1.1,46.8,IDLE_DOCK,NO
2026-07-01 15:49:00,TRK-008,Rute-H,Cikarang Industrial Hub,921.7,1200,17.44,1.3,47.6,LOADED,YES
2026-07-02 06:56:00,TRK-009,Rute-I,Gudang West (Tangerang),922.8,1200,17.86,1.5,48.4,DELIVERED,YES
2026-07-03 09:03:00,TRK-010,Rute-J,Central Hub (Jakarta),923.9,1200,18.28,1.7,49.2,IN_TRANSIT,YES
2026-07-04 12:10:00,TRK-011,Rute-K,Grogol Hub (Jakbar),925.0,1200,18.7,1.9,50.0,IDLE_DOCK,NO
2026-07-05 15:17:00,TRK-012,Rute-L,Petamburan Hub,926.1,1200,19.12,2.0,50.8,LOADED,YES
2026-07-06 06:24:00,TRK-013,Rute-M,Bekasi Logistics Hub,927.2,1200,19.54,2.2,51.6,DELIVERED,YES
2026-07-07 09:31:00,TRK-014,Rute-N,Depok Hub,928.3,1200,19.96,2.4,52.4,IN_TRANSIT,YES
2026-07-08 12:38:00,TRK-015,Rute-O,Bogor Transit Hub,929.4,1200,20.38,0.6,53.2,IDLE_DOCK,NO
2026-07-09 15:45:00,TRK-016,Rute-A,Cikarang Industrial Hub,930.5,1200,20.8,0.8,54.0,LOADED,YES
2026-07-10 06:52:00,TRK-017,Rute-B,Gudang West (Tangerang),931.6,1200,21.22,1.0,54.8,DELIVERED,YES
2026-07-11 09:59:00,TRK-018,Rute-C,Central Hub (Jakarta),932.7,1200,21.64,1.1,55.6,IN_TRANSIT,YES
2026-07-12 12:06:00,TRK-019,Rute-D,Grogol Hub (Jakbar),933.8,1200,22.06,1.3,56.4,IDLE_DOCK,NO
2026-07-13 15:13:00,TRK-020,Rute-E,Petamburan Hub,934.9,1200,22.48,1.5,57.2,LOADED,YES
2026-07-14 06:20:00,TRK-021,Rute-F,Bekasi Logistics Hub,936.0,1200,22.9,1.7,58.0,DELIVERED,YES
2026-07-15 09:27:00,TRK-022,Rute-G,Depok Hub,937.1,1200,23.32,1.9,58.8,IN_TRANSIT,YES
2026-07-16 12:34:00,TRK-023,Rute-H,Bogor Transit Hub,938.2,1200,23.74,2.0,59.6,IDLE_DOCK,NO
2026-07-17 15:41:00,TRK-024,Rute-I,Cikarang Industrial Hub,939.3,1200,24.16,2.2,60.4,LOADED,YES
2026-07-18 06:48:00,TRK-025,Rute-J,Gudang West (Tangerang),940.4,1200,24.58,2.4,61.2,DELIVERED,YES
2026-07-19 09:55:00,TRK-026,Rute-K,Central Hub (Jakarta),941.5,1200,14.5,0.6,62.0,IN_TRANSIT,YES
2026-07-20 12:02:00,TRK-027,Rute-L,Grogol Hub (Jakbar),942.6,1200,14.92,0.8,62.8,IDLE_DOCK,NO
2026-07-21 15:09:00,TRK-028,Rute-M,Petamburan Hub,943.7,1200,15.34,1.0,63.6,LOADED,YES
2026-07-22 06:16:00,TRK-029,Rute-N,Bekasi Logistics Hub,944.8,1200,15.76,1.1,64.4,DELIVERED,YES
2026-07-23 09:23:00,TRK-030,Rute-O,Depok Hub,945.9,1200,16.18,1.3,65.2,IN_TRANSIT,YES
2026-07-24 12:30:00,TRK-031,Rute-A,Bogor Transit Hub,947.0,1200,16.6,1.5,66.0,IDLE_DOCK,NO
2026-07-25 15:37:00,TRK-032,Rute-B,Cikarang Industrial Hub,948.1,1200,17.02,1.7,66.8,LOADED,YES
2026-07-26 06:44:00,TRK-033,Rute-C,Gudang West (Tangerang),949.2,1200,17.44,1.9,67.6,DELIVERED,YES
2026-07-27 09:51:00,TRK-034,Rute-D,Central Hub (Jakarta),950.3,1200,17.86,2.0,68.4,IN_TRANSIT,YES
2026-07-28 12:58:00,TRK-035,Rute-E,Grogol Hub (Jakbar),951.4,1200,18.28,2.2,69.2,IDLE_DOCK,NO
2026-07-29 15:05:00,TRK-036,Rute-F,Petamburan Hub,952.5,1200,18.7,2.4,70.0,LOADED,YES
2026-07-30 06:12:00,TRK-037,Rute-G,Bekasi Logistics Hub,953.6,1200,19.12,0.6,70.8,DELIVERED,YES
2026-07-31 09:19:00,TRK-038,Rute-H,Depok Hub,954.7,1200,19.54,0.8,71.6,IN_TRANSIT,YES
2026-07-01 12:26:00,TRK-039,Rute-I,Bogor Transit Hub,955.8,1200,19.96,1.0,72.4,IDLE_DOCK,NO
2026-07-02 15:33:00,TRK-040,Rute-J,Cikarang Industrial Hub,956.9,1200,20.38,1.1,73.2,LOADED,YES
2026-07-03 06:40:00,TRK-041,Rute-K,Gudang West (Tangerang),958.0,1200,20.8,1.3,74.0,DELIVERED,YES
2026-07-04 09:47:00,TRK-042,Rute-L,Central Hub (Jakarta),959.1,1200,21.22,1.5,74.8,IN_TRANSIT,YES
2026-07-05 12:54:00,TRK-043,Rute-M,Grogol Hub (Jakbar),960.2,1200,21.64,1.7,75.6,IDLE_DOCK,NO
2026-07-06 15:01:00,TRK-044,Rute-N,Petamburan Hub,961.3,1200,22.06,1.9,76.4,LOADED,YES
2026-07-07 06:08:00,TRK-045,Rute-O,Bekasi Logistics Hub,962.4,1200,22.48,2.0,77.2,DELIVERED,YES
2026-07-08 09:15:00,TRK-046,Rute-A,Depok Hub,963.5,1200,22.9,2.2,78.0,IN_TRANSIT,YES
2026-07-09 12:22:00,TRK-047,Rute-B,Bogor Transit Hub,964.6,1200,23.32,2.4,78.8,IDLE_DOCK,NO
2026-07-10 15:29:00,TRK-048,Rute-C,Cikarang Industrial Hub,965.7,1200,23.74,0.6,79.6,LOADED,YES
2026-07-11 06:36:00,TRK-049,Rute-D,Gudang West (Tangerang),966.8,1200,24.16,0.8,80.4,DELIVERED,YES
2026-07-12 09:43:00,TRK-050,Rute-E,Central Hub (Jakarta),967.9,1200,24.58,1.0,81.2,IN_TRANSIT,YES
2026-07-13 12:50:00,TRK-051,Rute-F,Grogol Hub (Jakbar),969.0,1200,14.5,1.1,82.0,IDLE_DOCK,NO
2026-07-14 15:57:00,TRK-052,Rute-G,Petamburan Hub,970.1,1200,14.92,1.3,82.8,LOADED,YES
2026-07-15 06:04:00,TRK-053,Rute-H,Bekasi Logistics Hub,971.2,1200,15.34,1.5,83.6,DELIVERED,YES
2026-07-16 09:11:00,TRK-054,Rute-I,Depok Hub,972.3,1200,15.76,1.7,84.4,IN_TRANSIT,YES
2026-07-17 12:18:00,TRK-055,Rute-J,Bogor Transit Hub,973.4,1200,16.18,1.9,85.2,IDLE_DOCK,NO
2026-07-18 15:25:00,TRK-056,Rute-K,Cikarang Industrial Hub,974.5,1200,16.6,2.0,86.0,LOADED,YES
2026-07-19 06:32:00,TRK-057,Rute-L,Gudang West (Tangerang),975.6,1200,17.02,2.2,86.8,DELIVERED,YES
2026-07-20 09:39:00,TRK-058,Rute-M,Central Hub (Jakarta),976.7,1200,17.44,2.4,87.6,IN_TRANSIT,YES
2026-07-21 12:46:00,TRK-059,Rute-N,Grogol Hub (Jakbar),977.8,1200,17.86,0.6,88.4,IDLE_DOCK,NO
2026-07-22 15:53:00,TRK-060,Rute-O,Petamburan Hub,978.9,1200,18.28,0.8,89.2,LOADED,YES
2026-07-23 06:00:00,TRK-061,Rute-A,Bekasi Logistics Hub,980.0,1200,18.7,1.0,18.0,DELIVERED,YES
2026-07-24 09:07:00,TRK-062,Rute-B,Depok Hub,981.1,1200,19.12,1.1,18.8,IN_TRANSIT,YES
2026-07-25 12:14:00,TRK-063,Rute-C,Bogor Transit Hub,982.2,1200,19.54,1.3,19.6,IDLE_DOCK,NO
2026-07-26 15:21:00,TRK-064,Rute-D,Cikarang Industrial Hub,983.3,1200,19.96,1.5,20.4,LOADED,YES
2026-07-27 06:28:00,TRK-065,Rute-E,Gudang West (Tangerang),984.4,1200,20.38,1.7,21.2,DELIVERED,YES
2026-07-28 09:35:00,TRK-066,Rute-F,Central Hub (Jakarta),985.5,1200,20.8,1.9,22.0,IN_TRANSIT,YES
2026-07-29 12:42:00,TRK-067,Rute-G,Grogol Hub (Jakbar),986.6,1200,21.22,2.0,22.8,IDLE_DOCK,NO
2026-07-30 15:49:00,TRK-068,Rute-H,Petamburan Hub,987.7,1200,21.64,2.2,23.6,LOADED,YES
2026-07-31 06:56:00,TRK-069,Rute-I,Bekasi Logistics Hub,988.8,1200,22.06,2.4,24.4,DELIVERED,YES
2026-07-01 09:03:00,TRK-070,Rute-J,Depok Hub,989.9,1200,22.48,0.6,25.2,IN_TRANSIT,YES
2026-07-02 12:10:00,TRK-071,Rute-K,Bogor Transit Hub,991.0,1200,22.9,0.8,26.0,IDLE_DOCK,NO
2026-07-03 15:17:00,TRK-072,Rute-L,Cikarang Industrial Hub,992.1,1200,23.32,1.0,26.8,LOADED,YES
2026-07-04 06:24:00,TRK-073,Rute-M,Gudang West (Tangerang),993.2,1200,23.74,1.1,27.6,DELIVERED,YES
2026-07-05 09:31:00,TRK-074,Rute-N,Central Hub (Jakarta),994.3,1200,24.16,1.3,28.4,IN_TRANSIT,YES
2026-07-06 12:38:00,TRK-075,Rute-O,Grogol Hub (Jakbar),995.4,1200,24.58,1.5,29.2,IDLE_DOCK,NO
2026-07-07 15:45:00,TRK-076,Rute-A,Petamburan Hub,996.5,1200,14.5,1.7,30.0,LOADED,YES
2026-07-08 06:52:00,TRK-077,Rute-B,Bekasi Logistics Hub,997.6,1200,14.92,1.9,30.8,DELIVERED,YES
2026-07-09 09:59:00,TRK-078,Rute-C,Depok Hub,998.7,1200,15.34,2.0,31.6,IN_TRANSIT,YES
2026-07-10 12:06:00,TRK-079,Rute-D,Bogor Transit Hub,999.8,1200,15.76,2.2,32.4,IDLE_DOCK,NO
2026-07-11 15:13:00,TRK-080,Rute-E,Cikarang Industrial Hub,1000.9,1200,16.18,2.4,33.2,LOADED,YES
2026-07-12 06:20:00,TRK-081,Rute-F,Gudang West (Tangerang),1002.0,1200,16.6,0.6,34.0,DELIVERED,YES
2026-07-13 09:27:00,TRK-082,Rute-G,Central Hub (Jakarta),1003.1,1200,17.02,0.8,34.8,IN_TRANSIT,YES
2026-07-14 12:34:00,TRK-083,Rute-H,Grogol Hub (Jakbar),1004.2,1200,17.44,1.0,35.6,IDLE_DOCK,NO
2026-07-15 15:41:00,TRK-084,Rute-I,Petamburan Hub,1005.3,1200,17.86,1.1,36.4,LOADED,YES
2026-07-16 06:48:00,TRK-085,Rute-J,Bekasi Logistics Hub,1006.4,1200,18.28,1.3,37.2,DELIVERED,YES
2026-07-17 09:55:00,TRK-086,Rute-K,Depok Hub,1007.5,1200,18.7,1.5,38.0,IN_TRANSIT,YES
2026-07-18 12:02:00,TRK-087,Rute-L,Bogor Transit Hub,1008.6,1200,19.12,1.7,38.8,IDLE_DOCK,NO
2026-07-19 15:09:00,TRK-088,Rute-M,Cikarang Industrial Hub,1009.7,1200,19.54,1.9,39.6,LOADED,YES
2026-07-20 06:16:00,TRK-089,Rute-N,Gudang West (Tangerang),1010.8,1200,19.96,2.0,40.4,DELIVERED,YES
2026-07-21 09:23:00,TRK-090,Rute-O,Central Hub (Jakarta),1011.9,1200,20.38,2.2,41.2,IN_TRANSIT,YES
2026-07-22 12:30:00,TRK-091,Rute-A,Grogol Hub (Jakbar),1013.0,1200,20.8,2.4,42.0,IDLE_DOCK,NO
2026-07-23 15:37:00,TRK-092,Rute-B,Petamburan Hub,1014.1,1200,21.22,0.6,42.8,LOADED,YES
2026-07-24 06:44:00,TRK-093,Rute-C,Bekasi Logistics Hub,1015.2,1200,21.64,0.8,43.6,DELIVERED,YES
2026-07-25 09:51:00,TRK-094,Rute-D,Depok Hub,1016.3,1200,22.06,1.0,44.4,IN_TRANSIT,YES
2026-07-26 12:58:00,TRK-095,Rute-E,Bogor Transit Hub,1017.4,1200,22.48,1.1,45.2,IDLE_DOCK,NO
2026-07-27 15:05:00,TRK-096,Rute-F,Cikarang Industrial Hub,1018.5,1200,22.9,1.3,46.0,LOADED,YES
2026-07-28 06:12:00,TRK-097,Rute-G,Gudang West (Tangerang),1019.6,1200,23.32,1.5,46.8,DELIVERED,YES
2026-07-29 09:19:00,TRK-098,Rute-H,Central Hub (Jakarta),1020.7,1200,23.74,1.7,47.6,IN_TRANSIT,YES
2026-07-30 12:26:00,TRK-099,Rute-I,Grogol Hub (Jakbar),1021.8,1200,24.16,1.9,48.4,IDLE_DOCK,NO
2026-07-31 15:33:00,TRK-100,Rute-J,Petamburan Hub,1022.9,1200,24.58,2.0,49.2,LOADED,YES
2026-07-01 06:40:00,TRK-101,Rute-K,Bekasi Logistics Hub,1024.0,1200,14.5,2.2,50.0,DELIVERED,YES
2026-07-02 09:47:00,TRK-102,Rute-L,Depok Hub,1025.1,1200,14.92,2.4,50.8,IN_TRANSIT,YES
2026-07-03 12:54:00,TRK-103,Rute-M,Bogor Transit Hub,1026.2,1200,15.34,0.6,51.6,IDLE_DOCK,NO
2026-07-04 15:01:00,TRK-104,Rute-N,Cikarang Industrial Hub,1027.3,1200,15.76,0.8,52.4,LOADED,YES
2026-07-05 06:08:00,TRK-105,Rute-O,Gudang West (Tangerang),1028.4,1200,16.18,1.0,53.2,DELIVERED,YES
2026-07-06 09:15:00,TRK-106,Rute-A,Central Hub (Jakarta),1029.5,1200,16.6,1.1,54.0,IN_TRANSIT,YES
2026-07-07 12:22:00,TRK-107,Rute-B,Grogol Hub (Jakbar),1030.6,1200,17.02,1.3,54.8,IDLE_DOCK,NO
2026-07-08 15:29:00,TRK-108,Rute-C,Petamburan Hub,1031.7,1200,17.44,1.5,55.6,LOADED,YES
2026-07-09 06:36:00,TRK-109,Rute-D,Bekasi Logistics Hub,1032.8,1200,17.86,1.7,56.4,DELIVERED,YES
2026-07-10 09:43:00,TRK-110,Rute-E,Depok Hub,1033.9,1200,18.28,1.9,57.2,IN_TRANSIT,YES
2026-07-11 12:50:00,TRK-111,Rute-F,Bogor Transit Hub,1035.0,1200,18.7,2.0,58.0,IDLE_DOCK,NO
2026-07-12 15:57:00,TRK-112,Rute-G,Cikarang Industrial Hub,1036.1,1200,19.12,2.2,58.8,LOADED,YES
2026-07-13 06:04:00,TRK-113,Rute-H,Gudang West (Tangerang),1037.2,1200,19.54,2.4,59.6,DELIVERED,YES
2026-07-14 09:11:00,TRK-114,Rute-I,Central Hub (Jakarta),1038.3,1200,19.96,0.6,60.4,IN_TRANSIT,YES
2026-07-15 12:18:00,TRK-115,Rute-J,Grogol Hub (Jakbar),1039.4,1200,20.38,0.8,61.2,IDLE_DOCK,NO
2026-07-16 15:25:00,TRK-116,Rute-K,Petamburan Hub,1040.5,1200,20.8,1.0,62.0,LOADED,YES
2026-07-17 06:32:00,TRK-117,Rute-L,Bekasi Logistics Hub,1041.6,1200,21.22,1.1,62.8,DELIVERED,YES
2026-07-18 09:39:00,TRK-118,Rute-M,Depok Hub,1042.7,1200,21.64,1.3,63.6,IN_TRANSIT,YES
2026-07-19 12:46:00,TRK-119,Rute-N,Bogor Transit Hub,1043.8,1200,22.06,1.5,64.4,IDLE_DOCK,NO
2026-07-20 15:53:00,TRK-120,Rute-O,Cikarang Industrial Hub,1044.9,1200,22.48,1.7,65.2,LOADED,YES
2026-07-21 06:00:00,TRK-121,Rute-A,Gudang West (Tangerang),1046.0,1200,22.9,1.9,66.0,DELIVERED,YES
2026-07-22 09:07:00,TRK-122,Rute-B,Central Hub (Jakarta),1047.1,1200,23.32,2.0,66.8,IN_TRANSIT,YES
2026-07-23 12:14:00,TRK-123,Rute-C,Grogol Hub (Jakbar),1048.2,1200,23.74,2.2,67.6,IDLE_DOCK,NO
2026-07-24 15:21:00,TRK-124,Rute-D,Petamburan Hub,1049.3,1200,24.16,2.4,68.4,LOADED,YES
2026-07-25 06:28:00,TRK-125,Rute-E,Bekasi Logistics Hub,1050.4,1200,24.58,0.6,69.2,DELIVERED,YES
2026-07-26 09:35:00,TRK-126,Rute-F,Depok Hub,1051.5,1200,14.5,0.8,70.0,IN_TRANSIT,YES
2026-07-27 12:42:00,TRK-127,Rute-G,Bogor Transit Hub,1052.6,1200,14.92,1.0,70.8,IDLE_DOCK,NO
2026-07-28 15:49:00,TRK-128,Rute-H,Cikarang Industrial Hub,1053.7,1200,15.34,1.1,71.6,LOADED,YES
2026-07-29 06:56:00,TRK-129,Rute-I,Gudang West (Tangerang),1054.8,1200,15.76,1.3,72.4,DELIVERED,YES
2026-07-30 09:03:00,TRK-130,Rute-J,Central Hub (Jakarta),1055.9,1200,16.18,1.5,73.2,IN_TRANSIT,YES
2026-07-31 12:10:00,TRK-131,Rute-K,Grogol Hub (Jakbar),1057.0,1200,16.6,1.7,74.0,IDLE_DOCK,NO
2026-07-01 15:17:00,TRK-132,Rute-L,Petamburan Hub,1058.1,1200,17.02,1.9,74.8,LOADED,YES
2026-07-02 06:24:00,TRK-133,Rute-M,Bekasi Logistics Hub,1059.2,1200,17.44,2.0,75.6,DELIVERED,YES
2026-07-03 09:31:00,TRK-134,Rute-N,Depok Hub,1060.3,1200,17.86,2.2,76.4,IN_TRANSIT,YES
2026-07-04 12:38:00,TRK-135,Rute-O,Bogor Transit Hub,1061.4,1200,18.28,2.4,77.2,IDLE_DOCK,NO
2026-07-05 15:45:00,TRK-136,Rute-A,Cikarang Industrial Hub,1062.5,1200,18.7,0.6,78.0,LOADED,YES
2026-07-06 06:52:00,TRK-137,Rute-B,Gudang West (Tangerang),1063.6,1200,19.12,0.8,78.8,DELIVERED,YES
2026-07-07 09:59:00,TRK-138,Rute-C,Central Hub (Jakarta),1064.7,1200,19.54,1.0,79.6,IN_TRANSIT,YES
2026-07-08 12:06:00,TRK-139,Rute-D,Grogol Hub (Jakbar),1065.8,1200,19.96,1.1,80.4,IDLE_DOCK,NO
2026-07-09 15:13:00,TRK-140,Rute-E,Petamburan Hub,1066.9,1200,20.38,1.3,81.2,LOADED,YES
2026-07-10 06:20:00,TRK-141,Rute-F,Bekasi Logistics Hub,1068.0,1200,20.8,1.5,82.0,DELIVERED,YES
2026-07-11 09:27:00,TRK-142,Rute-G,Depok Hub,1069.1,1200,21.22,1.7,82.8,IN_TRANSIT,YES
2026-07-12 12:34:00,TRK-143,Rute-H,Bogor Transit Hub,1070.2,1200,21.64,1.9,83.6,IDLE_DOCK,NO
2026-07-13 15:41:00,TRK-144,Rute-I,Cikarang Industrial Hub,1071.3,1200,22.06,2.0,84.4,LOADED,YES
2026-07-14 06:48:00,TRK-145,Rute-J,Gudang West (Tangerang),1072.4,1200,22.48,2.2,85.2,DELIVERED,YES
2026-07-15 09:55:00,TRK-146,Rute-K,Central Hub (Jakarta),1073.5,1200,22.9,2.4,86.0,IN_TRANSIT,YES
2026-07-16 12:02:00,TRK-147,Rute-L,Grogol Hub (Jakbar),1074.6,1200,23.32,0.6,86.8,IDLE_DOCK,NO
2026-07-17 15:09:00,TRK-148,Rute-M,Petamburan Hub,1075.7,1200,23.74,0.8,87.6,LOADED,YES
2026-07-18 06:16:00,TRK-149,Rute-N,Bekasi Logistics Hub,1076.8,1200,24.16,1.0,88.4,DELIVERED,YES
2026-07-19 09:23:00,TRK-150,Rute-O,Depok Hub,1077.9,1200,24.58,1.1,89.2,IN_TRANSIT,YES
2026-07-20 12:30:00,TRK-001,Rute-A,Bogor Transit Hub,1079.0,1200,14.5,1.3,18.0,IDLE_DOCK,NO
2026-07-21 15:37:00,TRK-002,Rute-B,Cikarang Industrial Hub,1080.1,1200,14.92,1.5,18.8,LOADED,YES
2026-07-22 06:44:00,TRK-003,Rute-C,Gudang West (Tangerang),1081.2,1200,15.34,1.7,19.6,DELIVERED,YES
2026-07-23 09:51:00,TRK-004,Rute-D,Central Hub (Jakarta),1082.3,1200,15.76,1.9,20.4,IN_TRANSIT,YES
2026-07-24 12:58:00,TRK-005,Rute-E,Grogol Hub (Jakbar),1083.4,1200,16.18,2.0,21.2,IDLE_DOCK,NO
2026-07-25 15:05:00,TRK-006,Rute-F,Petamburan Hub,1084.5,1200,16.6,2.2,22.0,LOADED,YES
2026-07-26 06:12:00,TRK-007,Rute-G,Bekasi Logistics Hub,1085.6,1200,17.02,2.4,22.8,DELIVERED,YES
2026-07-27 09:19:00,TRK-008,Rute-H,Depok Hub,1086.7,1200,17.44,0.6,23.6,IN_TRANSIT,YES
2026-07-28 12:26:00,TRK-009,Rute-I,Bogor Transit Hub,1087.8,1200,17.86,0.8,24.4,IDLE_DOCK,NO
2026-07-29 15:33:00,TRK-010,Rute-J,Cikarang Industrial Hub,1088.9,1200,18.28,1.0,25.2,LOADED,YES
2026-07-30 06:40:00,TRK-011,Rute-K,Gudang West (Tangerang),1090.0,1200,18.7,1.1,26.0,DELIVERED,YES
2026-07-31 09:47:00,TRK-012,Rute-L,Central Hub (Jakarta),1091.1,1200,19.12,1.3,26.8,IN_TRANSIT,YES
2026-07-01 12:54:00,TRK-013,Rute-M,Grogol Hub (Jakbar),1092.2,1200,19.54,1.5,27.6,IDLE_DOCK,NO
2026-07-02 15:01:00,TRK-014,Rute-N,Petamburan Hub,1093.3,1200,19.96,1.7,28.4,LOADED,YES
2026-07-03 06:08:00,TRK-015,Rute-O,Bekasi Logistics Hub,1094.4,1200,20.38,1.9,29.2,DELIVERED,YES
2026-07-04 09:15:00,TRK-016,Rute-A,Depok Hub,1095.5,1200,20.8,2.0,30.0,IN_TRANSIT,YES
2026-07-05 12:22:00,TRK-017,Rute-B,Bogor Transit Hub,1096.6,1200,21.22,2.2,30.8,IDLE_DOCK,NO
2026-07-06 15:29:00,TRK-018,Rute-C,Cikarang Industrial Hub,1097.7,1200,21.64,2.4,31.6,LOADED,YES
2026-07-07 06:36:00,TRK-019,Rute-D,Gudang West (Tangerang),1098.8,1200,22.06,0.6,32.4,DELIVERED,YES
2026-07-08 09:43:00,TRK-020,Rute-E,Central Hub (Jakarta),1099.9,1200,22.48,0.8,33.2,IN_TRANSIT,YES
2026-07-09 12:50:00,TRK-021,Rute-F,Grogol Hub (Jakbar),1101.0,1200,22.9,1.0,34.0,IDLE_DOCK,NO
2026-07-10 15:57:00,TRK-022,Rute-G,Petamburan Hub,1102.1,1200,23.32,1.1,34.8,LOADED,YES
2026-07-11 06:04:00,TRK-023,Rute-H,Bekasi Logistics Hub,1103.2,1200,23.74,1.3,35.6,DELIVERED,YES
2026-07-12 09:11:00,TRK-024,Rute-I,Depok Hub,1104.3,1200,24.16,1.5,36.4,IN_TRANSIT,YES
2026-07-13 12:18:00,TRK-025,Rute-J,Bogor Transit Hub,1105.4,1200,24.58,1.7,37.2,IDLE_DOCK,NO
2026-07-14 15:25:00,TRK-026,Rute-K,Cikarang Industrial Hub,1106.5,1200,14.5,1.9,38.0,LOADED,YES
2026-07-15 06:32:00,TRK-027,Rute-L,Gudang West (Tangerang),1107.6,1200,14.92,2.0,38.8,DELIVERED,YES
2026-07-16 09:39:00,TRK-028,Rute-M,Central Hub (Jakarta),1108.7,1200,15.34,2.2,39.6,IN_TRANSIT,YES
2026-07-17 12:46:00,TRK-029,Rute-N,Grogol Hub (Jakbar),1109.8,1200,15.76,2.4,40.4,IDLE_DOCK,NO
2026-07-18 15:53:00,TRK-030,Rute-O,Petamburan Hub,1110.9,1200,16.18,0.6,41.2,LOADED,YES
2026-07-19 06:00:00,TRK-031,Rute-A,Bekasi Logistics Hub,1112.0,1200,16.6,0.8,42.0,DELIVERED,YES
2026-07-20 09:07:00,TRK-032,Rute-B,Depok Hub,1113.1,1200,17.02,1.0,42.8,IN_TRANSIT,YES
2026-07-21 12:14:00,TRK-033,Rute-C,Bogor Transit Hub,1114.2,1200,17.44,1.1,43.6,IDLE_DOCK,NO
2026-07-22 15:21:00,TRK-034,Rute-D,Cikarang Industrial Hub,1115.3,1200,17.86,1.3,44.4,LOADED,YES
2026-07-23 06:28:00,TRK-035,Rute-E,Gudang West (Tangerang),1116.4,1200,18.28,1.5,45.2,DELIVERED,YES
2026-07-24 09:35:00,TRK-036,Rute-F,Central Hub (Jakarta),1117.5,1200,18.7,1.7,46.0,IN_TRANSIT,YES
2026-07-25 12:42:00,TRK-037,Rute-G,Grogol Hub (Jakbar),1118.6,1200,19.12,1.9,46.8,IDLE_DOCK,NO
2026-07-26 15:49:00,TRK-038,Rute-H,Petamburan Hub,1119.7,1200,19.54,2.0,47.6,LOADED,YES
2026-07-27 06:56:00,TRK-039,Rute-I,Bekasi Logistics Hub,1120.8,1200,19.96,2.2,48.4,DELIVERED,YES
2026-07-28 09:03:00,TRK-040,Rute-J,Depok Hub,1121.9,1200,20.38,2.4,49.2,IN_TRANSIT,YES
2026-07-29 12:10:00,TRK-041,Rute-K,Bogor Transit Hub,1123.0,1200,20.8,0.6,50.0,IDLE_DOCK,NO
2026-07-30 15:17:00,TRK-042,Rute-L,Cikarang Industrial Hub,1124.1,1200,21.22,0.8,50.8,LOADED,YES
2026-07-31 06:24:00,TRK-043,Rute-M,Gudang West (Tangerang),1125.2,1200,21.64,1.0,51.6,DELIVERED,YES
2026-07-01 09:31:00,TRK-044,Rute-N,Central Hub (Jakarta),1126.3,1200,22.06,1.1,52.4,IN_TRANSIT,YES
2026-07-02 12:38:00,TRK-045,Rute-O,Grogol Hub (Jakbar),1127.4,1200,22.48,1.3,53.2,IDLE_DOCK,NO
2026-07-03 15:45:00,TRK-046,Rute-A,Petamburan Hub,1128.5,1200,22.9,1.5,54.0,LOADED,YES
2026-07-04 06:52:00,TRK-047,Rute-B,Bekasi Logistics Hub,1129.6,1200,23.32,1.7,54.8,DELIVERED,YES
2026-07-05 09:59:00,TRK-048,Rute-C,Depok Hub,1130.7,1200,23.74,1.9,55.6,IN_TRANSIT,YES
2026-07-06 12:06:00,TRK-049,Rute-D,Bogor Transit Hub,1131.8,1200,24.16,2.0,56.4,IDLE_DOCK,NO
2026-07-07 15:13:00,TRK-050,Rute-E,Cikarang Industrial Hub,1132.9,1200,24.58,2.2,57.2,LOADED,YES
2026-07-08 06:20:00,TRK-051,Rute-F,Gudang West (Tangerang),1134.0,1200,14.5,2.4,58.0,DELIVERED,YES
2026-07-09 09:27:00,TRK-052,Rute-G,Central Hub (Jakarta),1135.1,1200,14.92,0.6,58.8,IN_TRANSIT,YES
2026-07-10 12:34:00,TRK-053,Rute-H,Grogol Hub (Jakbar),1136.2,1200,15.34,0.8,59.6,IDLE_DOCK,NO
2026-07-11 15:41:00,TRK-054,Rute-I,Petamburan Hub,1137.3,1200,15.76,1.0,60.4,LOADED,YES
2026-07-12 06:48:00,TRK-055,Rute-J,Bekasi Logistics Hub,1138.4,1200,16.18,1.1,61.2,DELIVERED,YES
2026-07-13 09:55:00,TRK-056,Rute-K,Depok Hub,1139.5,1200,16.6,1.3,62.0,IN_TRANSIT,YES
2026-07-14 12:02:00,TRK-057,Rute-L,Bogor Transit Hub,1140.6,1200,17.02,1.5,62.8,IDLE_DOCK,NO
2026-07-15 15:09:00,TRK-058,Rute-M,Cikarang Industrial Hub,1141.7,1200,17.44,1.7,63.6,LOADED,YES
2026-07-16 06:16:00,TRK-059,Rute-N,Gudang West (Tangerang),1142.8,1200,17.86,1.9,64.4,DELIVERED,YES
2026-07-17 09:23:00,TRK-060,Rute-O,Central Hub (Jakarta),1143.9,1200,18.28,2.0,65.2,IN_TRANSIT,YES
2026-07-18 12:30:00,TRK-061,Rute-A,Grogol Hub (Jakbar),1145.0,1200,18.7,2.2,66.0,IDLE_DOCK,NO
2026-07-19 15:37:00,TRK-062,Rute-B,Petamburan Hub,1146.1,1200,19.12,2.4,66.8,LOADED,YES
2026-07-20 06:44:00,TRK-063,Rute-C,Bekasi Logistics Hub,1147.2,1200,19.54,0.6,67.6,DELIVERED,YES
2026-07-21 09:51:00,TRK-064,Rute-D,Depok Hub,1148.3,1200,19.96,0.8,68.4,IN_TRANSIT,YES
2026-07-22 12:58:00,TRK-065,Rute-E,Bogor Transit Hub,1149.4,1200,20.38,1.0,69.2,IDLE_DOCK,NO
2026-07-23 15:05:00,TRK-066,Rute-F,Cikarang Industrial Hub,1150.5,1200,20.8,1.1,70.0,LOADED,YES
2026-07-24 06:12:00,TRK-067,Rute-G,Gudang West (Tangerang),1151.6,1200,21.22,1.3,70.8,DELIVERED,YES
2026-07-25 09:19:00,TRK-068,Rute-H,Central Hub (Jakarta),1152.7,1200,21.64,1.5,71.6,IN_TRANSIT,YES
2026-07-26 12:26:00,TRK-069,Rute-I,Grogol Hub (Jakbar),1153.8,1200,22.06,1.7,72.4,IDLE_DOCK,NO
2026-07-27 15:33:00,TRK-070,Rute-J,Petamburan Hub,1154.9,1200,22.48,1.9,73.2,LOADED,YES
2026-07-28 06:40:00,TRK-071,Rute-K,Bekasi Logistics Hub,650.0,1200,22.9,2.0,74.0,DELIVERED,YES
2026-07-29 09:47:00,TRK-072,Rute-L,Depok Hub,651.1,1200,23.32,2.2,74.8,IN_TRANSIT,YES
2026-07-30 12:54:00,TRK-073,Rute-M,Bogor Transit Hub,652.2,1200,23.74,2.4,75.6,IDLE_DOCK,NO
2026-07-31 15:01:00,TRK-074,Rute-N,Cikarang Industrial Hub,653.3,1200,24.16,0.6,76.4,LOADED,YES
2026-07-01 06:08:00,TRK-075,Rute-O,Gudang West (Tangerang),654.4,1200,24.58,0.8,77.2,DELIVERED,YES
2026-07-02 09:15:00,TRK-076,Rute-A,Central Hub (Jakarta),655.5,1200,14.5,1.0,78.0,IN_TRANSIT,YES
2026-07-03 12:22:00,TRK-077,Rute-B,Grogol Hub (Jakbar),656.6,1200,14.92,1.1,78.8,IDLE_DOCK,NO
2026-07-04 15:29:00,TRK-078,Rute-C,Petamburan Hub,657.7,1200,15.34,1.3,79.6,LOADED,YES
2026-07-05 06:36:00,TRK-079,Rute-D,Bekasi Logistics Hub,658.8,1200,15.76,1.5,80.4,DELIVERED,YES
2026-07-06 09:43:00,TRK-080,Rute-E,Depok Hub,659.9,1200,16.18,1.7,81.2,IN_TRANSIT,YES
2026-07-07 12:50:00,TRK-081,Rute-F,Bogor Transit Hub,661.0,1200,16.6,1.9,82.0,IDLE_DOCK,NO
2026-07-08 15:57:00,TRK-082,Rute-G,Cikarang Industrial Hub,662.1,1200,17.02,2.0,82.8,LOADED,YES
2026-07-09 06:04:00,TRK-083,Rute-H,Gudang West (Tangerang),663.2,1200,17.44,2.2,83.6,DELIVERED,YES
2026-07-10 09:11:00,TRK-084,Rute-I,Central Hub (Jakarta),664.3,1200,17.86,2.4,84.4,IN_TRANSIT,YES
2026-07-11 12:18:00,TRK-085,Rute-J,Grogol Hub (Jakbar),665.4,1200,18.28,0.6,85.2,IDLE_DOCK,NO
2026-07-12 15:25:00,TRK-086,Rute-K,Petamburan Hub,666.5,1200,18.7,0.8,86.0,LOADED,YES
2026-07-13 06:32:00,TRK-087,Rute-L,Bekasi Logistics Hub,667.6,1200,19.12,1.0,86.8,DELIVERED,YES
2026-07-14 09:39:00,TRK-088,Rute-M,Depok Hub,668.7,1200,19.54,1.1,87.6,IN_TRANSIT,YES
2026-07-15 12:46:00,TRK-089,Rute-N,Bogor Transit Hub,669.8,1200,19.96,1.3,88.4,IDLE_DOCK,NO
2026-07-16 15:53:00,TRK-090,Rute-O,Cikarang Industrial Hub,670.9,1200,20.38,1.5,89.2,LOADED,YES
2026-07-17 06:00:00,TRK-091,Rute-A,Gudang West (Tangerang),672.0,1200,20.8,1.7,18.0,DELIVERED,YES
2026-07-18 09:07:00,TRK-092,Rute-B,Central Hub (Jakarta),673.1,1200,21.22,1.9,18.8,IN_TRANSIT,YES
2026-07-19 12:14:00,TRK-093,Rute-C,Grogol Hub (Jakbar),674.2,1200,21.64,2.0,19.6,IDLE_DOCK,NO
2026-07-20 15:21:00,TRK-094,Rute-D,Petamburan Hub,675.3,1200,22.06,2.2,20.4,LOADED,YES
2026-07-21 06:28:00,TRK-095,Rute-E,Bekasi Logistics Hub,676.4,1200,22.48,2.4,21.2,DELIVERED,YES
2026-07-22 09:35:00,TRK-096,Rute-F,Depok Hub,677.5,1200,22.9,0.6,22.0,IN_TRANSIT,YES
2026-07-23 12:42:00,TRK-097,Rute-G,Bogor Transit Hub,678.6,1200,23.32,0.8,22.8,IDLE_DOCK,NO
2026-07-24 15:49:00,TRK-098,Rute-H,Cikarang Industrial Hub,679.7,1200,23.74,1.0,23.6,LOADED,YES
2026-07-25 06:56:00,TRK-099,Rute-I,Gudang West (Tangerang),680.8,1200,24.16,1.1,24.4,DELIVERED,YES
2026-07-26 09:03:00,TRK-100,Rute-J,Central Hub (Jakarta),681.9,1200,24.58,1.3,25.2,IN_TRANSIT,YES
2026-07-27 12:10:00,TRK-101,Rute-K,Grogol Hub (Jakbar),683.0,1200,14.5,1.5,26.0,IDLE_DOCK,NO
2026-07-28 15:17:00,TRK-102,Rute-L,Petamburan Hub,684.1,1200,14.92,1.7,26.8,LOADED,YES
2026-07-29 06:24:00,TRK-103,Rute-M,Bekasi Logistics Hub,685.2,1200,15.34,1.9,27.6,DELIVERED,YES
2026-07-30 09:31:00,TRK-104,Rute-N,Depok Hub,686.3,1200,15.76,2.0,28.4,IN_TRANSIT,YES
2026-07-31 12:38:00,TRK-105,Rute-O,Bogor Transit Hub,687.4,1200,16.18,2.2,29.2,IDLE_DOCK,NO
2026-07-01 15:45:00,TRK-106,Rute-A,Cikarang Industrial Hub,688.5,1200,16.6,2.4,30.0,LOADED,YES
2026-07-02 06:52:00,TRK-107,Rute-B,Gudang West (Tangerang),689.6,1200,17.02,0.6,30.8,DELIVERED,YES
2026-07-03 09:59:00,TRK-108,Rute-C,Central Hub (Jakarta),690.7,1200,17.44,0.8,31.6,IN_TRANSIT,YES
2026-07-04 12:06:00,TRK-109,Rute-D,Grogol Hub (Jakbar),691.8,1200,17.86,1.0,32.4,IDLE_DOCK,NO
2026-07-05 15:13:00,TRK-110,Rute-E,Petamburan Hub,692.9,1200,18.28,1.1,33.2,LOADED,YES
2026-07-06 06:20:00,TRK-111,Rute-F,Bekasi Logistics Hub,694.0,1200,18.7,1.3,34.0,DELIVERED,YES
2026-07-07 09:27:00,TRK-112,Rute-G,Depok Hub,695.1,1200,19.12,1.5,34.8,IN_TRANSIT,YES
2026-07-08 12:34:00,TRK-113,Rute-H,Bogor Transit Hub,696.2,1200,19.54,1.7,35.6,IDLE_DOCK,NO
2026-07-09 15:41:00,TRK-114,Rute-I,Cikarang Industrial Hub,697.3,1200,19.96,1.9,36.4,LOADED,YES
2026-07-10 06:48:00,TRK-115,Rute-J,Gudang West (Tangerang),698.4,1200,20.38,2.0,37.2,DELIVERED,YES
2026-07-11 09:55:00,TRK-116,Rute-K,Central Hub (Jakarta),699.5,1200,20.8,2.2,38.0,IN_TRANSIT,YES
2026-07-12 12:02:00,TRK-117,Rute-L,Grogol Hub (Jakbar),700.6,1200,21.22,2.4,38.8,IDLE_DOCK,NO
2026-07-13 15:09:00,TRK-118,Rute-M,Petamburan Hub,701.7,1200,21.64,0.6,39.6,LOADED,YES
2026-07-14 06:16:00,TRK-119,Rute-N,Bekasi Logistics Hub,702.8,1200,22.06,0.8,40.4,DELIVERED,YES
2026-07-15 09:23:00,TRK-120,Rute-O,Depok Hub,703.9,1200,22.48,1.0,41.2,IN_TRANSIT,YES
2026-07-16 12:30:00,TRK-121,Rute-A,Bogor Transit Hub,705.0,1200,22.9,1.1,42.0,IDLE_DOCK,NO
2026-07-17 15:37:00,TRK-122,Rute-B,Cikarang Industrial Hub,706.1,1200,23.32,1.3,42.8,LOADED,YES
2026-07-18 06:44:00,TRK-123,Rute-C,Gudang West (Tangerang),707.2,1200,23.74,1.5,43.6,DELIVERED,YES
2026-07-19 09:51:00,TRK-124,Rute-D,Central Hub (Jakarta),708.3,1200,24.16,1.7,44.4,IN_TRANSIT,YES
2026-07-20 12:58:00,TRK-125,Rute-E,Grogol Hub (Jakbar),709.4,1200,24.58,1.9,45.2,IDLE_DOCK,NO
2026-07-21 15:05:00,TRK-126,Rute-F,Petamburan Hub,710.5,1200,14.5,2.0,46.0,LOADED,YES
2026-07-22 06:12:00,TRK-127,Rute-G,Bekasi Logistics Hub,711.6,1200,14.92,2.2,46.8,DELIVERED,YES
2026-07-23 09:19:00,TRK-128,Rute-H,Depok Hub,712.7,1200,15.34,2.4,47.6,IN_TRANSIT,YES
2026-07-24 12:26:00,TRK-129,Rute-I,Bogor Transit Hub,713.8,1200,15.76,0.6,48.4,IDLE_DOCK,NO
2026-07-25 15:33:00,TRK-130,Rute-J,Cikarang Industrial Hub,714.9,1200,16.18,0.8,49.2,LOADED,YES
2026-07-26 06:40:00,TRK-131,Rute-K,Gudang West (Tangerang),716.0,1200,16.6,1.0,50.0,DELIVERED,YES
2026-07-27 09:47:00,TRK-132,Rute-L,Central Hub (Jakarta),717.1,1200,17.02,1.1,50.8,IN_TRANSIT,YES
2026-07-28 12:54:00,TRK-133,Rute-M,Grogol Hub (Jakbar),718.2,1200,17.44,1.3,51.6,IDLE_DOCK,NO
2026-07-29 15:01:00,TRK-134,Rute-N,Petamburan Hub,719.3,1200,17.86,1.5,52.4,LOADED,YES
2026-07-30 06:08:00,TRK-135,Rute-O,Bekasi Logistics Hub,720.4,1200,18.28,1.7,53.2,DELIVERED,YES
2026-07-31 09:15:00,TRK-136,Rute-A,Depok Hub,721.5,1200,18.7,1.9,54.0,IN_TRANSIT,YES
2026-07-01 12:22:00,TRK-137,Rute-B,Bogor Transit Hub,722.6,1200,19.12,2.0,54.8,IDLE_DOCK,NO
2026-07-02 15:29:00,TRK-138,Rute-C,Cikarang Industrial Hub,723.7,1200,19.54,2.2,55.6,LOADED,YES
2026-07-03 06:36:00,TRK-139,Rute-D,Gudang West (Tangerang),724.8,1200,19.96,2.4,56.4,DELIVERED,YES
2026-07-04 09:43:00,TRK-140,Rute-E,Central Hub (Jakarta),725.9,1200,20.38,0.6,57.2,IN_TRANSIT,YES
2026-07-05 12:50:00,TRK-141,Rute-F,Grogol Hub (Jakbar),727.0,1200,20.8,0.8,58.0,IDLE_DOCK,NO
2026-07-06 15:57:00,TRK-142,Rute-G,Petamburan Hub,728.1,1200,21.22,1.0,58.8,LOADED,YES
2026-07-07 06:04:00,TRK-143,Rute-H,Bekasi Logistics Hub,729.2,1200,21.64,1.1,59.6,DELIVERED,YES
2026-07-08 09:11:00,TRK-144,Rute-I,Depok Hub,730.3,1200,22.06,1.3,60.4,IN_TRANSIT,YES
2026-07-09 12:18:00,TRK-145,Rute-J,Bogor Transit Hub,731.4,1200,22.48,1.5,61.2,IDLE_DOCK,NO
2026-07-10 15:25:00,TRK-146,Rute-K,Cikarang Industrial Hub,732.5,1200,22.9,1.7,62.0,LOADED,YES
2026-07-11 06:32:00,TRK-147,Rute-L,Gudang West (Tangerang),733.6,1200,23.32,1.9,62.8,DELIVERED,YES
2026-07-12 09:39:00,TRK-148,Rute-M,Central Hub (Jakarta),734.7,1200,23.74,2.0,63.6,IN_TRANSIT,YES
2026-07-13 12:46:00,TRK-149,Rute-N,Grogol Hub (Jakbar),735.8,1200,24.16,2.2,64.4,IDLE_DOCK,NO
2026-07-14 15:53:00,TRK-150,Rute-O,Petamburan Hub,736.9,1200,24.58,2.4,65.2,LOADED,YES
2026-07-15 06:00:00,TRK-001,Rute-A,Bekasi Logistics Hub,738.0,1200,14.5,0.6,66.0,DELIVERED,YES
2026-07-16 09:07:00,TRK-002,Rute-B,Depok Hub,739.1,1200,14.92,0.8,66.8,IN_TRANSIT,YES
2026-07-17 12:14:00,TRK-003,Rute-C,Bogor Transit Hub,740.2,1200,15.34,1.0,67.6,IDLE_DOCK,NO
2026-07-18 15:21:00,TRK-004,Rute-D,Cikarang Industrial Hub,741.3,1200,15.76,1.1,68.4,LOADED,YES
2026-07-19 06:28:00,TRK-005,Rute-E,Gudang West (Tangerang),742.4,1200,16.18,1.3,69.2,DELIVERED,YES
2026-07-20 09:35:00,TRK-006,Rute-F,Central Hub (Jakarta),743.5,1200,16.6,1.5,70.0,IN_TRANSIT,YES
2026-07-21 12:42:00,TRK-007,Rute-G,Grogol Hub (Jakbar),744.6,1200,17.02,1.7,70.8,IDLE_DOCK,NO
2026-07-22 15:49:00,TRK-008,Rute-H,Petamburan Hub,745.7,1200,17.44,1.9,71.6,LOADED,YES
2026-07-23 06:56:00,TRK-009,Rute-I,Bekasi Logistics Hub,746.8,1200,17.86,2.0,72.4,DELIVERED,YES
2026-07-24 09:03:00,TRK-010,Rute-J,Depok Hub,747.9,1200,18.28,2.2,73.2,IN_TRANSIT,YES
2026-07-25 12:10:00,TRK-011,Rute-K,Bogor Transit Hub,749.0,1200,18.7,2.4,74.0,IDLE_DOCK,NO
2026-07-26 15:17:00,TRK-012,Rute-L,Cikarang Industrial Hub,750.1,1200,19.12,0.6,74.8,LOADED,YES
2026-07-27 06:24:00,TRK-013,Rute-M,Gudang West (Tangerang),751.2,1200,19.54,0.8,75.6,DELIVERED,YES
2026-07-28 09:31:00,TRK-014,Rute-N,Central Hub (Jakarta),752.3,1200,19.96,1.0,76.4,IN_TRANSIT,YES
2026-07-29 12:38:00,TRK-015,Rute-O,Grogol Hub (Jakbar),753.4,1200,20.38,1.1,77.2,IDLE_DOCK,NO
2026-07-30 15:45:00,TRK-016,Rute-A,Petamburan Hub,754.5,1200,20.8,1.3,78.0,LOADED,YES
2026-07-31 06:52:00,TRK-017,Rute-B,Bekasi Logistics Hub,755.6,1200,21.22,1.5,78.8,DELIVERED,YES
2026-07-01 09:59:00,TRK-018,Rute-C,Depok Hub,756.7,1200,21.64,1.7,79.6,IN_TRANSIT,YES
2026-07-02 12:06:00,TRK-019,Rute-D,Bogor Transit Hub,757.8,1200,22.06,1.9,80.4,IDLE_DOCK,NO
2026-07-03 15:13:00,TRK-020,Rute-E,Cikarang Industrial Hub,758.9,1200,22.48,2.0,81.2,LOADED,YES
2026-07-04 06:20:00,TRK-021,Rute-F,Gudang West (Tangerang),760.0,1200,22.9,2.2,82.0,DELIVERED,YES
2026-07-05 09:27:00,TRK-022,Rute-G,Central Hub (Jakarta),761.1,1200,23.32,2.4,82.8,IN_TRANSIT,YES
2026-07-06 12:34:00,TRK-023,Rute-H,Grogol Hub (Jakbar),762.2,1200,23.74,0.6,83.6,IDLE_DOCK,NO
2026-07-07 15:41:00,TRK-024,Rute-I,Petamburan Hub,763.3,1200,24.16,0.8,84.4,LOADED,YES
2026-07-08 06:48:00,TRK-025,Rute-J,Bekasi Logistics Hub,764.4,1200,24.58,1.0,85.2,DELIVERED,YES
2026-07-09 09:55:00,TRK-026,Rute-K,Depok Hub,765.5,1200,14.5,1.1,86.0,IN_TRANSIT,YES
2026-07-10 12:02:00,TRK-027,Rute-L,Bogor Transit Hub,766.6,1200,14.92,1.3,86.8,IDLE_DOCK,NO
2026-07-11 15:09:00,TRK-028,Rute-M,Cikarang Industrial Hub,767.7,1200,15.34,1.5,87.6,LOADED,YES
2026-07-12 06:16:00,TRK-029,Rute-N,Gudang West (Tangerang),768.8,1200,15.76,1.7,88.4,DELIVERED,YES
2026-07-13 09:23:00,TRK-030,Rute-O,Central Hub (Jakarta),769.9,1200,16.18,1.9,89.2,IN_TRANSIT,YES
2026-07-14 12:30:00,TRK-031,Rute-A,Grogol Hub (Jakbar),771.0,1200,16.6,2.0,18.0,IDLE_DOCK,NO
2026-07-15 15:37:00,TRK-032,Rute-B,Petamburan Hub,772.1,1200,17.02,2.2,18.8,LOADED,YES
2026-07-16 06:44:00,TRK-033,Rute-C,Bekasi Logistics Hub,773.2,1200,17.44,2.4,19.6,DELIVERED,YES
2026-07-17 09:51:00,TRK-034,Rute-D,Depok Hub,774.3,1200,17.86,0.6,20.4,IN_TRANSIT,YES
2026-07-18 12:58:00,TRK-035,Rute-E,Bogor Transit Hub,775.4,1200,18.28,0.8,21.2,IDLE_DOCK,NO
2026-07-19 15:05:00,TRK-036,Rute-F,Cikarang Industrial Hub,776.5,1200,18.7,1.0,22.0,LOADED,YES
2026-07-20 06:12:00,TRK-037,Rute-G,Gudang West (Tangerang),777.6,1200,19.12,1.1,22.8,DELIVERED,YES
2026-07-21 09:19:00,TRK-038,Rute-H,Central Hub (Jakarta),778.7,1200,19.54,1.3,23.6,IN_TRANSIT,YES
2026-07-22 12:26:00,TRK-039,Rute-I,Grogol Hub (Jakbar),779.8,1200,19.96,1.5,24.4,IDLE_DOCK,NO
2026-07-23 15:33:00,TRK-040,Rute-J,Petamburan Hub,780.9,1200,20.38,1.7,25.2,LOADED,YES
2026-07-24 06:40:00,TRK-041,Rute-K,Bekasi Logistics Hub,782.0,1200,20.8,1.9,26.0,DELIVERED,YES
2026-07-25 09:47:00,TRK-042,Rute-L,Depok Hub,783.1,1200,21.22,2.0,26.8,IN_TRANSIT,YES
2026-07-26 12:54:00,TRK-043,Rute-M,Bogor Transit Hub,784.2,1200,21.64,2.2,27.6,IDLE_DOCK,NO
2026-07-27 15:01:00,TRK-044,Rute-N,Cikarang Industrial Hub,785.3,1200,22.06,2.4,28.4,LOADED,YES
2026-07-28 06:08:00,TRK-045,Rute-O,Gudang West (Tangerang),786.4,1200,22.48,0.6,29.2,DELIVERED,YES
2026-07-29 09:15:00,TRK-046,Rute-A,Central Hub (Jakarta),787.5,1200,22.9,0.8,30.0,IN_TRANSIT,YES
2026-07-30 12:22:00,TRK-047,Rute-B,Grogol Hub (Jakbar),788.6,1200,23.32,1.0,30.8,IDLE_DOCK,NO
2026-07-31 15:29:00,TRK-048,Rute-C,Petamburan Hub,789.7,1200,23.74,1.1,31.6,LOADED,YES
2026-07-01 06:36:00,TRK-049,Rute-D,Bekasi Logistics Hub,790.8,1200,24.16,1.3,32.4,DELIVERED,YES
2026-07-02 09:43:00,TRK-050,Rute-E,Depok Hub,791.9,1200,24.58,1.5,33.2,IN_TRANSIT,YES
2026-07-03 12:50:00,TRK-051,Rute-F,Bogor Transit Hub,793.0,1200,14.5,1.7,34.0,IDLE_DOCK,NO
2026-07-04 15:57:00,TRK-052,Rute-G,Cikarang Industrial Hub,794.1,1200,14.92,1.9,34.8,LOADED,YES
2026-07-05 06:04:00,TRK-053,Rute-H,Gudang West (Tangerang),795.2,1200,15.34,2.0,35.6,DELIVERED,YES
2026-07-06 09:11:00,TRK-054,Rute-I,Central Hub (Jakarta),796.3,1200,15.76,2.2,36.4,IN_TRANSIT,YES
2026-07-07 12:18:00,TRK-055,Rute-J,Grogol Hub (Jakbar),797.4,1200,16.18,2.4,37.2,IDLE_DOCK,NO
2026-07-08 15:25:00,TRK-056,Rute-K,Petamburan Hub,798.5,1200,16.6,0.6,38.0,LOADED,YES
2026-07-09 06:32:00,TRK-057,Rute-L,Bekasi Logistics Hub,799.6,1200,17.02,0.8,38.8,DELIVERED,YES
2026-07-10 09:39:00,TRK-058,Rute-M,Depok Hub,800.7,1200,17.44,1.0,39.6,IN_TRANSIT,YES
2026-07-11 12:46:00,TRK-059,Rute-N,Bogor Transit Hub,801.8,1200,17.86,1.1,40.4,IDLE_DOCK,NO
2026-07-12 15:53:00,TRK-060,Rute-O,Cikarang Industrial Hub,802.9,1200,18.28,1.3,41.2,LOADED,YES
2026-07-13 06:00:00,TRK-061,Rute-A,Gudang West (Tangerang),804.0,1200,18.7,1.5,42.0,DELIVERED,YES
2026-07-14 09:07:00,TRK-062,Rute-B,Central Hub (Jakarta),805.1,1200,19.12,1.7,42.8,IN_TRANSIT,YES
2026-07-15 12:14:00,TRK-063,Rute-C,Grogol Hub (Jakbar),806.2,1200,19.54,1.9,43.6,IDLE_DOCK,NO
2026-07-16 15:21:00,TRK-064,Rute-D,Petamburan Hub,807.3,1200,19.96,2.0,44.4,LOADED,YES
2026-07-17 06:28:00,TRK-065,Rute-E,Bekasi Logistics Hub,808.4,1200,20.38,2.2,45.2,DELIVERED,YES
2026-07-18 09:35:00,TRK-066,Rute-F,Depok Hub,809.5,1200,20.8,2.4,46.0,IN_TRANSIT,YES
2026-07-19 12:42:00,TRK-067,Rute-G,Bogor Transit Hub,810.6,1200,21.22,0.6,46.8,IDLE_DOCK,NO
2026-07-20 15:49:00,TRK-068,Rute-H,Cikarang Industrial Hub,811.7,1200,21.64,0.8,47.6,LOADED,YES
2026-07-21 06:56:00,TRK-069,Rute-I,Gudang West (Tangerang),812.8,1200,22.06,1.0,48.4,DELIVERED,YES
2026-07-22 09:03:00,TRK-070,Rute-J,Central Hub (Jakarta),813.9,1200,22.48,1.1,49.2,IN_TRANSIT,YES
2026-07-23 12:10:00,TRK-071,Rute-K,Grogol Hub (Jakbar),815.0,1200,22.9,1.3,50.0,IDLE_DOCK,NO
2026-07-24 15:17:00,TRK-072,Rute-L,Petamburan Hub,816.1,1200,23.32,1.5,50.8,LOADED,YES
2026-07-25 06:24:00,TRK-073,Rute-M,Bekasi Logistics Hub,817.2,1200,23.74,1.7,51.6,DELIVERED,YES
2026-07-26 09:31:00,TRK-074,Rute-N,Depok Hub,818.3,1200,24.16,1.9,52.4,IN_TRANSIT,YES
2026-07-27 12:38:00,TRK-075,Rute-O,Bogor Transit Hub,819.4,1200,24.58,2.0,53.2,IDLE_DOCK,NO
2026-07-28 15:45:00,TRK-076,Rute-A,Cikarang Industrial Hub,820.5,1200,14.5,2.2,54.0,LOADED,YES
2026-07-29 06:52:00,TRK-077,Rute-B,Gudang West (Tangerang),821.6,1200,14.92,2.4,54.8,DELIVERED,YES
2026-07-30 09:59:00,TRK-078,Rute-C,Central Hub (Jakarta),822.7,1200,15.34,0.6,55.6,IN_TRANSIT,YES
2026-07-31 12:06:00,TRK-079,Rute-D,Grogol Hub (Jakbar),823.8,1200,15.76,0.8,56.4,IDLE_DOCK,NO
2026-07-01 15:13:00,TRK-080,Rute-E,Petamburan Hub,824.9,1200,16.18,1.0,57.2,LOADED,YES
2026-07-02 06:20:00,TRK-081,Rute-F,Bekasi Logistics Hub,826.0,1200,16.6,1.1,58.0,DELIVERED,YES
2026-07-03 09:27:00,TRK-082,Rute-G,Depok Hub,827.1,1200,17.02,1.3,58.8,IN_TRANSIT,YES
2026-07-04 12:34:00,TRK-083,Rute-H,Bogor Transit Hub,828.2,1200,17.44,1.5,59.6,IDLE_DOCK,NO
2026-07-05 15:41:00,TRK-084,Rute-I,Cikarang Industrial Hub,829.3,1200,17.86,1.7,60.4,LOADED,YES
2026-07-06 06:48:00,TRK-085,Rute-J,Gudang West (Tangerang),830.4,1200,18.28,1.9,61.2,DELIVERED,YES
2026-07-07 09:55:00,TRK-086,Rute-K,Central Hub (Jakarta),831.5,1200,18.7,2.0,62.0,IN_TRANSIT,YES
2026-07-08 12:02:00,TRK-087,Rute-L,Grogol Hub (Jakbar),832.6,1200,19.12,2.2,62.8,IDLE_DOCK,NO
2026-07-09 15:09:00,TRK-088,Rute-M,Petamburan Hub,833.7,1200,19.54,2.4,63.6,LOADED,YES
2026-07-10 06:16:00,TRK-089,Rute-N,Bekasi Logistics Hub,834.8,1200,19.96,0.6,64.4,DELIVERED,YES
2026-07-11 09:23:00,TRK-090,Rute-O,Depok Hub,835.9,1200,20.38,0.8,65.2,IN_TRANSIT,YES
2026-07-12 12:30:00,TRK-091,Rute-A,Bogor Transit Hub,837.0,1200,20.8,1.0,66.0,IDLE_DOCK,NO
2026-07-13 15:37:00,TRK-092,Rute-B,Cikarang Industrial Hub,838.1,1200,21.22,1.1,66.8,LOADED,YES
2026-07-14 06:44:00,TRK-093,Rute-C,Gudang West (Tangerang),839.2,1200,21.64,1.3,67.6,DELIVERED,YES
2026-07-15 09:51:00,TRK-094,Rute-D,Central Hub (Jakarta),840.3,1200,22.06,1.5,68.4,IN_TRANSIT,YES
2026-07-16 12:58:00,TRK-095,Rute-E,Grogol Hub (Jakbar),841.4,1200,22.48,1.7,69.2,IDLE_DOCK,NO
2026-07-17 15:05:00,TRK-096,Rute-F,Petamburan Hub,842.5,1200,22.9,1.9,70.0,LOADED,YES
2026-07-18 06:12:00,TRK-097,Rute-G,Bekasi Logistics Hub,843.6,1200,23.32,2.0,70.8,DELIVERED,YES
2026-07-19 09:19:00,TRK-098,Rute-H,Depok Hub,844.7,1200,23.74,2.2,71.6,IN_TRANSIT,YES
2026-07-20 12:26:00,TRK-099,Rute-I,Bogor Transit Hub,845.8,1200,24.16,2.4,72.4,IDLE_DOCK,NO
2026-07-21 15:33:00,TRK-100,Rute-J,Cikarang Industrial Hub,846.9,1200,24.58,0.6,73.2,LOADED,YES
2026-07-22 06:40:00,TRK-101,Rute-K,Gudang West (Tangerang),848.0,1200,14.5,0.8,74.0,DELIVERED,YES
2026-07-23 09:47:00,TRK-102,Rute-L,Central Hub (Jakarta),849.1,1200,14.92,1.0,74.8,IN_TRANSIT,YES
2026-07-24 12:54:00,TRK-103,Rute-M,Grogol Hub (Jakbar),850.2,1200,15.34,1.1,75.6,IDLE_DOCK,NO
2026-07-25 15:01:00,TRK-104,Rute-N,Petamburan Hub,851.3,1200,15.76,1.3,76.4,LOADED,YES
2026-07-26 06:08:00,TRK-105,Rute-O,Bekasi Logistics Hub,852.4,1200,16.18,1.5,77.2,DELIVERED,YES
2026-07-27 09:15:00,TRK-106,Rute-A,Depok Hub,853.5,1200,16.6,1.7,78.0,IN_TRANSIT,YES
2026-07-28 12:22:00,TRK-107,Rute-B,Bogor Transit Hub,854.6,1200,17.02,1.9,78.8,IDLE_DOCK,NO
2026-07-29 15:29:00,TRK-108,Rute-C,Cikarang Industrial Hub,855.7,1200,17.44,2.0,79.6,LOADED,YES
2026-07-30 06:36:00,TRK-109,Rute-D,Gudang West (Tangerang),856.8,1200,17.86,2.2,80.4,DELIVERED,YES
2026-07-31 09:43:00,TRK-110,Rute-E,Central Hub (Jakarta),857.9,1200,18.28,2.4,81.2,IN_TRANSIT,YES
2026-07-01 12:50:00,TRK-111,Rute-F,Grogol Hub (Jakbar),859.0,1200,18.7,0.6,82.0,IDLE_DOCK,NO
2026-07-02 15:57:00,TRK-112,Rute-G,Petamburan Hub,860.1,1200,19.12,0.8,82.8,LOADED,YES
2026-07-03 06:04:00,TRK-113,Rute-H,Bekasi Logistics Hub,861.2,1200,19.54,1.0,83.6,DELIVERED,YES
2026-07-04 09:11:00,TRK-114,Rute-I,Depok Hub,862.3,1200,19.96,1.1,84.4,IN_TRANSIT,YES
2026-07-05 12:18:00,TRK-115,Rute-J,Bogor Transit Hub,863.4,1200,20.38,1.3,85.2,IDLE_DOCK,NO
2026-07-06 15:25:00,TRK-116,Rute-K,Cikarang Industrial Hub,864.5,1200,20.8,1.5,86.0,LOADED,YES
2026-07-07 06:32:00,TRK-117,Rute-L,Gudang West (Tangerang),865.6,1200,21.22,1.7,86.8,DELIVERED,YES
2026-07-08 09:39:00,TRK-118,Rute-M,Central Hub (Jakarta),866.7,1200,21.64,1.9,87.6,IN_TRANSIT,YES
2026-07-09 12:46:00,TRK-119,Rute-N,Grogol Hub (Jakbar),867.8,1200,22.06,2.0,88.4,IDLE_DOCK,NO
2026-07-10 15:53:00,TRK-120,Rute-O,Petamburan Hub,868.9,1200,22.48,2.2,89.2,LOADED,YES
2026-07-11 06:00:00,TRK-121,Rute-A,Bekasi Logistics Hub,870.0,1200,22.9,2.4,18.0,DELIVERED,YES
2026-07-12 09:07:00,TRK-122,Rute-B,Depok Hub,871.1,1200,23.32,0.6,18.8,IN_TRANSIT,YES
2026-07-13 12:14:00,TRK-123,Rute-C,Bogor Transit Hub,872.2,1200,23.74,0.8,19.6,IDLE_DOCK,NO
2026-07-14 15:21:00,TRK-124,Rute-D,Cikarang Industrial Hub,873.3,1200,24.16,1.0,20.4,LOADED,YES
2026-07-15 06:28:00,TRK-125,Rute-E,Gudang West (Tangerang),874.4,1200,24.58,1.1,21.2,DELIVERED,YES
2026-07-16 09:35:00,TRK-126,Rute-F,Central Hub (Jakarta),875.5,1200,14.5,1.3,22.0,IN_TRANSIT,YES
2026-07-17 12:42:00,TRK-127,Rute-G,Grogol Hub (Jakbar),876.6,1200,14.92,1.5,22.8,IDLE_DOCK,NO
2026-07-18 15:49:00,TRK-128,Rute-H,Petamburan Hub,877.7,1200,15.34,1.7,23.6,LOADED,YES
2026-07-19 06:56:00,TRK-129,Rute-I,Bekasi Logistics Hub,878.8,1200,15.76,1.9,24.4,DELIVERED,YES
2026-07-20 09:03:00,TRK-130,Rute-J,Depok Hub,879.9,1200,16.18,2.0,25.2,IN_TRANSIT,YES
2026-07-21 12:10:00,TRK-131,Rute-K,Bogor Transit Hub,881.0,1200,16.6,2.2,26.0,IDLE_DOCK,NO
2026-07-22 15:17:00,TRK-132,Rute-L,Cikarang Industrial Hub,882.1,1200,17.02,2.4,26.8,LOADED,YES
2026-07-23 06:24:00,TRK-133,Rute-M,Gudang West (Tangerang),883.2,1200,17.44,0.6,27.6,DELIVERED,YES
2026-07-24 09:31:00,TRK-134,Rute-N,Central Hub (Jakarta),884.3,1200,17.86,0.8,28.4,IN_TRANSIT,YES
2026-07-25 12:38:00,TRK-135,Rute-O,Grogol Hub (Jakbar),885.4,1200,18.28,1.0,29.2,IDLE_DOCK,NO
2026-07-26 15:45:00,TRK-136,Rute-A,Petamburan Hub,886.5,1200,18.7,1.1,30.0,LOADED,YES
2026-07-27 06:52:00,TRK-137,Rute-B,Bekasi Logistics Hub,887.6,1200,19.12,1.3,30.8,DELIVERED,YES
2026-07-28 09:59:00,TRK-138,Rute-C,Depok Hub,888.7,1200,19.54,1.5,31.6,IN_TRANSIT,YES
2026-07-29 12:06:00,TRK-139,Rute-D,Bogor Transit Hub,889.8,1200,19.96,1.7,32.4,IDLE_DOCK,NO
2026-07-30 15:13:00,TRK-140,Rute-E,Cikarang Industrial Hub,890.9,1200,20.38,1.9,33.2,LOADED,YES
2026-07-31 06:20:00,TRK-141,Rute-F,Gudang West (Tangerang),892.0,1200,20.8,2.0,34.0,DELIVERED,YES
2026-07-01 09:27:00,TRK-142,Rute-G,Central Hub (Jakarta),893.1,1200,21.22,2.2,34.8,IN_TRANSIT,YES
2026-07-02 12:34:00,TRK-143,Rute-H,Grogol Hub (Jakbar),894.2,1200,21.64,2.4,35.6,IDLE_DOCK,NO
2026-07-03 15:41:00,TRK-144,Rute-I,Petamburan Hub,895.3,1200,22.06,0.6,36.4,LOADED,YES
2026-07-04 06:48:00,TRK-145,Rute-J,Bekasi Logistics Hub,896.4,1200,22.48,0.8,37.2,DELIVERED,YES
2026-07-05 09:55:00,TRK-146,Rute-K,Depok Hub,897.5,1200,22.9,1.0,38.0,IN_TRANSIT,YES
2026-07-06 12:02:00,TRK-147,Rute-L,Bogor Transit Hub,898.6,1200,23.32,1.1,38.8,IDLE_DOCK,NO
2026-07-07 15:09:00,TRK-148,Rute-M,Cikarang Industrial Hub,899.7,1200,23.74,1.3,39.6,LOADED,YES
2026-07-08 06:16:00,TRK-149,Rute-N,Gudang West (Tangerang),900.8,1200,24.16,1.5,40.4,DELIVERED,YES
2026-07-09 09:23:00,TRK-150,Rute-O,Central Hub (Jakarta),901.9,1200,24.58,1.7,41.2,IN_TRANSIT,YES
2026-07-10 12:30:00,TRK-001,Rute-A,Grogol Hub (Jakbar),903.0,1200,14.5,1.9,42.0,IDLE_DOCK,NO
2026-07-11 15:37:00,TRK-002,Rute-B,Petamburan Hub,904.1,1200,14.92,2.0,42.8,LOADED,YES
2026-07-12 06:44:00,TRK-003,Rute-C,Bekasi Logistics Hub,905.2,1200,15.34,2.2,43.6,DELIVERED,YES
2026-07-13 09:51:00,TRK-004,Rute-D,Depok Hub,906.3,1200,15.76,2.4,44.4,IN_TRANSIT,YES
2026-07-14 12:58:00,TRK-005,Rute-E,Bogor Transit Hub,907.4,1200,16.18,0.6,45.2,IDLE_DOCK,NO
2026-07-15 15:05:00,TRK-006,Rute-F,Cikarang Industrial Hub,908.5,1200,16.6,0.8,46.0,LOADED,YES
2026-07-16 06:12:00,TRK-007,Rute-G,Gudang West (Tangerang),909.6,1200,17.02,1.0,46.8,DELIVERED,YES
2026-07-17 09:19:00,TRK-008,Rute-H,Central Hub (Jakarta),910.7,1200,17.44,1.1,47.6,IN_TRANSIT,YES
2026-07-18 12:26:00,TRK-009,Rute-I,Grogol Hub (Jakbar),911.8,1200,17.86,1.3,48.4,IDLE_DOCK,NO
2026-07-19 15:33:00,TRK-010,Rute-J,Petamburan Hub,912.9,1200,18.28,1.5,49.2,LOADED,YES
2026-07-20 06:40:00,TRK-011,Rute-K,Bekasi Logistics Hub,914.0,1200,18.7,1.7,50.0,DELIVERED,YES
2026-07-21 09:47:00,TRK-012,Rute-L,Depok Hub,915.1,1200,19.12,1.9,50.8,IN_TRANSIT,YES
2026-07-22 12:54:00,TRK-013,Rute-M,Bogor Transit Hub,916.2,1200,19.54,2.0,51.6,IDLE_DOCK,NO
2026-07-23 15:01:00,TRK-014,Rute-N,Cikarang Industrial Hub,917.3,1200,19.96,2.2,52.4,LOADED,YES
2026-07-24 06:08:00,TRK-015,Rute-O,Gudang West (Tangerang),918.4,1200,20.38,2.4,53.2,DELIVERED,YES
2026-07-25 09:15:00,TRK-016,Rute-A,Central Hub (Jakarta),919.5,1200,20.8,0.6,54.0,IN_TRANSIT,YES
2026-07-26 12:22:00,TRK-017,Rute-B,Grogol Hub (Jakbar),920.6,1200,21.22,0.8,54.8,IDLE_DOCK,NO
2026-07-27 15:29:00,TRK-018,Rute-C,Petamburan Hub,921.7,1200,21.64,1.0,55.6,LOADED,YES
2026-07-28 06:36:00,TRK-019,Rute-D,Bekasi Logistics Hub,922.8,1200,22.06,1.1,56.4,DELIVERED,YES
2026-07-29 09:43:00,TRK-020,Rute-E,Depok Hub,923.9,1200,22.48,1.3,57.2,IN_TRANSIT,YES
2026-07-30 12:50:00,TRK-021,Rute-F,Bogor Transit Hub,925.0,1200,22.9,1.5,58.0,IDLE_DOCK,NO
2026-07-31 15:57:00,TRK-022,Rute-G,Cikarang Industrial Hub,926.1,1200,23.32,1.7,58.8,LOADED,YES
2026-07-01 06:04:00,TRK-023,Rute-H,Gudang West (Tangerang),927.2,1200,23.74,1.9,59.6,DELIVERED,YES
2026-07-02 09:11:00,TRK-024,Rute-I,Central Hub (Jakarta),928.3,1200,24.16,2.0,60.4,IN_TRANSIT,YES
2026-07-03 12:18:00,TRK-025,Rute-J,Grogol Hub (Jakbar),929.4,1200,24.58,2.2,61.2,IDLE_DOCK,NO
2026-07-04 15:25:00,TRK-026,Rute-K,Petamburan Hub,930.5,1200,14.5,2.4,62.0,LOADED,YES
2026-07-05 06:32:00,TRK-027,Rute-L,Bekasi Logistics Hub,931.6,1200,14.92,0.6,62.8,DELIVERED,YES
2026-07-06 09:39:00,TRK-028,Rute-M,Depok Hub,932.7,1200,15.34,0.8,63.6,IN_TRANSIT,YES
2026-07-07 12:46:00,TRK-029,Rute-N,Bogor Transit Hub,933.8,1200,15.76,1.0,64.4,IDLE_DOCK,NO
2026-07-08 15:53:00,TRK-030,Rute-O,Cikarang Industrial Hub,934.9,1200,16.18,1.1,65.2,LOADED,YES
2026-07-09 06:00:00,TRK-031,Rute-A,Gudang West (Tangerang),936.0,1200,16.6,1.3,66.0,DELIVERED,YES
2026-07-10 09:07:00,TRK-032,Rute-B,Central Hub (Jakarta),937.1,1200,17.02,1.5,66.8,IN_TRANSIT,YES
2026-07-11 12:14:00,TRK-033,Rute-C,Grogol Hub (Jakbar),938.2,1200,17.44,1.7,67.6,IDLE_DOCK,NO
2026-07-12 15:21:00,TRK-034,Rute-D,Petamburan Hub,939.3,1200,17.86,1.9,68.4,LOADED,YES
2026-07-13 06:28:00,TRK-035,Rute-E,Bekasi Logistics Hub,940.4,1200,18.28,2.0,69.2,DELIVERED,YES
2026-07-14 09:35:00,TRK-036,Rute-F,Depok Hub,941.5,1200,18.7,2.2,70.0,IN_TRANSIT,YES
2026-07-15 12:42:00,TRK-037,Rute-G,Bogor Transit Hub,942.6,1200,19.12,2.4,70.8,IDLE_DOCK,NO
2026-07-16 15:49:00,TRK-038,Rute-H,Cikarang Industrial Hub,943.7,1200,19.54,0.6,71.6,LOADED,YES
2026-07-17 06:56:00,TRK-039,Rute-I,Gudang West (Tangerang),944.8,1200,19.96,0.8,72.4,DELIVERED,YES
2026-07-18 09:03:00,TRK-040,Rute-J,Central Hub (Jakarta),945.9,1200,20.38,1.0,73.2,IN_TRANSIT,YES
2026-07-19 12:10:00,TRK-041,Rute-K,Grogol Hub (Jakbar),947.0,1200,20.8,1.1,74.0,IDLE_DOCK,NO
2026-07-20 15:17:00,TRK-042,Rute-L,Petamburan Hub,948.1,1200,21.22,1.3,74.8,LOADED,YES
2026-07-21 06:24:00,TRK-043,Rute-M,Bekasi Logistics Hub,949.2,1200,21.64,1.5,75.6,DELIVERED,YES
2026-07-22 09:31:00,TRK-044,Rute-N,Depok Hub,950.3,1200,22.06,1.7,76.4,IN_TRANSIT,YES
2026-07-23 12:38:00,TRK-045,Rute-O,Bogor Transit Hub,951.4,1200,22.48,1.9,77.2,IDLE_DOCK,NO
2026-07-24 15:45:00,TRK-046,Rute-A,Cikarang Industrial Hub,952.5,1200,22.9,2.0,78.0,LOADED,YES
2026-07-25 06:52:00,TRK-047,Rute-B,Gudang West (Tangerang),953.6,1200,23.32,2.2,78.8,DELIVERED,YES
2026-07-26 09:59:00,TRK-048,Rute-C,Central Hub (Jakarta),954.7,1200,23.74,2.4,79.6,IN_TRANSIT,YES
2026-07-27 12:06:00,TRK-049,Rute-D,Grogol Hub (Jakbar),955.8,1200,24.16,0.6,80.4,IDLE_DOCK,NO
2026-07-28 15:13:00,TRK-050,Rute-E,Petamburan Hub,956.9,1200,24.58,0.8,81.2,LOADED,YES
2026-07-29 06:20:00,TRK-051,Rute-F,Bekasi Logistics Hub,958.0,1200,14.5,1.0,82.0,DELIVERED,YES
2026-07-30 09:27:00,TRK-052,Rute-G,Depok Hub,959.1,1200,14.92,1.1,82.8,IN_TRANSIT,YES
2026-07-31 12:34:00,TRK-053,Rute-H,Bogor Transit Hub,960.2,1200,15.34,1.3,83.6,IDLE_DOCK,NO
2026-07-01 15:41:00,TRK-054,Rute-I,Cikarang Industrial Hub,961.3,1200,15.76,1.5,84.4,LOADED,YES
2026-07-02 06:48:00,TRK-055,Rute-J,Gudang West (Tangerang),962.4,1200,16.18,1.7,85.2,DELIVERED,YES
2026-07-03 09:55:00,TRK-056,Rute-K,Central Hub (Jakarta),963.5,1200,16.6,1.9,86.0,IN_TRANSIT,YES
2026-07-04 12:02:00,TRK-057,Rute-L,Grogol Hub (Jakbar),964.6,1200,17.02,2.0,86.8,IDLE_DOCK,NO
2026-07-05 15:09:00,TRK-058,Rute-M,Petamburan Hub,965.7,1200,17.44,2.2,87.6,LOADED,YES
2026-07-06 06:16:00,TRK-059,Rute-N,Bekasi Logistics Hub,966.8,1200,17.86,2.4,88.4,DELIVERED,YES
2026-07-07 09:23:00,TRK-060,Rute-O,Depok Hub,967.9,1200,18.28,0.6,89.2,IN_TRANSIT,YES
2026-07-08 12:30:00,TRK-061,Rute-A,Bogor Transit Hub,969.0,1200,18.7,0.8,18.0,IDLE_DOCK,NO
2026-07-09 15:37:00,TRK-062,Rute-B,Cikarang Industrial Hub,970.1,1200,19.12,1.0,18.8,LOADED,YES
2026-07-10 06:44:00,TRK-063,Rute-C,Gudang West (Tangerang),971.2,1200,19.54,1.1,19.6,DELIVERED,YES
2026-07-11 09:51:00,TRK-064,Rute-D,Central Hub (Jakarta),972.3,1200,19.96,1.3,20.4,IN_TRANSIT,YES
2026-07-12 12:58:00,TRK-065,Rute-E,Grogol Hub (Jakbar),973.4,1200,20.38,1.5,21.2,IDLE_DOCK,NO
2026-07-13 15:05:00,TRK-066,Rute-F,Petamburan Hub,974.5,1200,20.8,1.7,22.0,LOADED,YES
2026-07-14 06:12:00,TRK-067,Rute-G,Bekasi Logistics Hub,975.6,1200,21.22,1.9,22.8,DELIVERED,YES
2026-07-15 09:19:00,TRK-068,Rute-H,Depok Hub,976.7,1200,21.64,2.0,23.6,IN_TRANSIT,YES
2026-07-16 12:26:00,TRK-069,Rute-I,Bogor Transit Hub,977.8,1200,22.06,2.2,24.4,IDLE_DOCK,NO
2026-07-17 15:33:00,TRK-070,Rute-J,Cikarang Industrial Hub,978.9,1200,22.48,2.4,25.2,LOADED,YES
2026-07-18 06:40:00,TRK-071,Rute-K,Gudang West (Tangerang),980.0,1200,22.9,0.6,26.0,DELIVERED,YES
2026-07-19 09:47:00,TRK-072,Rute-L,Central Hub (Jakarta),981.1,1200,23.32,0.8,26.8,IN_TRANSIT,YES
2026-07-20 12:54:00,TRK-073,Rute-M,Grogol Hub (Jakbar),982.2,1200,23.74,1.0,27.6,IDLE_DOCK,NO
2026-07-21 15:01:00,TRK-074,Rute-N,Petamburan Hub,983.3,1200,24.16,1.1,28.4,LOADED,YES
2026-07-22 06:08:00,TRK-075,Rute-O,Bekasi Logistics Hub,984.4,1200,24.58,1.3,29.2,DELIVERED,YES
2026-07-23 09:15:00,TRK-076,Rute-A,Depok Hub,985.5,1200,14.5,1.5,30.0,IN_TRANSIT,YES
2026-07-24 12:22:00,TRK-077,Rute-B,Bogor Transit Hub,986.6,1200,14.92,1.7,30.8,IDLE_DOCK,NO
2026-07-25 15:29:00,TRK-078,Rute-C,Cikarang Industrial Hub,987.7,1200,15.34,1.9,31.6,LOADED,YES
2026-07-26 06:36:00,TRK-079,Rute-D,Gudang West (Tangerang),988.8,1200,15.76,2.0,32.4,DELIVERED,YES
2026-07-27 09:43:00,TRK-080,Rute-E,Central Hub (Jakarta),989.9,1200,16.18,2.2,33.2,IN_TRANSIT,YES
2026-07-28 12:50:00,TRK-081,Rute-F,Grogol Hub (Jakbar),991.0,1200,16.6,2.4,34.0,IDLE_DOCK,NO
2026-07-29 15:57:00,TRK-082,Rute-G,Petamburan Hub,992.1,1200,17.02,0.6,34.8,LOADED,YES
2026-07-30 06:04:00,TRK-083,Rute-H,Bekasi Logistics Hub,993.2,1200,17.44,0.8,35.6,DELIVERED,YES
2026-07-31 09:11:00,TRK-084,Rute-I,Depok Hub,994.3,1200,17.86,1.0,36.4,IN_TRANSIT,YES
2026-07-01 12:18:00,TRK-085,Rute-J,Bogor Transit Hub,995.4,1200,18.28,1.1,37.2,IDLE_DOCK,NO
2026-07-02 15:25:00,TRK-086,Rute-K,Cikarang Industrial Hub,996.5,1200,18.7,1.3,38.0,LOADED,YES
2026-07-03 06:32:00,TRK-087,Rute-L,Gudang West (Tangerang),997.6,1200,19.12,1.5,38.8,DELIVERED,YES
2026-07-04 09:39:00,TRK-088,Rute-M,Central Hub (Jakarta),998.7,1200,19.54,1.7,39.6,IN_TRANSIT,YES
2026-07-05 12:46:00,TRK-089,Rute-N,Grogol Hub (Jakbar),999.8,1200,19.96,1.9,40.4,IDLE_DOCK,NO
2026-07-06 15:53:00,TRK-090,Rute-O,Petamburan Hub,1000.9,1200,20.38,2.0,41.2,LOADED,YES
2026-07-07 06:00:00,TRK-091,Rute-A,Bekasi Logistics Hub,1002.0,1200,20.8,2.2,42.0,DELIVERED,YES
2026-07-08 09:07:00,TRK-092,Rute-B,Depok Hub,1003.1,1200,21.22,2.4,42.8,IN_TRANSIT,YES
2026-07-09 12:14:00,TRK-093,Rute-C,Bogor Transit Hub,1004.2,1200,21.64,0.6,43.6,IDLE_DOCK,NO
2026-07-10 15:21:00,TRK-094,Rute-D,Cikarang Industrial Hub,1005.3,1200,22.06,0.8,44.4,LOADED,YES
2026-07-11 06:28:00,TRK-095,Rute-E,Gudang West (Tangerang),1006.4,1200,22.48,1.0,45.2,DELIVERED,YES
2026-07-12 09:35:00,TRK-096,Rute-F,Central Hub (Jakarta),1007.5,1200,22.9,1.1,46.0,IN_TRANSIT,YES
2026-07-13 12:42:00,TRK-097,Rute-G,Grogol Hub (Jakbar),1008.6,1200,23.32,1.3,46.8,IDLE_DOCK,NO
2026-07-14 15:49:00,TRK-098,Rute-H,Petamburan Hub,1009.7,1200,23.74,1.5,47.6,LOADED,YES
2026-07-15 06:56:00,TRK-099,Rute-I,Bekasi Logistics Hub,1010.8,1200,24.16,1.7,48.4,DELIVERED,YES
2026-07-16 09:03:00,TRK-100,Rute-J,Depok Hub,1011.9,1200,24.58,1.9,49.2,IN_TRANSIT,YES
2026-07-17 12:10:00,TRK-101,Rute-K,Bogor Transit Hub,1013.0,1200,14.5,2.0,50.0,IDLE_DOCK,NO
2026-07-18 15:17:00,TRK-102,Rute-L,Cikarang Industrial Hub,1014.1,1200,14.92,2.2,50.8,LOADED,YES
2026-07-19 06:24:00,TRK-103,Rute-M,Gudang West (Tangerang),1015.2,1200,15.34,2.4,51.6,DELIVERED,YES
2026-07-20 09:31:00,TRK-104,Rute-N,Central Hub (Jakarta),1016.3,1200,15.76,0.6,52.4,IN_TRANSIT,YES
2026-07-21 12:38:00,TRK-105,Rute-O,Grogol Hub (Jakbar),1017.4,1200,16.18,0.8,53.2,IDLE_DOCK,NO
2026-07-22 15:45:00,TRK-106,Rute-A,Petamburan Hub,1018.5,1200,16.6,1.0,54.0,LOADED,YES
2026-07-23 06:52:00,TRK-107,Rute-B,Bekasi Logistics Hub,1019.6,1200,17.02,1.1,54.8,DELIVERED,YES
2026-07-24 09:59:00,TRK-108,Rute-C,Depok Hub,1020.7,1200,17.44,1.3,55.6,IN_TRANSIT,YES
2026-07-25 12:06:00,TRK-109,Rute-D,Bogor Transit Hub,1021.8,1200,17.86,1.5,56.4,IDLE_DOCK,NO
2026-07-26 15:13:00,TRK-110,Rute-E,Cikarang Industrial Hub,1022.9,1200,18.28,1.7,57.2,LOADED,YES
2026-07-27 06:20:00,TRK-111,Rute-F,Gudang West (Tangerang),1024.0,1200,18.7,1.9,58.0,DELIVERED,YES
2026-07-28 09:27:00,TRK-112,Rute-G,Central Hub (Jakarta),1025.1,1200,19.12,2.0,58.8,IN_TRANSIT,YES
2026-07-29 12:34:00,TRK-113,Rute-H,Grogol Hub (Jakbar),1026.2,1200,19.54,2.2,59.6,IDLE_DOCK,NO
2026-07-30 15:41:00,TRK-114,Rute-I,Petamburan Hub,1027.3,1200,19.96,2.4,60.4,LOADED,YES
2026-07-31 06:48:00,TRK-115,Rute-J,Bekasi Logistics Hub,1028.4,1200,20.38,0.6,61.2,DELIVERED,YES
2026-07-01 09:55:00,TRK-116,Rute-K,Depok Hub,1029.5,1200,20.8,0.8,62.0,IN_TRANSIT,YES
2026-07-02 12:02:00,TRK-117,Rute-L,Bogor Transit Hub,1030.6,1200,21.22,1.0,62.8,IDLE_DOCK,NO
2026-07-03 15:09:00,TRK-118,Rute-M,Cikarang Industrial Hub,1031.7,1200,21.64,1.1,63.6,LOADED,YES
2026-07-04 06:16:00,TRK-119,Rute-N,Gudang West (Tangerang),1032.8,1200,22.06,1.3,64.4,DELIVERED,YES
2026-07-05 09:23:00,TRK-120,Rute-O,Central Hub (Jakarta),1033.9,1200,22.48,1.5,65.2,IN_TRANSIT,YES
2026-07-06 12:30:00,TRK-121,Rute-A,Grogol Hub (Jakbar),1035.0,1200,22.9,1.7,66.0,IDLE_DOCK,NO
2026-07-07 15:37:00,TRK-122,Rute-B,Petamburan Hub,1036.1,1200,23.32,1.9,66.8,LOADED,YES
2026-07-08 06:44:00,TRK-123,Rute-C,Bekasi Logistics Hub,1037.2,1200,23.74,2.0,67.6,DELIVERED,YES
2026-07-09 09:51:00,TRK-124,Rute-D,Depok Hub,1038.3,1200,24.16,2.2,68.4,IN_TRANSIT,YES
2026-07-10 12:58:00,TRK-125,Rute-E,Bogor Transit Hub,1039.4,1200,24.58,2.4,69.2,IDLE_DOCK,NO
2026-07-11 15:05:00,TRK-126,Rute-F,Cikarang Industrial Hub,1040.5,1200,14.5,0.6,70.0,LOADED,YES
2026-07-12 06:12:00,TRK-127,Rute-G,Gudang West (Tangerang),1041.6,1200,14.92,0.8,70.8,DELIVERED,YES
2026-07-13 09:19:00,TRK-128,Rute-H,Central Hub (Jakarta),1042.7,1200,15.34,1.0,71.6,IN_TRANSIT,YES
2026-07-14 12:26:00,TRK-129,Rute-I,Grogol Hub (Jakbar),1043.8,1200,15.76,1.1,72.4,IDLE_DOCK,NO
2026-07-15 15:33:00,TRK-130,Rute-J,Petamburan Hub,1044.9,1200,16.18,1.3,73.2,LOADED,YES
2026-07-16 06:40:00,TRK-131,Rute-K,Bekasi Logistics Hub,1046.0,1200,16.6,1.5,74.0,DELIVERED,YES
2026-07-17 09:47:00,TRK-132,Rute-L,Depok Hub,1047.1,1200,17.02,1.7,74.8,IN_TRANSIT,YES
2026-07-18 12:54:00,TRK-133,Rute-M,Bogor Transit Hub,1048.2,1200,17.44,1.9,75.6,IDLE_DOCK,NO
2026-07-19 15:01:00,TRK-134,Rute-N,Cikarang Industrial Hub,1049.3,1200,17.86,2.0,76.4,LOADED,YES
2026-07-20 06:08:00,TRK-135,Rute-O,Gudang West (Tangerang),1050.4,1200,18.28,2.2,77.2,DELIVERED,YES
2026-07-21 09:15:00,TRK-136,Rute-A,Central Hub (Jakarta),1051.5,1200,18.7,2.4,78.0,IN_TRANSIT,YES
2026-07-22 12:22:00,TRK-137,Rute-B,Grogol Hub (Jakbar),1052.6,1200,19.12,0.6,78.8,IDLE_DOCK,NO
2026-07-23 15:29:00,TRK-138,Rute-C,Petamburan Hub,1053.7,1200,19.54,0.8,79.6,LOADED,YES
2026-07-24 06:36:00,TRK-139,Rute-D,Bekasi Logistics Hub,1054.8,1200,19.96,1.0,80.4,DELIVERED,YES
2026-07-25 09:43:00,TRK-140,Rute-E,Depok Hub,1055.9,1200,20.38,1.1,81.2,IN_TRANSIT,YES
2026-07-26 12:50:00,TRK-141,Rute-F,Bogor Transit Hub,1057.0,1200,20.8,1.3,82.0,IDLE_DOCK,NO
2026-07-27 15:57:00,TRK-142,Rute-G,Cikarang Industrial Hub,1058.1,1200,21.22,1.5,82.8,LOADED,YES
2026-07-28 06:04:00,TRK-143,Rute-H,Gudang West (Tangerang),1059.2,1200,21.64,1.7,83.6,DELIVERED,YES
2026-07-29 09:11:00,TRK-144,Rute-I,Central Hub (Jakarta),1060.3,1200,22.06,1.9,84.4,IN_TRANSIT,YES
2026-07-30 12:18:00,TRK-145,Rute-J,Grogol Hub (Jakbar),1061.4,1200,22.48,2.0,85.2,IDLE_DOCK,NO
2026-07-31 15:25:00,TRK-146,Rute-K,Petamburan Hub,1062.5,1200,22.9,2.2,86.0,LOADED,YES
2026-07-01 06:32:00,TRK-147,Rute-L,Bekasi Logistics Hub,1063.6,1200,23.32,2.4,86.8,DELIVERED,YES
2026-07-02 09:39:00,TRK-148,Rute-M,Depok Hub,1064.7,1200,23.74,0.6,87.6,IN_TRANSIT,YES
2026-07-03 12:46:00,TRK-149,Rute-N,Bogor Transit Hub,1065.8,1200,24.16,0.8,88.4,IDLE_DOCK,NO
2026-07-04 15:53:00,TRK-150,Rute-O,Cikarang Industrial Hub,1066.9,1200,24.58,1.0,89.2,LOADED,YES
2026-07-05 06:00:00,TRK-001,Rute-A,Gudang West (Tangerang),1068.0,1200,14.5,1.1,18.0,DELIVERED,YES
2026-07-06 09:07:00,TRK-002,Rute-B,Central Hub (Jakarta),1069.1,1200,14.92,1.3,18.8,IN_TRANSIT,YES
2026-07-07 12:14:00,TRK-003,Rute-C,Grogol Hub (Jakbar),1070.2,1200,15.34,1.5,19.6,IDLE_DOCK,NO
2026-07-08 15:21:00,TRK-004,Rute-D,Petamburan Hub,1071.3,1200,15.76,1.7,20.4,LOADED,YES
2026-07-09 06:28:00,TRK-005,Rute-E,Bekasi Logistics Hub,1072.4,1200,16.18,1.9,21.2,DELIVERED,YES
2026-07-10 09:35:00,TRK-006,Rute-F,Depok Hub,1073.5,1200,16.6,2.0,22.0,IN_TRANSIT,YES
2026-07-11 12:42:00,TRK-007,Rute-G,Bogor Transit Hub,1074.6,1200,17.02,2.2,22.8,IDLE_DOCK,NO
2026-07-12 15:49:00,TRK-008,Rute-H,Cikarang Industrial Hub,1075.7,1200,17.44,2.4,23.6,LOADED,YES
2026-07-13 06:56:00,TRK-009,Rute-I,Gudang West (Tangerang),1076.8,1200,17.86,0.6,24.4,DELIVERED,YES
2026-07-14 09:03:00,TRK-010,Rute-J,Central Hub (Jakarta),1077.9,1200,18.28,0.8,25.2,IN_TRANSIT,YES
2026-07-15 12:10:00,TRK-011,Rute-K,Grogol Hub (Jakbar),1079.0,1200,18.7,1.0,26.0,IDLE_DOCK,NO
2026-07-16 15:17:00,TRK-012,Rute-L,Petamburan Hub,1080.1,1200,19.12,1.1,26.8,LOADED,YES
2026-07-17 06:24:00,TRK-013,Rute-M,Bekasi Logistics Hub,1081.2,1200,19.54,1.3,27.6,DELIVERED,YES
2026-07-18 09:31:00,TRK-014,Rute-N,Depok Hub,1082.3,1200,19.96,1.5,28.4,IN_TRANSIT,YES
2026-07-19 12:38:00,TRK-015,Rute-O,Bogor Transit Hub,1083.4,1200,20.38,1.7,29.2,IDLE_DOCK,NO
2026-07-20 15:45:00,TRK-016,Rute-A,Cikarang Industrial Hub,1084.5,1200,20.8,1.9,30.0,LOADED,YES
2026-07-21 06:52:00,TRK-017,Rute-B,Gudang West (Tangerang),1085.6,1200,21.22,2.0,30.8,DELIVERED,YES
2026-07-22 09:59:00,TRK-018,Rute-C,Central Hub (Jakarta),1086.7,1200,21.64,2.2,31.6,IN_TRANSIT,YES
2026-07-23 12:06:00,TRK-019,Rute-D,Grogol Hub (Jakbar),1087.8,1200,22.06,2.4,32.4,IDLE_DOCK,NO
2026-07-24 15:13:00,TRK-020,Rute-E,Petamburan Hub,1088.9,1200,22.48,0.6,33.2,LOADED,YES
2026-07-25 06:20:00,TRK-021,Rute-F,Bekasi Logistics Hub,1090.0,1200,22.9,0.8,34.0,DELIVERED,YES
2026-07-26 09:27:00,TRK-022,Rute-G,Depok Hub,1091.1,1200,23.32,1.0,34.8,IN_TRANSIT,YES
2026-07-27 12:34:00,TRK-023,Rute-H,Bogor Transit Hub,1092.2,1200,23.74,1.1,35.6,IDLE_DOCK,NO
2026-07-28 15:41:00,TRK-024,Rute-I,Cikarang Industrial Hub,1093.3,1200,24.16,1.3,36.4,LOADED,YES
2026-07-29 06:48:00,TRK-025,Rute-J,Gudang West (Tangerang),1094.4,1200,24.58,1.5,37.2,DELIVERED,YES
2026-07-30 09:55:00,TRK-026,Rute-K,Central Hub (Jakarta),1095.5,1200,14.5,1.7,38.0,IN_TRANSIT,YES
2026-07-31 12:02:00,TRK-027,Rute-L,Grogol Hub (Jakbar),1096.6,1200,14.92,1.9,38.8,IDLE_DOCK,NO
2026-07-01 15:09:00,TRK-028,Rute-M,Petamburan Hub,1097.7,1200,15.34,2.0,39.6,LOADED,YES
2026-07-02 06:16:00,TRK-029,Rute-N,Bekasi Logistics Hub,1098.8,1200,15.76,2.2,40.4,DELIVERED,YES
2026-07-03 09:23:00,TRK-030,Rute-O,Depok Hub,1099.9,1200,16.18,2.4,41.2,IN_TRANSIT,YES
2026-07-04 12:30:00,TRK-031,Rute-A,Bogor Transit Hub,1101.0,1200,16.6,0.6,42.0,IDLE_DOCK,NO
2026-07-05 15:37:00,TRK-032,Rute-B,Cikarang Industrial Hub,1102.1,1200,17.02,0.8,42.8,LOADED,YES
2026-07-06 06:44:00,TRK-033,Rute-C,Gudang West (Tangerang),1103.2,1200,17.44,1.0,43.6,DELIVERED,YES
2026-07-07 09:51:00,TRK-034,Rute-D,Central Hub (Jakarta),1104.3,1200,17.86,1.1,44.4,IN_TRANSIT,YES
2026-07-08 12:58:00,TRK-035,Rute-E,Grogol Hub (Jakbar),1105.4,1200,18.28,1.3,45.2,IDLE_DOCK,NO
2026-07-09 15:05:00,TRK-036,Rute-F,Petamburan Hub,1106.5,1200,18.7,1.5,46.0,LOADED,YES
2026-07-10 06:12:00,TRK-037,Rute-G,Bekasi Logistics Hub,1107.6,1200,19.12,1.7,46.8,DELIVERED,YES
2026-07-11 09:19:00,TRK-038,Rute-H,Depok Hub,1108.7,1200,19.54,1.9,47.6,IN_TRANSIT,YES
2026-07-12 12:26:00,TRK-039,Rute-I,Bogor Transit Hub,1109.8,1200,19.96,2.0,48.4,IDLE_DOCK,NO
2026-07-13 15:33:00,TRK-040,Rute-J,Cikarang Industrial Hub,1110.9,1200,20.38,2.2,49.2,LOADED,YES
2026-07-14 06:40:00,TRK-041,Rute-K,Gudang West (Tangerang),1112.0,1200,20.8,2.4,50.0,DELIVERED,YES
2026-07-15 09:47:00,TRK-042,Rute-L,Central Hub (Jakarta),1113.1,1200,21.22,0.6,50.8,IN_TRANSIT,YES
2026-07-16 12:54:00,TRK-043,Rute-M,Grogol Hub (Jakbar),1114.2,1200,21.64,0.8,51.6,IDLE_DOCK,NO
2026-07-17 15:01:00,TRK-044,Rute-N,Petamburan Hub,1115.3,1200,22.06,1.0,52.4,LOADED,YES
2026-07-18 06:08:00,TRK-045,Rute-O,Bekasi Logistics Hub,1116.4,1200,22.48,1.1,53.2,DELIVERED,YES
2026-07-19 09:15:00,TRK-046,Rute-A,Depok Hub,1117.5,1200,22.9,1.3,54.0,IN_TRANSIT,YES
2026-07-20 12:22:00,TRK-047,Rute-B,Bogor Transit Hub,1118.6,1200,23.32,1.5,54.8,IDLE_DOCK,NO
2026-07-21 15:29:00,TRK-048,Rute-C,Cikarang Industrial Hub,1119.7,1200,23.74,1.7,55.6,LOADED,YES
2026-07-22 06:36:00,TRK-049,Rute-D,Gudang West (Tangerang),1120.8,1200,24.16,1.9,56.4,DELIVERED,YES
2026-07-23 09:43:00,TRK-050,Rute-E,Central Hub (Jakarta),1121.9,1200,24.58,2.0,57.2,IN_TRANSIT,YES
2026-07-24 12:50:00,TRK-051,Rute-F,Grogol Hub (Jakbar),1123.0,1200,14.5,2.2,58.0,IDLE_DOCK,NO
2026-07-25 15:57:00,TRK-052,Rute-G,Petamburan Hub,1124.1,1200,14.92,2.4,58.8,LOADED,YES
2026-07-26 06:04:00,TRK-053,Rute-H,Bekasi Logistics Hub,1125.2,1200,15.34,0.6,59.6,DELIVERED,YES
2026-07-27 09:11:00,TRK-054,Rute-I,Depok Hub,1126.3,1200,15.76,0.8,60.4,IN_TRANSIT,YES
2026-07-28 12:18:00,TRK-055,Rute-J,Bogor Transit Hub,1127.4,1200,16.18,1.0,61.2,IDLE_DOCK,NO
2026-07-29 15:25:00,TRK-056,Rute-K,Cikarang Industrial Hub,1128.5,1200,16.6,1.1,62.0,LOADED,YES
2026-07-30 06:32:00,TRK-057,Rute-L,Gudang West (Tangerang),1129.6,1200,17.02,1.3,62.8,DELIVERED,YES
2026-07-31 09:39:00,TRK-058,Rute-M,Central Hub (Jakarta),1130.7,1200,17.44,1.5,63.6,IN_TRANSIT,YES
2026-07-01 12:46:00,TRK-059,Rute-N,Grogol Hub (Jakbar),1131.8,1200,17.86,1.7,64.4,IDLE_DOCK,NO
2026-07-02 15:53:00,TRK-060,Rute-O,Petamburan Hub,1132.9,1200,18.28,1.9,65.2,LOADED,YES
2026-07-03 06:00:00,TRK-061,Rute-A,Bekasi Logistics Hub,1134.0,1200,18.7,2.0,66.0,DELIVERED,YES
2026-07-04 09:07:00,TRK-062,Rute-B,Depok Hub,1135.1,1200,19.12,2.2,66.8,IN_TRANSIT,YES
2026-07-05 12:14:00,TRK-063,Rute-C,Bogor Transit Hub,1136.2,1200,19.54,2.4,67.6,IDLE_DOCK,NO
2026-07-06 15:21:00,TRK-064,Rute-D,Cikarang Industrial Hub,1137.3,1200,19.96,0.6,68.4,LOADED,YES
2026-07-07 06:28:00,TRK-065,Rute-E,Gudang West (Tangerang),1138.4,1200,20.38,0.8,69.2,DELIVERED,YES
2026-07-08 09:35:00,TRK-066,Rute-F,Central Hub (Jakarta),1139.5,1200,20.8,1.0,70.0,IN_TRANSIT,YES
2026-07-09 12:42:00,TRK-067,Rute-G,Grogol Hub (Jakbar),1140.6,1200,21.22,1.1,70.8,IDLE_DOCK,NO
2026-07-10 15:49:00,TRK-068,Rute-H,Petamburan Hub,1141.7,1200,21.64,1.3,71.6,LOADED,YES
2026-07-11 06:56:00,TRK-069,Rute-I,Bekasi Logistics Hub,1142.8,1200,22.06,1.5,72.4,DELIVERED,YES
2026-07-12 09:03:00,TRK-070,Rute-J,Depok Hub,1143.9,1200,22.48,1.7,73.2,IN_TRANSIT,YES
2026-07-13 12:10:00,TRK-071,Rute-K,Bogor Transit Hub,1145.0,1200,22.9,1.9,74.0,IDLE_DOCK,NO
2026-07-14 15:17:00,TRK-072,Rute-L,Cikarang Industrial Hub,1146.1,1200,23.32,2.0,74.8,LOADED,YES
2026-07-15 06:24:00,TRK-073,Rute-M,Gudang West (Tangerang),1147.2,1200,23.74,2.2,75.6,DELIVERED,YES
2026-07-16 09:31:00,TRK-074,Rute-N,Central Hub (Jakarta),1148.3,1200,24.16,2.4,76.4,IN_TRANSIT,YES
2026-07-17 12:38:00,TRK-075,Rute-O,Grogol Hub (Jakbar),1149.4,1200,24.58,0.6,77.2,IDLE_DOCK,NO
2026-07-18 15:45:00,TRK-076,Rute-A,Petamburan Hub,1150.5,1200,14.5,0.8,78.0,LOADED,YES
2026-07-19 06:52:00,TRK-077,Rute-B,Bekasi Logistics Hub,1151.6,1200,14.92,1.0,78.8,DELIVERED,YES
2026-07-20 09:59:00,TRK-078,Rute-C,Depok Hub,1152.7,1200,15.34,1.1,79.6,IN_TRANSIT,YES
2026-07-21 12:06:00,TRK-079,Rute-D,Bogor Transit Hub,1153.8,1200,15.76,1.3,80.4,IDLE_DOCK,NO
2026-07-22 15:13:00,TRK-080,Rute-E,Cikarang Industrial Hub,1154.9,1200,16.18,1.5,81.2,LOADED,YES
2026-07-23 06:20:00,TRK-081,Rute-F,Gudang West (Tangerang),650.0,1200,16.6,1.7,82.0,DELIVERED,YES
2026-07-24 09:27:00,TRK-082,Rute-G,Central Hub (Jakarta),651.1,1200,17.02,1.9,82.8,IN_TRANSIT,YES
2026-07-25 12:34:00,TRK-083,Rute-H,Grogol Hub (Jakbar),652.2,1200,17.44,2.0,83.6,IDLE_DOCK,NO
2026-07-26 15:41:00,TRK-084,Rute-I,Petamburan Hub,653.3,1200,17.86,2.2,84.4,LOADED,YES
2026-07-27 06:48:00,TRK-085,Rute-J,Bekasi Logistics Hub,654.4,1200,18.28,2.4,85.2,DELIVERED,YES
2026-07-28 09:55:00,TRK-086,Rute-K,Depok Hub,655.5,1200,18.7,0.6,86.0,IN_TRANSIT,YES
2026-07-29 12:02:00,TRK-087,Rute-L,Bogor Transit Hub,656.6,1200,19.12,0.8,86.8,IDLE_DOCK,NO
2026-07-30 15:09:00,TRK-088,Rute-M,Cikarang Industrial Hub,657.7,1200,19.54,1.0,87.6,LOADED,YES
2026-07-31 06:16:00,TRK-089,Rute-N,Gudang West (Tangerang),658.8,1200,19.96,1.1,88.4,DELIVERED,YES
2026-07-01 09:23:00,TRK-090,Rute-O,Central Hub (Jakarta),659.9,1200,20.38,1.3,89.2,IN_TRANSIT,YES
2026-07-02 12:30:00,TRK-091,Rute-A,Grogol Hub (Jakbar),661.0,1200,20.8,1.5,18.0,IDLE_DOCK,NO
2026-07-03 15:37:00,TRK-092,Rute-B,Petamburan Hub,662.1,1200,21.22,1.7,18.8,LOADED,YES
2026-07-04 06:44:00,TRK-093,Rute-C,Bekasi Logistics Hub,663.2,1200,21.64,1.9,19.6,DELIVERED,YES
2026-07-05 09:51:00,TRK-094,Rute-D,Depok Hub,664.3,1200,22.06,2.0,20.4,IN_TRANSIT,YES
2026-07-06 12:58:00,TRK-095,Rute-E,Bogor Transit Hub,665.4,1200,22.48,2.2,21.2,IDLE_DOCK,NO
2026-07-07 15:05:00,TRK-096,Rute-F,Cikarang Industrial Hub,666.5,1200,22.9,2.4,22.0,LOADED,YES
2026-07-08 06:12:00,TRK-097,Rute-G,Gudang West (Tangerang),667.6,1200,23.32,0.6,22.8,DELIVERED,YES
2026-07-09 09:19:00,TRK-098,Rute-H,Central Hub (Jakarta),668.7,1200,23.74,0.8,23.6,IN_TRANSIT,YES
2026-07-10 12:26:00,TRK-099,Rute-I,Grogol Hub (Jakbar),669.8,1200,24.16,1.0,24.4,IDLE_DOCK,NO
2026-07-11 15:33:00,TRK-100,Rute-J,Petamburan Hub,670.9,1200,24.58,1.1,25.2,LOADED,YES
2026-07-12 06:40:00,TRK-101,Rute-K,Bekasi Logistics Hub,672.0,1200,14.5,1.3,26.0,DELIVERED,YES
2026-07-13 09:47:00,TRK-102,Rute-L,Depok Hub,673.1,1200,14.92,1.5,26.8,IN_TRANSIT,YES
2026-07-14 12:54:00,TRK-103,Rute-M,Bogor Transit Hub,674.2,1200,15.34,1.7,27.6,IDLE_DOCK,NO
2026-07-15 15:01:00,TRK-104,Rute-N,Cikarang Industrial Hub,675.3,1200,15.76,1.9,28.4,LOADED,YES
2026-07-16 06:08:00,TRK-105,Rute-O,Gudang West (Tangerang),676.4,1200,16.18,2.0,29.2,DELIVERED,YES
2026-07-17 09:15:00,TRK-106,Rute-A,Central Hub (Jakarta),677.5,1200,16.6,2.2,30.0,IN_TRANSIT,YES
2026-07-18 12:22:00,TRK-107,Rute-B,Grogol Hub (Jakbar),678.6,1200,17.02,2.4,30.8,IDLE_DOCK,NO
2026-07-19 15:29:00,TRK-108,Rute-C,Petamburan Hub,679.7,1200,17.44,0.6,31.6,LOADED,YES
2026-07-20 06:36:00,TRK-109,Rute-D,Bekasi Logistics Hub,680.8,1200,17.86,0.8,32.4,DELIVERED,YES
2026-07-21 09:43:00,TRK-110,Rute-E,Depok Hub,681.9,1200,18.28,1.0,33.2,IN_TRANSIT,YES
2026-07-22 12:50:00,TRK-111,Rute-F,Bogor Transit Hub,683.0,1200,18.7,1.1,34.0,IDLE_DOCK,NO
2026-07-23 15:57:00,TRK-112,Rute-G,Cikarang Industrial Hub,684.1,1200,19.12,1.3,34.8,LOADED,YES
2026-07-24 06:04:00,TRK-113,Rute-H,Gudang West (Tangerang),685.2,1200,19.54,1.5,35.6,DELIVERED,YES
2026-07-25 09:11:00,TRK-114,Rute-I,Central Hub (Jakarta),686.3,1200,19.96,1.7,36.4,IN_TRANSIT,YES
2026-07-26 12:18:00,TRK-115,Rute-J,Grogol Hub (Jakbar),687.4,1200,20.38,1.9,37.2,IDLE_DOCK,NO
2026-07-27 15:25:00,TRK-116,Rute-K,Petamburan Hub,688.5,1200,20.8,2.0,38.0,LOADED,YES
2026-07-28 06:32:00,TRK-117,Rute-L,Bekasi Logistics Hub,689.6,1200,21.22,2.2,38.8,DELIVERED,YES
2026-07-29 09:39:00,TRK-118,Rute-M,Depok Hub,690.7,1200,21.64,2.4,39.6,IN_TRANSIT,YES
2026-07-30 12:46:00,TRK-119,Rute-N,Bogor Transit Hub,691.8,1200,22.06,0.6,40.4,IDLE_DOCK,NO
2026-07-31 15:53:00,TRK-120,Rute-O,Cikarang Industrial Hub,692.9,1200,22.48,0.8,41.2,LOADED,YES
2026-07-01 06:00:00,TRK-121,Rute-A,Gudang West (Tangerang),694.0,1200,22.9,1.0,42.0,DELIVERED,YES
2026-07-02 09:07:00,TRK-122,Rute-B,Central Hub (Jakarta),695.1,1200,23.32,1.1,42.8,IN_TRANSIT,YES
2026-07-03 12:14:00,TRK-123,Rute-C,Grogol Hub (Jakbar),696.2,1200,23.74,1.3,43.6,IDLE_DOCK,NO
2026-07-04 15:21:00,TRK-124,Rute-D,Petamburan Hub,697.3,1200,24.16,1.5,44.4,LOADED,YES
2026-07-05 06:28:00,TRK-125,Rute-E,Bekasi Logistics Hub,698.4,1200,24.58,1.7,45.2,DELIVERED,YES
2026-07-06 09:35:00,TRK-126,Rute-F,Depok Hub,699.5,1200,14.5,1.9,46.0,IN_TRANSIT,YES
2026-07-07 12:42:00,TRK-127,Rute-G,Bogor Transit Hub,700.6,1200,14.92,2.0,46.8,IDLE_DOCK,NO
2026-07-08 15:49:00,TRK-128,Rute-H,Cikarang Industrial Hub,701.7,1200,15.34,2.2,47.6,LOADED,YES
2026-07-09 06:56:00,TRK-129,Rute-I,Gudang West (Tangerang),702.8,1200,15.76,2.4,48.4,DELIVERED,YES
2026-07-10 09:03:00,TRK-130,Rute-J,Central Hub (Jakarta),703.9,1200,16.18,0.6,49.2,IN_TRANSIT,YES
2026-07-11 12:10:00,TRK-131,Rute-K,Grogol Hub (Jakbar),705.0,1200,16.6,0.8,50.0,IDLE_DOCK,NO
2026-07-12 15:17:00,TRK-132,Rute-L,Petamburan Hub,706.1,1200,17.02,1.0,50.8,LOADED,YES
2026-07-13 06:24:00,TRK-133,Rute-M,Bekasi Logistics Hub,707.2,1200,17.44,1.1,51.6,DELIVERED,YES
2026-07-14 09:31:00,TRK-134,Rute-N,Depok Hub,708.3,1200,17.86,1.3,52.4,IN_TRANSIT,YES
2026-07-15 12:38:00,TRK-135,Rute-O,Bogor Transit Hub,709.4,1200,18.28,1.5,53.2,IDLE_DOCK,NO
2026-07-16 15:45:00,TRK-136,Rute-A,Cikarang Industrial Hub,710.5,1200,18.7,1.7,54.0,LOADED,YES
2026-07-17 06:52:00,TRK-137,Rute-B,Gudang West (Tangerang),711.6,1200,19.12,1.9,54.8,DELIVERED,YES
2026-07-18 09:59:00,TRK-138,Rute-C,Central Hub (Jakarta),712.7,1200,19.54,2.0,55.6,IN_TRANSIT,YES
2026-07-19 12:06:00,TRK-139,Rute-D,Grogol Hub (Jakbar),713.8,1200,19.96,2.2,56.4,IDLE_DOCK,NO
2026-07-20 15:13:00,TRK-140,Rute-E,Petamburan Hub,714.9,1200,20.38,2.4,57.2,LOADED,YES
2026-07-21 06:20:00,TRK-141,Rute-F,Bekasi Logistics Hub,716.0,1200,20.8,0.6,58.0,DELIVERED,YES
2026-07-22 09:27:00,TRK-142,Rute-G,Depok Hub,717.1,1200,21.22,0.8,58.8,IN_TRANSIT,YES
2026-07-23 12:34:00,TRK-143,Rute-H,Bogor Transit Hub,718.2,1200,21.64,1.0,59.6,IDLE_DOCK,NO
2026-07-24 15:41:00,TRK-144,Rute-I,Cikarang Industrial Hub,719.3,1200,22.06,1.1,60.4,LOADED,YES
2026-07-25 06:48:00,TRK-145,Rute-J,Gudang West (Tangerang),720.4,1200,22.48,1.3,61.2,DELIVERED,YES
2026-07-26 09:55:00,TRK-146,Rute-K,Central Hub (Jakarta),721.5,1200,22.9,1.5,62.0,IN_TRANSIT,YES
2026-07-27 12:02:00,TRK-147,Rute-L,Grogol Hub (Jakbar),722.6,1200,23.32,1.7,62.8,IDLE_DOCK,NO
2026-07-28 15:09:00,TRK-148,Rute-M,Petamburan Hub,723.7,1200,23.74,1.9,63.6,LOADED,YES
2026-07-29 06:16:00,TRK-149,Rute-N,Bekasi Logistics Hub,724.8,1200,24.16,2.0,64.4,DELIVERED,YES
2026-07-30 09:23:00,TRK-150,Rute-O,Depok Hub,725.9,1200,24.58,2.2,65.2,IN_TRANSIT,YES
2026-07-31 12:30:00,TRK-001,Rute-A,Bogor Transit Hub,727.0,1200,14.5,2.4,66.0,IDLE_DOCK,NO
2026-07-01 15:37:00,TRK-002,Rute-B,Cikarang Industrial Hub,728.1,1200,14.92,0.6,66.8,LOADED,YES
2026-07-02 06:44:00,TRK-003,Rute-C,Gudang West (Tangerang),729.2,1200,15.34,0.8,67.6,DELIVERED,YES
2026-07-03 09:51:00,TRK-004,Rute-D,Central Hub (Jakarta),730.3,1200,15.76,1.0,68.4,IN_TRANSIT,YES
2026-07-04 12:58:00,TRK-005,Rute-E,Grogol Hub (Jakbar),731.4,1200,16.18,1.1,69.2,IDLE_DOCK,NO
2026-07-05 15:05:00,TRK-006,Rute-F,Petamburan Hub,732.5,1200,16.6,1.3,70.0,LOADED,YES
2026-07-06 06:12:00,TRK-007,Rute-G,Bekasi Logistics Hub,733.6,1200,17.02,1.5,70.8,DELIVERED,YES
2026-07-07 09:19:00,TRK-008,Rute-H,Depok Hub,734.7,1200,17.44,1.7,71.6,IN_TRANSIT,YES
2026-07-08 12:26:00,TRK-009,Rute-I,Bogor Transit Hub,735.8,1200,17.86,1.9,72.4,IDLE_DOCK,NO
2026-07-09 15:33:00,TRK-010,Rute-J,Cikarang Industrial Hub,736.9,1200,18.28,2.0,73.2,LOADED,YES
2026-07-10 06:40:00,TRK-011,Rute-K,Gudang West (Tangerang),738.0,1200,18.7,2.2,74.0,DELIVERED,YES
2026-07-11 09:47:00,TRK-012,Rute-L,Central Hub (Jakarta),739.1,1200,19.12,2.4,74.8,IN_TRANSIT,YES
2026-07-12 12:54:00,TRK-013,Rute-M,Grogol Hub (Jakbar),740.2,1200,19.54,0.6,75.6,IDLE_DOCK,NO
2026-07-13 15:01:00,TRK-014,Rute-N,Petamburan Hub,741.3,1200,19.96,0.8,76.4,LOADED,YES
2026-07-14 06:08:00,TRK-015,Rute-O,Bekasi Logistics Hub,742.4,1200,20.38,1.0,77.2,DELIVERED,YES
2026-07-15 09:15:00,TRK-016,Rute-A,Depok Hub,743.5,1200,20.8,1.1,78.0,IN_TRANSIT,YES
2026-07-16 12:22:00,TRK-017,Rute-B,Bogor Transit Hub,744.6,1200,21.22,1.3,78.8,IDLE_DOCK,NO
2026-07-17 15:29:00,TRK-018,Rute-C,Cikarang Industrial Hub,745.7,1200,21.64,1.5,79.6,LOADED,YES
2026-07-18 06:36:00,TRK-019,Rute-D,Gudang West (Tangerang),746.8,1200,22.06,1.7,80.4,DELIVERED,YES
2026-07-19 09:43:00,TRK-020,Rute-E,Central Hub (Jakarta),747.9,1200,22.48,1.9,81.2,IN_TRANSIT,YES
2026-07-20 12:50:00,TRK-021,Rute-F,Grogol Hub (Jakbar),749.0,1200,22.9,2.0,82.0,IDLE_DOCK,NO
2026-07-21 15:57:00,TRK-022,Rute-G,Petamburan Hub,750.1,1200,23.32,2.2,82.8,LOADED,YES
2026-07-22 06:04:00,TRK-023,Rute-H,Bekasi Logistics Hub,751.2,1200,23.74,2.4,83.6,DELIVERED,YES
2026-07-23 09:11:00,TRK-024,Rute-I,Depok Hub,752.3,1200,24.16,0.6,84.4,IN_TRANSIT,YES
2026-07-24 12:18:00,TRK-025,Rute-J,Bogor Transit Hub,753.4,1200,24.58,0.8,85.2,IDLE_DOCK,NO
2026-07-25 15:25:00,TRK-026,Rute-K,Cikarang Industrial Hub,754.5,1200,14.5,1.0,86.0,LOADED,YES
2026-07-26 06:32:00,TRK-027,Rute-L,Gudang West (Tangerang),755.6,1200,14.92,1.1,86.8,DELIVERED,YES
2026-07-27 09:39:00,TRK-028,Rute-M,Central Hub (Jakarta),756.7,1200,15.34,1.3,87.6,IN_TRANSIT,YES
2026-07-28 12:46:00,TRK-029,Rute-N,Grogol Hub (Jakbar),757.8,1200,15.76,1.5,88.4,IDLE_DOCK,NO
2026-07-29 15:53:00,TRK-030,Rute-O,Petamburan Hub,758.9,1200,16.18,1.7,89.2,LOADED,YES
2026-07-30 06:00:00,TRK-031,Rute-A,Bekasi Logistics Hub,760.0,1200,16.6,1.9,18.0,DELIVERED,YES
2026-07-31 09:07:00,TRK-032,Rute-B,Depok Hub,761.1,1200,17.02,2.0,18.8,IN_TRANSIT,YES
2026-07-01 12:14:00,TRK-033,Rute-C,Bogor Transit Hub,762.2,1200,17.44,2.2,19.6,IDLE_DOCK,NO
2026-07-02 15:21:00,TRK-034,Rute-D,Cikarang Industrial Hub,763.3,1200,17.86,2.4,20.4,LOADED,YES
2026-07-03 06:28:00,TRK-035,Rute-E,Gudang West (Tangerang),764.4,1200,18.28,0.6,21.2,DELIVERED,YES
2026-07-04 09:35:00,TRK-036,Rute-F,Central Hub (Jakarta),765.5,1200,18.7,0.8,22.0,IN_TRANSIT,YES
2026-07-05 12:42:00,TRK-037,Rute-G,Grogol Hub (Jakbar),766.6,1200,19.12,1.0,22.8,IDLE_DOCK,NO
2026-07-06 15:49:00,TRK-038,Rute-H,Petamburan Hub,767.7,1200,19.54,1.1,23.6,LOADED,YES
2026-07-07 06:56:00,TRK-039,Rute-I,Bekasi Logistics Hub,768.8,1200,19.96,1.3,24.4,DELIVERED,YES
2026-07-08 09:03:00,TRK-040,Rute-J,Depok Hub,769.9,1200,20.38,1.5,25.2,IN_TRANSIT,YES
2026-07-09 12:10:00,TRK-041,Rute-K,Bogor Transit Hub,771.0,1200,20.8,1.7,26.0,IDLE_DOCK,NO
2026-07-10 15:17:00,TRK-042,Rute-L,Cikarang Industrial Hub,772.1,1200,21.22,1.9,26.8,LOADED,YES
2026-07-11 06:24:00,TRK-043,Rute-M,Gudang West (Tangerang),773.2,1200,21.64,2.0,27.6,DELIVERED,YES
2026-07-12 09:31:00,TRK-044,Rute-N,Central Hub (Jakarta),774.3,1200,22.06,2.2,28.4,IN_TRANSIT,YES
2026-07-13 12:38:00,TRK-045,Rute-O,Grogol Hub (Jakbar),775.4,1200,22.48,2.4,29.2,IDLE_DOCK,NO
2026-07-14 15:45:00,TRK-046,Rute-A,Petamburan Hub,776.5,1200,22.9,0.6,30.0,LOADED,YES
2026-07-15 06:52:00,TRK-047,Rute-B,Bekasi Logistics Hub,777.6,1200,23.32,0.8,30.8,DELIVERED,YES
2026-07-16 09:59:00,TRK-048,Rute-C,Depok Hub,778.7,1200,23.74,1.0,31.6,IN_TRANSIT,YES
2026-07-17 12:06:00,TRK-049,Rute-D,Bogor Transit Hub,779.8,1200,24.16,1.1,32.4,IDLE_DOCK,NO
2026-07-18 15:13:00,TRK-050,Rute-E,Cikarang Industrial Hub,780.9,1200,24.58,1.3,33.2,LOADED,YES
2026-07-19 06:20:00,TRK-051,Rute-F,Gudang West (Tangerang),782.0,1200,14.5,1.5,34.0,DELIVERED,YES
2026-07-20 09:27:00,TRK-052,Rute-G,Central Hub (Jakarta),783.1,1200,14.92,1.7,34.8,IN_TRANSIT,YES
2026-07-21 12:34:00,TRK-053,Rute-H,Grogol Hub (Jakbar),784.2,1200,15.34,1.9,35.6,IDLE_DOCK,NO
2026-07-22 15:41:00,TRK-054,Rute-I,Petamburan Hub,785.3,1200,15.76,2.0,36.4,LOADED,YES
2026-07-23 06:48:00,TRK-055,Rute-J,Bekasi Logistics Hub,786.4,1200,16.18,2.2,37.2,DELIVERED,YES
2026-07-24 09:55:00,TRK-056,Rute-K,Depok Hub,787.5,1200,16.6,2.4,38.0,IN_TRANSIT,YES
2026-07-25 12:02:00,TRK-057,Rute-L,Bogor Transit Hub,788.6,1200,17.02,0.6,38.8,IDLE_DOCK,NO
2026-07-26 15:09:00,TRK-058,Rute-M,Cikarang Industrial Hub,789.7,1200,17.44,0.8,39.6,LOADED,YES
2026-07-27 06:16:00,TRK-059,Rute-N,Gudang West (Tangerang),790.8,1200,17.86,1.0,40.4,DELIVERED,YES
2026-07-28 09:23:00,TRK-060,Rute-O,Central Hub (Jakarta),791.9,1200,18.28,1.1,41.2,IN_TRANSIT,YES
2026-07-29 12:30:00,TRK-061,Rute-A,Grogol Hub (Jakbar),793.0,1200,18.7,1.3,42.0,IDLE_DOCK,NO
2026-07-30 15:37:00,TRK-062,Rute-B,Petamburan Hub,794.1,1200,19.12,1.5,42.8,LOADED,YES
2026-07-31 06:44:00,TRK-063,Rute-C,Bekasi Logistics Hub,795.2,1200,19.54,1.7,43.6,DELIVERED,YES
2026-07-01 09:51:00,TRK-064,Rute-D,Depok Hub,796.3,1200,19.96,1.9,44.4,IN_TRANSIT,YES
2026-07-02 12:58:00,TRK-065,Rute-E,Bogor Transit Hub,797.4,1200,20.38,2.0,45.2,IDLE_DOCK,NO
2026-07-03 15:05:00,TRK-066,Rute-F,Cikarang Industrial Hub,798.5,1200,20.8,2.2,46.0,LOADED,YES
2026-07-04 06:12:00,TRK-067,Rute-G,Gudang West (Tangerang),799.6,1200,21.22,2.4,46.8,DELIVERED,YES
2026-07-05 09:19:00,TRK-068,Rute-H,Central Hub (Jakarta),800.7,1200,21.64,0.6,47.6,IN_TRANSIT,YES
2026-07-06 12:26:00,TRK-069,Rute-I,Grogol Hub (Jakbar),801.8,1200,22.06,0.8,48.4,IDLE_DOCK,NO
2026-07-07 15:33:00,TRK-070,Rute-J,Petamburan Hub,802.9,1200,22.48,1.0,49.2,LOADED,YES
2026-07-08 06:40:00,TRK-071,Rute-K,Bekasi Logistics Hub,804.0,1200,22.9,1.1,50.0,DELIVERED,YES
2026-07-09 09:47:00,TRK-072,Rute-L,Depok Hub,805.1,1200,23.32,1.3,50.8,IN_TRANSIT,YES
2026-07-10 12:54:00,TRK-073,Rute-M,Bogor Transit Hub,806.2,1200,23.74,1.5,51.6,IDLE_DOCK,NO
2026-07-11 15:01:00,TRK-074,Rute-N,Cikarang Industrial Hub,807.3,1200,24.16,1.7,52.4,LOADED,YES
2026-07-12 06:08:00,TRK-075,Rute-O,Gudang West (Tangerang),808.4,1200,24.58,1.9,53.2,DELIVERED,YES
2026-07-13 09:15:00,TRK-076,Rute-A,Central Hub (Jakarta),809.5,1200,14.5,2.0,54.0,IN_TRANSIT,YES
2026-07-14 12:22:00,TRK-077,Rute-B,Grogol Hub (Jakbar),810.6,1200,14.92,2.2,54.8,IDLE_DOCK,NO
2026-07-15 15:29:00,TRK-078,Rute-C,Petamburan Hub,811.7,1200,15.34,2.4,55.6,LOADED,YES
2026-07-16 06:36:00,TRK-079,Rute-D,Bekasi Logistics Hub,812.8,1200,15.76,0.6,56.4,DELIVERED,YES
2026-07-17 09:43:00,TRK-080,Rute-E,Depok Hub,813.9,1200,16.18,0.8,57.2,IN_TRANSIT,YES
2026-07-18 12:50:00,TRK-081,Rute-F,Bogor Transit Hub,815.0,1200,16.6,1.0,58.0,IDLE_DOCK,NO
2026-07-19 15:57:00,TRK-082,Rute-G,Cikarang Industrial Hub,816.1,1200,17.02,1.1,58.8,LOADED,YES
2026-07-20 06:04:00,TRK-083,Rute-H,Gudang West (Tangerang),817.2,1200,17.44,1.3,59.6,DELIVERED,YES
2026-07-21 09:11:00,TRK-084,Rute-I,Central Hub (Jakarta),818.3,1200,17.86,1.5,60.4,IN_TRANSIT,YES
2026-07-22 12:18:00,TRK-085,Rute-J,Grogol Hub (Jakbar),819.4,1200,18.28,1.7,61.2,IDLE_DOCK,NO
2026-07-23 15:25:00,TRK-086,Rute-K,Petamburan Hub,820.5,1200,18.7,1.9,62.0,LOADED,YES
2026-07-24 06:32:00,TRK-087,Rute-L,Bekasi Logistics Hub,821.6,1200,19.12,2.0,62.8,DELIVERED,YES
2026-07-25 09:39:00,TRK-088,Rute-M,Depok Hub,822.7,1200,19.54,2.2,63.6,IN_TRANSIT,YES
2026-07-26 12:46:00,TRK-089,Rute-N,Bogor Transit Hub,823.8,1200,19.96,2.4,64.4,IDLE_DOCK,NO
2026-07-27 15:53:00,TRK-090,Rute-O,Cikarang Industrial Hub,824.9,1200,20.38,0.6,65.2,LOADED,YES
2026-07-28 06:00:00,TRK-091,Rute-A,Gudang West (Tangerang),826.0,1200,20.8,0.8,66.0,DELIVERED,YES
2026-07-29 09:07:00,TRK-092,Rute-B,Central Hub (Jakarta),827.1,1200,21.22,1.0,66.8,IN_TRANSIT,YES
2026-07-30 12:14:00,TRK-093,Rute-C,Grogol Hub (Jakbar),828.2,1200,21.64,1.1,67.6,IDLE_DOCK,NO
2026-07-31 15:21:00,TRK-094,Rute-D,Petamburan Hub,829.3,1200,22.06,1.3,68.4,LOADED,YES
2026-07-01 06:28:00,TRK-095,Rute-E,Bekasi Logistics Hub,830.4,1200,22.48,1.5,69.2,DELIVERED,YES
2026-07-02 09:35:00,TRK-096,Rute-F,Depok Hub,831.5,1200,22.9,1.7,70.0,IN_TRANSIT,YES
2026-07-03 12:42:00,TRK-097,Rute-G,Bogor Transit Hub,832.6,1200,23.32,1.9,70.8,IDLE_DOCK,NO
2026-07-04 15:49:00,TRK-098,Rute-H,Cikarang Industrial Hub,833.7,1200,23.74,2.0,71.6,LOADED,YES
2026-07-05 06:56:00,TRK-099,Rute-I,Gudang West (Tangerang),834.8,1200,24.16,2.2,72.4,DELIVERED,YES
2026-07-06 09:03:00,TRK-100,Rute-J,Central Hub (Jakarta),835.9,1200,24.58,2.4,73.2,IN_TRANSIT,YES
2026-07-07 12:10:00,TRK-101,Rute-K,Grogol Hub (Jakbar),837.0,1200,14.5,0.6,74.0,IDLE_DOCK,NO
2026-07-08 15:17:00,TRK-102,Rute-L,Petamburan Hub,838.1,1200,14.92,0.8,74.8,LOADED,YES
2026-07-09 06:24:00,TRK-103,Rute-M,Bekasi Logistics Hub,839.2,1200,15.34,1.0,75.6,DELIVERED,YES
2026-07-10 09:31:00,TRK-104,Rute-N,Depok Hub,840.3,1200,15.76,1.1,76.4,IN_TRANSIT,YES
2026-07-11 12:38:00,TRK-105,Rute-O,Bogor Transit Hub,841.4,1200,16.18,1.3,77.2,IDLE_DOCK,NO
2026-07-12 15:45:00,TRK-106,Rute-A,Cikarang Industrial Hub,842.5,1200,16.6,1.5,78.0,LOADED,YES
2026-07-13 06:52:00,TRK-107,Rute-B,Gudang West (Tangerang),843.6,1200,17.02,1.7,78.8,DELIVERED,YES
2026-07-14 09:59:00,TRK-108,Rute-C,Central Hub (Jakarta),844.7,1200,17.44,1.9,79.6,IN_TRANSIT,YES
2026-07-15 12:06:00,TRK-109,Rute-D,Grogol Hub (Jakbar),845.8,1200,17.86,2.0,80.4,IDLE_DOCK,NO
2026-07-16 15:13:00,TRK-110,Rute-E,Petamburan Hub,846.9,1200,18.28,2.2,81.2,LOADED,YES
2026-07-17 06:20:00,TRK-111,Rute-F,Bekasi Logistics Hub,848.0,1200,18.7,2.4,82.0,DELIVERED,YES
2026-07-18 09:27:00,TRK-112,Rute-G,Depok Hub,849.1,1200,19.12,0.6,82.8,IN_TRANSIT,YES
2026-07-19 12:34:00,TRK-113,Rute-H,Bogor Transit Hub,850.2,1200,19.54,0.8,83.6,IDLE_DOCK,NO
2026-07-20 15:41:00,TRK-114,Rute-I,Cikarang Industrial Hub,851.3,1200,19.96,1.0,84.4,LOADED,YES
2026-07-21 06:48:00,TRK-115,Rute-J,Gudang West (Tangerang),852.4,1200,20.38,1.1,85.2,DELIVERED,YES
2026-07-22 09:55:00,TRK-116,Rute-K,Central Hub (Jakarta),853.5,1200,20.8,1.3,86.0,IN_TRANSIT,YES
2026-07-23 12:02:00,TRK-117,Rute-L,Grogol Hub (Jakbar),854.6,1200,21.22,1.5,86.8,IDLE_DOCK,NO
2026-07-24 15:09:00,TRK-118,Rute-M,Petamburan Hub,855.7,1200,21.64,1.7,87.6,LOADED,YES
2026-07-25 06:16:00,TRK-119,Rute-N,Bekasi Logistics Hub,856.8,1200,22.06,1.9,88.4,DELIVERED,YES
2026-07-26 09:23:00,TRK-120,Rute-O,Depok Hub,857.9,1200,22.48,2.0,89.2,IN_TRANSIT,YES
2026-07-27 12:30:00,TRK-121,Rute-A,Bogor Transit Hub,859.0,1200,22.9,2.2,18.0,IDLE_DOCK,NO
2026-07-28 15:37:00,TRK-122,Rute-B,Cikarang Industrial Hub,860.1,1200,23.32,2.4,18.8,LOADED,YES
2026-07-29 06:44:00,TRK-123,Rute-C,Gudang West (Tangerang),861.2,1200,23.74,0.6,19.6,DELIVERED,YES
2026-07-30 09:51:00,TRK-124,Rute-D,Central Hub (Jakarta),862.3,1200,24.16,0.8,20.4,IN_TRANSIT,YES
2026-07-31 12:58:00,TRK-125,Rute-E,Grogol Hub (Jakbar),863.4,1200,24.58,1.0,21.2,IDLE_DOCK,NO
2026-07-01 15:05:00,TRK-126,Rute-F,Petamburan Hub,864.5,1200,14.5,1.1,22.0,LOADED,YES
2026-07-02 06:12:00,TRK-127,Rute-G,Bekasi Logistics Hub,865.6,1200,14.92,1.3,22.8,DELIVERED,YES
2026-07-03 09:19:00,TRK-128,Rute-H,Depok Hub,866.7,1200,15.34,1.5,23.6,IN_TRANSIT,YES
2026-07-04 12:26:00,TRK-129,Rute-I,Bogor Transit Hub,867.8,1200,15.76,1.7,24.4,IDLE_DOCK,NO
2026-07-05 15:33:00,TRK-130,Rute-J,Cikarang Industrial Hub,868.9,1200,16.18,1.9,25.2,LOADED,YES
2026-07-06 06:40:00,TRK-131,Rute-K,Gudang West (Tangerang),870.0,1200,16.6,2.0,26.0,DELIVERED,YES
2026-07-07 09:47:00,TRK-132,Rute-L,Central Hub (Jakarta),871.1,1200,17.02,2.2,26.8,IN_TRANSIT,YES
2026-07-08 12:54:00,TRK-133,Rute-M,Grogol Hub (Jakbar),872.2,1200,17.44,2.4,27.6,IDLE_DOCK,NO
2026-07-09 15:01:00,TRK-134,Rute-N,Petamburan Hub,873.3,1200,17.86,0.6,28.4,LOADED,YES
2026-07-10 06:08:00,TRK-135,Rute-O,Bekasi Logistics Hub,874.4,1200,18.28,0.8,29.2,DELIVERED,YES
2026-07-11 09:15:00,TRK-136,Rute-A,Depok Hub,875.5,1200,18.7,1.0,30.0,IN_TRANSIT,YES
2026-07-12 12:22:00,TRK-137,Rute-B,Bogor Transit Hub,876.6,1200,19.12,1.1,30.8,IDLE_DOCK,NO
2026-07-13 15:29:00,TRK-138,Rute-C,Cikarang Industrial Hub,877.7,1200,19.54,1.3,31.6,LOADED,YES
2026-07-14 06:36:00,TRK-139,Rute-D,Gudang West (Tangerang),878.8,1200,19.96,1.5,32.4,DELIVERED,YES
2026-07-15 09:43:00,TRK-140,Rute-E,Central Hub (Jakarta),879.9,1200,20.38,1.7,33.2,IN_TRANSIT,YES
2026-07-16 12:50:00,TRK-141,Rute-F,Grogol Hub (Jakbar),881.0,1200,20.8,1.9,34.0,IDLE_DOCK,NO
2026-07-17 15:57:00,TRK-142,Rute-G,Petamburan Hub,882.1,1200,21.22,2.0,34.8,LOADED,YES
2026-07-18 06:04:00,TRK-143,Rute-H,Bekasi Logistics Hub,883.2,1200,21.64,2.2,35.6,DELIVERED,YES
2026-07-19 09:11:00,TRK-144,Rute-I,Depok Hub,884.3,1200,22.06,2.4,36.4,IN_TRANSIT,YES
2026-07-20 12:18:00,TRK-145,Rute-J,Bogor Transit Hub,885.4,1200,22.48,0.6,37.2,IDLE_DOCK,NO
2026-07-21 15:25:00,TRK-146,Rute-K,Cikarang Industrial Hub,886.5,1200,22.9,0.8,38.0,LOADED,YES
2026-07-22 06:32:00,TRK-147,Rute-L,Gudang West (Tangerang),887.6,1200,23.32,1.0,38.8,DELIVERED,YES
2026-07-23 09:39:00,TRK-148,Rute-M,Central Hub (Jakarta),888.7,1200,23.74,1.1,39.6,IN_TRANSIT,YES
2026-07-24 12:46:00,TRK-149,Rute-N,Grogol Hub (Jakbar),889.8,1200,24.16,1.3,40.4,IDLE_DOCK,NO
2026-07-25 15:53:00,TRK-150,Rute-O,Petamburan Hub,890.9,1200,24.58,1.5,41.2,LOADED,YES
2026-07-26 06:00:00,TRK-001,Rute-A,Bekasi Logistics Hub,892.0,1200,14.5,1.7,42.0,DELIVERED,YES
2026-07-27 09:07:00,TRK-002,Rute-B,Depok Hub,893.1,1200,14.92,1.9,42.8,IN_TRANSIT,YES
2026-07-28 12:14:00,TRK-003,Rute-C,Bogor Transit Hub,894.2,1200,15.34,2.0,43.6,IDLE_DOCK,NO
2026-07-29 15:21:00,TRK-004,Rute-D,Cikarang Industrial Hub,895.3,1200,15.76,2.2,44.4,LOADED,YES
2026-07-30 06:28:00,TRK-005,Rute-E,Gudang West (Tangerang),896.4,1200,16.18,2.4,45.2,DELIVERED,YES
2026-07-31 09:35:00,TRK-006,Rute-F,Central Hub (Jakarta),897.5,1200,16.6,0.6,46.0,IN_TRANSIT,YES
2026-07-01 12:42:00,TRK-007,Rute-G,Grogol Hub (Jakbar),898.6,1200,17.02,0.8,46.8,IDLE_DOCK,NO
2026-07-02 15:49:00,TRK-008,Rute-H,Petamburan Hub,899.7,1200,17.44,1.0,47.6,LOADED,YES
2026-07-03 06:56:00,TRK-009,Rute-I,Bekasi Logistics Hub,900.8,1200,17.86,1.1,48.4,DELIVERED,YES
2026-07-04 09:03:00,TRK-010,Rute-J,Depok Hub,901.9,1200,18.28,1.3,49.2,IN_TRANSIT,YES
2026-07-05 12:10:00,TRK-011,Rute-K,Bogor Transit Hub,903.0,1200,18.7,1.5,50.0,IDLE_DOCK,NO
2026-07-06 15:17:00,TRK-012,Rute-L,Cikarang Industrial Hub,904.1,1200,19.12,1.7,50.8,LOADED,YES
2026-07-07 06:24:00,TRK-013,Rute-M,Gudang West (Tangerang),905.2,1200,19.54,1.9,51.6,DELIVERED,YES
2026-07-08 09:31:00,TRK-014,Rute-N,Central Hub (Jakarta),906.3,1200,19.96,2.0,52.4,IN_TRANSIT,YES
2026-07-09 12:38:00,TRK-015,Rute-O,Grogol Hub (Jakbar),907.4,1200,20.38,2.2,53.2,IDLE_DOCK,NO
2026-07-10 15:45:00,TRK-016,Rute-A,Petamburan Hub,908.5,1200,20.8,2.4,54.0,LOADED,YES
2026-07-11 06:52:00,TRK-017,Rute-B,Bekasi Logistics Hub,909.6,1200,21.22,0.6,54.8,DELIVERED,YES
2026-07-12 09:59:00,TRK-018,Rute-C,Depok Hub,910.7,1200,21.64,0.8,55.6,IN_TRANSIT,YES
2026-07-13 12:06:00,TRK-019,Rute-D,Bogor Transit Hub,911.8,1200,22.06,1.0,56.4,IDLE_DOCK,NO
2026-07-14 15:13:00,TRK-020,Rute-E,Cikarang Industrial Hub,912.9,1200,22.48,1.1,57.2,LOADED,YES
2026-07-15 06:20:00,TRK-021,Rute-F,Gudang West (Tangerang),914.0,1200,22.9,1.3,58.0,DELIVERED,YES
2026-07-16 09:27:00,TRK-022,Rute-G,Central Hub (Jakarta),915.1,1200,23.32,1.5,58.8,IN_TRANSIT,YES
2026-07-17 12:34:00,TRK-023,Rute-H,Grogol Hub (Jakbar),916.2,1200,23.74,1.7,59.6,IDLE_DOCK,NO
2026-07-18 15:41:00,TRK-024,Rute-I,Petamburan Hub,917.3,1200,24.16,1.9,60.4,LOADED,YES
2026-07-19 06:48:00,TRK-025,Rute-J,Bekasi Logistics Hub,918.4,1200,24.58,2.0,61.2,DELIVERED,YES
2026-07-20 09:55:00,TRK-026,Rute-K,Depok Hub,919.5,1200,14.5,2.2,62.0,IN_TRANSIT,YES
2026-07-21 12:02:00,TRK-027,Rute-L,Bogor Transit Hub,920.6,1200,14.92,2.4,62.8,IDLE_DOCK,NO
2026-07-22 15:09:00,TRK-028,Rute-M,Cikarang Industrial Hub,921.7,1200,15.34,0.6,63.6,LOADED,YES
2026-07-23 06:16:00,TRK-029,Rute-N,Gudang West (Tangerang),922.8,1200,15.76,0.8,64.4,DELIVERED,YES
2026-07-24 09:23:00,TRK-030,Rute-O,Central Hub (Jakarta),923.9,1200,16.18,1.0,65.2,IN_TRANSIT,YES
2026-07-25 12:30:00,TRK-031,Rute-A,Grogol Hub (Jakbar),925.0,1200,16.6,1.1,66.0,IDLE_DOCK,NO
2026-07-26 15:37:00,TRK-032,Rute-B,Petamburan Hub,926.1,1200,17.02,1.3,66.8,LOADED,YES
2026-07-27 06:44:00,TRK-033,Rute-C,Bekasi Logistics Hub,927.2,1200,17.44,1.5,67.6,DELIVERED,YES
2026-07-28 09:51:00,TRK-034,Rute-D,Depok Hub,928.3,1200,17.86,1.7,68.4,IN_TRANSIT,YES
2026-07-29 12:58:00,TRK-035,Rute-E,Bogor Transit Hub,929.4,1200,18.28,1.9,69.2,IDLE_DOCK,NO
2026-07-30 15:05:00,TRK-036,Rute-F,Cikarang Industrial Hub,930.5,1200,18.7,2.0,70.0,LOADED,YES
2026-07-31 06:12:00,TRK-037,Rute-G,Gudang West (Tangerang),931.6,1200,19.12,2.2,70.8,DELIVERED,YES
2026-07-01 09:19:00,TRK-038,Rute-H,Central Hub (Jakarta),932.7,1200,19.54,2.4,71.6,IN_TRANSIT,YES
2026-07-02 12:26:00,TRK-039,Rute-I,Grogol Hub (Jakbar),933.8,1200,19.96,0.6,72.4,IDLE_DOCK,NO
2026-07-03 15:33:00,TRK-040,Rute-J,Petamburan Hub,934.9,1200,20.38,0.8,73.2,LOADED,YES
2026-07-04 06:40:00,TRK-041,Rute-K,Bekasi Logistics Hub,936.0,1200,20.8,1.0,74.0,DELIVERED,YES
2026-07-05 09:47:00,TRK-042,Rute-L,Depok Hub,937.1,1200,21.22,1.1,74.8,IN_TRANSIT,YES
2026-07-06 12:54:00,TRK-043,Rute-M,Bogor Transit Hub,938.2,1200,21.64,1.3,75.6,IDLE_DOCK,NO
2026-07-07 15:01:00,TRK-044,Rute-N,Cikarang Industrial Hub,939.3,1200,22.06,1.5,76.4,LOADED,YES
2026-07-08 06:08:00,TRK-045,Rute-O,Gudang West (Tangerang),940.4,1200,22.48,1.7,77.2,DELIVERED,YES
2026-07-09 09:15:00,TRK-046,Rute-A,Central Hub (Jakarta),941.5,1200,22.9,1.9,78.0,IN_TRANSIT,YES
2026-07-10 12:22:00,TRK-047,Rute-B,Grogol Hub (Jakbar),942.6,1200,23.32,2.0,78.8,IDLE_DOCK,NO
2026-07-11 15:29:00,TRK-048,Rute-C,Petamburan Hub,943.7,1200,23.74,2.2,79.6,LOADED,YES
2026-07-12 06:36:00,TRK-049,Rute-D,Bekasi Logistics Hub,944.8,1200,24.16,2.4,80.4,DELIVERED,YES
2026-07-13 09:43:00,TRK-050,Rute-E,Depok Hub,945.9,1200,24.58,0.6,81.2,IN_TRANSIT,YES
2026-07-14 12:50:00,TRK-051,Rute-F,Bogor Transit Hub,947.0,1200,14.5,0.8,82.0,IDLE_DOCK,NO
2026-07-15 15:57:00,TRK-052,Rute-G,Cikarang Industrial Hub,948.1,1200,14.92,1.0,82.8,LOADED,YES
2026-07-16 06:04:00,TRK-053,Rute-H,Gudang West (Tangerang),949.2,1200,15.34,1.1,83.6,DELIVERED,YES
2026-07-17 09:11:00,TRK-054,Rute-I,Central Hub (Jakarta),950.3,1200,15.76,1.3,84.4,IN_TRANSIT,YES
2026-07-18 12:18:00,TRK-055,Rute-J,Grogol Hub (Jakbar),951.4,1200,16.18,1.5,85.2,IDLE_DOCK,NO
2026-07-19 15:25:00,TRK-056,Rute-K,Petamburan Hub,952.5,1200,16.6,1.7,86.0,LOADED,YES
2026-07-20 06:32:00,TRK-057,Rute-L,Bekasi Logistics Hub,953.6,1200,17.02,1.9,86.8,DELIVERED,YES
2026-07-21 09:39:00,TRK-058,Rute-M,Depok Hub,954.7,1200,17.44,2.0,87.6,IN_TRANSIT,YES
2026-07-22 12:46:00,TRK-059,Rute-N,Bogor Transit Hub,955.8,1200,17.86,2.2,88.4,IDLE_DOCK,NO
2026-07-23 15:53:00,TRK-060,Rute-O,Cikarang Industrial Hub,956.9,1200,18.28,2.4,89.2,LOADED,YES
2026-07-24 06:00:00,TRK-061,Rute-A,Gudang West (Tangerang),958.0,1200,18.7,0.6,18.0,DELIVERED,YES
2026-07-25 09:07:00,TRK-062,Rute-B,Central Hub (Jakarta),959.1,1200,19.12,0.8,18.8,IN_TRANSIT,YES
2026-07-26 12:14:00,TRK-063,Rute-C,Grogol Hub (Jakbar),960.2,1200,19.54,1.0,19.6,IDLE_DOCK,NO
2026-07-27 15:21:00,TRK-064,Rute-D,Petamburan Hub,961.3,1200,19.96,1.1,20.4,LOADED,YES
2026-07-28 06:28:00,TRK-065,Rute-E,Bekasi Logistics Hub,962.4,1200,20.38,1.3,21.2,DELIVERED,YES
2026-07-29 09:35:00,TRK-066,Rute-F,Depok Hub,963.5,1200,20.8,1.5,22.0,IN_TRANSIT,YES
2026-07-30 12:42:00,TRK-067,Rute-G,Bogor Transit Hub,964.6,1200,21.22,1.7,22.8,IDLE_DOCK,NO
2026-07-31 15:49:00,TRK-068,Rute-H,Cikarang Industrial Hub,965.7,1200,21.64,1.9,23.6,LOADED,YES
2026-07-01 06:56:00,TRK-069,Rute-I,Gudang West (Tangerang),966.8,1200,22.06,2.0,24.4,DELIVERED,YES
2026-07-02 09:03:00,TRK-070,Rute-J,Central Hub (Jakarta),967.9,1200,22.48,2.2,25.2,IN_TRANSIT,YES
2026-07-03 12:10:00,TRK-071,Rute-K,Grogol Hub (Jakbar),969.0,1200,22.9,2.4,26.0,IDLE_DOCK,NO
2026-07-04 15:17:00,TRK-072,Rute-L,Petamburan Hub,970.1,1200,23.32,0.6,26.8,LOADED,YES
2026-07-05 06:24:00,TRK-073,Rute-M,Bekasi Logistics Hub,971.2,1200,23.74,0.8,27.6,DELIVERED,YES
2026-07-06 09:31:00,TRK-074,Rute-N,Depok Hub,972.3,1200,24.16,1.0,28.4,IN_TRANSIT,YES
2026-07-07 12:38:00,TRK-075,Rute-O,Bogor Transit Hub,973.4,1200,24.58,1.1,29.2,IDLE_DOCK,NO
2026-07-08 15:45:00,TRK-076,Rute-A,Cikarang Industrial Hub,974.5,1200,14.5,1.3,30.0,LOADED,YES
2026-07-09 06:52:00,TRK-077,Rute-B,Gudang West (Tangerang),975.6,1200,14.92,1.5,30.8,DELIVERED,YES
2026-07-10 09:59:00,TRK-078,Rute-C,Central Hub (Jakarta),976.7,1200,15.34,1.7,31.6,IN_TRANSIT,YES
2026-07-11 12:06:00,TRK-079,Rute-D,Grogol Hub (Jakbar),977.8,1200,15.76,1.9,32.4,IDLE_DOCK,NO
2026-07-12 15:13:00,TRK-080,Rute-E,Petamburan Hub,978.9,1200,16.18,2.0,33.2,LOADED,YES
2026-07-13 06:20:00,TRK-081,Rute-F,Bekasi Logistics Hub,980.0,1200,16.6,2.2,34.0,DELIVERED,YES
2026-07-14 09:27:00,TRK-082,Rute-G,Depok Hub,981.1,1200,17.02,2.4,34.8,IN_TRANSIT,YES
2026-07-15 12:34:00,TRK-083,Rute-H,Bogor Transit Hub,982.2,1200,17.44,0.6,35.6,IDLE_DOCK,NO
2026-07-16 15:41:00,TRK-084,Rute-I,Cikarang Industrial Hub,983.3,1200,17.86,0.8,36.4,LOADED,YES
2026-07-17 06:48:00,TRK-085,Rute-J,Gudang West (Tangerang),984.4,1200,18.28,1.0,37.2,DELIVERED,YES
2026-07-18 09:55:00,TRK-086,Rute-K,Central Hub (Jakarta),985.5,1200,18.7,1.1,38.0,IN_TRANSIT,YES
2026-07-19 12:02:00,TRK-087,Rute-L,Grogol Hub (Jakbar),986.6,1200,19.12,1.3,38.8,IDLE_DOCK,NO
2026-07-20 15:09:00,TRK-088,Rute-M,Petamburan Hub,987.7,1200,19.54,1.5,39.6,LOADED,YES
2026-07-21 06:16:00,TRK-089,Rute-N,Bekasi Logistics Hub,988.8,1200,19.96,1.7,40.4,DELIVERED,YES
2026-07-22 09:23:00,TRK-090,Rute-O,Depok Hub,989.9,1200,20.38,1.9,41.2,IN_TRANSIT,YES
2026-07-23 12:30:00,TRK-091,Rute-A,Bogor Transit Hub,991.0,1200,20.8,2.0,42.0,IDLE_DOCK,NO
2026-07-24 15:37:00,TRK-092,Rute-B,Cikarang Industrial Hub,992.1,1200,21.22,2.2,42.8,LOADED,YES
2026-07-25 06:44:00,TRK-093,Rute-C,Gudang West (Tangerang),993.2,1200,21.64,2.4,43.6,DELIVERED,YES
2026-07-26 09:51:00,TRK-094,Rute-D,Central Hub (Jakarta),994.3,1200,22.06,0.6,44.4,IN_TRANSIT,YES
2026-07-27 12:58:00,TRK-095,Rute-E,Grogol Hub (Jakbar),995.4,1200,22.48,0.8,45.2,IDLE_DOCK,NO
2026-07-28 15:05:00,TRK-096,Rute-F,Petamburan Hub,996.5,1200,22.9,1.0,46.0,LOADED,YES
2026-07-29 06:12:00,TRK-097,Rute-G,Bekasi Logistics Hub,997.6,1200,23.32,1.1,46.8,DELIVERED,YES
2026-07-30 09:19:00,TRK-098,Rute-H,Depok Hub,998.7,1200,23.74,1.3,47.6,IN_TRANSIT,YES
2026-07-31 12:26:00,TRK-099,Rute-I,Bogor Transit Hub,999.8,1200,24.16,1.5,48.4,IDLE_DOCK,NO
2026-07-01 15:33:00,TRK-100,Rute-J,Cikarang Industrial Hub,1000.9,1200,24.58,1.7,49.2,LOADED,YES
2026-07-02 06:40:00,TRK-101,Rute-K,Gudang West (Tangerang),1002.0,1200,14.5,1.9,50.0,DELIVERED,YES
2026-07-03 09:47:00,TRK-102,Rute-L,Central Hub (Jakarta),1003.1,1200,14.92,2.0,50.8,IN_TRANSIT,YES
2026-07-04 12:54:00,TRK-103,Rute-M,Grogol Hub (Jakbar),1004.2,1200,15.34,2.2,51.6,IDLE_DOCK,NO
2026-07-05 15:01:00,TRK-104,Rute-N,Petamburan Hub,1005.3,1200,15.76,2.4,52.4,LOADED,YES
2026-07-06 06:08:00,TRK-105,Rute-O,Bekasi Logistics Hub,1006.4,1200,16.18,0.6,53.2,DELIVERED,YES
2026-07-07 09:15:00,TRK-106,Rute-A,Depok Hub,1007.5,1200,16.6,0.8,54.0,IN_TRANSIT,YES
2026-07-08 12:22:00,TRK-107,Rute-B,Bogor Transit Hub,1008.6,1200,17.02,1.0,54.8,IDLE_DOCK,NO
2026-07-09 15:29:00,TRK-108,Rute-C,Cikarang Industrial Hub,1009.7,1200,17.44,1.1,55.6,LOADED,YES
2026-07-10 06:36:00,TRK-109,Rute-D,Gudang West (Tangerang),1010.8,1200,17.86,1.3,56.4,DELIVERED,YES
2026-07-11 09:43:00,TRK-110,Rute-E,Central Hub (Jakarta),1011.9,1200,18.28,1.5,57.2,IN_TRANSIT,YES
2026-07-12 12:50:00,TRK-111,Rute-F,Grogol Hub (Jakbar),1013.0,1200,18.7,1.7,58.0,IDLE_DOCK,NO
2026-07-13 15:57:00,TRK-112,Rute-G,Petamburan Hub,1014.1,1200,19.12,1.9,58.8,LOADED,YES
2026-07-14 06:04:00,TRK-113,Rute-H,Bekasi Logistics Hub,1015.2,1200,19.54,2.0,59.6,DELIVERED,YES
2026-07-15 09:11:00,TRK-114,Rute-I,Depok Hub,1016.3,1200,19.96,2.2,60.4,IN_TRANSIT,YES
2026-07-16 12:18:00,TRK-115,Rute-J,Bogor Transit Hub,1017.4,1200,20.38,2.4,61.2,IDLE_DOCK,NO
2026-07-17 15:25:00,TRK-116,Rute-K,Cikarang Industrial Hub,1018.5,1200,20.8,0.6,62.0,LOADED,YES
2026-07-18 06:32:00,TRK-117,Rute-L,Gudang West (Tangerang),1019.6,1200,21.22,0.8,62.8,DELIVERED,YES
2026-07-19 09:39:00,TRK-118,Rute-M,Central Hub (Jakarta),1020.7,1200,21.64,1.0,63.6,IN_TRANSIT,YES
2026-07-20 12:46:00,TRK-119,Rute-N,Grogol Hub (Jakbar),1021.8,1200,22.06,1.1,64.4,IDLE_DOCK,NO
2026-07-21 15:53:00,TRK-120,Rute-O,Petamburan Hub,1022.9,1200,22.48,1.3,65.2,LOADED,YES
2026-07-22 06:00:00,TRK-121,Rute-A,Bekasi Logistics Hub,1024.0,1200,22.9,1.5,66.0,DELIVERED,YES
2026-07-23 09:07:00,TRK-122,Rute-B,Depok Hub,1025.1,1200,23.32,1.7,66.8,IN_TRANSIT,YES
2026-07-24 12:14:00,TRK-123,Rute-C,Bogor Transit Hub,1026.2,1200,23.74,1.9,67.6,IDLE_DOCK,NO
2026-07-25 15:21:00,TRK-124,Rute-D,Cikarang Industrial Hub,1027.3,1200,24.16,2.0,68.4,LOADED,YES
2026-07-26 06:28:00,TRK-125,Rute-E,Gudang West (Tangerang),1028.4,1200,24.58,2.2,69.2,DELIVERED,YES
2026-07-27 09:35:00,TRK-126,Rute-F,Central Hub (Jakarta),1029.5,1200,14.5,2.4,70.0,IN_TRANSIT,YES
2026-07-28 12:42:00,TRK-127,Rute-G,Grogol Hub (Jakbar),1030.6,1200,14.92,0.6,70.8,IDLE_DOCK,NO
2026-07-29 15:49:00,TRK-128,Rute-H,Petamburan Hub,1031.7,1200,15.34,0.8,71.6,LOADED,YES
2026-07-30 06:56:00,TRK-129,Rute-I,Bekasi Logistics Hub,1032.8,1200,15.76,1.0,72.4,DELIVERED,YES
2026-07-31 09:03:00,TRK-130,Rute-J,Depok Hub,1033.9,1200,16.18,1.1,73.2,IN_TRANSIT,YES
2026-07-01 12:10:00,TRK-131,Rute-K,Bogor Transit Hub,1035.0,1200,16.6,1.3,74.0,IDLE_DOCK,NO
2026-07-02 15:17:00,TRK-132,Rute-L,Cikarang Industrial Hub,1036.1,1200,17.02,1.5,74.8,LOADED,YES
2026-07-03 06:24:00,TRK-133,Rute-M,Gudang West (Tangerang),1037.2,1200,17.44,1.7,75.6,DELIVERED,YES
2026-07-04 09:31:00,TRK-134,Rute-N,Central Hub (Jakarta),1038.3,1200,17.86,1.9,76.4,IN_TRANSIT,YES
2026-07-05 12:38:00,TRK-135,Rute-O,Grogol Hub (Jakbar),1039.4,1200,18.28,2.0,77.2,IDLE_DOCK,NO
2026-07-06 15:45:00,TRK-136,Rute-A,Petamburan Hub,1040.5,1200,18.7,2.2,78.0,LOADED,YES
2026-07-07 06:52:00,TRK-137,Rute-B,Bekasi Logistics Hub,1041.6,1200,19.12,2.4,78.8,DELIVERED,YES
2026-07-08 09:59:00,TRK-138,Rute-C,Depok Hub,1042.7,1200,19.54,0.6,79.6,IN_TRANSIT,YES
2026-07-09 12:06:00,TRK-139,Rute-D,Bogor Transit Hub,1043.8,1200,19.96,0.8,80.4,IDLE_DOCK,NO
2026-07-10 15:13:00,TRK-140,Rute-E,Cikarang Industrial Hub,1044.9,1200,20.38,1.0,81.2,LOADED,YES
2026-07-11 06:20:00,TRK-141,Rute-F,Gudang West (Tangerang),1046.0,1200,20.8,1.1,82.0,DELIVERED,YES
2026-07-12 09:27:00,TRK-142,Rute-G,Central Hub (Jakarta),1047.1,1200,21.22,1.3,82.8,IN_TRANSIT,YES
2026-07-13 12:34:00,TRK-143,Rute-H,Grogol Hub (Jakbar),1048.2,1200,21.64,1.5,83.6,IDLE_DOCK,NO
2026-07-14 15:41:00,TRK-144,Rute-I,Petamburan Hub,1049.3,1200,22.06,1.7,84.4,LOADED,YES
2026-07-15 06:48:00,TRK-145,Rute-J,Bekasi Logistics Hub,1050.4,1200,22.48,1.9,85.2,DELIVERED,YES
2026-07-16 09:55:00,TRK-146,Rute-K,Depok Hub,1051.5,1200,22.9,2.0,86.0,IN_TRANSIT,YES
2026-07-17 12:02:00,TRK-147,Rute-L,Bogor Transit Hub,1052.6,1200,23.32,2.2,86.8,IDLE_DOCK,NO
2026-07-18 15:09:00,TRK-148,Rute-M,Cikarang Industrial Hub,1053.7,1200,23.74,2.4,87.6,LOADED,YES
2026-07-19 06:16:00,TRK-149,Rute-N,Gudang West (Tangerang),1054.8,1200,24.16,0.6,88.4,DELIVERED,YES
2026-07-20 09:23:00,TRK-150,Rute-O,Central Hub (Jakarta),1055.9,1200,24.58,0.8,89.2,IN_TRANSIT,YES
2026-07-21 12:30:00,TRK-001,Rute-A,Grogol Hub (Jakbar),1057.0,1200,14.5,1.0,18.0,IDLE_DOCK,NO
2026-07-22 15:37:00,TRK-002,Rute-B,Petamburan Hub,1058.1,1200,14.92,1.1,18.8,LOADED,YES
2026-07-23 06:44:00,TRK-003,Rute-C,Bekasi Logistics Hub,1059.2,1200,15.34,1.3,19.6,DELIVERED,YES
2026-07-24 09:51:00,TRK-004,Rute-D,Depok Hub,1060.3,1200,15.76,1.5,20.4,IN_TRANSIT,YES
2026-07-25 12:58:00,TRK-005,Rute-E,Bogor Transit Hub,1061.4,1200,16.18,1.7,21.2,IDLE_DOCK,NO
2026-07-26 15:05:00,TRK-006,Rute-F,Cikarang Industrial Hub,1062.5,1200,16.6,1.9,22.0,LOADED,YES
2026-07-27 06:12:00,TRK-007,Rute-G,Gudang West (Tangerang),1063.6,1200,17.02,2.0,22.8,DELIVERED,YES
2026-07-28 09:19:00,TRK-008,Rute-H,Central Hub (Jakarta),1064.7,1200,17.44,2.2,23.6,IN_TRANSIT,YES
2026-07-29 12:26:00,TRK-009,Rute-I,Grogol Hub (Jakbar),1065.8,1200,17.86,2.4,24.4,IDLE_DOCK,NO
2026-07-30 15:33:00,TRK-010,Rute-J,Petamburan Hub,1066.9,1200,18.28,0.6,25.2,LOADED,YES
2026-07-31 06:40:00,TRK-011,Rute-K,Bekasi Logistics Hub,1068.0,1200,18.7,0.8,26.0,DELIVERED,YES
2026-07-01 09:47:00,TRK-012,Rute-L,Depok Hub,1069.1,1200,19.12,1.0,26.8,IN_TRANSIT,YES
2026-07-02 12:54:00,TRK-013,Rute-M,Bogor Transit Hub,1070.2,1200,19.54,1.1,27.6,IDLE_DOCK,NO
2026-07-03 15:01:00,TRK-014,Rute-N,Cikarang Industrial Hub,1071.3,1200,19.96,1.3,28.4,LOADED,YES
2026-07-04 06:08:00,TRK-015,Rute-O,Gudang West (Tangerang),1072.4,1200,20.38,1.5,29.2,DELIVERED,YES
2026-07-05 09:15:00,TRK-016,Rute-A,Central Hub (Jakarta),1073.5,1200,20.8,1.7,30.0,IN_TRANSIT,YES
2026-07-06 12:22:00,TRK-017,Rute-B,Grogol Hub (Jakbar),1074.6,1200,21.22,1.9,30.8,IDLE_DOCK,NO
2026-07-07 15:29:00,TRK-018,Rute-C,Petamburan Hub,1075.7,1200,21.64,2.0,31.6,LOADED,YES
2026-07-08 06:36:00,TRK-019,Rute-D,Bekasi Logistics Hub,1076.8,1200,22.06,2.2,32.4,DELIVERED,YES
2026-07-09 09:43:00,TRK-020,Rute-E,Depok Hub,1077.9,1200,22.48,2.4,33.2,IN_TRANSIT,YES
2026-07-10 12:50:00,TRK-021,Rute-F,Bogor Transit Hub,1079.0,1200,22.9,0.6,34.0,IDLE_DOCK,NO
2026-07-11 15:57:00,TRK-022,Rute-G,Cikarang Industrial Hub,1080.1,1200,23.32,0.8,34.8,LOADED,YES
2026-07-12 06:04:00,TRK-023,Rute-H,Gudang West (Tangerang),1081.2,1200,23.74,1.0,35.6,DELIVERED,YES
2026-07-13 09:11:00,TRK-024,Rute-I,Central Hub (Jakarta),1082.3,1200,24.16,1.1,36.4,IN_TRANSIT,YES
2026-07-14 12:18:00,TRK-025,Rute-J,Grogol Hub (Jakbar),1083.4,1200,24.58,1.3,37.2,IDLE_DOCK,NO
2026-07-15 15:25:00,TRK-026,Rute-K,Petamburan Hub,1084.5,1200,14.5,1.5,38.0,LOADED,YES
2026-07-16 06:32:00,TRK-027,Rute-L,Bekasi Logistics Hub,1085.6,1200,14.92,1.7,38.8,DELIVERED,YES
2026-07-17 09:39:00,TRK-028,Rute-M,Depok Hub,1086.7,1200,15.34,1.9,39.6,IN_TRANSIT,YES
2026-07-18 12:46:00,TRK-029,Rute-N,Bogor Transit Hub,1087.8,1200,15.76,2.0,40.4,IDLE_DOCK,NO
2026-07-19 15:53:00,TRK-030,Rute-O,Cikarang Industrial Hub,1088.9,1200,16.18,2.2,41.2,LOADED,YES
2026-07-20 06:00:00,TRK-031,Rute-A,Gudang West (Tangerang),1090.0,1200,16.6,2.4,42.0,DELIVERED,YES
2026-07-21 09:07:00,TRK-032,Rute-B,Central Hub (Jakarta),1091.1,1200,17.02,0.6,42.8,IN_TRANSIT,YES
2026-07-22 12:14:00,TRK-033,Rute-C,Grogol Hub (Jakbar),1092.2,1200,17.44,0.8,43.6,IDLE_DOCK,NO
2026-07-23 15:21:00,TRK-034,Rute-D,Petamburan Hub,1093.3,1200,17.86,1.0,44.4,LOADED,YES
2026-07-24 06:28:00,TRK-035,Rute-E,Bekasi Logistics Hub,1094.4,1200,18.28,1.1,45.2,DELIVERED,YES
2026-07-25 09:35:00,TRK-036,Rute-F,Depok Hub,1095.5,1200,18.7,1.3,46.0,IN_TRANSIT,YES
2026-07-26 12:42:00,TRK-037,Rute-G,Bogor Transit Hub,1096.6,1200,19.12,1.5,46.8,IDLE_DOCK,NO
2026-07-27 15:49:00,TRK-038,Rute-H,Cikarang Industrial Hub,1097.7,1200,19.54,1.7,47.6,LOADED,YES
2026-07-28 06:56:00,TRK-039,Rute-I,Gudang West (Tangerang),1098.8,1200,19.96,1.9,48.4,DELIVERED,YES
2026-07-29 09:03:00,TRK-040,Rute-J,Central Hub (Jakarta),1099.9,1200,20.38,2.0,49.2,IN_TRANSIT,YES
2026-07-30 12:10:00,TRK-041,Rute-K,Grogol Hub (Jakbar),1101.0,1200,20.8,2.2,50.0,IDLE_DOCK,NO
2026-07-31 15:17:00,TRK-042,Rute-L,Petamburan Hub,1102.1,1200,21.22,2.4,50.8,LOADED,YES
2026-07-01 06:24:00,TRK-043,Rute-M,Bekasi Logistics Hub,1103.2,1200,21.64,0.6,51.6,DELIVERED,YES
2026-07-02 09:31:00,TRK-044,Rute-N,Depok Hub,1104.3,1200,22.06,0.8,52.4,IN_TRANSIT,YES
2026-07-03 12:38:00,TRK-045,Rute-O,Bogor Transit Hub,1105.4,1200,22.48,1.0,53.2,IDLE_DOCK,NO
2026-07-04 15:45:00,TRK-046,Rute-A,Cikarang Industrial Hub,1106.5,1200,22.9,1.1,54.0,LOADED,YES
2026-07-05 06:52:00,TRK-047,Rute-B,Gudang West (Tangerang),1107.6,1200,23.32,1.3,54.8,DELIVERED,YES
2026-07-06 09:59:00,TRK-048,Rute-C,Central Hub (Jakarta),1108.7,1200,23.74,1.5,55.6,IN_TRANSIT,YES
2026-07-07 12:06:00,TRK-049,Rute-D,Grogol Hub (Jakbar),1109.8,1200,24.16,1.7,56.4,IDLE_DOCK,NO
2026-07-08 15:13:00,TRK-050,Rute-E,Petamburan Hub,1110.9,1200,24.58,1.9,57.2,LOADED,YES
2026-07-09 06:20:00,TRK-051,Rute-F,Bekasi Logistics Hub,1112.0,1200,14.5,2.0,58.0,DELIVERED,YES
2026-07-10 09:27:00,TRK-052,Rute-G,Depok Hub,1113.1,1200,14.92,2.2,58.8,IN_TRANSIT,YES
2026-07-11 12:34:00,TRK-053,Rute-H,Bogor Transit Hub,1114.2,1200,15.34,2.4,59.6,IDLE_DOCK,NO
2026-07-12 15:41:00,TRK-054,Rute-I,Cikarang Industrial Hub,1115.3,1200,15.76,0.6,60.4,LOADED,YES
2026-07-13 06:48:00,TRK-055,Rute-J,Gudang West (Tangerang),1116.4,1200,16.18,0.8,61.2,DELIVERED,YES
2026-07-14 09:55:00,TRK-056,Rute-K,Central Hub (Jakarta),1117.5,1200,16.6,1.0,62.0,IN_TRANSIT,YES
2026-07-15 12:02:00,TRK-057,Rute-L,Grogol Hub (Jakbar),1118.6,1200,17.02,1.1,62.8,IDLE_DOCK,NO
2026-07-16 15:09:00,TRK-058,Rute-M,Petamburan Hub,1119.7,1200,17.44,1.3,63.6,LOADED,YES
2026-07-17 06:16:00,TRK-059,Rute-N,Bekasi Logistics Hub,1120.8,1200,17.86,1.5,64.4,DELIVERED,YES
2026-07-18 09:23:00,TRK-060,Rute-O,Depok Hub,1121.9,1200,18.28,1.7,65.2,IN_TRANSIT,YES
2026-07-19 12:30:00,TRK-061,Rute-A,Bogor Transit Hub,1123.0,1200,18.7,1.9,66.0,IDLE_DOCK,NO
2026-07-20 15:37:00,TRK-062,Rute-B,Cikarang Industrial Hub,1124.1,1200,19.12,2.0,66.8,LOADED,YES
2026-07-21 06:44:00,TRK-063,Rute-C,Gudang West (Tangerang),1125.2,1200,19.54,2.2,67.6,DELIVERED,YES
2026-07-22 09:51:00,TRK-064,Rute-D,Central Hub (Jakarta),1126.3,1200,19.96,2.4,68.4,IN_TRANSIT,YES
2026-07-23 12:58:00,TRK-065,Rute-E,Grogol Hub (Jakbar),1127.4,1200,20.38,0.6,69.2,IDLE_DOCK,NO
2026-07-24 15:05:00,TRK-066,Rute-F,Petamburan Hub,1128.5,1200,20.8,0.8,70.0,LOADED,YES
2026-07-25 06:12:00,TRK-067,Rute-G,Bekasi Logistics Hub,1129.6,1200,21.22,1.0,70.8,DELIVERED,YES
2026-07-26 09:19:00,TRK-068,Rute-H,Depok Hub,1130.7,1200,21.64,1.1,71.6,IN_TRANSIT,YES
2026-07-27 12:26:00,TRK-069,Rute-I,Bogor Transit Hub,1131.8,1200,22.06,1.3,72.4,IDLE_DOCK,NO
2026-07-28 15:33:00,TRK-070,Rute-J,Cikarang Industrial Hub,1132.9,1200,22.48,1.5,73.2,LOADED,YES
2026-07-29 06:40:00,TRK-071,Rute-K,Gudang West (Tangerang),1134.0,1200,22.9,1.7,74.0,DELIVERED,YES
2026-07-30 09:47:00,TRK-072,Rute-L,Central Hub (Jakarta),1135.1,1200,23.32,1.9,74.8,IN_TRANSIT,YES
2026-07-31 12:54:00,TRK-073,Rute-M,Grogol Hub (Jakbar),1136.2,1200,23.74,2.0,75.6,IDLE_DOCK,NO
2026-07-01 15:01:00,TRK-074,Rute-N,Petamburan Hub,1137.3,1200,24.16,2.2,76.4,LOADED,YES
2026-07-02 06:08:00,TRK-075,Rute-O,Bekasi Logistics Hub,1138.4,1200,24.58,2.4,77.2,DELIVERED,YES
2026-07-03 09:15:00,TRK-076,Rute-A,Depok Hub,1139.5,1200,14.5,0.6,78.0,IN_TRANSIT,YES
2026-07-04 12:22:00,TRK-077,Rute-B,Bogor Transit Hub,1140.6,1200,14.92,0.8,78.8,IDLE_DOCK,NO
2026-07-05 15:29:00,TRK-078,Rute-C,Cikarang Industrial Hub,1141.7,1200,15.34,1.0,79.6,LOADED,YES
2026-07-06 06:36:00,TRK-079,Rute-D,Gudang West (Tangerang),1142.8,1200,15.76,1.1,80.4,DELIVERED,YES
2026-07-07 09:43:00,TRK-080,Rute-E,Central Hub (Jakarta),1143.9,1200,16.18,1.3,81.2,IN_TRANSIT,YES
2026-07-08 12:50:00,TRK-081,Rute-F,Grogol Hub (Jakbar),1145.0,1200,16.6,1.5,82.0,IDLE_DOCK,NO
2026-07-09 15:57:00,TRK-082,Rute-G,Petamburan Hub,1146.1,1200,17.02,1.7,82.8,LOADED,YES
2026-07-10 06:04:00,TRK-083,Rute-H,Bekasi Logistics Hub,1147.2,1200,17.44,1.9,83.6,DELIVERED,YES
2026-07-11 09:11:00,TRK-084,Rute-I,Depok Hub,1148.3,1200,17.86,2.0,84.4,IN_TRANSIT,YES
2026-07-12 12:18:00,TRK-085,Rute-J,Bogor Transit Hub,1149.4,1200,18.28,2.2,85.2,IDLE_DOCK,NO
2026-07-13 15:25:00,TRK-086,Rute-K,Cikarang Industrial Hub,1150.5,1200,18.7,2.4,86.0,LOADED,YES
2026-07-14 06:32:00,TRK-087,Rute-L,Gudang West (Tangerang),1151.6,1200,19.12,0.6,86.8,DELIVERED,YES
2026-07-15 09:39:00,TRK-088,Rute-M,Central Hub (Jakarta),1152.7,1200,19.54,0.8,87.6,IN_TRANSIT,YES
2026-07-16 12:46:00,TRK-089,Rute-N,Grogol Hub (Jakbar),1153.8,1200,19.96,1.0,88.4,IDLE_DOCK,NO
2026-07-17 15:53:00,TRK-090,Rute-O,Petamburan Hub,1154.9,1200,20.38,1.1,89.2,LOADED,YES
2026-07-18 06:00:00,TRK-091,Rute-A,Bekasi Logistics Hub,650.0,1200,20.8,1.3,18.0,DELIVERED,YES
2026-07-19 09:07:00,TRK-092,Rute-B,Depok Hub,651.1,1200,21.22,1.5,18.8,IN_TRANSIT,YES
2026-07-20 12:14:00,TRK-093,Rute-C,Bogor Transit Hub,652.2,1200,21.64,1.7,19.6,IDLE_DOCK,NO
2026-07-21 15:21:00,TRK-094,Rute-D,Cikarang Industrial Hub,653.3,1200,22.06,1.9,20.4,LOADED,YES
2026-07-22 06:28:00,TRK-095,Rute-E,Gudang West (Tangerang),654.4,1200,22.48,2.0,21.2,DELIVERED,YES
2026-07-23 09:35:00,TRK-096,Rute-F,Central Hub (Jakarta),655.5,1200,22.9,2.2,22.0,IN_TRANSIT,YES
2026-07-24 12:42:00,TRK-097,Rute-G,Grogol Hub (Jakbar),656.6,1200,23.32,2.4,22.8,IDLE_DOCK,NO
2026-07-25 15:49:00,TRK-098,Rute-H,Petamburan Hub,657.7,1200,23.74,0.6,23.6,LOADED,YES
2026-07-26 06:56:00,TRK-099,Rute-I,Bekasi Logistics Hub,658.8,1200,24.16,0.8,24.4,DELIVERED,YES
2026-07-27 09:03:00,TRK-100,Rute-J,Depok Hub,659.9,1200,24.58,1.0,25.2,IN_TRANSIT,YES
2026-07-28 12:10:00,TRK-101,Rute-K,Bogor Transit Hub,661.0,1200,14.5,1.1,26.0,IDLE_DOCK,NO
2026-07-29 15:17:00,TRK-102,Rute-L,Cikarang Industrial Hub,662.1,1200,14.92,1.3,26.8,LOADED,YES
2026-07-30 06:24:00,TRK-103,Rute-M,Gudang West (Tangerang),663.2,1200,15.34,1.5,27.6,DELIVERED,YES
2026-07-31 09:31:00,TRK-104,Rute-N,Central Hub (Jakarta),664.3,1200,15.76,1.7,28.4,IN_TRANSIT,YES
2026-07-01 12:38:00,TRK-105,Rute-O,Grogol Hub (Jakbar),665.4,1200,16.18,1.9,29.2,IDLE_DOCK,NO
2026-07-02 15:45:00,TRK-106,Rute-A,Petamburan Hub,666.5,1200,16.6,2.0,30.0,LOADED,YES
2026-07-03 06:52:00,TRK-107,Rute-B,Bekasi Logistics Hub,667.6,1200,17.02,2.2,30.8,DELIVERED,YES
2026-07-04 09:59:00,TRK-108,Rute-C,Depok Hub,668.7,1200,17.44,2.4,31.6,IN_TRANSIT,YES
2026-07-05 12:06:00,TRK-109,Rute-D,Bogor Transit Hub,669.8,1200,17.86,0.6,32.4,IDLE_DOCK,NO
2026-07-06 15:13:00,TRK-110,Rute-E,Cikarang Industrial Hub,670.9,1200,18.28,0.8,33.2,LOADED,YES
2026-07-07 06:20:00,TRK-111,Rute-F,Gudang West (Tangerang),672.0,1200,18.7,1.0,34.0,DELIVERED,YES
2026-07-08 09:27:00,TRK-112,Rute-G,Central Hub (Jakarta),673.1,1200,19.12,1.1,34.8,IN_TRANSIT,YES
2026-07-09 12:34:00,TRK-113,Rute-H,Grogol Hub (Jakbar),674.2,1200,19.54,1.3,35.6,IDLE_DOCK,NO
2026-07-10 15:41:00,TRK-114,Rute-I,Petamburan Hub,675.3,1200,19.96,1.5,36.4,LOADED,YES
2026-07-11 06:48:00,TRK-115,Rute-J,Bekasi Logistics Hub,676.4,1200,20.38,1.7,37.2,DELIVERED,YES
2026-07-12 09:55:00,TRK-116,Rute-K,Depok Hub,677.5,1200,20.8,1.9,38.0,IN_TRANSIT,YES
2026-07-13 12:02:00,TRK-117,Rute-L,Bogor Transit Hub,678.6,1200,21.22,2.0,38.8,IDLE_DOCK,NO
2026-07-14 15:09:00,TRK-118,Rute-M,Cikarang Industrial Hub,679.7,1200,21.64,2.2,39.6,LOADED,YES
2026-07-15 06:16:00,TRK-119,Rute-N,Gudang West (Tangerang),680.8,1200,22.06,2.4,40.4,DELIVERED,YES
2026-07-16 09:23:00,TRK-120,Rute-O,Central Hub (Jakarta),681.9,1200,22.48,0.6,41.2,IN_TRANSIT,YES
2026-07-17 12:30:00,TRK-121,Rute-A,Grogol Hub (Jakbar),683.0,1200,22.9,0.8,42.0,IDLE_DOCK,NO
2026-07-18 15:37:00,TRK-122,Rute-B,Petamburan Hub,684.1,1200,23.32,1.0,42.8,LOADED,YES
2026-07-19 06:44:00,TRK-123,Rute-C,Bekasi Logistics Hub,685.2,1200,23.74,1.1,43.6,DELIVERED,YES
2026-07-20 09:51:00,TRK-124,Rute-D,Depok Hub,686.3,1200,24.16,1.3,44.4,IN_TRANSIT,YES
2026-07-21 12:58:00,TRK-125,Rute-E,Bogor Transit Hub,687.4,1200,24.58,1.5,45.2,IDLE_DOCK,NO
2026-07-22 15:05:00,TRK-126,Rute-F,Cikarang Industrial Hub,688.5,1200,14.5,1.7,46.0,LOADED,YES
2026-07-23 06:12:00,TRK-127,Rute-G,Gudang West (Tangerang),689.6,1200,14.92,1.9,46.8,DELIVERED,YES
2026-07-24 09:19:00,TRK-128,Rute-H,Central Hub (Jakarta),690.7,1200,15.34,2.0,47.6,IN_TRANSIT,YES
2026-07-25 12:26:00,TRK-129,Rute-I,Grogol Hub (Jakbar),691.8,1200,15.76,2.2,48.4,IDLE_DOCK,NO
2026-07-26 15:33:00,TRK-130,Rute-J,Petamburan Hub,692.9,1200,16.18,2.4,49.2,LOADED,YES
2026-07-27 06:40:00,TRK-131,Rute-K,Bekasi Logistics Hub,694.0,1200,16.6,0.6,50.0,DELIVERED,YES
2026-07-28 09:47:00,TRK-132,Rute-L,Depok Hub,695.1,1200,17.02,0.8,50.8,IN_TRANSIT,YES
2026-07-29 12:54:00,TRK-133,Rute-M,Bogor Transit Hub,696.2,1200,17.44,1.0,51.6,IDLE_DOCK,NO
2026-07-30 15:01:00,TRK-134,Rute-N,Cikarang Industrial Hub,697.3,1200,17.86,1.1,52.4,LOADED,YES
2026-07-31 06:08:00,TRK-135,Rute-O,Gudang West (Tangerang),698.4,1200,18.28,1.3,53.2,DELIVERED,YES
2026-07-01 09:15:00,TRK-136,Rute-A,Central Hub (Jakarta),699.5,1200,18.7,1.5,54.0,IN_TRANSIT,YES
2026-07-02 12:22:00,TRK-137,Rute-B,Grogol Hub (Jakbar),700.6,1200,19.12,1.7,54.8,IDLE_DOCK,NO
2026-07-03 15:29:00,TRK-138,Rute-C,Petamburan Hub,701.7,1200,19.54,1.9,55.6,LOADED,YES
2026-07-04 06:36:00,TRK-139,Rute-D,Bekasi Logistics Hub,702.8,1200,19.96,2.0,56.4,DELIVERED,YES
2026-07-05 09:43:00,TRK-140,Rute-E,Depok Hub,703.9,1200,20.38,2.2,57.2,IN_TRANSIT,YES
2026-07-06 12:50:00,TRK-141,Rute-F,Bogor Transit Hub,705.0,1200,20.8,2.4,58.0,IDLE_DOCK,NO
2026-07-07 15:57:00,TRK-142,Rute-G,Cikarang Industrial Hub,706.1,1200,21.22,0.6,58.8,LOADED,YES
2026-07-08 06:04:00,TRK-143,Rute-H,Gudang West (Tangerang),707.2,1200,21.64,0.8,59.6,DELIVERED,YES
2026-07-09 09:11:00,TRK-144,Rute-I,Central Hub (Jakarta),708.3,1200,22.06,1.0,60.4,IN_TRANSIT,YES
2026-07-10 12:18:00,TRK-145,Rute-J,Grogol Hub (Jakbar),709.4,1200,22.48,1.1,61.2,IDLE_DOCK,NO
2026-07-11 15:25:00,TRK-146,Rute-K,Petamburan Hub,710.5,1200,22.9,1.3,62.0,LOADED,YES
2026-07-12 06:32:00,TRK-147,Rute-L,Bekasi Logistics Hub,711.6,1200,23.32,1.5,62.8,DELIVERED,YES
2026-07-13 09:39:00,TRK-148,Rute-M,Depok Hub,712.7,1200,23.74,1.7,63.6,IN_TRANSIT,YES
2026-07-14 12:46:00,TRK-149,Rute-N,Bogor Transit Hub,713.8,1200,24.16,1.9,64.4,IDLE_DOCK,NO
2026-07-15 15:53:00,TRK-150,Rute-O,Cikarang Industrial Hub,714.9,1200,24.58,2.0,65.2,LOADED,YES
2026-07-16 06:00:00,TRK-001,Rute-A,Gudang West (Tangerang),716.0,1200,14.5,2.2,66.0,DELIVERED,YES
2026-07-17 09:07:00,TRK-002,Rute-B,Central Hub (Jakarta),717.1,1200,14.92,2.4,66.8,IN_TRANSIT,YES
2026-07-18 12:14:00,TRK-003,Rute-C,Grogol Hub (Jakbar),718.2,1200,15.34,0.6,67.6,IDLE_DOCK,NO
2026-07-19 15:21:00,TRK-004,Rute-D,Petamburan Hub,719.3,1200,15.76,0.8,68.4,LOADED,YES
2026-07-20 06:28:00,TRK-005,Rute-E,Bekasi Logistics Hub,720.4,1200,16.18,1.0,69.2,DELIVERED,YES
2026-07-21 09:35:00,TRK-006,Rute-F,Depok Hub,721.5,1200,16.6,1.1,70.0,IN_TRANSIT,YES
2026-07-22 12:42:00,TRK-007,Rute-G,Bogor Transit Hub,722.6,1200,17.02,1.3,70.8,IDLE_DOCK,NO
2026-07-23 15:49:00,TRK-008,Rute-H,Cikarang Industrial Hub,723.7,1200,17.44,1.5,71.6,LOADED,YES
2026-07-24 06:56:00,TRK-009,Rute-I,Gudang West (Tangerang),724.8,1200,17.86,1.7,72.4,DELIVERED,YES
2026-07-25 09:03:00,TRK-010,Rute-J,Central Hub (Jakarta),725.9,1200,18.28,1.9,73.2,IN_TRANSIT,YES
2026-07-26 12:10:00,TRK-011,Rute-K,Grogol Hub (Jakbar),727.0,1200,18.7,2.0,74.0,IDLE_DOCK,NO
2026-07-27 15:17:00,TRK-012,Rute-L,Petamburan Hub,728.1,1200,19.12,2.2,74.8,LOADED,YES
2026-07-28 06:24:00,TRK-013,Rute-M,Bekasi Logistics Hub,729.2,1200,19.54,2.4,75.6,DELIVERED,YES
2026-07-29 09:31:00,TRK-014,Rute-N,Depok Hub,730.3,1200,19.96,0.6,76.4,IN_TRANSIT,YES
2026-07-30 12:38:00,TRK-015,Rute-O,Bogor Transit Hub,731.4,1200,20.38,0.8,77.2,IDLE_DOCK,NO
2026-07-31 15:45:00,TRK-016,Rute-A,Cikarang Industrial Hub,732.5,1200,20.8,1.0,78.0,LOADED,YES
2026-07-01 06:52:00,TRK-017,Rute-B,Gudang West (Tangerang),733.6,1200,21.22,1.1,78.8,DELIVERED,YES
2026-07-02 09:59:00,TRK-018,Rute-C,Central Hub (Jakarta),734.7,1200,21.64,1.3,79.6,IN_TRANSIT,YES
2026-07-03 12:06:00,TRK-019,Rute-D,Grogol Hub (Jakbar),735.8,1200,22.06,1.5,80.4,IDLE_DOCK,NO
2026-07-04 15:13:00,TRK-020,Rute-E,Petamburan Hub,736.9,1200,22.48,1.7,81.2,LOADED,YES
2026-07-05 06:20:00,TRK-021,Rute-F,Bekasi Logistics Hub,738.0,1200,22.9,1.9,82.0,DELIVERED,YES
2026-07-06 09:27:00,TRK-022,Rute-G,Depok Hub,739.1,1200,23.32,2.0,82.8,IN_TRANSIT,YES
2026-07-07 12:34:00,TRK-023,Rute-H,Bogor Transit Hub,740.2,1200,23.74,2.2,83.6,IDLE_DOCK,NO
2026-07-08 15:41:00,TRK-024,Rute-I,Cikarang Industrial Hub,741.3,1200,24.16,2.4,84.4,LOADED,YES
2026-07-09 06:48:00,TRK-025,Rute-J,Gudang West (Tangerang),742.4,1200,24.58,0.6,85.2,DELIVERED,YES
2026-07-10 09:55:00,TRK-026,Rute-K,Central Hub (Jakarta),743.5,1200,14.5,0.8,86.0,IN_TRANSIT,YES
2026-07-11 12:02:00,TRK-027,Rute-L,Grogol Hub (Jakbar),744.6,1200,14.92,1.0,86.8,IDLE_DOCK,NO
2026-07-12 15:09:00,TRK-028,Rute-M,Petamburan Hub,745.7,1200,15.34,1.1,87.6,LOADED,YES
2026-07-13 06:16:00,TRK-029,Rute-N,Bekasi Logistics Hub,746.8,1200,15.76,1.3,88.4,DELIVERED,YES
2026-07-14 09:23:00,TRK-030,Rute-O,Depok Hub,747.9,1200,16.18,1.5,89.2,IN_TRANSIT,YES
2026-07-15 12:30:00,TRK-031,Rute-A,Bogor Transit Hub,749.0,1200,16.6,1.7,18.0,IDLE_DOCK,NO
2026-07-16 15:37:00,TRK-032,Rute-B,Cikarang Industrial Hub,750.1,1200,17.02,1.9,18.8,LOADED,YES
2026-07-17 06:44:00,TRK-033,Rute-C,Gudang West (Tangerang),751.2,1200,17.44,2.0,19.6,DELIVERED,YES
2026-07-18 09:51:00,TRK-034,Rute-D,Central Hub (Jakarta),752.3,1200,17.86,2.2,20.4,IN_TRANSIT,YES
2026-07-19 12:58:00,TRK-035,Rute-E,Grogol Hub (Jakbar),753.4,1200,18.28,2.4,21.2,IDLE_DOCK,NO
2026-07-20 15:05:00,TRK-036,Rute-F,Petamburan Hub,754.5,1200,18.7,0.6,22.0,LOADED,YES
2026-07-21 06:12:00,TRK-037,Rute-G,Bekasi Logistics Hub,755.6,1200,19.12,0.8,22.8,DELIVERED,YES
2026-07-22 09:19:00,TRK-038,Rute-H,Depok Hub,756.7,1200,19.54,1.0,23.6,IN_TRANSIT,YES
2026-07-23 12:26:00,TRK-039,Rute-I,Bogor Transit Hub,757.8,1200,19.96,1.1,24.4,IDLE_DOCK,NO
2026-07-24 15:33:00,TRK-040,Rute-J,Cikarang Industrial Hub,758.9,1200,20.38,1.3,25.2,LOADED,YES
2026-07-25 06:40:00,TRK-041,Rute-K,Gudang West (Tangerang),760.0,1200,20.8,1.5,26.0,DELIVERED,YES
2026-07-26 09:47:00,TRK-042,Rute-L,Central Hub (Jakarta),761.1,1200,21.22,1.7,26.8,IN_TRANSIT,YES
2026-07-27 12:54:00,TRK-043,Rute-M,Grogol Hub (Jakbar),762.2,1200,21.64,1.9,27.6,IDLE_DOCK,NO
2026-07-28 15:01:00,TRK-044,Rute-N,Petamburan Hub,763.3,1200,22.06,2.0,28.4,LOADED,YES
2026-07-29 06:08:00,TRK-045,Rute-O,Bekasi Logistics Hub,764.4,1200,22.48,2.2,29.2,DELIVERED,YES
2026-07-30 09:15:00,TRK-046,Rute-A,Depok Hub,765.5,1200,22.9,2.4,30.0,IN_TRANSIT,YES
2026-07-31 12:22:00,TRK-047,Rute-B,Bogor Transit Hub,766.6,1200,23.32,0.6,30.8,IDLE_DOCK,NO
2026-07-01 15:29:00,TRK-048,Rute-C,Cikarang Industrial Hub,767.7,1200,23.74,0.8,31.6,LOADED,YES
2026-07-02 06:36:00,TRK-049,Rute-D,Gudang West (Tangerang),768.8,1200,24.16,1.0,32.4,DELIVERED,YES
2026-07-03 09:43:00,TRK-050,Rute-E,Central Hub (Jakarta),769.9,1200,24.58,1.1,33.2,IN_TRANSIT,YES
2026-07-04 12:50:00,TRK-051,Rute-F,Grogol Hub (Jakbar),771.0,1200,14.5,1.3,34.0,IDLE_DOCK,NO
2026-07-05 15:57:00,TRK-052,Rute-G,Petamburan Hub,772.1,1200,14.92,1.5,34.8,LOADED,YES
2026-07-06 06:04:00,TRK-053,Rute-H,Bekasi Logistics Hub,773.2,1200,15.34,1.7,35.6,DELIVERED,YES
2026-07-07 09:11:00,TRK-054,Rute-I,Depok Hub,774.3,1200,15.76,1.9,36.4,IN_TRANSIT,YES
2026-07-08 12:18:00,TRK-055,Rute-J,Bogor Transit Hub,775.4,1200,16.18,2.0,37.2,IDLE_DOCK,NO
2026-07-09 15:25:00,TRK-056,Rute-K,Cikarang Industrial Hub,776.5,1200,16.6,2.2,38.0,LOADED,YES
2026-07-10 06:32:00,TRK-057,Rute-L,Gudang West (Tangerang),777.6,1200,17.02,2.4,38.8,DELIVERED,YES
2026-07-11 09:39:00,TRK-058,Rute-M,Central Hub (Jakarta),778.7,1200,17.44,0.6,39.6,IN_TRANSIT,YES
2026-07-12 12:46:00,TRK-059,Rute-N,Grogol Hub (Jakbar),779.8,1200,17.86,0.8,40.4,IDLE_DOCK,NO
2026-07-13 15:53:00,TRK-060,Rute-O,Petamburan Hub,780.9,1200,18.28,1.0,41.2,LOADED,YES
2026-07-14 06:00:00,TRK-061,Rute-A,Bekasi Logistics Hub,782.0,1200,18.7,1.1,42.0,DELIVERED,YES
2026-07-15 09:07:00,TRK-062,Rute-B,Depok Hub,783.1,1200,19.12,1.3,42.8,IN_TRANSIT,YES
2026-07-16 12:14:00,TRK-063,Rute-C,Bogor Transit Hub,784.2,1200,19.54,1.5,43.6,IDLE_DOCK,NO
2026-07-17 15:21:00,TRK-064,Rute-D,Cikarang Industrial Hub,785.3,1200,19.96,1.7,44.4,LOADED,YES
2026-07-18 06:28:00,TRK-065,Rute-E,Gudang West (Tangerang),786.4,1200,20.38,1.9,45.2,DELIVERED,YES
2026-07-19 09:35:00,TRK-066,Rute-F,Central Hub (Jakarta),787.5,1200,20.8,2.0,46.0,IN_TRANSIT,YES
2026-07-20 12:42:00,TRK-067,Rute-G,Grogol Hub (Jakbar),788.6,1200,21.22,2.2,46.8,IDLE_DOCK,NO
2026-07-21 15:49:00,TRK-068,Rute-H,Petamburan Hub,789.7,1200,21.64,2.4,47.6,LOADED,YES
2026-07-22 06:56:00,TRK-069,Rute-I,Bekasi Logistics Hub,790.8,1200,22.06,0.6,48.4,DELIVERED,YES
2026-07-23 09:03:00,TRK-070,Rute-J,Depok Hub,791.9,1200,22.48,0.8,49.2,IN_TRANSIT,YES
2026-07-24 12:10:00,TRK-071,Rute-K,Bogor Transit Hub,793.0,1200,22.9,1.0,50.0,IDLE_DOCK,NO
2026-07-25 15:17:00,TRK-072,Rute-L,Cikarang Industrial Hub,794.1,1200,23.32,1.1,50.8,LOADED,YES
2026-07-26 06:24:00,TRK-073,Rute-M,Gudang West (Tangerang),795.2,1200,23.74,1.3,51.6,DELIVERED,YES
2026-07-27 09:31:00,TRK-074,Rute-N,Central Hub (Jakarta),796.3,1200,24.16,1.5,52.4,IN_TRANSIT,YES
2026-07-28 12:38:00,TRK-075,Rute-O,Grogol Hub (Jakbar),797.4,1200,24.58,1.7,53.2,IDLE_DOCK,NO
2026-07-29 15:45:00,TRK-076,Rute-A,Petamburan Hub,798.5,1200,14.5,1.9,54.0,LOADED,YES
2026-07-30 06:52:00,TRK-077,Rute-B,Bekasi Logistics Hub,799.6,1200,14.92,2.0,54.8,DELIVERED,YES
2026-07-31 09:59:00,TRK-078,Rute-C,Depok Hub,800.7,1200,15.34,2.2,55.6,IN_TRANSIT,YES
2026-07-01 12:06:00,TRK-079,Rute-D,Bogor Transit Hub,801.8,1200,15.76,2.4,56.4,IDLE_DOCK,NO
2026-07-02 15:13:00,TRK-080,Rute-E,Cikarang Industrial Hub,802.9,1200,16.18,0.6,57.2,LOADED,YES
2026-07-03 06:20:00,TRK-081,Rute-F,Gudang West (Tangerang),804.0,1200,16.6,0.8,58.0,DELIVERED,YES
2026-07-04 09:27:00,TRK-082,Rute-G,Central Hub (Jakarta),805.1,1200,17.02,1.0,58.8,IN_TRANSIT,YES
2026-07-05 12:34:00,TRK-083,Rute-H,Grogol Hub (Jakbar),806.2,1200,17.44,1.1,59.6,IDLE_DOCK,NO
2026-07-06 15:41:00,TRK-084,Rute-I,Petamburan Hub,807.3,1200,17.86,1.3,60.4,LOADED,YES
2026-07-07 06:48:00,TRK-085,Rute-J,Bekasi Logistics Hub,808.4,1200,18.28,1.5,61.2,DELIVERED,YES
2026-07-08 09:55:00,TRK-086,Rute-K,Depok Hub,809.5,1200,18.7,1.7,62.0,IN_TRANSIT,YES
2026-07-09 12:02:00,TRK-087,Rute-L,Bogor Transit Hub,810.6,1200,19.12,1.9,62.8,IDLE_DOCK,NO
2026-07-10 15:09:00,TRK-088,Rute-M,Cikarang Industrial Hub,811.7,1200,19.54,2.0,63.6,LOADED,YES
2026-07-11 06:16:00,TRK-089,Rute-N,Gudang West (Tangerang),812.8,1200,19.96,2.2,64.4,DELIVERED,YES
2026-07-12 09:23:00,TRK-090,Rute-O,Central Hub (Jakarta),813.9,1200,20.38,2.4,65.2,IN_TRANSIT,YES
2026-07-13 12:30:00,TRK-091,Rute-A,Grogol Hub (Jakbar),815.0,1200,20.8,0.6,66.0,IDLE_DOCK,NO
2026-07-14 15:37:00,TRK-092,Rute-B,Petamburan Hub,816.1,1200,21.22,0.8,66.8,LOADED,YES
2026-07-15 06:44:00,TRK-093,Rute-C,Bekasi Logistics Hub,817.2,1200,21.64,1.0,67.6,DELIVERED,YES
2026-07-16 09:51:00,TRK-094,Rute-D,Depok Hub,818.3,1200,22.06,1.1,68.4,IN_TRANSIT,YES
2026-07-17 12:58:00,TRK-095,Rute-E,Bogor Transit Hub,819.4,1200,22.48,1.3,69.2,IDLE_DOCK,NO
2026-07-18 15:05:00,TRK-096,Rute-F,Cikarang Industrial Hub,820.5,1200,22.9,1.5,70.0,LOADED,YES
2026-07-19 06:12:00,TRK-097,Rute-G,Gudang West (Tangerang),821.6,1200,23.32,1.7,70.8,DELIVERED,YES
2026-07-20 09:19:00,TRK-098,Rute-H,Central Hub (Jakarta),822.7,1200,23.74,1.9,71.6,IN_TRANSIT,YES
2026-07-21 12:26:00,TRK-099,Rute-I,Grogol Hub (Jakbar),823.8,1200,24.16,2.0,72.4,IDLE_DOCK,NO
2026-07-22 15:33:00,TRK-100,Rute-J,Petamburan Hub,824.9,1200,24.58,2.2,73.2,LOADED,YES
2026-07-23 06:40:00,TRK-101,Rute-K,Bekasi Logistics Hub,826.0,1200,14.5,2.4,74.0,DELIVERED,YES
2026-07-24 09:47:00,TRK-102,Rute-L,Depok Hub,827.1,1200,14.92,0.6,74.8,IN_TRANSIT,YES
2026-07-25 12:54:00,TRK-103,Rute-M,Bogor Transit Hub,828.2,1200,15.34,0.8,75.6,IDLE_DOCK,NO
2026-07-26 15:01:00,TRK-104,Rute-N,Cikarang Industrial Hub,829.3,1200,15.76,1.0,76.4,LOADED,YES
2026-07-27 06:08:00,TRK-105,Rute-O,Gudang West (Tangerang),830.4,1200,16.18,1.1,77.2,DELIVERED,YES
2026-07-28 09:15:00,TRK-106,Rute-A,Central Hub (Jakarta),831.5,1200,16.6,1.3,78.0,IN_TRANSIT,YES
2026-07-29 12:22:00,TRK-107,Rute-B,Grogol Hub (Jakbar),832.6,1200,17.02,1.5,78.8,IDLE_DOCK,NO
2026-07-30 15:29:00,TRK-108,Rute-C,Petamburan Hub,833.7,1200,17.44,1.7,79.6,LOADED,YES
2026-07-31 06:36:00,TRK-109,Rute-D,Bekasi Logistics Hub,834.8,1200,17.86,1.9,80.4,DELIVERED,YES
2026-07-01 09:43:00,TRK-110,Rute-E,Depok Hub,835.9,1200,18.28,2.0,81.2,IN_TRANSIT,YES
2026-07-02 12:50:00,TRK-111,Rute-F,Bogor Transit Hub,837.0,1200,18.7,2.2,82.0,IDLE_DOCK,NO
2026-07-03 15:57:00,TRK-112,Rute-G,Cikarang Industrial Hub,838.1,1200,19.12,2.4,82.8,LOADED,YES
2026-07-04 06:04:00,TRK-113,Rute-H,Gudang West (Tangerang),839.2,1200,19.54,0.6,83.6,DELIVERED,YES
2026-07-05 09:11:00,TRK-114,Rute-I,Central Hub (Jakarta),840.3,1200,19.96,0.8,84.4,IN_TRANSIT,YES
2026-07-06 12:18:00,TRK-115,Rute-J,Grogol Hub (Jakbar),841.4,1200,20.38,1.0,85.2,IDLE_DOCK,NO
2026-07-07 15:25:00,TRK-116,Rute-K,Petamburan Hub,842.5,1200,20.8,1.1,86.0,LOADED,YES
2026-07-08 06:32:00,TRK-117,Rute-L,Bekasi Logistics Hub,843.6,1200,21.22,1.3,86.8,DELIVERED,YES
2026-07-09 09:39:00,TRK-118,Rute-M,Depok Hub,844.7,1200,21.64,1.5,87.6,IN_TRANSIT,YES
2026-07-10 12:46:00,TRK-119,Rute-N,Bogor Transit Hub,845.8,1200,22.06,1.7,88.4,IDLE_DOCK,NO
2026-07-11 15:53:00,TRK-120,Rute-O,Cikarang Industrial Hub,846.9,1200,22.48,1.9,89.2,LOADED,YES
2026-07-12 06:00:00,TRK-121,Rute-A,Gudang West (Tangerang),848.0,1200,22.9,2.0,18.0,DELIVERED,YES
2026-07-13 09:07:00,TRK-122,Rute-B,Central Hub (Jakarta),849.1,1200,23.32,2.2,18.8,IN_TRANSIT,YES
2026-07-14 12:14:00,TRK-123,Rute-C,Grogol Hub (Jakbar),850.2,1200,23.74,2.4,19.6,IDLE_DOCK,NO
2026-07-15 15:21:00,TRK-124,Rute-D,Petamburan Hub,851.3,1200,24.16,0.6,20.4,LOADED,YES
2026-07-16 06:28:00,TRK-125,Rute-E,Bekasi Logistics Hub,852.4,1200,24.58,0.8,21.2,DELIVERED,YES
2026-07-17 09:35:00,TRK-126,Rute-F,Depok Hub,853.5,1200,14.5,1.0,22.0,IN_TRANSIT,YES
2026-07-18 12:42:00,TRK-127,Rute-G,Bogor Transit Hub,854.6,1200,14.92,1.1,22.8,IDLE_DOCK,NO
2026-07-19 15:49:00,TRK-128,Rute-H,Cikarang Industrial Hub,855.7,1200,15.34,1.3,23.6,LOADED,YES
2026-07-20 06:56:00,TRK-129,Rute-I,Gudang West (Tangerang),856.8,1200,15.76,1.5,24.4,DELIVERED,YES
2026-07-21 09:03:00,TRK-130,Rute-J,Central Hub (Jakarta),857.9,1200,16.18,1.7,25.2,IN_TRANSIT,YES
2026-07-22 12:10:00,TRK-131,Rute-K,Grogol Hub (Jakbar),859.0,1200,16.6,1.9,26.0,IDLE_DOCK,NO
2026-07-23 15:17:00,TRK-132,Rute-L,Petamburan Hub,860.1,1200,17.02,2.0,26.8,LOADED,YES
2026-07-24 06:24:00,TRK-133,Rute-M,Bekasi Logistics Hub,861.2,1200,17.44,2.2,27.6,DELIVERED,YES
2026-07-25 09:31:00,TRK-134,Rute-N,Depok Hub,862.3,1200,17.86,2.4,28.4,IN_TRANSIT,YES
2026-07-26 12:38:00,TRK-135,Rute-O,Bogor Transit Hub,863.4,1200,18.28,0.6,29.2,IDLE_DOCK,NO
2026-07-27 15:45:00,TRK-136,Rute-A,Cikarang Industrial Hub,864.5,1200,18.7,0.8,30.0,LOADED,YES
2026-07-28 06:52:00,TRK-137,Rute-B,Gudang West (Tangerang),865.6,1200,19.12,1.0,30.8,DELIVERED,YES
2026-07-29 09:59:00,TRK-138,Rute-C,Central Hub (Jakarta),866.7,1200,19.54,1.1,31.6,IN_TRANSIT,YES
2026-07-30 12:06:00,TRK-139,Rute-D,Grogol Hub (Jakbar),867.8,1200,19.96,1.3,32.4,IDLE_DOCK,NO
2026-07-31 15:13:00,TRK-140,Rute-E,Petamburan Hub,868.9,1200,20.38,1.5,33.2,LOADED,YES
2026-07-01 06:20:00,TRK-141,Rute-F,Bekasi Logistics Hub,870.0,1200,20.8,1.7,34.0,DELIVERED,YES
2026-07-02 09:27:00,TRK-142,Rute-G,Depok Hub,871.1,1200,21.22,1.9,34.8,IN_TRANSIT,YES
2026-07-03 12:34:00,TRK-143,Rute-H,Bogor Transit Hub,872.2,1200,21.64,2.0,35.6,IDLE_DOCK,NO
2026-07-04 15:41:00,TRK-144,Rute-I,Cikarang Industrial Hub,873.3,1200,22.06,2.2,36.4,LOADED,YES
2026-07-05 06:48:00,TRK-145,Rute-J,Gudang West (Tangerang),874.4,1200,22.48,2.4,37.2,DELIVERED,YES
2026-07-06 09:55:00,TRK-146,Rute-K,Central Hub (Jakarta),875.5,1200,22.9,0.6,38.0,IN_TRANSIT,YES
2026-07-07 12:02:00,TRK-147,Rute-L,Grogol Hub (Jakbar),876.6,1200,23.32,0.8,38.8,IDLE_DOCK,NO
2026-07-08 15:09:00,TRK-148,Rute-M,Petamburan Hub,877.7,1200,23.74,1.0,39.6,LOADED,YES
2026-07-09 06:16:00,TRK-149,Rute-N,Bekasi Logistics Hub,878.8,1200,24.16,1.1,40.4,DELIVERED,YES
2026-07-10 09:23:00,TRK-150,Rute-O,Depok Hub,879.9,1200,24.58,1.3,41.2,IN_TRANSIT,YES
2026-07-11 12:30:00,TRK-001,Rute-A,Bogor Transit Hub,881.0,1200,14.5,1.5,42.0,IDLE_DOCK,NO
2026-07-12 15:37:00,TRK-002,Rute-B,Cikarang Industrial Hub,882.1,1200,14.92,1.7,42.8,LOADED,YES
2026-07-13 06:44:00,TRK-003,Rute-C,Gudang West (Tangerang),883.2,1200,15.34,1.9,43.6,DELIVERED,YES
2026-07-14 09:51:00,TRK-004,Rute-D,Central Hub (Jakarta),884.3,1200,15.76,2.0,44.4,IN_TRANSIT,YES
2026-07-15 12:58:00,TRK-005,Rute-E,Grogol Hub (Jakbar),885.4,1200,16.18,2.2,45.2,IDLE_DOCK,NO
2026-07-16 15:05:00,TRK-006,Rute-F,Petamburan Hub,886.5,1200,16.6,2.4,46.0,LOADED,YES
2026-07-17 06:12:00,TRK-007,Rute-G,Bekasi Logistics Hub,887.6,1200,17.02,0.6,46.8,DELIVERED,YES
2026-07-18 09:19:00,TRK-008,Rute-H,Depok Hub,888.7,1200,17.44,0.8,47.6,IN_TRANSIT,YES
2026-07-19 12:26:00,TRK-009,Rute-I,Bogor Transit Hub,889.8,1200,17.86,1.0,48.4,IDLE_DOCK,NO
2026-07-20 15:33:00,TRK-010,Rute-J,Cikarang Industrial Hub,890.9,1200,18.28,1.1,49.2,LOADED,YES
2026-07-21 06:40:00,TRK-011,Rute-K,Gudang West (Tangerang),892.0,1200,18.7,1.3,50.0,DELIVERED,YES
2026-07-22 09:47:00,TRK-012,Rute-L,Central Hub (Jakarta),893.1,1200,19.12,1.5,50.8,IN_TRANSIT,YES
2026-07-23 12:54:00,TRK-013,Rute-M,Grogol Hub (Jakbar),894.2,1200,19.54,1.7,51.6,IDLE_DOCK,NO
2026-07-24 15:01:00,TRK-014,Rute-N,Petamburan Hub,895.3,1200,19.96,1.9,52.4,LOADED,YES
2026-07-25 06:08:00,TRK-015,Rute-O,Bekasi Logistics Hub,896.4,1200,20.38,2.0,53.2,DELIVERED,YES
2026-07-26 09:15:00,TRK-016,Rute-A,Depok Hub,897.5,1200,20.8,2.2,54.0,IN_TRANSIT,YES
2026-07-27 12:22:00,TRK-017,Rute-B,Bogor Transit Hub,898.6,1200,21.22,2.4,54.8,IDLE_DOCK,NO
2026-07-28 15:29:00,TRK-018,Rute-C,Cikarang Industrial Hub,899.7,1200,21.64,0.6,55.6,LOADED,YES
2026-07-29 06:36:00,TRK-019,Rute-D,Gudang West (Tangerang),900.8,1200,22.06,0.8,56.4,DELIVERED,YES
2026-07-30 09:43:00,TRK-020,Rute-E,Central Hub (Jakarta),901.9,1200,22.48,1.0,57.2,IN_TRANSIT,YES
2026-07-31 12:50:00,TRK-021,Rute-F,Grogol Hub (Jakbar),903.0,1200,22.9,1.1,58.0,IDLE_DOCK,NO
2026-07-01 15:57:00,TRK-022,Rute-G,Petamburan Hub,904.1,1200,23.32,1.3,58.8,LOADED,YES
2026-07-02 06:04:00,TRK-023,Rute-H,Bekasi Logistics Hub,905.2,1200,23.74,1.5,59.6,DELIVERED,YES
2026-07-03 09:11:00,TRK-024,Rute-I,Depok Hub,906.3,1200,24.16,1.7,60.4,IN_TRANSIT,YES
2026-07-04 12:18:00,TRK-025,Rute-J,Bogor Transit Hub,907.4,1200,24.58,1.9,61.2,IDLE_DOCK,NO
2026-07-05 15:25:00,TRK-026,Rute-K,Cikarang Industrial Hub,908.5,1200,14.5,2.0,62.0,LOADED,YES
2026-07-06 06:32:00,TRK-027,Rute-L,Gudang West (Tangerang),909.6,1200,14.92,2.2,62.8,DELIVERED,YES
2026-07-07 09:39:00,TRK-028,Rute-M,Central Hub (Jakarta),910.7,1200,15.34,2.4,63.6,IN_TRANSIT,YES
2026-07-08 12:46:00,TRK-029,Rute-N,Grogol Hub (Jakbar),911.8,1200,15.76,0.6,64.4,IDLE_DOCK,NO
2026-07-09 15:53:00,TRK-030,Rute-O,Petamburan Hub,912.9,1200,16.18,0.8,65.2,LOADED,YES
2026-07-10 06:00:00,TRK-031,Rute-A,Bekasi Logistics Hub,914.0,1200,16.6,1.0,66.0,DELIVERED,YES
2026-07-11 09:07:00,TRK-032,Rute-B,Depok Hub,915.1,1200,17.02,1.1,66.8,IN_TRANSIT,YES
2026-07-12 12:14:00,TRK-033,Rute-C,Bogor Transit Hub,916.2,1200,17.44,1.3,67.6,IDLE_DOCK,NO
2026-07-13 15:21:00,TRK-034,Rute-D,Cikarang Industrial Hub,917.3,1200,17.86,1.5,68.4,LOADED,YES
2026-07-14 06:28:00,TRK-035,Rute-E,Gudang West (Tangerang),918.4,1200,18.28,1.7,69.2,DELIVERED,YES
2026-07-15 09:35:00,TRK-036,Rute-F,Central Hub (Jakarta),919.5,1200,18.7,1.9,70.0,IN_TRANSIT,YES
2026-07-16 12:42:00,TRK-037,Rute-G,Grogol Hub (Jakbar),920.6,1200,19.12,2.0,70.8,IDLE_DOCK,NO
2026-07-17 15:49:00,TRK-038,Rute-H,Petamburan Hub,921.7,1200,19.54,2.2,71.6,LOADED,YES
2026-07-18 06:56:00,TRK-039,Rute-I,Bekasi Logistics Hub,922.8,1200,19.96,2.4,72.4,DELIVERED,YES
2026-07-19 09:03:00,TRK-040,Rute-J,Depok Hub,923.9,1200,20.38,0.6,73.2,IN_TRANSIT,YES
2026-07-20 12:10:00,TRK-041,Rute-K,Bogor Transit Hub,925.0,1200,20.8,0.8,74.0,IDLE_DOCK,NO
2026-07-21 15:17:00,TRK-042,Rute-L,Cikarang Industrial Hub,926.1,1200,21.22,1.0,74.8,LOADED,YES
2026-07-22 06:24:00,TRK-043,Rute-M,Gudang West (Tangerang),927.2,1200,21.64,1.1,75.6,DELIVERED,YES
2026-07-23 09:31:00,TRK-044,Rute-N,Central Hub (Jakarta),928.3,1200,22.06,1.3,76.4,IN_TRANSIT,YES
2026-07-24 12:38:00,TRK-045,Rute-O,Grogol Hub (Jakbar),929.4,1200,22.48,1.5,77.2,IDLE_DOCK,NO
2026-07-25 15:45:00,TRK-046,Rute-A,Petamburan Hub,930.5,1200,22.9,1.7,78.0,LOADED,YES
2026-07-26 06:52:00,TRK-047,Rute-B,Bekasi Logistics Hub,931.6,1200,23.32,1.9,78.8,DELIVERED,YES
2026-07-27 09:59:00,TRK-048,Rute-C,Depok Hub,932.7,1200,23.74,2.0,79.6,IN_TRANSIT,YES
2026-07-28 12:06:00,TRK-049,Rute-D,Bogor Transit Hub,933.8,1200,24.16,2.2,80.4,IDLE_DOCK,NO
2026-07-29 15:13:00,TRK-050,Rute-E,Cikarang Industrial Hub,934.9,1200,24.58,2.4,81.2,LOADED,YES
2026-07-30 06:20:00,TRK-051,Rute-F,Gudang West (Tangerang),936.0,1200,14.5,0.6,82.0,DELIVERED,YES
2026-07-31 09:27:00,TRK-052,Rute-G,Central Hub (Jakarta),937.1,1200,14.92,0.8,82.8,IN_TRANSIT,YES
2026-07-01 12:34:00,TRK-053,Rute-H,Grogol Hub (Jakbar),938.2,1200,15.34,1.0,83.6,IDLE_DOCK,NO
2026-07-02 15:41:00,TRK-054,Rute-I,Petamburan Hub,939.3,1200,15.76,1.1,84.4,LOADED,YES
2026-07-03 06:48:00,TRK-055,Rute-J,Bekasi Logistics Hub,940.4,1200,16.18,1.3,85.2,DELIVERED,YES
2026-07-04 09:55:00,TRK-056,Rute-K,Depok Hub,941.5,1200,16.6,1.5,86.0,IN_TRANSIT,YES
2026-07-05 12:02:00,TRK-057,Rute-L,Bogor Transit Hub,942.6,1200,17.02,1.7,86.8,IDLE_DOCK,NO
2026-07-06 15:09:00,TRK-058,Rute-M,Cikarang Industrial Hub,943.7,1200,17.44,1.9,87.6,LOADED,YES
2026-07-07 06:16:00,TRK-059,Rute-N,Gudang West (Tangerang),944.8,1200,17.86,2.0,88.4,DELIVERED,YES
2026-07-08 09:23:00,TRK-060,Rute-O,Central Hub (Jakarta),945.9,1200,18.28,2.2,89.2,IN_TRANSIT,YES
2026-07-09 12:30:00,TRK-061,Rute-A,Grogol Hub (Jakbar),947.0,1200,18.7,2.4,18.0,IDLE_DOCK,NO
2026-07-10 15:37:00,TRK-062,Rute-B,Petamburan Hub,948.1,1200,19.12,0.6,18.8,LOADED,YES
2026-07-11 06:44:00,TRK-063,Rute-C,Bekasi Logistics Hub,949.2,1200,19.54,0.8,19.6,DELIVERED,YES
2026-07-12 09:51:00,TRK-064,Rute-D,Depok Hub,950.3,1200,19.96,1.0,20.4,IN_TRANSIT,YES
2026-07-13 12:58:00,TRK-065,Rute-E,Bogor Transit Hub,951.4,1200,20.38,1.1,21.2,IDLE_DOCK,NO
2026-07-14 15:05:00,TRK-066,Rute-F,Cikarang Industrial Hub,952.5,1200,20.8,1.3,22.0,LOADED,YES
2026-07-15 06:12:00,TRK-067,Rute-G,Gudang West (Tangerang),953.6,1200,21.22,1.5,22.8,DELIVERED,YES
2026-07-16 09:19:00,TRK-068,Rute-H,Central Hub (Jakarta),954.7,1200,21.64,1.7,23.6,IN_TRANSIT,YES
2026-07-17 12:26:00,TRK-069,Rute-I,Grogol Hub (Jakbar),955.8,1200,22.06,1.9,24.4,IDLE_DOCK,NO
2026-07-18 15:33:00,TRK-070,Rute-J,Petamburan Hub,956.9,1200,22.48,2.0,25.2,LOADED,YES
2026-07-19 06:40:00,TRK-071,Rute-K,Bekasi Logistics Hub,958.0,1200,22.9,2.2,26.0,DELIVERED,YES
2026-07-20 09:47:00,TRK-072,Rute-L,Depok Hub,959.1,1200,23.32,2.4,26.8,IN_TRANSIT,YES
2026-07-21 12:54:00,TRK-073,Rute-M,Bogor Transit Hub,960.2,1200,23.74,0.6,27.6,IDLE_DOCK,NO
2026-07-22 15:01:00,TRK-074,Rute-N,Cikarang Industrial Hub,961.3,1200,24.16,0.8,28.4,LOADED,YES
2026-07-23 06:08:00,TRK-075,Rute-O,Gudang West (Tangerang),962.4,1200,24.58,1.0,29.2,DELIVERED,YES
2026-07-24 09:15:00,TRK-076,Rute-A,Central Hub (Jakarta),963.5,1200,14.5,1.1,30.0,IN_TRANSIT,YES
2026-07-25 12:22:00,TRK-077,Rute-B,Grogol Hub (Jakbar),964.6,1200,14.92,1.3,30.8,IDLE_DOCK,NO
2026-07-26 15:29:00,TRK-078,Rute-C,Petamburan Hub,965.7,1200,15.34,1.5,31.6,LOADED,YES
2026-07-27 06:36:00,TRK-079,Rute-D,Bekasi Logistics Hub,966.8,1200,15.76,1.7,32.4,DELIVERED,YES
2026-07-28 09:43:00,TRK-080,Rute-E,Depok Hub,967.9,1200,16.18,1.9,33.2,IN_TRANSIT,YES
2026-07-29 12:50:00,TRK-081,Rute-F,Bogor Transit Hub,969.0,1200,16.6,2.0,34.0,IDLE_DOCK,NO
2026-07-30 15:57:00,TRK-082,Rute-G,Cikarang Industrial Hub,970.1,1200,17.02,2.2,34.8,LOADED,YES
2026-07-31 06:04:00,TRK-083,Rute-H,Gudang West (Tangerang),971.2,1200,17.44,2.4,35.6,DELIVERED,YES
2026-07-01 09:11:00,TRK-084,Rute-I,Central Hub (Jakarta),972.3,1200,17.86,0.6,36.4,IN_TRANSIT,YES
2026-07-02 12:18:00,TRK-085,Rute-J,Grogol Hub (Jakbar),973.4,1200,18.28,0.8,37.2,IDLE_DOCK,NO
2026-07-03 15:25:00,TRK-086,Rute-K,Petamburan Hub,974.5,1200,18.7,1.0,38.0,LOADED,YES
2026-07-04 06:32:00,TRK-087,Rute-L,Bekasi Logistics Hub,975.6,1200,19.12,1.1,38.8,DELIVERED,YES
2026-07-05 09:39:00,TRK-088,Rute-M,Depok Hub,976.7,1200,19.54,1.3,39.6,IN_TRANSIT,YES
2026-07-06 12:46:00,TRK-089,Rute-N,Bogor Transit Hub,977.8,1200,19.96,1.5,40.4,IDLE_DOCK,NO
2026-07-07 15:53:00,TRK-090,Rute-O,Cikarang Industrial Hub,978.9,1200,20.38,1.7,41.2,LOADED,YES
2026-07-08 06:00:00,TRK-091,Rute-A,Gudang West (Tangerang),980.0,1200,20.8,1.9,42.0,DELIVERED,YES
2026-07-09 09:07:00,TRK-092,Rute-B,Central Hub (Jakarta),981.1,1200,21.22,2.0,42.8,IN_TRANSIT,YES
2026-07-10 12:14:00,TRK-093,Rute-C,Grogol Hub (Jakbar),982.2,1200,21.64,2.2,43.6,IDLE_DOCK,NO
2026-07-11 15:21:00,TRK-094,Rute-D,Petamburan Hub,983.3,1200,22.06,2.4,44.4,LOADED,YES
2026-07-12 06:28:00,TRK-095,Rute-E,Bekasi Logistics Hub,984.4,1200,22.48,0.6,45.2,DELIVERED,YES
2026-07-13 09:35:00,TRK-096,Rute-F,Depok Hub,985.5,1200,22.9,0.8,46.0,IN_TRANSIT,YES
2026-07-14 12:42:00,TRK-097,Rute-G,Bogor Transit Hub,986.6,1200,23.32,1.0,46.8,IDLE_DOCK,NO
2026-07-15 15:49:00,TRK-098,Rute-H,Cikarang Industrial Hub,987.7,1200,23.74,1.1,47.6,LOADED,YES
2026-07-16 06:56:00,TRK-099,Rute-I,Gudang West (Tangerang),988.8,1200,24.16,1.3,48.4,DELIVERED,YES
2026-07-17 09:03:00,TRK-100,Rute-J,Central Hub (Jakarta),989.9,1200,24.58,1.5,49.2,IN_TRANSIT,YES
2026-07-18 12:10:00,TRK-101,Rute-K,Grogol Hub (Jakbar),991.0,1200,14.5,1.7,50.0,IDLE_DOCK,NO
2026-07-19 15:17:00,TRK-102,Rute-L,Petamburan Hub,992.1,1200,14.92,1.9,50.8,LOADED,YES
2026-07-20 06:24:00,TRK-103,Rute-M,Bekasi Logistics Hub,993.2,1200,15.34,2.0,51.6,DELIVERED,YES
2026-07-21 09:31:00,TRK-104,Rute-N,Depok Hub,994.3,1200,15.76,2.2,52.4,IN_TRANSIT,YES
2026-07-22 12:38:00,TRK-105,Rute-O,Bogor Transit Hub,995.4,1200,16.18,2.4,53.2,IDLE_DOCK,NO
2026-07-23 15:45:00,TRK-106,Rute-A,Cikarang Industrial Hub,996.5,1200,16.6,0.6,54.0,LOADED,YES
2026-07-24 06:52:00,TRK-107,Rute-B,Gudang West (Tangerang),997.6,1200,17.02,0.8,54.8,DELIVERED,YES
2026-07-25 09:59:00,TRK-108,Rute-C,Central Hub (Jakarta),998.7,1200,17.44,1.0,55.6,IN_TRANSIT,YES
2026-07-26 12:06:00,TRK-109,Rute-D,Grogol Hub (Jakbar),999.8,1200,17.86,1.1,56.4,IDLE_DOCK,NO
2026-07-27 15:13:00,TRK-110,Rute-E,Petamburan Hub,1000.9,1200,18.28,1.3,57.2,LOADED,YES
2026-07-28 06:20:00,TRK-111,Rute-F,Bekasi Logistics Hub,1002.0,1200,18.7,1.5,58.0,DELIVERED,YES
2026-07-29 09:27:00,TRK-112,Rute-G,Depok Hub,1003.1,1200,19.12,1.7,58.8,IN_TRANSIT,YES
2026-07-30 12:34:00,TRK-113,Rute-H,Bogor Transit Hub,1004.2,1200,19.54,1.9,59.6,IDLE_DOCK,NO
2026-07-31 15:41:00,TRK-114,Rute-I,Cikarang Industrial Hub,1005.3,1200,19.96,2.0,60.4,LOADED,YES
2026-07-01 06:48:00,TRK-115,Rute-J,Gudang West (Tangerang),1006.4,1200,20.38,2.2,61.2,DELIVERED,YES
2026-07-02 09:55:00,TRK-116,Rute-K,Central Hub (Jakarta),1007.5,1200,20.8,2.4,62.0,IN_TRANSIT,YES
2026-07-03 12:02:00,TRK-117,Rute-L,Grogol Hub (Jakbar),1008.6,1200,21.22,0.6,62.8,IDLE_DOCK,NO
2026-07-04 15:09:00,TRK-118,Rute-M,Petamburan Hub,1009.7,1200,21.64,0.8,63.6,LOADED,YES
2026-07-05 06:16:00,TRK-119,Rute-N,Bekasi Logistics Hub,1010.8,1200,22.06,1.0,64.4,DELIVERED,YES
2026-07-06 09:23:00,TRK-120,Rute-O,Depok Hub,1011.9,1200,22.48,1.1,65.2,IN_TRANSIT,YES
2026-07-07 12:30:00,TRK-121,Rute-A,Bogor Transit Hub,1013.0,1200,22.9,1.3,66.0,IDLE_DOCK,NO
2026-07-08 15:37:00,TRK-122,Rute-B,Cikarang Industrial Hub,1014.1,1200,23.32,1.5,66.8,LOADED,YES
2026-07-09 06:44:00,TRK-123,Rute-C,Gudang West (Tangerang),1015.2,1200,23.74,1.7,67.6,DELIVERED,YES
2026-07-10 09:51:00,TRK-124,Rute-D,Central Hub (Jakarta),1016.3,1200,24.16,1.9,68.4,IN_TRANSIT,YES
2026-07-11 12:58:00,TRK-125,Rute-E,Grogol Hub (Jakbar),1017.4,1200,24.58,2.0,69.2,IDLE_DOCK,NO
2026-07-12 15:05:00,TRK-126,Rute-F,Petamburan Hub,1018.5,1200,14.5,2.2,70.0,LOADED,YES
2026-07-13 06:12:00,TRK-127,Rute-G,Bekasi Logistics Hub,1019.6,1200,14.92,2.4,70.8,DELIVERED,YES
2026-07-14 09:19:00,TRK-128,Rute-H,Depok Hub,1020.7,1200,15.34,0.6,71.6,IN_TRANSIT,YES
2026-07-15 12:26:00,TRK-129,Rute-I,Bogor Transit Hub,1021.8,1200,15.76,0.8,72.4,IDLE_DOCK,NO
2026-07-16 15:33:00,TRK-130,Rute-J,Cikarang Industrial Hub,1022.9,1200,16.18,1.0,73.2,LOADED,YES
2026-07-17 06:40:00,TRK-131,Rute-K,Gudang West (Tangerang),1024.0,1200,16.6,1.1,74.0,DELIVERED,YES
2026-07-18 09:47:00,TRK-132,Rute-L,Central Hub (Jakarta),1025.1,1200,17.02,1.3,74.8,IN_TRANSIT,YES
2026-07-19 12:54:00,TRK-133,Rute-M,Grogol Hub (Jakbar),1026.2,1200,17.44,1.5,75.6,IDLE_DOCK,NO
2026-07-20 15:01:00,TRK-134,Rute-N,Petamburan Hub,1027.3,1200,17.86,1.7,76.4,LOADED,YES
2026-07-21 06:08:00,TRK-135,Rute-O,Bekasi Logistics Hub,1028.4,1200,18.28,1.9,77.2,DELIVERED,YES
2026-07-22 09:15:00,TRK-136,Rute-A,Depok Hub,1029.5,1200,18.7,2.0,78.0,IN_TRANSIT,YES
2026-07-23 12:22:00,TRK-137,Rute-B,Bogor Transit Hub,1030.6,1200,19.12,2.2,78.8,IDLE_DOCK,NO
2026-07-24 15:29:00,TRK-138,Rute-C,Cikarang Industrial Hub,1031.7,1200,19.54,2.4,79.6,LOADED,YES
2026-07-25 06:36:00,TRK-139,Rute-D,Gudang West (Tangerang),1032.8,1200,19.96,0.6,80.4,DELIVERED,YES
2026-07-26 09:43:00,TRK-140,Rute-E,Central Hub (Jakarta),1033.9,1200,20.38,0.8,81.2,IN_TRANSIT,YES
2026-07-27 12:50:00,TRK-141,Rute-F,Grogol Hub (Jakbar),1035.0,1200,20.8,1.0,82.0,IDLE_DOCK,NO
2026-07-28 15:57:00,TRK-142,Rute-G,Petamburan Hub,1036.1,1200,21.22,1.1,82.8,LOADED,YES
2026-07-29 06:04:00,TRK-143,Rute-H,Bekasi Logistics Hub,1037.2,1200,21.64,1.3,83.6,DELIVERED,YES
2026-07-30 09:11:00,TRK-144,Rute-I,Depok Hub,1038.3,1200,22.06,1.5,84.4,IN_TRANSIT,YES
2026-07-31 12:18:00,TRK-145,Rute-J,Bogor Transit Hub,1039.4,1200,22.48,1.7,85.2,IDLE_DOCK,NO
2026-07-01 15:25:00,TRK-146,Rute-K,Cikarang Industrial Hub,1040.5,1200,22.9,1.9,86.0,LOADED,YES
2026-07-02 06:32:00,TRK-147,Rute-L,Gudang West (Tangerang),1041.6,1200,23.32,2.0,86.8,DELIVERED,YES
2026-07-03 09:39:00,TRK-148,Rute-M,Central Hub (Jakarta),1042.7,1200,23.74,2.2,87.6,IN_TRANSIT,YES
2026-07-04 12:46:00,TRK-149,Rute-N,Grogol Hub (Jakbar),1043.8,1200,24.16,2.4,88.4,IDLE_DOCK,NO
2026-07-05 15:53:00,TRK-150,Rute-O,Petamburan Hub,1044.9,1200,24.58,0.6,89.2,LOADED,YES
2026-07-06 06:00:00,TRK-001,Rute-A,Bekasi Logistics Hub,1046.0,1200,14.5,0.8,18.0,DELIVERED,YES
2026-07-07 09:07:00,TRK-002,Rute-B,Depok Hub,1047.1,1200,14.92,1.0,18.8,IN_TRANSIT,YES
2026-07-08 12:14:00,TRK-003,Rute-C,Bogor Transit Hub,1048.2,1200,15.34,1.1,19.6,IDLE_DOCK,NO
2026-07-09 15:21:00,TRK-004,Rute-D,Cikarang Industrial Hub,1049.3,1200,15.76,1.3,20.4,LOADED,YES
2026-07-10 06:28:00,TRK-005,Rute-E,Gudang West (Tangerang),1050.4,1200,16.18,1.5,21.2,DELIVERED,YES
2026-07-11 09:35:00,TRK-006,Rute-F,Central Hub (Jakarta),1051.5,1200,16.6,1.7,22.0,IN_TRANSIT,YES
2026-07-12 12:42:00,TRK-007,Rute-G,Grogol Hub (Jakbar),1052.6,1200,17.02,1.9,22.8,IDLE_DOCK,NO
2026-07-13 15:49:00,TRK-008,Rute-H,Petamburan Hub,1053.7,1200,17.44,2.0,23.6,LOADED,YES
2026-07-14 06:56:00,TRK-009,Rute-I,Bekasi Logistics Hub,1054.8,1200,17.86,2.2,24.4,DELIVERED,YES
2026-07-15 09:03:00,TRK-010,Rute-J,Depok Hub,1055.9,1200,18.28,2.4,25.2,IN_TRANSIT,YES
2026-07-16 12:10:00,TRK-011,Rute-K,Bogor Transit Hub,1057.0,1200,18.7,0.6,26.0,IDLE_DOCK,NO
2026-07-17 15:17:00,TRK-012,Rute-L,Cikarang Industrial Hub,1058.1,1200,19.12,0.8,26.8,LOADED,YES
2026-07-18 06:24:00,TRK-013,Rute-M,Gudang West (Tangerang),1059.2,1200,19.54,1.0,27.6,DELIVERED,YES
2026-07-19 09:31:00,TRK-014,Rute-N,Central Hub (Jakarta),1060.3,1200,19.96,1.1,28.4,IN_TRANSIT,YES
2026-07-20 12:38:00,TRK-015,Rute-O,Grogol Hub (Jakbar),1061.4,1200,20.38,1.3,29.2,IDLE_DOCK,NO
2026-07-21 15:45:00,TRK-016,Rute-A,Petamburan Hub,1062.5,1200,20.8,1.5,30.0,LOADED,YES
2026-07-22 06:52:00,TRK-017,Rute-B,Bekasi Logistics Hub,1063.6,1200,21.22,1.7,30.8,DELIVERED,YES
2026-07-23 09:59:00,TRK-018,Rute-C,Depok Hub,1064.7,1200,21.64,1.9,31.6,IN_TRANSIT,YES
2026-07-24 12:06:00,TRK-019,Rute-D,Bogor Transit Hub,1065.8,1200,22.06,2.0,32.4,IDLE_DOCK,NO
2026-07-25 15:13:00,TRK-020,Rute-E,Cikarang Industrial Hub,1066.9,1200,22.48,2.2,33.2,LOADED,YES
2026-07-26 06:20:00,TRK-021,Rute-F,Gudang West (Tangerang),1068.0,1200,22.9,2.4,34.0,DELIVERED,YES
2026-07-27 09:27:00,TRK-022,Rute-G,Central Hub (Jakarta),1069.1,1200,23.32,0.6,34.8,IN_TRANSIT,YES
2026-07-28 12:34:00,TRK-023,Rute-H,Grogol Hub (Jakbar),1070.2,1200,23.74,0.8,35.6,IDLE_DOCK,NO
2026-07-29 15:41:00,TRK-024,Rute-I,Petamburan Hub,1071.3,1200,24.16,1.0,36.4,LOADED,YES
2026-07-30 06:48:00,TRK-025,Rute-J,Bekasi Logistics Hub,1072.4,1200,24.58,1.1,37.2,DELIVERED,YES
2026-07-31 09:55:00,TRK-026,Rute-K,Depok Hub,1073.5,1200,14.5,1.3,38.0,IN_TRANSIT,YES
2026-07-01 12:02:00,TRK-027,Rute-L,Bogor Transit Hub,1074.6,1200,14.92,1.5,38.8,IDLE_DOCK,NO
2026-07-02 15:09:00,TRK-028,Rute-M,Cikarang Industrial Hub,1075.7,1200,15.34,1.7,39.6,LOADED,YES
2026-07-03 06:16:00,TRK-029,Rute-N,Gudang West (Tangerang),1076.8,1200,15.76,1.9,40.4,DELIVERED,YES
2026-07-04 09:23:00,TRK-030,Rute-O,Central Hub (Jakarta),1077.9,1200,16.18,2.0,41.2,IN_TRANSIT,YES
2026-07-05 12:30:00,TRK-031,Rute-A,Grogol Hub (Jakbar),1079.0,1200,16.6,2.2,42.0,IDLE_DOCK,NO
2026-07-06 15:37:00,TRK-032,Rute-B,Petamburan Hub,1080.1,1200,17.02,2.4,42.8,LOADED,YES
2026-07-07 06:44:00,TRK-033,Rute-C,Bekasi Logistics Hub,1081.2,1200,17.44,0.6,43.6,DELIVERED,YES
2026-07-08 09:51:00,TRK-034,Rute-D,Depok Hub,1082.3,1200,17.86,0.8,44.4,IN_TRANSIT,YES
2026-07-09 12:58:00,TRK-035,Rute-E,Bogor Transit Hub,1083.4,1200,18.28,1.0,45.2,IDLE_DOCK,NO
2026-07-10 15:05:00,TRK-036,Rute-F,Cikarang Industrial Hub,1084.5,1200,18.7,1.1,46.0,LOADED,YES
2026-07-11 06:12:00,TRK-037,Rute-G,Gudang West (Tangerang),1085.6,1200,19.12,1.3,46.8,DELIVERED,YES
2026-07-12 09:19:00,TRK-038,Rute-H,Central Hub (Jakarta),1086.7,1200,19.54,1.5,47.6,IN_TRANSIT,YES
2026-07-13 12:26:00,TRK-039,Rute-I,Grogol Hub (Jakbar),1087.8,1200,19.96,1.7,48.4,IDLE_DOCK,NO
2026-07-14 15:33:00,TRK-040,Rute-J,Petamburan Hub,1088.9,1200,20.38,1.9,49.2,LOADED,YES
2026-07-15 06:40:00,TRK-041,Rute-K,Bekasi Logistics Hub,1090.0,1200,20.8,2.0,50.0,DELIVERED,YES
2026-07-16 09:47:00,TRK-042,Rute-L,Depok Hub,1091.1,1200,21.22,2.2,50.8,IN_TRANSIT,YES
2026-07-17 12:54:00,TRK-043,Rute-M,Bogor Transit Hub,1092.2,1200,21.64,2.4,51.6,IDLE_DOCK,NO
2026-07-18 15:01:00,TRK-044,Rute-N,Cikarang Industrial Hub,1093.3,1200,22.06,0.6,52.4,LOADED,YES
2026-07-19 06:08:00,TRK-045,Rute-O,Gudang West (Tangerang),1094.4,1200,22.48,0.8,53.2,DELIVERED,YES
2026-07-20 09:15:00,TRK-046,Rute-A,Central Hub (Jakarta),1095.5,1200,22.9,1.0,54.0,IN_TRANSIT,YES
2026-07-21 12:22:00,TRK-047,Rute-B,Grogol Hub (Jakbar),1096.6,1200,23.32,1.1,54.8,IDLE_DOCK,NO
2026-07-22 15:29:00,TRK-048,Rute-C,Petamburan Hub,1097.7,1200,23.74,1.3,55.6,LOADED,YES
2026-07-23 06:36:00,TRK-049,Rute-D,Bekasi Logistics Hub,1098.8,1200,24.16,1.5,56.4,DELIVERED,YES
2026-07-24 09:43:00,TRK-050,Rute-E,Depok Hub,1099.9,1200,24.58,1.7,57.2,IN_TRANSIT,YES
2026-07-25 12:50:00,TRK-051,Rute-F,Bogor Transit Hub,1101.0,1200,14.5,1.9,58.0,IDLE_DOCK,NO
2026-07-26 15:57:00,TRK-052,Rute-G,Cikarang Industrial Hub,1102.1,1200,14.92,2.0,58.8,LOADED,YES
2026-07-27 06:04:00,TRK-053,Rute-H,Gudang West (Tangerang),1103.2,1200,15.34,2.2,59.6,DELIVERED,YES
2026-07-28 09:11:00,TRK-054,Rute-I,Central Hub (Jakarta),1104.3,1200,15.76,2.4,60.4,IN_TRANSIT,YES
2026-07-29 12:18:00,TRK-055,Rute-J,Grogol Hub (Jakbar),1105.4,1200,16.18,0.6,61.2,IDLE_DOCK,NO
2026-07-30 15:25:00,TRK-056,Rute-K,Petamburan Hub,1106.5,1200,16.6,0.8,62.0,LOADED,YES
2026-07-31 06:32:00,TRK-057,Rute-L,Bekasi Logistics Hub,1107.6,1200,17.02,1.0,62.8,DELIVERED,YES
2026-07-01 09:39:00,TRK-058,Rute-M,Depok Hub,1108.7,1200,17.44,1.1,63.6,IN_TRANSIT,YES
2026-07-02 12:46:00,TRK-059,Rute-N,Bogor Transit Hub,1109.8,1200,17.86,1.3,64.4,IDLE_DOCK,NO
2026-07-03 15:53:00,TRK-060,Rute-O,Cikarang Industrial Hub,1110.9,1200,18.28,1.5,65.2,LOADED,YES
2026-07-04 06:00:00,TRK-061,Rute-A,Gudang West (Tangerang),1112.0,1200,18.7,1.7,66.0,DELIVERED,YES
2026-07-05 09:07:00,TRK-062,Rute-B,Central Hub (Jakarta),1113.1,1200,19.12,1.9,66.8,IN_TRANSIT,YES
2026-07-06 12:14:00,TRK-063,Rute-C,Grogol Hub (Jakbar),1114.2,1200,19.54,2.0,67.6,IDLE_DOCK,NO
2026-07-07 15:21:00,TRK-064,Rute-D,Petamburan Hub,1115.3,1200,19.96,2.2,68.4,LOADED,YES
2026-07-08 06:28:00,TRK-065,Rute-E,Bekasi Logistics Hub,1116.4,1200,20.38,2.4,69.2,DELIVERED,YES
2026-07-09 09:35:00,TRK-066,Rute-F,Depok Hub,1117.5,1200,20.8,0.6,70.0,IN_TRANSIT,YES
2026-07-10 12:42:00,TRK-067,Rute-G,Bogor Transit Hub,1118.6,1200,21.22,0.8,70.8,IDLE_DOCK,NO
2026-07-11 15:49:00,TRK-068,Rute-H,Cikarang Industrial Hub,1119.7,1200,21.64,1.0,71.6,LOADED,YES
2026-07-12 06:56:00,TRK-069,Rute-I,Gudang West (Tangerang),1120.8,1200,22.06,1.1,72.4,DELIVERED,YES
2026-07-13 09:03:00,TRK-070,Rute-J,Central Hub (Jakarta),1121.9,1200,22.48,1.3,73.2,IN_TRANSIT,YES
2026-07-14 12:10:00,TRK-071,Rute-K,Grogol Hub (Jakbar),1123.0,1200,22.9,1.5,74.0,IDLE_DOCK,NO
2026-07-15 15:17:00,TRK-072,Rute-L,Petamburan Hub,1124.1,1200,23.32,1.7,74.8,LOADED,YES
2026-07-16 06:24:00,TRK-073,Rute-M,Bekasi Logistics Hub,1125.2,1200,23.74,1.9,75.6,DELIVERED,YES
2026-07-17 09:31:00,TRK-074,Rute-N,Depok Hub,1126.3,1200,24.16,2.0,76.4,IN_TRANSIT,YES
2026-07-18 12:38:00,TRK-075,Rute-O,Bogor Transit Hub,1127.4,1200,24.58,2.2,77.2,IDLE_DOCK,NO
2026-07-19 15:45:00,TRK-076,Rute-A,Cikarang Industrial Hub,1128.5,1200,14.5,2.4,78.0,LOADED,YES
2026-07-20 06:52:00,TRK-077,Rute-B,Gudang West (Tangerang),1129.6,1200,14.92,0.6,78.8,DELIVERED,YES
2026-07-21 09:59:00,TRK-078,Rute-C,Central Hub (Jakarta),1130.7,1200,15.34,0.8,79.6,IN_TRANSIT,YES
2026-07-22 12:06:00,TRK-079,Rute-D,Grogol Hub (Jakbar),1131.8,1200,15.76,1.0,80.4,IDLE_DOCK,NO
2026-07-23 15:13:00,TRK-080,Rute-E,Petamburan Hub,1132.9,1200,16.18,1.1,81.2,LOADED,YES
2026-07-24 06:20:00,TRK-081,Rute-F,Bekasi Logistics Hub,1134.0,1200,16.6,1.3,82.0,DELIVERED,YES
2026-07-25 09:27:00,TRK-082,Rute-G,Depok Hub,1135.1,1200,17.02,1.5,82.8,IN_TRANSIT,YES
2026-07-26 12:34:00,TRK-083,Rute-H,Bogor Transit Hub,1136.2,1200,17.44,1.7,83.6,IDLE_DOCK,NO
2026-07-27 15:41:00,TRK-084,Rute-I,Cikarang Industrial Hub,1137.3,1200,17.86,1.9,84.4,LOADED,YES
2026-07-28 06:48:00,TRK-085,Rute-J,Gudang West (Tangerang),1138.4,1200,18.28,2.0,85.2,DELIVERED,YES
2026-07-29 09:55:00,TRK-086,Rute-K,Central Hub (Jakarta),1139.5,1200,18.7,2.2,86.0,IN_TRANSIT,YES
2026-07-30 12:02:00,TRK-087,Rute-L,Grogol Hub (Jakbar),1140.6,1200,19.12,2.4,86.8,IDLE_DOCK,NO
2026-07-31 15:09:00,TRK-088,Rute-M,Petamburan Hub,1141.7,1200,19.54,0.6,87.6,LOADED,YES
2026-07-01 06:16:00,TRK-089,Rute-N,Bekasi Logistics Hub,1142.8,1200,19.96,0.8,88.4,DELIVERED,YES
2026-07-02 09:23:00,TRK-090,Rute-O,Depok Hub,1143.9,1200,20.38,1.0,89.2,IN_TRANSIT,YES
2026-07-03 12:30:00,TRK-091,Rute-A,Bogor Transit Hub,1145.0,1200,20.8,1.1,18.0,IDLE_DOCK,NO
2026-07-04 15:37:00,TRK-092,Rute-B,Cikarang Industrial Hub,1146.1,1200,21.22,1.3,18.8,LOADED,YES
2026-07-05 06:44:00,TRK-093,Rute-C,Gudang West (Tangerang),1147.2,1200,21.64,1.5,19.6,DELIVERED,YES
2026-07-06 09:51:00,TRK-094,Rute-D,Central Hub (Jakarta),1148.3,1200,22.06,1.7,20.4,IN_TRANSIT,YES
2026-07-07 12:58:00,TRK-095,Rute-E,Grogol Hub (Jakbar),1149.4,1200,22.48,1.9,21.2,IDLE_DOCK,NO
2026-07-08 15:05:00,TRK-096,Rute-F,Petamburan Hub,1150.5,1200,22.9,2.0,22.0,LOADED,YES
2026-07-09 06:12:00,TRK-097,Rute-G,Bekasi Logistics Hub,1151.6,1200,23.32,2.2,22.8,DELIVERED,YES
2026-07-10 09:19:00,TRK-098,Rute-H,Depok Hub,1152.7,1200,23.74,2.4,23.6,IN_TRANSIT,YES
2026-07-11 12:26:00,TRK-099,Rute-I,Bogor Transit Hub,1153.8,1200,24.16,0.6,24.4,IDLE_DOCK,NO
2026-07-12 15:33:00,TRK-100,Rute-J,Cikarang Industrial Hub,1154.9,1200,24.58,0.8,25.2,LOADED,YES
2026-07-13 06:40:00,TRK-101,Rute-K,Gudang West (Tangerang),650.0,1200,14.5,1.0,26.0,DELIVERED,YES
2026-07-14 09:47:00,TRK-102,Rute-L,Central Hub (Jakarta),651.1,1200,14.92,1.1,26.8,IN_TRANSIT,YES
2026-07-15 12:54:00,TRK-103,Rute-M,Grogol Hub (Jakbar),652.2,1200,15.34,1.3,27.6,IDLE_DOCK,NO
2026-07-16 15:01:00,TRK-104,Rute-N,Petamburan Hub,653.3,1200,15.76,1.5,28.4,LOADED,YES
2026-07-17 06:08:00,TRK-105,Rute-O,Bekasi Logistics Hub,654.4,1200,16.18,1.7,29.2,DELIVERED,YES
2026-07-18 09:15:00,TRK-106,Rute-A,Depok Hub,655.5,1200,16.6,1.9,30.0,IN_TRANSIT,YES
2026-07-19 12:22:00,TRK-107,Rute-B,Bogor Transit Hub,656.6,1200,17.02,2.0,30.8,IDLE_DOCK,NO
2026-07-20 15:29:00,TRK-108,Rute-C,Cikarang Industrial Hub,657.7,1200,17.44,2.2,31.6,LOADED,YES
2026-07-21 06:36:00,TRK-109,Rute-D,Gudang West (Tangerang),658.8,1200,17.86,2.4,32.4,DELIVERED,YES
2026-07-22 09:43:00,TRK-110,Rute-E,Central Hub (Jakarta),659.9,1200,18.28,0.6,33.2,IN_TRANSIT,YES
2026-07-23 12:50:00,TRK-111,Rute-F,Grogol Hub (Jakbar),661.0,1200,18.7,0.8,34.0,IDLE_DOCK,NO
2026-07-24 15:57:00,TRK-112,Rute-G,Petamburan Hub,662.1,1200,19.12,1.0,34.8,LOADED,YES
2026-07-25 06:04:00,TRK-113,Rute-H,Bekasi Logistics Hub,663.2,1200,19.54,1.1,35.6,DELIVERED,YES
2026-07-26 09:11:00,TRK-114,Rute-I,Depok Hub,664.3,1200,19.96,1.3,36.4,IN_TRANSIT,YES
2026-07-27 12:18:00,TRK-115,Rute-J,Bogor Transit Hub,665.4,1200,20.38,1.5,37.2,IDLE_DOCK,NO
2026-07-28 15:25:00,TRK-116,Rute-K,Cikarang Industrial Hub,666.5,1200,20.8,1.7,38.0,LOADED,YES
2026-07-29 06:32:00,TRK-117,Rute-L,Gudang West (Tangerang),667.6,1200,21.22,1.9,38.8,DELIVERED,YES
2026-07-30 09:39:00,TRK-118,Rute-M,Central Hub (Jakarta),668.7,1200,21.64,2.0,39.6,IN_TRANSIT,YES
2026-07-31 12:46:00,TRK-119,Rute-N,Grogol Hub (Jakbar),669.8,1200,22.06,2.2,40.4,IDLE_DOCK,NO
2026-07-01 15:53:00,TRK-120,Rute-O,Petamburan Hub,670.9,1200,22.48,2.4,41.2,LOADED,YES
2026-07-02 06:00:00,TRK-121,Rute-A,Bekasi Logistics Hub,672.0,1200,22.9,0.6,42.0,DELIVERED,YES
2026-07-03 09:07:00,TRK-122,Rute-B,Depok Hub,673.1,1200,23.32,0.8,42.8,IN_TRANSIT,YES
2026-07-04 12:14:00,TRK-123,Rute-C,Bogor Transit Hub,674.2,1200,23.74,1.0,43.6,IDLE_DOCK,NO
2026-07-05 15:21:00,TRK-124,Rute-D,Cikarang Industrial Hub,675.3,1200,24.16,1.1,44.4,LOADED,YES
2026-07-06 06:28:00,TRK-125,Rute-E,Gudang West (Tangerang),676.4,1200,24.58,1.3,45.2,DELIVERED,YES
2026-07-07 09:35:00,TRK-126,Rute-F,Central Hub (Jakarta),677.5,1200,14.5,1.5,46.0,IN_TRANSIT,YES
2026-07-08 12:42:00,TRK-127,Rute-G,Grogol Hub (Jakbar),678.6,1200,14.92,1.7,46.8,IDLE_DOCK,NO
2026-07-09 15:49:00,TRK-128,Rute-H,Petamburan Hub,679.7,1200,15.34,1.9,47.6,LOADED,YES
2026-07-10 06:56:00,TRK-129,Rute-I,Bekasi Logistics Hub,680.8,1200,15.76,2.0,48.4,DELIVERED,YES
2026-07-11 09:03:00,TRK-130,Rute-J,Depok Hub,681.9,1200,16.18,2.2,49.2,IN_TRANSIT,YES
2026-07-12 12:10:00,TRK-131,Rute-K,Bogor Transit Hub,683.0,1200,16.6,2.4,50.0,IDLE_DOCK,NO
2026-07-13 15:17:00,TRK-132,Rute-L,Cikarang Industrial Hub,684.1,1200,17.02,0.6,50.8,LOADED,YES
2026-07-14 06:24:00,TRK-133,Rute-M,Gudang West (Tangerang),685.2,1200,17.44,0.8,51.6,DELIVERED,YES
2026-07-15 09:31:00,TRK-134,Rute-N,Central Hub (Jakarta),686.3,1200,17.86,1.0,52.4,IN_TRANSIT,YES
2026-07-16 12:38:00,TRK-135,Rute-O,Grogol Hub (Jakbar),687.4,1200,18.28,1.1,53.2,IDLE_DOCK,NO
2026-07-17 15:45:00,TRK-136,Rute-A,Petamburan Hub,688.5,1200,18.7,1.3,54.0,LOADED,YES
2026-07-18 06:52:00,TRK-137,Rute-B,Bekasi Logistics Hub,689.6,1200,19.12,1.5,54.8,DELIVERED,YES
2026-07-19 09:59:00,TRK-138,Rute-C,Depok Hub,690.7,1200,19.54,1.7,55.6,IN_TRANSIT,YES
2026-07-20 12:06:00,TRK-139,Rute-D,Bogor Transit Hub,691.8,1200,19.96,1.9,56.4,IDLE_DOCK,NO
2026-07-21 15:13:00,TRK-140,Rute-E,Cikarang Industrial Hub,692.9,1200,20.38,2.0,57.2,LOADED,YES
2026-07-22 06:20:00,TRK-141,Rute-F,Gudang West (Tangerang),694.0,1200,20.8,2.2,58.0,DELIVERED,YES
2026-07-23 09:27:00,TRK-142,Rute-G,Central Hub (Jakarta),695.1,1200,21.22,2.4,58.8,IN_TRANSIT,YES
2026-07-24 12:34:00,TRK-143,Rute-H,Grogol Hub (Jakbar),696.2,1200,21.64,0.6,59.6,IDLE_DOCK,NO
2026-07-25 15:41:00,TRK-144,Rute-I,Petamburan Hub,697.3,1200,22.06,0.8,60.4,LOADED,YES
2026-07-26 06:48:00,TRK-145,Rute-J,Bekasi Logistics Hub,698.4,1200,22.48,1.0,61.2,DELIVERED,YES
2026-07-27 09:55:00,TRK-146,Rute-K,Depok Hub,699.5,1200,22.9,1.1,62.0,IN_TRANSIT,YES
2026-07-28 12:02:00,TRK-147,Rute-L,Bogor Transit Hub,700.6,1200,23.32,1.3,62.8,IDLE_DOCK,NO
2026-07-29 15:09:00,TRK-148,Rute-M,Cikarang Industrial Hub,701.7,1200,23.74,1.5,63.6,LOADED,YES
2026-07-30 06:16:00,TRK-149,Rute-N,Gudang West (Tangerang),702.8,1200,24.16,1.7,64.4,DELIVERED,YES
2026-07-31 09:23:00,TRK-150,Rute-O,Central Hub (Jakarta),703.9,1200,24.58,1.9,65.2,IN_TRANSIT,YES
2026-07-01 12:30:00,TRK-001,Rute-A,Grogol Hub (Jakbar),705.0,1200,14.5,2.0,66.0,IDLE_DOCK,NO
2026-07-02 15:37:00,TRK-002,Rute-B,Petamburan Hub,706.1,1200,14.92,2.2,66.8,LOADED,YES
2026-07-03 06:44:00,TRK-003,Rute-C,Bekasi Logistics Hub,707.2,1200,15.34,2.4,67.6,DELIVERED,YES
2026-07-04 09:51:00,TRK-004,Rute-D,Depok Hub,708.3,1200,15.76,0.6,68.4,IN_TRANSIT,YES
2026-07-05 12:58:00,TRK-005,Rute-E,Bogor Transit Hub,709.4,1200,16.18,0.8,69.2,IDLE_DOCK,NO
2026-07-06 15:05:00,TRK-006,Rute-F,Cikarang Industrial Hub,710.5,1200,16.6,1.0,70.0,LOADED,YES
2026-07-07 06:12:00,TRK-007,Rute-G,Gudang West (Tangerang),711.6,1200,17.02,1.1,70.8,DELIVERED,YES
2026-07-08 09:19:00,TRK-008,Rute-H,Central Hub (Jakarta),712.7,1200,17.44,1.3,71.6,IN_TRANSIT,YES
2026-07-09 12:26:00,TRK-009,Rute-I,Grogol Hub (Jakbar),713.8,1200,17.86,1.5,72.4,IDLE_DOCK,NO
2026-07-10 15:33:00,TRK-010,Rute-J,Petamburan Hub,714.9,1200,18.28,1.7,73.2,LOADED,YES
2026-07-11 06:40:00,TRK-011,Rute-K,Bekasi Logistics Hub,716.0,1200,18.7,1.9,74.0,DELIVERED,YES
2026-07-12 09:47:00,TRK-012,Rute-L,Depok Hub,717.1,1200,19.12,2.0,74.8,IN_TRANSIT,YES
2026-07-13 12:54:00,TRK-013,Rute-M,Bogor Transit Hub,718.2,1200,19.54,2.2,75.6,IDLE_DOCK,NO
2026-07-14 15:01:00,TRK-014,Rute-N,Cikarang Industrial Hub,719.3,1200,19.96,2.4,76.4,LOADED,YES
2026-07-15 06:08:00,TRK-015,Rute-O,Gudang West (Tangerang),720.4,1200,20.38,0.6,77.2,DELIVERED,YES
2026-07-16 09:15:00,TRK-016,Rute-A,Central Hub (Jakarta),721.5,1200,20.8,0.8,78.0,IN_TRANSIT,YES
2026-07-17 12:22:00,TRK-017,Rute-B,Grogol Hub (Jakbar),722.6,1200,21.22,1.0,78.8,IDLE_DOCK,NO
2026-07-18 15:29:00,TRK-018,Rute-C,Petamburan Hub,723.7,1200,21.64,1.1,79.6,LOADED,YES
2026-07-19 06:36:00,TRK-019,Rute-D,Bekasi Logistics Hub,724.8,1200,22.06,1.3,80.4,DELIVERED,YES
2026-07-20 09:43:00,TRK-020,Rute-E,Depok Hub,725.9,1200,22.48,1.5,81.2,IN_TRANSIT,YES
2026-07-21 12:50:00,TRK-021,Rute-F,Bogor Transit Hub,727.0,1200,22.9,1.7,82.0,IDLE_DOCK,NO
2026-07-22 15:57:00,TRK-022,Rute-G,Cikarang Industrial Hub,728.1,1200,23.32,1.9,82.8,LOADED,YES
2026-07-23 06:04:00,TRK-023,Rute-H,Gudang West (Tangerang),729.2,1200,23.74,2.0,83.6,DELIVERED,YES
2026-07-24 09:11:00,TRK-024,Rute-I,Central Hub (Jakarta),730.3,1200,24.16,2.2,84.4,IN_TRANSIT,YES
2026-07-25 12:18:00,TRK-025,Rute-J,Grogol Hub (Jakbar),731.4,1200,24.58,2.4,85.2,IDLE_DOCK,NO
2026-07-26 15:25:00,TRK-026,Rute-K,Petamburan Hub,732.5,1200,14.5,0.6,86.0,LOADED,YES
2026-07-27 06:32:00,TRK-027,Rute-L,Bekasi Logistics Hub,733.6,1200,14.92,0.8,86.8,DELIVERED,YES
2026-07-28 09:39:00,TRK-028,Rute-M,Depok Hub,734.7,1200,15.34,1.0,87.6,IN_TRANSIT,YES
2026-07-29 12:46:00,TRK-029,Rute-N,Bogor Transit Hub,735.8,1200,15.76,1.1,88.4,IDLE_DOCK,NO
2026-07-30 15:53:00,TRK-030,Rute-O,Cikarang Industrial Hub,736.9,1200,16.18,1.3,89.2,LOADED,YES
2026-07-31 06:00:00,TRK-031,Rute-A,Gudang West (Tangerang),738.0,1200,16.6,1.5,18.0,DELIVERED,YES
2026-07-01 09:07:00,TRK-032,Rute-B,Central Hub (Jakarta),739.1,1200,17.02,1.7,18.8,IN_TRANSIT,YES
2026-07-02 12:14:00,TRK-033,Rute-C,Grogol Hub (Jakbar),740.2,1200,17.44,1.9,19.6,IDLE_DOCK,NO
2026-07-03 15:21:00,TRK-034,Rute-D,Petamburan Hub,741.3,1200,17.86,2.0,20.4,LOADED,YES
2026-07-04 06:28:00,TRK-035,Rute-E,Bekasi Logistics Hub,742.4,1200,18.28,2.2,21.2,DELIVERED,YES
2026-07-05 09:35:00,TRK-036,Rute-F,Depok Hub,743.5,1200,18.7,2.4,22.0,IN_TRANSIT,YES
2026-07-06 12:42:00,TRK-037,Rute-G,Bogor Transit Hub,744.6,1200,19.12,0.6,22.8,IDLE_DOCK,NO
2026-07-07 15:49:00,TRK-038,Rute-H,Cikarang Industrial Hub,745.7,1200,19.54,0.8,23.6,LOADED,YES
2026-07-08 06:56:00,TRK-039,Rute-I,Gudang West (Tangerang),746.8,1200,19.96,1.0,24.4,DELIVERED,YES
2026-07-09 09:03:00,TRK-040,Rute-J,Central Hub (Jakarta),747.9,1200,20.38,1.1,25.2,IN_TRANSIT,YES
2026-07-10 12:10:00,TRK-041,Rute-K,Grogol Hub (Jakbar),749.0,1200,20.8,1.3,26.0,IDLE_DOCK,NO
2026-07-11 15:17:00,TRK-042,Rute-L,Petamburan Hub,750.1,1200,21.22,1.5,26.8,LOADED,YES
2026-07-12 06:24:00,TRK-043,Rute-M,Bekasi Logistics Hub,751.2,1200,21.64,1.7,27.6,DELIVERED,YES
2026-07-13 09:31:00,TRK-044,Rute-N,Depok Hub,752.3,1200,22.06,1.9,28.4,IN_TRANSIT,YES
2026-07-14 12:38:00,TRK-045,Rute-O,Bogor Transit Hub,753.4,1200,22.48,2.0,29.2,IDLE_DOCK,NO
2026-07-15 15:45:00,TRK-046,Rute-A,Cikarang Industrial Hub,754.5,1200,22.9,2.2,30.0,LOADED,YES
2026-07-16 06:52:00,TRK-047,Rute-B,Gudang West (Tangerang),755.6,1200,23.32,2.4,30.8,DELIVERED,YES
2026-07-17 09:59:00,TRK-048,Rute-C,Central Hub (Jakarta),756.7,1200,23.74,0.6,31.6,IN_TRANSIT,YES
2026-07-18 12:06:00,TRK-049,Rute-D,Grogol Hub (Jakbar),757.8,1200,24.16,0.8,32.4,IDLE_DOCK,NO
2026-07-19 15:13:00,TRK-050,Rute-E,Petamburan Hub,758.9,1200,24.58,1.0,33.2,LOADED,YES
2026-07-20 06:20:00,TRK-051,Rute-F,Bekasi Logistics Hub,760.0,1200,14.5,1.1,34.0,DELIVERED,YES
2026-07-21 09:27:00,TRK-052,Rute-G,Depok Hub,761.1,1200,14.92,1.3,34.8,IN_TRANSIT,YES
2026-07-22 12:34:00,TRK-053,Rute-H,Bogor Transit Hub,762.2,1200,15.34,1.5,35.6,IDLE_DOCK,NO
2026-07-23 15:41:00,TRK-054,Rute-I,Cikarang Industrial Hub,763.3,1200,15.76,1.7,36.4,LOADED,YES
2026-07-24 06:48:00,TRK-055,Rute-J,Gudang West (Tangerang),764.4,1200,16.18,1.9,37.2,DELIVERED,YES
2026-07-25 09:55:00,TRK-056,Rute-K,Central Hub (Jakarta),765.5,1200,16.6,2.0,38.0,IN_TRANSIT,YES
2026-07-26 12:02:00,TRK-057,Rute-L,Grogol Hub (Jakbar),766.6,1200,17.02,2.2,38.8,IDLE_DOCK,NO
2026-07-27 15:09:00,TRK-058,Rute-M,Petamburan Hub,767.7,1200,17.44,2.4,39.6,LOADED,YES
2026-07-28 06:16:00,TRK-059,Rute-N,Bekasi Logistics Hub,768.8,1200,17.86,0.6,40.4,DELIVERED,YES
2026-07-29 09:23:00,TRK-060,Rute-O,Depok Hub,769.9,1200,18.28,0.8,41.2,IN_TRANSIT,YES
2026-07-30 12:30:00,TRK-061,Rute-A,Bogor Transit Hub,771.0,1200,18.7,1.0,42.0,IDLE_DOCK,NO
2026-07-31 15:37:00,TRK-062,Rute-B,Cikarang Industrial Hub,772.1,1200,19.12,1.1,42.8,LOADED,YES
2026-07-01 06:44:00,TRK-063,Rute-C,Gudang West (Tangerang),773.2,1200,19.54,1.3,43.6,DELIVERED,YES
2026-07-02 09:51:00,TRK-064,Rute-D,Central Hub (Jakarta),774.3,1200,19.96,1.5,44.4,IN_TRANSIT,YES
2026-07-03 12:58:00,TRK-065,Rute-E,Grogol Hub (Jakbar),775.4,1200,20.38,1.7,45.2,IDLE_DOCK,NO
2026-07-04 15:05:00,TRK-066,Rute-F,Petamburan Hub,776.5,1200,20.8,1.9,46.0,LOADED,YES
2026-07-05 06:12:00,TRK-067,Rute-G,Bekasi Logistics Hub,777.6,1200,21.22,2.0,46.8,DELIVERED,YES
2026-07-06 09:19:00,TRK-068,Rute-H,Depok Hub,778.7,1200,21.64,2.2,47.6,IN_TRANSIT,YES
2026-07-07 12:26:00,TRK-069,Rute-I,Bogor Transit Hub,779.8,1200,22.06,2.4,48.4,IDLE_DOCK,NO
2026-07-08 15:33:00,TRK-070,Rute-J,Cikarang Industrial Hub,780.9,1200,22.48,0.6,49.2,LOADED,YES
2026-07-09 06:40:00,TRK-071,Rute-K,Gudang West (Tangerang),782.0,1200,22.9,0.8,50.0,DELIVERED,YES
2026-07-10 09:47:00,TRK-072,Rute-L,Central Hub (Jakarta),783.1,1200,23.32,1.0,50.8,IN_TRANSIT,YES
2026-07-11 12:54:00,TRK-073,Rute-M,Grogol Hub (Jakbar),784.2,1200,23.74,1.1,51.6,IDLE_DOCK,NO
2026-07-12 15:01:00,TRK-074,Rute-N,Petamburan Hub,785.3,1200,24.16,1.3,52.4,LOADED,YES
2026-07-13 06:08:00,TRK-075,Rute-O,Bekasi Logistics Hub,786.4,1200,24.58,1.5,53.2,DELIVERED,YES
2026-07-14 09:15:00,TRK-076,Rute-A,Depok Hub,787.5,1200,14.5,1.7,54.0,IN_TRANSIT,YES
2026-07-15 12:22:00,TRK-077,Rute-B,Bogor Transit Hub,788.6,1200,14.92,1.9,54.8,IDLE_DOCK,NO
2026-07-16 15:29:00,TRK-078,Rute-C,Cikarang Industrial Hub,789.7,1200,15.34,2.0,55.6,LOADED,YES
2026-07-17 06:36:00,TRK-079,Rute-D,Gudang West (Tangerang),790.8,1200,15.76,2.2,56.4,DELIVERED,YES
2026-07-18 09:43:00,TRK-080,Rute-E,Central Hub (Jakarta),791.9,1200,16.18,2.4,57.2,IN_TRANSIT,YES
2026-07-19 12:50:00,TRK-081,Rute-F,Grogol Hub (Jakbar),793.0,1200,16.6,0.6,58.0,IDLE_DOCK,NO
2026-07-20 15:57:00,TRK-082,Rute-G,Petamburan Hub,794.1,1200,17.02,0.8,58.8,LOADED,YES
2026-07-21 06:04:00,TRK-083,Rute-H,Bekasi Logistics Hub,795.2,1200,17.44,1.0,59.6,DELIVERED,YES
2026-07-22 09:11:00,TRK-084,Rute-I,Depok Hub,796.3,1200,17.86,1.1,60.4,IN_TRANSIT,YES
2026-07-23 12:18:00,TRK-085,Rute-J,Bogor Transit Hub,797.4,1200,18.28,1.3,61.2,IDLE_DOCK,NO
2026-07-24 15:25:00,TRK-086,Rute-K,Cikarang Industrial Hub,798.5,1200,18.7,1.5,62.0,LOADED,YES
2026-07-25 06:32:00,TRK-087,Rute-L,Gudang West (Tangerang),799.6,1200,19.12,1.7,62.8,DELIVERED,YES
2026-07-26 09:39:00,TRK-088,Rute-M,Central Hub (Jakarta),800.7,1200,19.54,1.9,63.6,IN_TRANSIT,YES
2026-07-27 12:46:00,TRK-089,Rute-N,Grogol Hub (Jakbar),801.8,1200,19.96,2.0,64.4,IDLE_DOCK,NO
2026-07-28 15:53:00,TRK-090,Rute-O,Petamburan Hub,802.9,1200,20.38,2.2,65.2,LOADED,YES
2026-07-29 06:00:00,TRK-091,Rute-A,Bekasi Logistics Hub,804.0,1200,20.8,2.4,66.0,DELIVERED,YES
2026-07-30 09:07:00,TRK-092,Rute-B,Depok Hub,805.1,1200,21.22,0.6,66.8,IN_TRANSIT,YES
2026-07-31 12:14:00,TRK-093,Rute-C,Bogor Transit Hub,806.2,1200,21.64,0.8,67.6,IDLE_DOCK,NO
2026-07-01 15:21:00,TRK-094,Rute-D,Cikarang Industrial Hub,807.3,1200,22.06,1.0,68.4,LOADED,YES
2026-07-02 06:28:00,TRK-095,Rute-E,Gudang West (Tangerang),808.4,1200,22.48,1.1,69.2,DELIVERED,YES
2026-07-03 09:35:00,TRK-096,Rute-F,Central Hub (Jakarta),809.5,1200,22.9,1.3,70.0,IN_TRANSIT,YES
2026-07-04 12:42:00,TRK-097,Rute-G,Grogol Hub (Jakbar),810.6,1200,23.32,1.5,70.8,IDLE_DOCK,NO
2026-07-05 15:49:00,TRK-098,Rute-H,Petamburan Hub,811.7,1200,23.74,1.7,71.6,LOADED,YES
2026-07-06 06:56:00,TRK-099,Rute-I,Bekasi Logistics Hub,812.8,1200,24.16,1.9,72.4,DELIVERED,YES
2026-07-07 09:03:00,TRK-100,Rute-J,Depok Hub,813.9,1200,24.58,2.0,73.2,IN_TRANSIT,YES
2026-07-08 12:10:00,TRK-101,Rute-K,Bogor Transit Hub,815.0,1200,14.5,2.2,74.0,IDLE_DOCK,NO
2026-07-09 15:17:00,TRK-102,Rute-L,Cikarang Industrial Hub,816.1,1200,14.92,2.4,74.8,LOADED,YES
2026-07-10 06:24:00,TRK-103,Rute-M,Gudang West (Tangerang),817.2,1200,15.34,0.6,75.6,DELIVERED,YES
2026-07-11 09:31:00,TRK-104,Rute-N,Central Hub (Jakarta),818.3,1200,15.76,0.8,76.4,IN_TRANSIT,YES
2026-07-12 12:38:00,TRK-105,Rute-O,Grogol Hub (Jakbar),819.4,1200,16.18,1.0,77.2,IDLE_DOCK,NO
2026-07-13 15:45:00,TRK-106,Rute-A,Petamburan Hub,820.5,1200,16.6,1.1,78.0,LOADED,YES
2026-07-14 06:52:00,TRK-107,Rute-B,Bekasi Logistics Hub,821.6,1200,17.02,1.3,78.8,DELIVERED,YES
2026-07-15 09:59:00,TRK-108,Rute-C,Depok Hub,822.7,1200,17.44,1.5,79.6,IN_TRANSIT,YES
2026-07-16 12:06:00,TRK-109,Rute-D,Bogor Transit Hub,823.8,1200,17.86,1.7,80.4,IDLE_DOCK,NO
2026-07-17 15:13:00,TRK-110,Rute-E,Cikarang Industrial Hub,824.9,1200,18.28,1.9,81.2,LOADED,YES
2026-07-18 06:20:00,TRK-111,Rute-F,Gudang West (Tangerang),826.0,1200,18.7,2.0,82.0,DELIVERED,YES
2026-07-19 09:27:00,TRK-112,Rute-G,Central Hub (Jakarta),827.1,1200,19.12,2.2,82.8,IN_TRANSIT,YES
2026-07-20 12:34:00,TRK-113,Rute-H,Grogol Hub (Jakbar),828.2,1200,19.54,2.4,83.6,IDLE_DOCK,NO
2026-07-21 15:41:00,TRK-114,Rute-I,Petamburan Hub,829.3,1200,19.96,0.6,84.4,LOADED,YES
2026-07-22 06:48:00,TRK-115,Rute-J,Bekasi Logistics Hub,830.4,1200,20.38,0.8,85.2,DELIVERED,YES
2026-07-23 09:55:00,TRK-116,Rute-K,Depok Hub,831.5,1200,20.8,1.0,86.0,IN_TRANSIT,YES
2026-07-24 12:02:00,TRK-117,Rute-L,Bogor Transit Hub,832.6,1200,21.22,1.1,86.8,IDLE_DOCK,NO
2026-07-25 15:09:00,TRK-118,Rute-M,Cikarang Industrial Hub,833.7,1200,21.64,1.3,87.6,LOADED,YES
2026-07-26 06:16:00,TRK-119,Rute-N,Gudang West (Tangerang),834.8,1200,22.06,1.5,88.4,DELIVERED,YES
2026-07-27 09:23:00,TRK-120,Rute-O,Central Hub (Jakarta),835.9,1200,22.48,1.7,89.2,IN_TRANSIT,YES
2026-07-28 12:30:00,TRK-121,Rute-A,Grogol Hub (Jakbar),837.0,1200,22.9,1.9,18.0,IDLE_DOCK,NO
2026-07-29 15:37:00,TRK-122,Rute-B,Petamburan Hub,838.1,1200,23.32,2.0,18.8,LOADED,YES
2026-07-30 06:44:00,TRK-123,Rute-C,Bekasi Logistics Hub,839.2,1200,23.74,2.2,19.6,DELIVERED,YES
2026-07-31 09:51:00,TRK-124,Rute-D,Depok Hub,840.3,1200,24.16,2.4,20.4,IN_TRANSIT,YES
2026-07-01 12:58:00,TRK-125,Rute-E,Bogor Transit Hub,841.4,1200,24.58,0.6,21.2,IDLE_DOCK,NO
2026-07-02 15:05:00,TRK-126,Rute-F,Cikarang Industrial Hub,842.5,1200,14.5,0.8,22.0,LOADED,YES
2026-07-03 06:12:00,TRK-127,Rute-G,Gudang West (Tangerang),843.6,1200,14.92,1.0,22.8,DELIVERED,YES
2026-07-04 09:19:00,TRK-128,Rute-H,Central Hub (Jakarta),844.7,1200,15.34,1.1,23.6,IN_TRANSIT,YES
2026-07-05 12:26:00,TRK-129,Rute-I,Grogol Hub (Jakbar),845.8,1200,15.76,1.3,24.4,IDLE_DOCK,NO
2026-07-06 15:33:00,TRK-130,Rute-J,Petamburan Hub,846.9,1200,16.18,1.5,25.2,LOADED,YES
2026-07-07 06:40:00,TRK-131,Rute-K,Bekasi Logistics Hub,848.0,1200,16.6,1.7,26.0,DELIVERED,YES
2026-07-08 09:47:00,TRK-132,Rute-L,Depok Hub,849.1,1200,17.02,1.9,26.8,IN_TRANSIT,YES
2026-07-09 12:54:00,TRK-133,Rute-M,Bogor Transit Hub,850.2,1200,17.44,2.0,27.6,IDLE_DOCK,NO
2026-07-10 15:01:00,TRK-134,Rute-N,Cikarang Industrial Hub,851.3,1200,17.86,2.2,28.4,LOADED,YES
2026-07-11 06:08:00,TRK-135,Rute-O,Gudang West (Tangerang),852.4,1200,18.28,2.4,29.2,DELIVERED,YES
2026-07-12 09:15:00,TRK-136,Rute-A,Central Hub (Jakarta),853.5,1200,18.7,0.6,30.0,IN_TRANSIT,YES
2026-07-13 12:22:00,TRK-137,Rute-B,Grogol Hub (Jakbar),854.6,1200,19.12,0.8,30.8,IDLE_DOCK,NO
2026-07-14 15:29:00,TRK-138,Rute-C,Petamburan Hub,855.7,1200,19.54,1.0,31.6,LOADED,YES
2026-07-15 06:36:00,TRK-139,Rute-D,Bekasi Logistics Hub,856.8,1200,19.96,1.1,32.4,DELIVERED,YES
2026-07-16 09:43:00,TRK-140,Rute-E,Depok Hub,857.9,1200,20.38,1.3,33.2,IN_TRANSIT,YES
2026-07-17 12:50:00,TRK-141,Rute-F,Bogor Transit Hub,859.0,1200,20.8,1.5,34.0,IDLE_DOCK,NO
2026-07-18 15:57:00,TRK-142,Rute-G,Cikarang Industrial Hub,860.1,1200,21.22,1.7,34.8,LOADED,YES
2026-07-19 06:04:00,TRK-143,Rute-H,Gudang West (Tangerang),861.2,1200,21.64,1.9,35.6,DELIVERED,YES
2026-07-20 09:11:00,TRK-144,Rute-I,Central Hub (Jakarta),862.3,1200,22.06,2.0,36.4,IN_TRANSIT,YES
2026-07-21 12:18:00,TRK-145,Rute-J,Grogol Hub (Jakbar),863.4,1200,22.48,2.2,37.2,IDLE_DOCK,NO
2026-07-22 15:25:00,TRK-146,Rute-K,Petamburan Hub,864.5,1200,22.9,2.4,38.0,LOADED,YES
2026-07-23 06:32:00,TRK-147,Rute-L,Bekasi Logistics Hub,865.6,1200,23.32,0.6,38.8,DELIVERED,YES
2026-07-24 09:39:00,TRK-148,Rute-M,Depok Hub,866.7,1200,23.74,0.8,39.6,IN_TRANSIT,YES
2026-07-25 12:46:00,TRK-149,Rute-N,Bogor Transit Hub,867.8,1200,24.16,1.0,40.4,IDLE_DOCK,NO
2026-07-26 15:53:00,TRK-150,Rute-O,Cikarang Industrial Hub,868.9,1200,24.58,1.1,41.2,LOADED,YES
2026-07-27 06:00:00,TRK-001,Rute-A,Gudang West (Tangerang),870.0,1200,14.5,1.3,42.0,DELIVERED,YES
2026-07-28 09:07:00,TRK-002,Rute-B,Central Hub (Jakarta),871.1,1200,14.92,1.5,42.8,IN_TRANSIT,YES
2026-07-29 12:14:00,TRK-003,Rute-C,Grogol Hub (Jakbar),872.2,1200,15.34,1.7,43.6,IDLE_DOCK,NO
2026-07-30 15:21:00,TRK-004,Rute-D,Petamburan Hub,873.3,1200,15.76,1.9,44.4,LOADED,YES
2026-07-31 06:28:00,TRK-005,Rute-E,Bekasi Logistics Hub,874.4,1200,16.18,2.0,45.2,DELIVERED,YES
2026-07-01 09:35:00,TRK-006,Rute-F,Depok Hub,875.5,1200,16.6,2.2,46.0,IN_TRANSIT,YES
2026-07-02 12:42:00,TRK-007,Rute-G,Bogor Transit Hub,876.6,1200,17.02,2.4,46.8,IDLE_DOCK,NO
2026-07-03 15:49:00,TRK-008,Rute-H,Cikarang Industrial Hub,877.7,1200,17.44,0.6,47.6,LOADED,YES
2026-07-04 06:56:00,TRK-009,Rute-I,Gudang West (Tangerang),878.8,1200,17.86,0.8,48.4,DELIVERED,YES
2026-07-05 09:03:00,TRK-010,Rute-J,Central Hub (Jakarta),879.9,1200,18.28,1.0,49.2,IN_TRANSIT,YES
2026-07-06 12:10:00,TRK-011,Rute-K,Grogol Hub (Jakbar),881.0,1200,18.7,1.1,50.0,IDLE_DOCK,NO
2026-07-07 15:17:00,TRK-012,Rute-L,Petamburan Hub,882.1,1200,19.12,1.3,50.8,LOADED,YES
2026-07-08 06:24:00,TRK-013,Rute-M,Bekasi Logistics Hub,883.2,1200,19.54,1.5,51.6,DELIVERED,YES
2026-07-09 09:31:00,TRK-014,Rute-N,Depok Hub,884.3,1200,19.96,1.7,52.4,IN_TRANSIT,YES
2026-07-10 12:38:00,TRK-015,Rute-O,Bogor Transit Hub,885.4,1200,20.38,1.9,53.2,IDLE_DOCK,NO
2026-07-11 15:45:00,TRK-016,Rute-A,Cikarang Industrial Hub,886.5,1200,20.8,2.0,54.0,LOADED,YES
2026-07-12 06:52:00,TRK-017,Rute-B,Gudang West (Tangerang),887.6,1200,21.22,2.2,54.8,DELIVERED,YES
2026-07-13 09:59:00,TRK-018,Rute-C,Central Hub (Jakarta),888.7,1200,21.64,2.4,55.6,IN_TRANSIT,YES
2026-07-14 12:06:00,TRK-019,Rute-D,Grogol Hub (Jakbar),889.8,1200,22.06,0.6,56.4,IDLE_DOCK,NO
2026-07-15 15:13:00,TRK-020,Rute-E,Petamburan Hub,890.9,1200,22.48,0.8,57.2,LOADED,YES
2026-07-16 06:20:00,TRK-021,Rute-F,Bekasi Logistics Hub,892.0,1200,22.9,1.0,58.0,DELIVERED,YES
2026-07-17 09:27:00,TRK-022,Rute-G,Depok Hub,893.1,1200,23.32,1.1,58.8,IN_TRANSIT,YES
2026-07-18 12:34:00,TRK-023,Rute-H,Bogor Transit Hub,894.2,1200,23.74,1.3,59.6,IDLE_DOCK,NO
2026-07-19 15:41:00,TRK-024,Rute-I,Cikarang Industrial Hub,895.3,1200,24.16,1.5,60.4,LOADED,YES
2026-07-20 06:48:00,TRK-025,Rute-J,Gudang West (Tangerang),896.4,1200,24.58,1.7,61.2,DELIVERED,YES
2026-07-21 09:55:00,TRK-026,Rute-K,Central Hub (Jakarta),897.5,1200,14.5,1.9,62.0,IN_TRANSIT,YES
2026-07-22 12:02:00,TRK-027,Rute-L,Grogol Hub (Jakbar),898.6,1200,14.92,2.0,62.8,IDLE_DOCK,NO
2026-07-23 15:09:00,TRK-028,Rute-M,Petamburan Hub,899.7,1200,15.34,2.2,63.6,LOADED,YES
2026-07-24 06:16:00,TRK-029,Rute-N,Bekasi Logistics Hub,900.8,1200,15.76,2.4,64.4,DELIVERED,YES
2026-07-25 09:23:00,TRK-030,Rute-O,Depok Hub,901.9,1200,16.18,0.6,65.2,IN_TRANSIT,YES
2026-07-26 12:30:00,TRK-031,Rute-A,Bogor Transit Hub,903.0,1200,16.6,0.8,66.0,IDLE_DOCK,NO
2026-07-27 15:37:00,TRK-032,Rute-B,Cikarang Industrial Hub,904.1,1200,17.02,1.0,66.8,LOADED,YES
2026-07-28 06:44:00,TRK-033,Rute-C,Gudang West (Tangerang),905.2,1200,17.44,1.1,67.6,DELIVERED,YES
2026-07-29 09:51:00,TRK-034,Rute-D,Central Hub (Jakarta),906.3,1200,17.86,1.3,68.4,IN_TRANSIT,YES
2026-07-30 12:58:00,TRK-035,Rute-E,Grogol Hub (Jakbar),907.4,1200,18.28,1.5,69.2,IDLE_DOCK,NO
2026-07-31 15:05:00,TRK-036,Rute-F,Petamburan Hub,908.5,1200,18.7,1.7,70.0,LOADED,YES
2026-07-01 06:12:00,TRK-037,Rute-G,Bekasi Logistics Hub,909.6,1200,19.12,1.9,70.8,DELIVERED,YES
2026-07-02 09:19:00,TRK-038,Rute-H,Depok Hub,910.7,1200,19.54,2.0,71.6,IN_TRANSIT,YES
2026-07-03 12:26:00,TRK-039,Rute-I,Bogor Transit Hub,911.8,1200,19.96,2.2,72.4,IDLE_DOCK,NO
2026-07-04 15:33:00,TRK-040,Rute-J,Cikarang Industrial Hub,912.9,1200,20.38,2.4,73.2,LOADED,YES
2026-07-05 06:40:00,TRK-041,Rute-K,Gudang West (Tangerang),914.0,1200,20.8,0.6,74.0,DELIVERED,YES
2026-07-06 09:47:00,TRK-042,Rute-L,Central Hub (Jakarta),915.1,1200,21.22,0.8,74.8,IN_TRANSIT,YES
2026-07-07 12:54:00,TRK-043,Rute-M,Grogol Hub (Jakbar),916.2,1200,21.64,1.0,75.6,IDLE_DOCK,NO
2026-07-08 15:01:00,TRK-044,Rute-N,Petamburan Hub,917.3,1200,22.06,1.1,76.4,LOADED,YES
2026-07-09 06:08:00,TRK-045,Rute-O,Bekasi Logistics Hub,918.4,1200,22.48,1.3,77.2,DELIVERED,YES
2026-07-10 09:15:00,TRK-046,Rute-A,Depok Hub,919.5,1200,22.9,1.5,78.0,IN_TRANSIT,YES
2026-07-11 12:22:00,TRK-047,Rute-B,Bogor Transit Hub,920.6,1200,23.32,1.7,78.8,IDLE_DOCK,NO
2026-07-12 15:29:00,TRK-048,Rute-C,Cikarang Industrial Hub,921.7,1200,23.74,1.9,79.6,LOADED,YES
2026-07-13 06:36:00,TRK-049,Rute-D,Gudang West (Tangerang),922.8,1200,24.16,2.0,80.4,DELIVERED,YES
2026-07-14 09:43:00,TRK-050,Rute-E,Central Hub (Jakarta),923.9,1200,24.58,2.2,81.2,IN_TRANSIT,YES
2026-07-15 12:50:00,TRK-051,Rute-F,Grogol Hub (Jakbar),925.0,1200,14.5,2.4,82.0,IDLE_DOCK,NO
2026-07-16 15:57:00,TRK-052,Rute-G,Petamburan Hub,926.1,1200,14.92,0.6,82.8,LOADED,YES
2026-07-17 06:04:00,TRK-053,Rute-H,Bekasi Logistics Hub,927.2,1200,15.34,0.8,83.6,DELIVERED,YES
2026-07-18 09:11:00,TRK-054,Rute-I,Depok Hub,928.3,1200,15.76,1.0,84.4,IN_TRANSIT,YES
2026-07-19 12:18:00,TRK-055,Rute-J,Bogor Transit Hub,929.4,1200,16.18,1.1,85.2,IDLE_DOCK,NO
2026-07-20 15:25:00,TRK-056,Rute-K,Cikarang Industrial Hub,930.5,1200,16.6,1.3,86.0,LOADED,YES
2026-07-21 06:32:00,TRK-057,Rute-L,Gudang West (Tangerang),931.6,1200,17.02,1.5,86.8,DELIVERED,YES
2026-07-22 09:39:00,TRK-058,Rute-M,Central Hub (Jakarta),932.7,1200,17.44,1.7,87.6,IN_TRANSIT,YES
2026-07-23 12:46:00,TRK-059,Rute-N,Grogol Hub (Jakbar),933.8,1200,17.86,1.9,88.4,IDLE_DOCK,NO
2026-07-24 15:53:00,TRK-060,Rute-O,Petamburan Hub,934.9,1200,18.28,2.0,89.2,LOADED,YES
2026-07-25 06:00:00,TRK-061,Rute-A,Bekasi Logistics Hub,936.0,1200,18.7,2.2,18.0,DELIVERED,YES
2026-07-26 09:07:00,TRK-062,Rute-B,Depok Hub,937.1,1200,19.12,2.4,18.8,IN_TRANSIT,YES
2026-07-27 12:14:00,TRK-063,Rute-C,Bogor Transit Hub,938.2,1200,19.54,0.6,19.6,IDLE_DOCK,NO
2026-07-28 15:21:00,TRK-064,Rute-D,Cikarang Industrial Hub,939.3,1200,19.96,0.8,20.4,LOADED,YES
2026-07-29 06:28:00,TRK-065,Rute-E,Gudang West (Tangerang),940.4,1200,20.38,1.0,21.2,DELIVERED,YES
2026-07-30 09:35:00,TRK-066,Rute-F,Central Hub (Jakarta),941.5,1200,20.8,1.1,22.0,IN_TRANSIT,YES
2026-07-31 12:42:00,TRK-067,Rute-G,Grogol Hub (Jakbar),942.6,1200,21.22,1.3,22.8,IDLE_DOCK,NO
2026-07-01 15:49:00,TRK-068,Rute-H,Petamburan Hub,943.7,1200,21.64,1.5,23.6,LOADED,YES
2026-07-02 06:56:00,TRK-069,Rute-I,Bekasi Logistics Hub,944.8,1200,22.06,1.7,24.4,DELIVERED,YES
2026-07-03 09:03:00,TRK-070,Rute-J,Depok Hub,945.9,1200,22.48,1.9,25.2,IN_TRANSIT,YES
2026-07-04 12:10:00,TRK-071,Rute-K,Bogor Transit Hub,947.0,1200,22.9,2.0,26.0,IDLE_DOCK,NO
2026-07-05 15:17:00,TRK-072,Rute-L,Cikarang Industrial Hub,948.1,1200,23.32,2.2,26.8,LOADED,YES
2026-07-06 06:24:00,TRK-073,Rute-M,Gudang West (Tangerang),949.2,1200,23.74,2.4,27.6,DELIVERED,YES
2026-07-07 09:31:00,TRK-074,Rute-N,Central Hub (Jakarta),950.3,1200,24.16,0.6,28.4,IN_TRANSIT,YES
2026-07-08 12:38:00,TRK-075,Rute-O,Grogol Hub (Jakbar),951.4,1200,24.58,0.8,29.2,IDLE_DOCK,NO
2026-07-09 15:45:00,TRK-076,Rute-A,Petamburan Hub,952.5,1200,14.5,1.0,30.0,LOADED,YES
2026-07-10 06:52:00,TRK-077,Rute-B,Bekasi Logistics Hub,953.6,1200,14.92,1.1,30.8,DELIVERED,YES
2026-07-11 09:59:00,TRK-078,Rute-C,Depok Hub,954.7,1200,15.34,1.3,31.6,IN_TRANSIT,YES
2026-07-12 12:06:00,TRK-079,Rute-D,Bogor Transit Hub,955.8,1200,15.76,1.5,32.4,IDLE_DOCK,NO
2026-07-13 15:13:00,TRK-080,Rute-E,Cikarang Industrial Hub,956.9,1200,16.18,1.7,33.2,LOADED,YES
2026-07-14 06:20:00,TRK-081,Rute-F,Gudang West (Tangerang),958.0,1200,16.6,1.9,34.0,DELIVERED,YES
2026-07-15 09:27:00,TRK-082,Rute-G,Central Hub (Jakarta),959.1,1200,17.02,2.0,34.8,IN_TRANSIT,YES
2026-07-16 12:34:00,TRK-083,Rute-H,Grogol Hub (Jakbar),960.2,1200,17.44,2.2,35.6,IDLE_DOCK,NO
2026-07-17 15:41:00,TRK-084,Rute-I,Petamburan Hub,961.3,1200,17.86,2.4,36.4,LOADED,YES
2026-07-18 06:48:00,TRK-085,Rute-J,Bekasi Logistics Hub,962.4,1200,18.28,0.6,37.2,DELIVERED,YES
2026-07-19 09:55:00,TRK-086,Rute-K,Depok Hub,963.5,1200,18.7,0.8,38.0,IN_TRANSIT,YES
2026-07-20 12:02:00,TRK-087,Rute-L,Bogor Transit Hub,964.6,1200,19.12,1.0,38.8,IDLE_DOCK,NO
2026-07-21 15:09:00,TRK-088,Rute-M,Cikarang Industrial Hub,965.7,1200,19.54,1.1,39.6,LOADED,YES
2026-07-22 06:16:00,TRK-089,Rute-N,Gudang West (Tangerang),966.8,1200,19.96,1.3,40.4,DELIVERED,YES
2026-07-23 09:23:00,TRK-090,Rute-O,Central Hub (Jakarta),967.9,1200,20.38,1.5,41.2,IN_TRANSIT,YES
2026-07-24 12:30:00,TRK-091,Rute-A,Grogol Hub (Jakbar),969.0,1200,20.8,1.7,42.0,IDLE_DOCK,NO
2026-07-25 15:37:00,TRK-092,Rute-B,Petamburan Hub,970.1,1200,21.22,1.9,42.8,LOADED,YES
2026-07-26 06:44:00,TRK-093,Rute-C,Bekasi Logistics Hub,971.2,1200,21.64,2.0,43.6,DELIVERED,YES
2026-07-27 09:51:00,TRK-094,Rute-D,Depok Hub,972.3,1200,22.06,2.2,44.4,IN_TRANSIT,YES
2026-07-28 12:58:00,TRK-095,Rute-E,Bogor Transit Hub,973.4,1200,22.48,2.4,45.2,IDLE_DOCK,NO
2026-07-29 15:05:00,TRK-096,Rute-F,Cikarang Industrial Hub,974.5,1200,22.9,0.6,46.0,LOADED,YES
2026-07-30 06:12:00,TRK-097,Rute-G,Gudang West (Tangerang),975.6,1200,23.32,0.8,46.8,DELIVERED,YES
2026-07-31 09:19:00,TRK-098,Rute-H,Central Hub (Jakarta),976.7,1200,23.74,1.0,47.6,IN_TRANSIT,YES
2026-07-01 12:26:00,TRK-099,Rute-I,Grogol Hub (Jakbar),977.8,1200,24.16,1.1,48.4,IDLE_DOCK,NO
2026-07-02 15:33:00,TRK-100,Rute-J,Petamburan Hub,978.9,1200,24.58,1.3,49.2,LOADED,YES
2026-07-03 06:40:00,TRK-101,Rute-K,Bekasi Logistics Hub,980.0,1200,14.5,1.5,50.0,DELIVERED,YES
2026-07-04 09:47:00,TRK-102,Rute-L,Depok Hub,981.1,1200,14.92,1.7,50.8,IN_TRANSIT,YES
2026-07-05 12:54:00,TRK-103,Rute-M,Bogor Transit Hub,982.2,1200,15.34,1.9,51.6,IDLE_DOCK,NO
2026-07-06 15:01:00,TRK-104,Rute-N,Cikarang Industrial Hub,983.3,1200,15.76,2.0,52.4,LOADED,YES
2026-07-07 06:08:00,TRK-105,Rute-O,Gudang West (Tangerang),984.4,1200,16.18,2.2,53.2,DELIVERED,YES
2026-07-08 09:15:00,TRK-106,Rute-A,Central Hub (Jakarta),985.5,1200,16.6,2.4,54.0,IN_TRANSIT,YES
2026-07-09 12:22:00,TRK-107,Rute-B,Grogol Hub (Jakbar),986.6,1200,17.02,0.6,54.8,IDLE_DOCK,NO
2026-07-10 15:29:00,TRK-108,Rute-C,Petamburan Hub,987.7,1200,17.44,0.8,55.6,LOADED,YES
2026-07-11 06:36:00,TRK-109,Rute-D,Bekasi Logistics Hub,988.8,1200,17.86,1.0,56.4,DELIVERED,YES
2026-07-12 09:43:00,TRK-110,Rute-E,Depok Hub,989.9,1200,18.28,1.1,57.2,IN_TRANSIT,YES
2026-07-13 12:50:00,TRK-111,Rute-F,Bogor Transit Hub,991.0,1200,18.7,1.3,58.0,IDLE_DOCK,NO
2026-07-14 15:57:00,TRK-112,Rute-G,Cikarang Industrial Hub,992.1,1200,19.12,1.5,58.8,LOADED,YES
2026-07-15 06:04:00,TRK-113,Rute-H,Gudang West (Tangerang),993.2,1200,19.54,1.7,59.6,DELIVERED,YES
2026-07-16 09:11:00,TRK-114,Rute-I,Central Hub (Jakarta),994.3,1200,19.96,1.9,60.4,IN_TRANSIT,YES
2026-07-17 12:18:00,TRK-115,Rute-J,Grogol Hub (Jakbar),995.4,1200,20.38,2.0,61.2,IDLE_DOCK,NO
2026-07-18 15:25:00,TRK-116,Rute-K,Petamburan Hub,996.5,1200,20.8,2.2,62.0,LOADED,YES
2026-07-19 06:32:00,TRK-117,Rute-L,Bekasi Logistics Hub,997.6,1200,21.22,2.4,62.8,DELIVERED,YES
2026-07-20 09:39:00,TRK-118,Rute-M,Depok Hub,998.7,1200,21.64,0.6,63.6,IN_TRANSIT,YES
2026-07-21 12:46:00,TRK-119,Rute-N,Bogor Transit Hub,999.8,1200,22.06,0.8,64.4,IDLE_DOCK,NO
2026-07-22 15:53:00,TRK-120,Rute-O,Cikarang Industrial Hub,1000.9,1200,22.48,1.0,65.2,LOADED,YES
2026-07-23 06:00:00,TRK-121,Rute-A,Gudang West (Tangerang),1002.0,1200,22.9,1.1,66.0,DELIVERED,YES
2026-07-24 09:07:00,TRK-122,Rute-B,Central Hub (Jakarta),1003.1,1200,23.32,1.3,66.8,IN_TRANSIT,YES
2026-07-25 12:14:00,TRK-123,Rute-C,Grogol Hub (Jakbar),1004.2,1200,23.74,1.5,67.6,IDLE_DOCK,NO
2026-07-26 15:21:00,TRK-124,Rute-D,Petamburan Hub,1005.3,1200,24.16,1.7,68.4,LOADED,YES
2026-07-27 06:28:00,TRK-125,Rute-E,Bekasi Logistics Hub,1006.4,1200,24.58,1.9,69.2,DELIVERED,YES
2026-07-28 09:35:00,TRK-126,Rute-F,Depok Hub,1007.5,1200,14.5,2.0,70.0,IN_TRANSIT,YES
2026-07-29 12:42:00,TRK-127,Rute-G,Bogor Transit Hub,1008.6,1200,14.92,2.2,70.8,IDLE_DOCK,NO
2026-07-30 15:49:00,TRK-128,Rute-H,Cikarang Industrial Hub,1009.7,1200,15.34,2.4,71.6,LOADED,YES
2026-07-31 06:56:00,TRK-129,Rute-I,Gudang West (Tangerang),1010.8,1200,15.76,0.6,72.4,DELIVERED,YES
2026-07-01 09:03:00,TRK-130,Rute-J,Central Hub (Jakarta),1011.9,1200,16.18,0.8,73.2,IN_TRANSIT,YES
2026-07-02 12:10:00,TRK-131,Rute-K,Grogol Hub (Jakbar),1013.0,1200,16.6,1.0,74.0,IDLE_DOCK,NO
2026-07-03 15:17:00,TRK-132,Rute-L,Petamburan Hub,1014.1,1200,17.02,1.1,74.8,LOADED,YES
2026-07-04 06:24:00,TRK-133,Rute-M,Bekasi Logistics Hub,1015.2,1200,17.44,1.3,75.6,DELIVERED,YES
2026-07-05 09:31:00,TRK-134,Rute-N,Depok Hub,1016.3,1200,17.86,1.5,76.4,IN_TRANSIT,YES
2026-07-06 12:38:00,TRK-135,Rute-O,Bogor Transit Hub,1017.4,1200,18.28,1.7,77.2,IDLE_DOCK,NO
2026-07-07 15:45:00,TRK-136,Rute-A,Cikarang Industrial Hub,1018.5,1200,18.7,1.9,78.0,LOADED,YES
2026-07-08 06:52:00,TRK-137,Rute-B,Gudang West (Tangerang),1019.6,1200,19.12,2.0,78.8,DELIVERED,YES
2026-07-09 09:59:00,TRK-138,Rute-C,Central Hub (Jakarta),1020.7,1200,19.54,2.2,79.6,IN_TRANSIT,YES
2026-07-10 12:06:00,TRK-139,Rute-D,Grogol Hub (Jakbar),1021.8,1200,19.96,2.4,80.4,IDLE_DOCK,NO
2026-07-11 15:13:00,TRK-140,Rute-E,Petamburan Hub,1022.9,1200,20.38,0.6,81.2,LOADED,YES
2026-07-12 06:20:00,TRK-141,Rute-F,Bekasi Logistics Hub,1024.0,1200,20.8,0.8,82.0,DELIVERED,YES
2026-07-13 09:27:00,TRK-142,Rute-G,Depok Hub,1025.1,1200,21.22,1.0,82.8,IN_TRANSIT,YES
2026-07-14 12:34:00,TRK-143,Rute-H,Bogor Transit Hub,1026.2,1200,21.64,1.1,83.6,IDLE_DOCK,NO
2026-07-15 15:41:00,TRK-144,Rute-I,Cikarang Industrial Hub,1027.3,1200,22.06,1.3,84.4,LOADED,YES
2026-07-16 06:48:00,TRK-145,Rute-J,Gudang West (Tangerang),1028.4,1200,22.48,1.5,85.2,DELIVERED,YES
2026-07-17 09:55:00,TRK-146,Rute-K,Central Hub (Jakarta),1029.5,1200,22.9,1.7,86.0,IN_TRANSIT,YES
2026-07-18 12:02:00,TRK-147,Rute-L,Grogol Hub (Jakbar),1030.6,1200,23.32,1.9,86.8,IDLE_DOCK,NO
2026-07-19 15:09:00,TRK-148,Rute-M,Petamburan Hub,1031.7,1200,23.74,2.0,87.6,LOADED,YES
2026-07-20 06:16:00,TRK-149,Rute-N,Bekasi Logistics Hub,1032.8,1200,24.16,2.2,88.4,DELIVERED,YES
2026-07-21 09:23:00,TRK-150,Rute-O,Depok Hub,1033.9,1200,24.58,2.4,89.2,IN_TRANSIT,YES
2026-07-22 12:30:00,TRK-001,Rute-A,Bogor Transit Hub,1035.0,1200,14.5,0.6,18.0,IDLE_DOCK,NO
2026-07-23 15:37:00,TRK-002,Rute-B,Cikarang Industrial Hub,1036.1,1200,14.92,0.8,18.8,LOADED,YES
2026-07-24 06:44:00,TRK-003,Rute-C,Gudang West (Tangerang),1037.2,1200,15.34,1.0,19.6,DELIVERED,YES
2026-07-25 09:51:00,TRK-004,Rute-D,Central Hub (Jakarta),1038.3,1200,15.76,1.1,20.4,IN_TRANSIT,YES
2026-07-26 12:58:00,TRK-005,Rute-E,Grogol Hub (Jakbar),1039.4,1200,16.18,1.3,21.2,IDLE_DOCK,NO
2026-07-27 15:05:00,TRK-006,Rute-F,Petamburan Hub,1040.5,1200,16.6,1.5,22.0,LOADED,YES
2026-07-28 06:12:00,TRK-007,Rute-G,Bekasi Logistics Hub,1041.6,1200,17.02,1.7,22.8,DELIVERED,YES
2026-07-29 09:19:00,TRK-008,Rute-H,Depok Hub,1042.7,1200,17.44,1.9,23.6,IN_TRANSIT,YES
2026-07-30 12:26:00,TRK-009,Rute-I,Bogor Transit Hub,1043.8,1200,17.86,2.0,24.4,IDLE_DOCK,NO
2026-07-31 15:33:00,TRK-010,Rute-J,Cikarang Industrial Hub,1044.9,1200,18.28,2.2,25.2,LOADED,YES
2026-07-01 06:40:00,TRK-011,Rute-K,Gudang West (Tangerang),1046.0,1200,18.7,2.4,26.0,DELIVERED,YES
2026-07-02 09:47:00,TRK-012,Rute-L,Central Hub (Jakarta),1047.1,1200,19.12,0.6,26.8,IN_TRANSIT,YES
2026-07-03 12:54:00,TRK-013,Rute-M,Grogol Hub (Jakbar),1048.2,1200,19.54,0.8,27.6,IDLE_DOCK,NO
2026-07-04 15:01:00,TRK-014,Rute-N,Petamburan Hub,1049.3,1200,19.96,1.0,28.4,LOADED,YES
2026-07-05 06:08:00,TRK-015,Rute-O,Bekasi Logistics Hub,1050.4,1200,20.38,1.1,29.2,DELIVERED,YES
2026-07-06 09:15:00,TRK-016,Rute-A,Depok Hub,1051.5,1200,20.8,1.3,30.0,IN_TRANSIT,YES
2026-07-07 12:22:00,TRK-017,Rute-B,Bogor Transit Hub,1052.6,1200,21.22,1.5,30.8,IDLE_DOCK,NO
2026-07-08 15:29:00,TRK-018,Rute-C,Cikarang Industrial Hub,1053.7,1200,21.64,1.7,31.6,LOADED,YES
2026-07-09 06:36:00,TRK-019,Rute-D,Gudang West (Tangerang),1054.8,1200,22.06,1.9,32.4,DELIVERED,YES
2026-07-10 09:43:00,TRK-020,Rute-E,Central Hub (Jakarta),1055.9,1200,22.48,2.0,33.2,IN_TRANSIT,YES
2026-07-11 12:50:00,TRK-021,Rute-F,Grogol Hub (Jakbar),1057.0,1200,22.9,2.2,34.0,IDLE_DOCK,NO
2026-07-12 15:57:00,TRK-022,Rute-G,Petamburan Hub,1058.1,1200,23.32,2.4,34.8,LOADED,YES
2026-07-13 06:04:00,TRK-023,Rute-H,Bekasi Logistics Hub,1059.2,1200,23.74,0.6,35.6,DELIVERED,YES
2026-07-14 09:11:00,TRK-024,Rute-I,Depok Hub,1060.3,1200,24.16,0.8,36.4,IN_TRANSIT,YES
2026-07-15 12:18:00,TRK-025,Rute-J,Bogor Transit Hub,1061.4,1200,24.58,1.0,37.2,IDLE_DOCK,NO
2026-07-16 15:25:00,TRK-026,Rute-K,Cikarang Industrial Hub,1062.5,1200,14.5,1.1,38.0,LOADED,YES
2026-07-17 06:32:00,TRK-027,Rute-L,Gudang West (Tangerang),1063.6,1200,14.92,1.3,38.8,DELIVERED,YES
2026-07-18 09:39:00,TRK-028,Rute-M,Central Hub (Jakarta),1064.7,1200,15.34,1.5,39.6,IN_TRANSIT,YES
2026-07-19 12:46:00,TRK-029,Rute-N,Grogol Hub (Jakbar),1065.8,1200,15.76,1.7,40.4,IDLE_DOCK,NO
2026-07-20 15:53:00,TRK-030,Rute-O,Petamburan Hub,1066.9,1200,16.18,1.9,41.2,LOADED,YES
2026-07-21 06:00:00,TRK-031,Rute-A,Bekasi Logistics Hub,1068.0,1200,16.6,2.0,42.0,DELIVERED,YES
2026-07-22 09:07:00,TRK-032,Rute-B,Depok Hub,1069.1,1200,17.02,2.2,42.8,IN_TRANSIT,YES
2026-07-23 12:14:00,TRK-033,Rute-C,Bogor Transit Hub,1070.2,1200,17.44,2.4,43.6,IDLE_DOCK,NO
2026-07-24 15:21:00,TRK-034,Rute-D,Cikarang Industrial Hub,1071.3,1200,17.86,0.6,44.4,LOADED,YES
2026-07-25 06:28:00,TRK-035,Rute-E,Gudang West (Tangerang),1072.4,1200,18.28,0.8,45.2,DELIVERED,YES
2026-07-26 09:35:00,TRK-036,Rute-F,Central Hub (Jakarta),1073.5,1200,18.7,1.0,46.0,IN_TRANSIT,YES
2026-07-27 12:42:00,TRK-037,Rute-G,Grogol Hub (Jakbar),1074.6,1200,19.12,1.1,46.8,IDLE_DOCK,NO
2026-07-28 15:49:00,TRK-038,Rute-H,Petamburan Hub,1075.7,1200,19.54,1.3,47.6,LOADED,YES
2026-07-29 06:56:00,TRK-039,Rute-I,Bekasi Logistics Hub,1076.8,1200,19.96,1.5,48.4,DELIVERED,YES
2026-07-30 09:03:00,TRK-040,Rute-J,Depok Hub,1077.9,1200,20.38,1.7,49.2,IN_TRANSIT,YES
2026-07-31 12:10:00,TRK-041,Rute-K,Bogor Transit Hub,1079.0,1200,20.8,1.9,50.0,IDLE_DOCK,NO
2026-07-01 15:17:00,TRK-042,Rute-L,Cikarang Industrial Hub,1080.1,1200,21.22,2.0,50.8,LOADED,YES
2026-07-02 06:24:00,TRK-043,Rute-M,Gudang West (Tangerang),1081.2,1200,21.64,2.2,51.6,DELIVERED,YES
2026-07-03 09:31:00,TRK-044,Rute-N,Central Hub (Jakarta),1082.3,1200,22.06,2.4,52.4,IN_TRANSIT,YES
2026-07-04 12:38:00,TRK-045,Rute-O,Grogol Hub (Jakbar),1083.4,1200,22.48,0.6,53.2,IDLE_DOCK,NO
2026-07-05 15:45:00,TRK-046,Rute-A,Petamburan Hub,1084.5,1200,22.9,0.8,54.0,LOADED,YES
2026-07-06 06:52:00,TRK-047,Rute-B,Bekasi Logistics Hub,1085.6,1200,23.32,1.0,54.8,DELIVERED,YES
2026-07-07 09:59:00,TRK-048,Rute-C,Depok Hub,1086.7,1200,23.74,1.1,55.6,IN_TRANSIT,YES
2026-07-08 12:06:00,TRK-049,Rute-D,Bogor Transit Hub,1087.8,1200,24.16,1.3,56.4,IDLE_DOCK,NO
2026-07-09 15:13:00,TRK-050,Rute-E,Cikarang Industrial Hub,1088.9,1200,24.58,1.5,57.2,LOADED,YES
2026-07-10 06:20:00,TRK-051,Rute-F,Gudang West (Tangerang),1090.0,1200,14.5,1.7,58.0,DELIVERED,YES
2026-07-11 09:27:00,TRK-052,Rute-G,Central Hub (Jakarta),1091.1,1200,14.92,1.9,58.8,IN_TRANSIT,YES
2026-07-12 12:34:00,TRK-053,Rute-H,Grogol Hub (Jakbar),1092.2,1200,15.34,2.0,59.6,IDLE_DOCK,NO
2026-07-13 15:41:00,TRK-054,Rute-I,Petamburan Hub,1093.3,1200,15.76,2.2,60.4,LOADED,YES
2026-07-14 06:48:00,TRK-055,Rute-J,Bekasi Logistics Hub,1094.4,1200,16.18,2.4,61.2,DELIVERED,YES
2026-07-15 09:55:00,TRK-056,Rute-K,Depok Hub,1095.5,1200,16.6,0.6,62.0,IN_TRANSIT,YES
2026-07-16 12:02:00,TRK-057,Rute-L,Bogor Transit Hub,1096.6,1200,17.02,0.8,62.8,IDLE_DOCK,NO
2026-07-17 15:09:00,TRK-058,Rute-M,Cikarang Industrial Hub,1097.7,1200,17.44,1.0,63.6,LOADED,YES
2026-07-18 06:16:00,TRK-059,Rute-N,Gudang West (Tangerang),1098.8,1200,17.86,1.1,64.4,DELIVERED,YES
2026-07-19 09:23:00,TRK-060,Rute-O,Central Hub (Jakarta),1099.9,1200,18.28,1.3,65.2,IN_TRANSIT,YES
2026-07-20 12:30:00,TRK-061,Rute-A,Grogol Hub (Jakbar),1101.0,1200,18.7,1.5,66.0,IDLE_DOCK,NO
2026-07-21 15:37:00,TRK-062,Rute-B,Petamburan Hub,1102.1,1200,19.12,1.7,66.8,LOADED,YES
2026-07-22 06:44:00,TRK-063,Rute-C,Bekasi Logistics Hub,1103.2,1200,19.54,1.9,67.6,DELIVERED,YES
2026-07-23 09:51:00,TRK-064,Rute-D,Depok Hub,1104.3,1200,19.96,2.0,68.4,IN_TRANSIT,YES
2026-07-24 12:58:00,TRK-065,Rute-E,Bogor Transit Hub,1105.4,1200,20.38,2.2,69.2,IDLE_DOCK,NO
2026-07-25 15:05:00,TRK-066,Rute-F,Cikarang Industrial Hub,1106.5,1200,20.8,2.4,70.0,LOADED,YES
2026-07-26 06:12:00,TRK-067,Rute-G,Gudang West (Tangerang),1107.6,1200,21.22,0.6,70.8,DELIVERED,YES
2026-07-27 09:19:00,TRK-068,Rute-H,Central Hub (Jakarta),1108.7,1200,21.64,0.8,71.6,IN_TRANSIT,YES
2026-07-28 12:26:00,TRK-069,Rute-I,Grogol Hub (Jakbar),1109.8,1200,22.06,1.0,72.4,IDLE_DOCK,NO
2026-07-29 15:33:00,TRK-070,Rute-J,Petamburan Hub,1110.9,1200,22.48,1.1,73.2,LOADED,YES
2026-07-30 06:40:00,TRK-071,Rute-K,Bekasi Logistics Hub,1112.0,1200,22.9,1.3,74.0,DELIVERED,YES
2026-07-31 09:47:00,TRK-072,Rute-L,Depok Hub,1113.1,1200,23.32,1.5,74.8,IN_TRANSIT,YES
2026-07-01 12:54:00,TRK-073,Rute-M,Bogor Transit Hub,1114.2,1200,23.74,1.7,75.6,IDLE_DOCK,NO
2026-07-02 15:01:00,TRK-074,Rute-N,Cikarang Industrial Hub,1115.3,1200,24.16,1.9,76.4,LOADED,YES
2026-07-03 06:08:00,TRK-075,Rute-O,Gudang West (Tangerang),1116.4,1200,24.58,2.0,77.2,DELIVERED,YES
2026-07-04 09:15:00,TRK-076,Rute-A,Central Hub (Jakarta),1117.5,1200,14.5,2.2,78.0,IN_TRANSIT,YES
2026-07-05 12:22:00,TRK-077,Rute-B,Grogol Hub (Jakbar),1118.6,1200,14.92,2.4,78.8,IDLE_DOCK,NO
2026-07-06 15:29:00,TRK-078,Rute-C,Petamburan Hub,1119.7,1200,15.34,0.6,79.6,LOADED,YES
2026-07-07 06:36:00,TRK-079,Rute-D,Bekasi Logistics Hub,1120.8,1200,15.76,0.8,80.4,DELIVERED,YES
2026-07-08 09:43:00,TRK-080,Rute-E,Depok Hub,1121.9,1200,16.18,1.0,81.2,IN_TRANSIT,YES
2026-07-09 12:50:00,TRK-081,Rute-F,Bogor Transit Hub,1123.0,1200,16.6,1.1,82.0,IDLE_DOCK,NO
2026-07-10 15:57:00,TRK-082,Rute-G,Cikarang Industrial Hub,1124.1,1200,17.02,1.3,82.8,LOADED,YES
2026-07-11 06:04:00,TRK-083,Rute-H,Gudang West (Tangerang),1125.2,1200,17.44,1.5,83.6,DELIVERED,YES
2026-07-12 09:11:00,TRK-084,Rute-I,Central Hub (Jakarta),1126.3,1200,17.86,1.7,84.4,IN_TRANSIT,YES
2026-07-13 12:18:00,TRK-085,Rute-J,Grogol Hub (Jakbar),1127.4,1200,18.28,1.9,85.2,IDLE_DOCK,NO
2026-07-14 15:25:00,TRK-086,Rute-K,Petamburan Hub,1128.5,1200,18.7,2.0,86.0,LOADED,YES
2026-07-15 06:32:00,TRK-087,Rute-L,Bekasi Logistics Hub,1129.6,1200,19.12,2.2,86.8,DELIVERED,YES
2026-07-16 09:39:00,TRK-088,Rute-M,Depok Hub,1130.7,1200,19.54,2.4,87.6,IN_TRANSIT,YES
2026-07-17 12:46:00,TRK-089,Rute-N,Bogor Transit Hub,1131.8,1200,19.96,0.6,88.4,IDLE_DOCK,NO
2026-07-18 15:53:00,TRK-090,Rute-O,Cikarang Industrial Hub,1132.9,1200,20.38,0.8,89.2,LOADED,YES
2026-07-19 06:00:00,TRK-091,Rute-A,Gudang West (Tangerang),1134.0,1200,20.8,1.0,18.0,DELIVERED,YES
2026-07-20 09:07:00,TRK-092,Rute-B,Central Hub (Jakarta),1135.1,1200,21.22,1.1,18.8,IN_TRANSIT,YES
2026-07-21 12:14:00,TRK-093,Rute-C,Grogol Hub (Jakbar),1136.2,1200,21.64,1.3,19.6,IDLE_DOCK,NO
2026-07-22 15:21:00,TRK-094,Rute-D,Petamburan Hub,1137.3,1200,22.06,1.5,20.4,LOADED,YES
2026-07-23 06:28:00,TRK-095,Rute-E,Bekasi Logistics Hub,1138.4,1200,22.48,1.7,21.2,DELIVERED,YES
2026-07-24 09:35:00,TRK-096,Rute-F,Depok Hub,1139.5,1200,22.9,1.9,22.0,IN_TRANSIT,YES
2026-07-25 12:42:00,TRK-097,Rute-G,Bogor Transit Hub,1140.6,1200,23.32,2.0,22.8,IDLE_DOCK,NO
2026-07-26 15:49:00,TRK-098,Rute-H,Cikarang Industrial Hub,1141.7,1200,23.74,2.2,23.6,LOADED,YES
2026-07-27 06:56:00,TRK-099,Rute-I,Gudang West (Tangerang),1142.8,1200,24.16,2.4,24.4,DELIVERED,YES
2026-07-28 09:03:00,TRK-100,Rute-J,Central Hub (Jakarta),1143.9,1200,24.58,0.6,25.2,IN_TRANSIT,YES
2026-07-29 12:10:00,TRK-101,Rute-K,Grogol Hub (Jakbar),1145.0,1200,14.5,0.8,26.0,IDLE_DOCK,NO
2026-07-30 15:17:00,TRK-102,Rute-L,Petamburan Hub,1146.1,1200,14.92,1.0,26.8,LOADED,YES
2026-07-31 06:24:00,TRK-103,Rute-M,Bekasi Logistics Hub,1147.2,1200,15.34,1.1,27.6,DELIVERED,YES
2026-07-01 09:31:00,TRK-104,Rute-N,Depok Hub,1148.3,1200,15.76,1.3,28.4,IN_TRANSIT,YES
2026-07-02 12:38:00,TRK-105,Rute-O,Bogor Transit Hub,1149.4,1200,16.18,1.5,29.2,IDLE_DOCK,NO
2026-07-03 15:45:00,TRK-106,Rute-A,Cikarang Industrial Hub,1150.5,1200,16.6,1.7,30.0,LOADED,YES
2026-07-04 06:52:00,TRK-107,Rute-B,Gudang West (Tangerang),1151.6,1200,17.02,1.9,30.8,DELIVERED,YES
2026-07-05 09:59:00,TRK-108,Rute-C,Central Hub (Jakarta),1152.7,1200,17.44,2.0,31.6,IN_TRANSIT,YES
2026-07-06 12:06:00,TRK-109,Rute-D,Grogol Hub (Jakbar),1153.8,1200,17.86,2.2,32.4,IDLE_DOCK,NO
2026-07-07 15:13:00,TRK-110,Rute-E,Petamburan Hub,1154.9,1200,18.28,2.4,33.2,LOADED,YES
2026-07-08 06:20:00,TRK-111,Rute-F,Bekasi Logistics Hub,650.0,1200,18.7,0.6,34.0,DELIVERED,YES
2026-07-09 09:27:00,TRK-112,Rute-G,Depok Hub,651.1,1200,19.12,0.8,34.8,IN_TRANSIT,YES
2026-07-10 12:34:00,TRK-113,Rute-H,Bogor Transit Hub,652.2,1200,19.54,1.0,35.6,IDLE_DOCK,NO
2026-07-11 15:41:00,TRK-114,Rute-I,Cikarang Industrial Hub,653.3,1200,19.96,1.1,36.4,LOADED,YES
2026-07-12 06:48:00,TRK-115,Rute-J,Gudang West (Tangerang),654.4,1200,20.38,1.3,37.2,DELIVERED,YES
2026-07-13 09:55:00,TRK-116,Rute-K,Central Hub (Jakarta),655.5,1200,20.8,1.5,38.0,IN_TRANSIT,YES
2026-07-14 12:02:00,TRK-117,Rute-L,Grogol Hub (Jakbar),656.6,1200,21.22,1.7,38.8,IDLE_DOCK,NO
2026-07-15 15:09:00,TRK-118,Rute-M,Petamburan Hub,657.7,1200,21.64,1.9,39.6,LOADED,YES
2026-07-16 06:16:00,TRK-119,Rute-N,Bekasi Logistics Hub,658.8,1200,22.06,2.0,40.4,DELIVERED,YES
2026-07-17 09:23:00,TRK-120,Rute-O,Depok Hub,659.9,1200,22.48,2.2,41.2,IN_TRANSIT,YES
2026-07-18 12:30:00,TRK-121,Rute-A,Bogor Transit Hub,661.0,1200,22.9,2.4,42.0,IDLE_DOCK,NO
2026-07-19 15:37:00,TRK-122,Rute-B,Cikarang Industrial Hub,662.1,1200,23.32,0.6,42.8,LOADED,YES
2026-07-20 06:44:00,TRK-123,Rute-C,Gudang West (Tangerang),663.2,1200,23.74,0.8,43.6,DELIVERED,YES
2026-07-21 09:51:00,TRK-124,Rute-D,Central Hub (Jakarta),664.3,1200,24.16,1.0,44.4,IN_TRANSIT,YES
2026-07-22 12:58:00,TRK-125,Rute-E,Grogol Hub (Jakbar),665.4,1200,24.58,1.1,45.2,IDLE_DOCK,NO
2026-07-23 15:05:00,TRK-126,Rute-F,Petamburan Hub,666.5,1200,14.5,1.3,46.0,LOADED,YES
2026-07-24 06:12:00,TRK-127,Rute-G,Bekasi Logistics Hub,667.6,1200,14.92,1.5,46.8,DELIVERED,YES
2026-07-25 09:19:00,TRK-128,Rute-H,Depok Hub,668.7,1200,15.34,1.7,47.6,IN_TRANSIT,YES
2026-07-26 12:26:00,TRK-129,Rute-I,Bogor Transit Hub,669.8,1200,15.76,1.9,48.4,IDLE_DOCK,NO
2026-07-27 15:33:00,TRK-130,Rute-J,Cikarang Industrial Hub,670.9,1200,16.18,2.0,49.2,LOADED,YES
2026-07-28 06:40:00,TRK-131,Rute-K,Gudang West (Tangerang),672.0,1200,16.6,2.2,50.0,DELIVERED,YES
2026-07-29 09:47:00,TRK-132,Rute-L,Central Hub (Jakarta),673.1,1200,17.02,2.4,50.8,IN_TRANSIT,YES
2026-07-30 12:54:00,TRK-133,Rute-M,Grogol Hub (Jakbar),674.2,1200,17.44,0.6,51.6,IDLE_DOCK,NO
2026-07-31 15:01:00,TRK-134,Rute-N,Petamburan Hub,675.3,1200,17.86,0.8,52.4,LOADED,YES
2026-07-01 06:08:00,TRK-135,Rute-O,Bekasi Logistics Hub,676.4,1200,18.28,1.0,53.2,DELIVERED,YES
2026-07-02 09:15:00,TRK-136,Rute-A,Depok Hub,677.5,1200,18.7,1.1,54.0,IN_TRANSIT,YES
2026-07-03 12:22:00,TRK-137,Rute-B,Bogor Transit Hub,678.6,1200,19.12,1.3,54.8,IDLE_DOCK,NO
2026-07-04 15:29:00,TRK-138,Rute-C,Cikarang Industrial Hub,679.7,1200,19.54,1.5,55.6,LOADED,YES
2026-07-05 06:36:00,TRK-139,Rute-D,Gudang West (Tangerang),680.8,1200,19.96,1.7,56.4,DELIVERED,YES
2026-07-06 09:43:00,TRK-140,Rute-E,Central Hub (Jakarta),681.9,1200,20.38,1.9,57.2,IN_TRANSIT,YES
2026-07-07 12:50:00,TRK-141,Rute-F,Grogol Hub (Jakbar),683.0,1200,20.8,2.0,58.0,IDLE_DOCK,NO
2026-07-08 15:57:00,TRK-142,Rute-G,Petamburan Hub,684.1,1200,21.22,2.2,58.8,LOADED,YES
2026-07-09 06:04:00,TRK-143,Rute-H,Bekasi Logistics Hub,685.2,1200,21.64,2.4,59.6,DELIVERED,YES
2026-07-10 09:11:00,TRK-144,Rute-I,Depok Hub,686.3,1200,22.06,0.6,60.4,IN_TRANSIT,YES
2026-07-11 12:18:00,TRK-145,Rute-J,Bogor Transit Hub,687.4,1200,22.48,0.8,61.2,IDLE_DOCK,NO
2026-07-12 15:25:00,TRK-146,Rute-K,Cikarang Industrial Hub,688.5,1200,22.9,1.0,62.0,LOADED,YES
2026-07-13 06:32:00,TRK-147,Rute-L,Gudang West (Tangerang),689.6,1200,23.32,1.1,62.8,DELIVERED,YES
2026-07-14 09:39:00,TRK-148,Rute-M,Central Hub (Jakarta),690.7,1200,23.74,1.3,63.6,IN_TRANSIT,YES
2026-07-15 12:46:00,TRK-149,Rute-N,Grogol Hub (Jakbar),691.8,1200,24.16,1.5,64.4,IDLE_DOCK,NO
2026-07-16 15:53:00,TRK-150,Rute-O,Petamburan Hub,692.9,1200,24.58,1.7,65.2,LOADED,YES
2026-07-17 06:00:00,TRK-001,Rute-A,Bekasi Logistics Hub,694.0,1200,14.5,1.9,66.0,DELIVERED,YES
2026-07-18 09:07:00,TRK-002,Rute-B,Depok Hub,695.1,1200,14.92,2.0,66.8,IN_TRANSIT,YES
2026-07-19 12:14:00,TRK-003,Rute-C,Bogor Transit Hub,696.2,1200,15.34,2.2,67.6,IDLE_DOCK,NO
2026-07-20 15:21:00,TRK-004,Rute-D,Cikarang Industrial Hub,697.3,1200,15.76,2.4,68.4,LOADED,YES
2026-07-21 06:28:00,TRK-005,Rute-E,Gudang West (Tangerang),698.4,1200,16.18,0.6,69.2,DELIVERED,YES
2026-07-22 09:35:00,TRK-006,Rute-F,Central Hub (Jakarta),699.5,1200,16.6,0.8,70.0,IN_TRANSIT,YES
2026-07-23 12:42:00,TRK-007,Rute-G,Grogol Hub (Jakbar),700.6,1200,17.02,1.0,70.8,IDLE_DOCK,NO
2026-07-24 15:49:00,TRK-008,Rute-H,Petamburan Hub,701.7,1200,17.44,1.1,71.6,LOADED,YES
2026-07-25 06:56:00,TRK-009,Rute-I,Bekasi Logistics Hub,702.8,1200,17.86,1.3,72.4,DELIVERED,YES
2026-07-26 09:03:00,TRK-010,Rute-J,Depok Hub,703.9,1200,18.28,1.5,73.2,IN_TRANSIT,YES
2026-07-27 12:10:00,TRK-011,Rute-K,Bogor Transit Hub,705.0,1200,18.7,1.7,74.0,IDLE_DOCK,NO
2026-07-28 15:17:00,TRK-012,Rute-L,Cikarang Industrial Hub,706.1,1200,19.12,1.9,74.8,LOADED,YES
2026-07-29 06:24:00,TRK-013,Rute-M,Gudang West (Tangerang),707.2,1200,19.54,2.0,75.6,DELIVERED,YES
2026-07-30 09:31:00,TRK-014,Rute-N,Central Hub (Jakarta),708.3,1200,19.96,2.2,76.4,IN_TRANSIT,YES
2026-07-31 12:38:00,TRK-015,Rute-O,Grogol Hub (Jakbar),709.4,1200,20.38,2.4,77.2,IDLE_DOCK,NO
2026-07-01 15:45:00,TRK-016,Rute-A,Petamburan Hub,710.5,1200,20.8,0.6,78.0,LOADED,YES
2026-07-02 06:52:00,TRK-017,Rute-B,Bekasi Logistics Hub,711.6,1200,21.22,0.8,78.8,DELIVERED,YES
2026-07-03 09:59:00,TRK-018,Rute-C,Depok Hub,712.7,1200,21.64,1.0,79.6,IN_TRANSIT,YES
2026-07-04 12:06:00,TRK-019,Rute-D,Bogor Transit Hub,713.8,1200,22.06,1.1,80.4,IDLE_DOCK,NO
2026-07-05 15:13:00,TRK-020,Rute-E,Cikarang Industrial Hub,714.9,1200,22.48,1.3,81.2,LOADED,YES
2026-07-06 06:20:00,TRK-021,Rute-F,Gudang West (Tangerang),716.0,1200,22.9,1.5,82.0,DELIVERED,YES
2026-07-07 09:27:00,TRK-022,Rute-G,Central Hub (Jakarta),717.1,1200,23.32,1.7,82.8,IN_TRANSIT,YES
2026-07-08 12:34:00,TRK-023,Rute-H,Grogol Hub (Jakbar),718.2,1200,23.74,1.9,83.6,IDLE_DOCK,NO
2026-07-09 15:41:00,TRK-024,Rute-I,Petamburan Hub,719.3,1200,24.16,2.0,84.4,LOADED,YES
2026-07-10 06:48:00,TRK-025,Rute-J,Bekasi Logistics Hub,720.4,1200,24.58,2.2,85.2,DELIVERED,YES
2026-07-11 09:55:00,TRK-026,Rute-K,Depok Hub,721.5,1200,14.5,2.4,86.0,IN_TRANSIT,YES
2026-07-12 12:02:00,TRK-027,Rute-L,Bogor Transit Hub,722.6,1200,14.92,0.6,86.8,IDLE_DOCK,NO
2026-07-13 15:09:00,TRK-028,Rute-M,Cikarang Industrial Hub,723.7,1200,15.34,0.8,87.6,LOADED,YES
2026-07-14 06:16:00,TRK-029,Rute-N,Gudang West (Tangerang),724.8,1200,15.76,1.0,88.4,DELIVERED,YES
2026-07-15 09:23:00,TRK-030,Rute-O,Central Hub (Jakarta),725.9,1200,16.18,1.1,89.2,IN_TRANSIT,YES
2026-07-16 12:30:00,TRK-031,Rute-A,Grogol Hub (Jakbar),727.0,1200,16.6,1.3,18.0,IDLE_DOCK,NO
2026-07-17 15:37:00,TRK-032,Rute-B,Petamburan Hub,728.1,1200,17.02,1.5,18.8,LOADED,YES
2026-07-18 06:44:00,TRK-033,Rute-C,Bekasi Logistics Hub,729.2,1200,17.44,1.7,19.6,DELIVERED,YES
2026-07-19 09:51:00,TRK-034,Rute-D,Depok Hub,730.3,1200,17.86,1.9,20.4,IN_TRANSIT,YES
2026-07-20 12:58:00,TRK-035,Rute-E,Bogor Transit Hub,731.4,1200,18.28,2.0,21.2,IDLE_DOCK,NO
2026-07-21 15:05:00,TRK-036,Rute-F,Cikarang Industrial Hub,732.5,1200,18.7,2.2,22.0,LOADED,YES
2026-07-22 06:12:00,TRK-037,Rute-G,Gudang West (Tangerang),733.6,1200,19.12,2.4,22.8,DELIVERED,YES
2026-07-23 09:19:00,TRK-038,Rute-H,Central Hub (Jakarta),734.7,1200,19.54,0.6,23.6,IN_TRANSIT,YES
2026-07-24 12:26:00,TRK-039,Rute-I,Grogol Hub (Jakbar),735.8,1200,19.96,0.8,24.4,IDLE_DOCK,NO
2026-07-25 15:33:00,TRK-040,Rute-J,Petamburan Hub,736.9,1200,20.38,1.0,25.2,LOADED,YES
2026-07-26 06:40:00,TRK-041,Rute-K,Bekasi Logistics Hub,738.0,1200,20.8,1.1,26.0,DELIVERED,YES
2026-07-27 09:47:00,TRK-042,Rute-L,Depok Hub,739.1,1200,21.22,1.3,26.8,IN_TRANSIT,YES
2026-07-28 12:54:00,TRK-043,Rute-M,Bogor Transit Hub,740.2,1200,21.64,1.5,27.6,IDLE_DOCK,NO
2026-07-29 15:01:00,TRK-044,Rute-N,Cikarang Industrial Hub,741.3,1200,22.06,1.7,28.4,LOADED,YES
2026-07-30 06:08:00,TRK-045,Rute-O,Gudang West (Tangerang),742.4,1200,22.48,1.9,29.2,DELIVERED,YES
2026-07-31 09:15:00,TRK-046,Rute-A,Central Hub (Jakarta),743.5,1200,22.9,2.0,30.0,IN_TRANSIT,YES
2026-07-01 12:22:00,TRK-047,Rute-B,Grogol Hub (Jakbar),744.6,1200,23.32,2.2,30.8,IDLE_DOCK,NO
2026-07-02 15:29:00,TRK-048,Rute-C,Petamburan Hub,745.7,1200,23.74,2.4,31.6,LOADED,YES
2026-07-03 06:36:00,TRK-049,Rute-D,Bekasi Logistics Hub,746.8,1200,24.16,0.6,32.4,DELIVERED,YES
2026-07-04 09:43:00,TRK-050,Rute-E,Depok Hub,747.9,1200,24.58,0.8,33.2,IN_TRANSIT,YES
2026-07-05 12:50:00,TRK-051,Rute-F,Bogor Transit Hub,749.0,1200,14.5,1.0,34.0,IDLE_DOCK,NO
2026-07-06 15:57:00,TRK-052,Rute-G,Cikarang Industrial Hub,750.1,1200,14.92,1.1,34.8,LOADED,YES
2026-07-07 06:04:00,TRK-053,Rute-H,Gudang West (Tangerang),751.2,1200,15.34,1.3,35.6,DELIVERED,YES
2026-07-08 09:11:00,TRK-054,Rute-I,Central Hub (Jakarta),752.3,1200,15.76,1.5,36.4,IN_TRANSIT,YES
2026-07-09 12:18:00,TRK-055,Rute-J,Grogol Hub (Jakbar),753.4,1200,16.18,1.7,37.2,IDLE_DOCK,NO
2026-07-10 15:25:00,TRK-056,Rute-K,Petamburan Hub,754.5,1200,16.6,1.9,38.0,LOADED,YES
2026-07-11 06:32:00,TRK-057,Rute-L,Bekasi Logistics Hub,755.6,1200,17.02,2.0,38.8,DELIVERED,YES
2026-07-12 09:39:00,TRK-058,Rute-M,Depok Hub,756.7,1200,17.44,2.2,39.6,IN_TRANSIT,YES
2026-07-13 12:46:00,TRK-059,Rute-N,Bogor Transit Hub,757.8,1200,17.86,2.4,40.4,IDLE_DOCK,NO
2026-07-14 15:53:00,TRK-060,Rute-O,Cikarang Industrial Hub,758.9,1200,18.28,0.6,41.2,LOADED,YES
2026-07-15 06:00:00,TRK-061,Rute-A,Gudang West (Tangerang),760.0,1200,18.7,0.8,42.0,DELIVERED,YES
2026-07-16 09:07:00,TRK-062,Rute-B,Central Hub (Jakarta),761.1,1200,19.12,1.0,42.8,IN_TRANSIT,YES
2026-07-17 12:14:00,TRK-063,Rute-C,Grogol Hub (Jakbar),762.2,1200,19.54,1.1,43.6,IDLE_DOCK,NO
2026-07-18 15:21:00,TRK-064,Rute-D,Petamburan Hub,763.3,1200,19.96,1.3,44.4,LOADED,YES
2026-07-19 06:28:00,TRK-065,Rute-E,Bekasi Logistics Hub,764.4,1200,20.38,1.5,45.2,DELIVERED,YES
2026-07-20 09:35:00,TRK-066,Rute-F,Depok Hub,765.5,1200,20.8,1.7,46.0,IN_TRANSIT,YES
2026-07-21 12:42:00,TRK-067,Rute-G,Bogor Transit Hub,766.6,1200,21.22,1.9,46.8,IDLE_DOCK,NO
2026-07-22 15:49:00,TRK-068,Rute-H,Cikarang Industrial Hub,767.7,1200,21.64,2.0,47.6,LOADED,YES
2026-07-23 06:56:00,TRK-069,Rute-I,Gudang West (Tangerang),768.8,1200,22.06,2.2,48.4,DELIVERED,YES
2026-07-24 09:03:00,TRK-070,Rute-J,Central Hub (Jakarta),769.9,1200,22.48,2.4,49.2,IN_TRANSIT,YES
2026-07-25 12:10:00,TRK-071,Rute-K,Grogol Hub (Jakbar),771.0,1200,22.9,0.6,50.0,IDLE_DOCK,NO
2026-07-26 15:17:00,TRK-072,Rute-L,Petamburan Hub,772.1,1200,23.32,0.8,50.8,LOADED,YES
2026-07-27 06:24:00,TRK-073,Rute-M,Bekasi Logistics Hub,773.2,1200,23.74,1.0,51.6,DELIVERED,YES
2026-07-28 09:31:00,TRK-074,Rute-N,Depok Hub,774.3,1200,24.16,1.1,52.4,IN_TRANSIT,YES
2026-07-29 12:38:00,TRK-075,Rute-O,Bogor Transit Hub,775.4,1200,24.58,1.3,53.2,IDLE_DOCK,NO
2026-07-30 15:45:00,TRK-076,Rute-A,Cikarang Industrial Hub,776.5,1200,14.5,1.5,54.0,LOADED,YES
2026-07-31 06:52:00,TRK-077,Rute-B,Gudang West (Tangerang),777.6,1200,14.92,1.7,54.8,DELIVERED,YES
2026-07-01 09:59:00,TRK-078,Rute-C,Central Hub (Jakarta),778.7,1200,15.34,1.9,55.6,IN_TRANSIT,YES
2026-07-02 12:06:00,TRK-079,Rute-D,Grogol Hub (Jakbar),779.8,1200,15.76,2.0,56.4,IDLE_DOCK,NO
2026-07-03 15:13:00,TRK-080,Rute-E,Petamburan Hub,780.9,1200,16.18,2.2,57.2,LOADED,YES
2026-07-04 06:20:00,TRK-081,Rute-F,Bekasi Logistics Hub,782.0,1200,16.6,2.4,58.0,DELIVERED,YES
2026-07-05 09:27:00,TRK-082,Rute-G,Depok Hub,783.1,1200,17.02,0.6,58.8,IN_TRANSIT,YES
2026-07-06 12:34:00,TRK-083,Rute-H,Bogor Transit Hub,784.2,1200,17.44,0.8,59.6,IDLE_DOCK,NO
2026-07-07 15:41:00,TRK-084,Rute-I,Cikarang Industrial Hub,785.3,1200,17.86,1.0,60.4,LOADED,YES
2026-07-08 06:48:00,TRK-085,Rute-J,Gudang West (Tangerang),786.4,1200,18.28,1.1,61.2,DELIVERED,YES
2026-07-09 09:55:00,TRK-086,Rute-K,Central Hub (Jakarta),787.5,1200,18.7,1.3,62.0,IN_TRANSIT,YES
2026-07-10 12:02:00,TRK-087,Rute-L,Grogol Hub (Jakbar),788.6,1200,19.12,1.5,62.8,IDLE_DOCK,NO
2026-07-11 15:09:00,TRK-088,Rute-M,Petamburan Hub,789.7,1200,19.54,1.7,63.6,LOADED,YES
2026-07-12 06:16:00,TRK-089,Rute-N,Bekasi Logistics Hub,790.8,1200,19.96,1.9,64.4,DELIVERED,YES
2026-07-13 09:23:00,TRK-090,Rute-O,Depok Hub,791.9,1200,20.38,2.0,65.2,IN_TRANSIT,YES
2026-07-14 12:30:00,TRK-091,Rute-A,Bogor Transit Hub,793.0,1200,20.8,2.2,66.0,IDLE_DOCK,NO
2026-07-15 15:37:00,TRK-092,Rute-B,Cikarang Industrial Hub,794.1,1200,21.22,2.4,66.8,LOADED,YES
2026-07-16 06:44:00,TRK-093,Rute-C,Gudang West (Tangerang),795.2,1200,21.64,0.6,67.6,DELIVERED,YES
2026-07-17 09:51:00,TRK-094,Rute-D,Central Hub (Jakarta),796.3,1200,22.06,0.8,68.4,IN_TRANSIT,YES
2026-07-18 12:58:00,TRK-095,Rute-E,Grogol Hub (Jakbar),797.4,1200,22.48,1.0,69.2,IDLE_DOCK,NO
2026-07-19 15:05:00,TRK-096,Rute-F,Petamburan Hub,798.5,1200,22.9,1.1,70.0,LOADED,YES
2026-07-20 06:12:00,TRK-097,Rute-G,Bekasi Logistics Hub,799.6,1200,23.32,1.3,70.8,DELIVERED,YES
2026-07-21 09:19:00,TRK-098,Rute-H,Depok Hub,800.7,1200,23.74,1.5,71.6,IN_TRANSIT,YES
2026-07-22 12:26:00,TRK-099,Rute-I,Bogor Transit Hub,801.8,1200,24.16,1.7,72.4,IDLE_DOCK,NO
2026-07-23 15:33:00,TRK-100,Rute-J,Cikarang Industrial Hub,802.9,1200,24.58,1.9,73.2,LOADED,YES
2026-07-24 06:40:00,TRK-101,Rute-K,Gudang West (Tangerang),804.0,1200,14.5,2.0,74.0,DELIVERED,YES
2026-07-25 09:47:00,TRK-102,Rute-L,Central Hub (Jakarta),805.1,1200,14.92,2.2,74.8,IN_TRANSIT,YES
2026-07-26 12:54:00,TRK-103,Rute-M,Grogol Hub (Jakbar),806.2,1200,15.34,2.4,75.6,IDLE_DOCK,NO
2026-07-27 15:01:00,TRK-104,Rute-N,Petamburan Hub,807.3,1200,15.76,0.6,76.4,LOADED,YES
2026-07-28 06:08:00,TRK-105,Rute-O,Bekasi Logistics Hub,808.4,1200,16.18,0.8,77.2,DELIVERED,YES
2026-07-29 09:15:00,TRK-106,Rute-A,Depok Hub,809.5,1200,16.6,1.0,78.0,IN_TRANSIT,YES
2026-07-30 12:22:00,TRK-107,Rute-B,Bogor Transit Hub,810.6,1200,17.02,1.1,78.8,IDLE_DOCK,NO
2026-07-31 15:29:00,TRK-108,Rute-C,Cikarang Industrial Hub,811.7,1200,17.44,1.3,79.6,LOADED,YES
2026-07-01 06:36:00,TRK-109,Rute-D,Gudang West (Tangerang),812.8,1200,17.86,1.5,80.4,DELIVERED,YES
2026-07-02 09:43:00,TRK-110,Rute-E,Central Hub (Jakarta),813.9,1200,18.28,1.7,81.2,IN_TRANSIT,YES
2026-07-03 12:50:00,TRK-111,Rute-F,Grogol Hub (Jakbar),815.0,1200,18.7,1.9,82.0,IDLE_DOCK,NO
2026-07-04 15:57:00,TRK-112,Rute-G,Petamburan Hub,816.1,1200,19.12,2.0,82.8,LOADED,YES
2026-07-05 06:04:00,TRK-113,Rute-H,Bekasi Logistics Hub,817.2,1200,19.54,2.2,83.6,DELIVERED,YES
2026-07-06 09:11:00,TRK-114,Rute-I,Depok Hub,818.3,1200,19.96,2.4,84.4,IN_TRANSIT,YES
2026-07-07 12:18:00,TRK-115,Rute-J,Bogor Transit Hub,819.4,1200,20.38,0.6,85.2,IDLE_DOCK,NO
2026-07-08 15:25:00,TRK-116,Rute-K,Cikarang Industrial Hub,820.5,1200,20.8,0.8,86.0,LOADED,YES
2026-07-09 06:32:00,TRK-117,Rute-L,Gudang West (Tangerang),821.6,1200,21.22,1.0,86.8,DELIVERED,YES
2026-07-10 09:39:00,TRK-118,Rute-M,Central Hub (Jakarta),822.7,1200,21.64,1.1,87.6,IN_TRANSIT,YES
2026-07-11 12:46:00,TRK-119,Rute-N,Grogol Hub (Jakbar),823.8,1200,22.06,1.3,88.4,IDLE_DOCK,NO
2026-07-12 15:53:00,TRK-120,Rute-O,Petamburan Hub,824.9,1200,22.48,1.5,89.2,LOADED,YES
2026-07-13 06:00:00,TRK-121,Rute-A,Bekasi Logistics Hub,826.0,1200,22.9,1.7,18.0,DELIVERED,YES
2026-07-14 09:07:00,TRK-122,Rute-B,Depok Hub,827.1,1200,23.32,1.9,18.8,IN_TRANSIT,YES
2026-07-15 12:14:00,TRK-123,Rute-C,Bogor Transit Hub,828.2,1200,23.74,2.0,19.6,IDLE_DOCK,NO
2026-07-16 15:21:00,TRK-124,Rute-D,Cikarang Industrial Hub,829.3,1200,24.16,2.2,20.4,LOADED,YES
2026-07-17 06:28:00,TRK-125,Rute-E,Gudang West (Tangerang),830.4,1200,24.58,2.4,21.2,DELIVERED,YES
2026-07-18 09:35:00,TRK-126,Rute-F,Central Hub (Jakarta),831.5,1200,14.5,0.6,22.0,IN_TRANSIT,YES
2026-07-19 12:42:00,TRK-127,Rute-G,Grogol Hub (Jakbar),832.6,1200,14.92,0.8,22.8,IDLE_DOCK,NO
2026-07-20 15:49:00,TRK-128,Rute-H,Petamburan Hub,833.7,1200,15.34,1.0,23.6,LOADED,YES
2026-07-21 06:56:00,TRK-129,Rute-I,Bekasi Logistics Hub,834.8,1200,15.76,1.1,24.4,DELIVERED,YES
2026-07-22 09:03:00,TRK-130,Rute-J,Depok Hub,835.9,1200,16.18,1.3,25.2,IN_TRANSIT,YES
2026-07-23 12:10:00,TRK-131,Rute-K,Bogor Transit Hub,837.0,1200,16.6,1.5,26.0,IDLE_DOCK,NO
2026-07-24 15:17:00,TRK-132,Rute-L,Cikarang Industrial Hub,838.1,1200,17.02,1.7,26.8,LOADED,YES
2026-07-25 06:24:00,TRK-133,Rute-M,Gudang West (Tangerang),839.2,1200,17.44,1.9,27.6,DELIVERED,YES
2026-07-26 09:31:00,TRK-134,Rute-N,Central Hub (Jakarta),840.3,1200,17.86,2.0,28.4,IN_TRANSIT,YES
2026-07-27 12:38:00,TRK-135,Rute-O,Grogol Hub (Jakbar),841.4,1200,18.28,2.2,29.2,IDLE_DOCK,NO
2026-07-28 15:45:00,TRK-136,Rute-A,Petamburan Hub,842.5,1200,18.7,2.4,30.0,LOADED,YES
2026-07-29 06:52:00,TRK-137,Rute-B,Bekasi Logistics Hub,843.6,1200,19.12,0.6,30.8,DELIVERED,YES
2026-07-30 09:59:00,TRK-138,Rute-C,Depok Hub,844.7,1200,19.54,0.8,31.6,IN_TRANSIT,YES
2026-07-31 12:06:00,TRK-139,Rute-D,Bogor Transit Hub,845.8,1200,19.96,1.0,32.4,IDLE_DOCK,NO
2026-07-01 15:13:00,TRK-140,Rute-E,Cikarang Industrial Hub,846.9,1200,20.38,1.1,33.2,LOADED,YES
2026-07-02 06:20:00,TRK-141,Rute-F,Gudang West (Tangerang),848.0,1200,20.8,1.3,34.0,DELIVERED,YES
2026-07-03 09:27:00,TRK-142,Rute-G,Central Hub (Jakarta),849.1,1200,21.22,1.5,34.8,IN_TRANSIT,YES
2026-07-04 12:34:00,TRK-143,Rute-H,Grogol Hub (Jakbar),850.2,1200,21.64,1.7,35.6,IDLE_DOCK,NO
2026-07-05 15:41:00,TRK-144,Rute-I,Petamburan Hub,851.3,1200,22.06,1.9,36.4,LOADED,YES
2026-07-06 06:48:00,TRK-145,Rute-J,Bekasi Logistics Hub,852.4,1200,22.48,2.0,37.2,DELIVERED,YES
2026-07-07 09:55:00,TRK-146,Rute-K,Depok Hub,853.5,1200,22.9,2.2,38.0,IN_TRANSIT,YES
2026-07-08 12:02:00,TRK-147,Rute-L,Bogor Transit Hub,854.6,1200,23.32,2.4,38.8,IDLE_DOCK,NO
2026-07-09 15:09:00,TRK-148,Rute-M,Cikarang Industrial Hub,855.7,1200,23.74,0.6,39.6,LOADED,YES
2026-07-10 06:16:00,TRK-149,Rute-N,Gudang West (Tangerang),856.8,1200,24.16,0.8,40.4,DELIVERED,YES
2026-07-11 09:23:00,TRK-150,Rute-O,Central Hub (Jakarta),857.9,1200,24.58,1.0,41.2,IN_TRANSIT,YES
2026-07-12 12:30:00,TRK-001,Rute-A,Grogol Hub (Jakbar),859.0,1200,14.5,1.1,42.0,IDLE_DOCK,NO
2026-07-13 15:37:00,TRK-002,Rute-B,Petamburan Hub,860.1,1200,14.92,1.3,42.8,LOADED,YES
2026-07-14 06:44:00,TRK-003,Rute-C,Bekasi Logistics Hub,861.2,1200,15.34,1.5,43.6,DELIVERED,YES
2026-07-15 09:51:00,TRK-004,Rute-D,Depok Hub,862.3,1200,15.76,1.7,44.4,IN_TRANSIT,YES
2026-07-16 12:58:00,TRK-005,Rute-E,Bogor Transit Hub,863.4,1200,16.18,1.9,45.2,IDLE_DOCK,NO
2026-07-17 15:05:00,TRK-006,Rute-F,Cikarang Industrial Hub,864.5,1200,16.6,2.0,46.0,LOADED,YES
2026-07-18 06:12:00,TRK-007,Rute-G,Gudang West (Tangerang),865.6,1200,17.02,2.2,46.8,DELIVERED,YES
2026-07-19 09:19:00,TRK-008,Rute-H,Central Hub (Jakarta),866.7,1200,17.44,2.4,47.6,IN_TRANSIT,YES
2026-07-20 12:26:00,TRK-009,Rute-I,Grogol Hub (Jakbar),867.8,1200,17.86,0.6,48.4,IDLE_DOCK,NO
2026-07-21 15:33:00,TRK-010,Rute-J,Petamburan Hub,868.9,1200,18.28,0.8,49.2,LOADED,YES
2026-07-22 06:40:00,TRK-011,Rute-K,Bekasi Logistics Hub,870.0,1200,18.7,1.0,50.0,DELIVERED,YES
2026-07-23 09:47:00,TRK-012,Rute-L,Depok Hub,871.1,1200,19.12,1.1,50.8,IN_TRANSIT,YES
2026-07-24 12:54:00,TRK-013,Rute-M,Bogor Transit Hub,872.2,1200,19.54,1.3,51.6,IDLE_DOCK,NO
2026-07-25 15:01:00,TRK-014,Rute-N,Cikarang Industrial Hub,873.3,1200,19.96,1.5,52.4,LOADED,YES
2026-07-26 06:08:00,TRK-015,Rute-O,Gudang West (Tangerang),874.4,1200,20.38,1.7,53.2,DELIVERED,YES
2026-07-27 09:15:00,TRK-016,Rute-A,Central Hub (Jakarta),875.5,1200,20.8,1.9,54.0,IN_TRANSIT,YES
2026-07-28 12:22:00,TRK-017,Rute-B,Grogol Hub (Jakbar),876.6,1200,21.22,2.0,54.8,IDLE_DOCK,NO
2026-07-29 15:29:00,TRK-018,Rute-C,Petamburan Hub,877.7,1200,21.64,2.2,55.6,LOADED,YES
2026-07-30 06:36:00,TRK-019,Rute-D,Bekasi Logistics Hub,878.8,1200,22.06,2.4,56.4,DELIVERED,YES
2026-07-31 09:43:00,TRK-020,Rute-E,Depok Hub,879.9,1200,22.48,0.6,57.2,IN_TRANSIT,YES
2026-07-01 12:50:00,TRK-021,Rute-F,Bogor Transit Hub,881.0,1200,22.9,0.8,58.0,IDLE_DOCK,NO
2026-07-02 15:57:00,TRK-022,Rute-G,Cikarang Industrial Hub,882.1,1200,23.32,1.0,58.8,LOADED,YES
2026-07-03 06:04:00,TRK-023,Rute-H,Gudang West (Tangerang),883.2,1200,23.74,1.1,59.6,DELIVERED,YES
2026-07-04 09:11:00,TRK-024,Rute-I,Central Hub (Jakarta),884.3,1200,24.16,1.3,60.4,IN_TRANSIT,YES
2026-07-05 12:18:00,TRK-025,Rute-J,Grogol Hub (Jakbar),885.4,1200,24.58,1.5,61.2,IDLE_DOCK,NO
2026-07-06 15:25:00,TRK-026,Rute-K,Petamburan Hub,886.5,1200,14.5,1.7,62.0,LOADED,YES
2026-07-07 06:32:00,TRK-027,Rute-L,Bekasi Logistics Hub,887.6,1200,14.92,1.9,62.8,DELIVERED,YES
2026-07-08 09:39:00,TRK-028,Rute-M,Depok Hub,888.7,1200,15.34,2.0,63.6,IN_TRANSIT,YES
2026-07-09 12:46:00,TRK-029,Rute-N,Bogor Transit Hub,889.8,1200,15.76,2.2,64.4,IDLE_DOCK,NO
2026-07-10 15:53:00,TRK-030,Rute-O,Cikarang Industrial Hub,890.9,1200,16.18,2.4,65.2,LOADED,YES
2026-07-11 06:00:00,TRK-031,Rute-A,Gudang West (Tangerang),892.0,1200,16.6,0.6,66.0,DELIVERED,YES
2026-07-12 09:07:00,TRK-032,Rute-B,Central Hub (Jakarta),893.1,1200,17.02,0.8,66.8,IN_TRANSIT,YES
2026-07-13 12:14:00,TRK-033,Rute-C,Grogol Hub (Jakbar),894.2,1200,17.44,1.0,67.6,IDLE_DOCK,NO
2026-07-14 15:21:00,TRK-034,Rute-D,Petamburan Hub,895.3,1200,17.86,1.1,68.4,LOADED,YES
2026-07-15 06:28:00,TRK-035,Rute-E,Bekasi Logistics Hub,896.4,1200,18.28,1.3,69.2,DELIVERED,YES
2026-07-16 09:35:00,TRK-036,Rute-F,Depok Hub,897.5,1200,18.7,1.5,70.0,IN_TRANSIT,YES
2026-07-17 12:42:00,TRK-037,Rute-G,Bogor Transit Hub,898.6,1200,19.12,1.7,70.8,IDLE_DOCK,NO
2026-07-18 15:49:00,TRK-038,Rute-H,Cikarang Industrial Hub,899.7,1200,19.54,1.9,71.6,LOADED,YES
2026-07-19 06:56:00,TRK-039,Rute-I,Gudang West (Tangerang),900.8,1200,19.96,2.0,72.4,DELIVERED,YES
2026-07-20 09:03:00,TRK-040,Rute-J,Central Hub (Jakarta),901.9,1200,20.38,2.2,73.2,IN_TRANSIT,YES
2026-07-21 12:10:00,TRK-041,Rute-K,Grogol Hub (Jakbar),903.0,1200,20.8,2.4,74.0,IDLE_DOCK,NO
2026-07-22 15:17:00,TRK-042,Rute-L,Petamburan Hub,904.1,1200,21.22,0.6,74.8,LOADED,YES
2026-07-23 06:24:00,TRK-043,Rute-M,Bekasi Logistics Hub,905.2,1200,21.64,0.8,75.6,DELIVERED,YES
2026-07-24 09:31:00,TRK-044,Rute-N,Depok Hub,906.3,1200,22.06,1.0,76.4,IN_TRANSIT,YES
2026-07-25 12:38:00,TRK-045,Rute-O,Bogor Transit Hub,907.4,1200,22.48,1.1,77.2,IDLE_DOCK,NO
2026-07-26 15:45:00,TRK-046,Rute-A,Cikarang Industrial Hub,908.5,1200,22.9,1.3,78.0,LOADED,YES
2026-07-27 06:52:00,TRK-047,Rute-B,Gudang West (Tangerang),909.6,1200,23.32,1.5,78.8,DELIVERED,YES
2026-07-28 09:59:00,TRK-048,Rute-C,Central Hub (Jakarta),910.7,1200,23.74,1.7,79.6,IN_TRANSIT,YES
2026-07-29 12:06:00,TRK-049,Rute-D,Grogol Hub (Jakbar),911.8,1200,24.16,1.9,80.4,IDLE_DOCK,NO
2026-07-30 15:13:00,TRK-050,Rute-E,Petamburan Hub,912.9,1200,24.58,2.0,81.2,LOADED,YES
2026-07-31 06:20:00,TRK-051,Rute-F,Bekasi Logistics Hub,914.0,1200,14.5,2.2,82.0,DELIVERED,YES
2026-07-01 09:27:00,TRK-052,Rute-G,Depok Hub,915.1,1200,14.92,2.4,82.8,IN_TRANSIT,YES
2026-07-02 12:34:00,TRK-053,Rute-H,Bogor Transit Hub,916.2,1200,15.34,0.6,83.6,IDLE_DOCK,NO
2026-07-03 15:41:00,TRK-054,Rute-I,Cikarang Industrial Hub,917.3,1200,15.76,0.8,84.4,LOADED,YES
2026-07-04 06:48:00,TRK-055,Rute-J,Gudang West (Tangerang),918.4,1200,16.18,1.0,85.2,DELIVERED,YES
2026-07-05 09:55:00,TRK-056,Rute-K,Central Hub (Jakarta),919.5,1200,16.6,1.1,86.0,IN_TRANSIT,YES
2026-07-06 12:02:00,TRK-057,Rute-L,Grogol Hub (Jakbar),920.6,1200,17.02,1.3,86.8,IDLE_DOCK,NO
2026-07-07 15:09:00,TRK-058,Rute-M,Petamburan Hub,921.7,1200,17.44,1.5,87.6,LOADED,YES
2026-07-08 06:16:00,TRK-059,Rute-N,Bekasi Logistics Hub,922.8,1200,17.86,1.7,88.4,DELIVERED,YES
2026-07-09 09:23:00,TRK-060,Rute-O,Depok Hub,923.9,1200,18.28,1.9,89.2,IN_TRANSIT,YES
2026-07-10 12:30:00,TRK-061,Rute-A,Bogor Transit Hub,925.0,1200,18.7,2.0,18.0,IDLE_DOCK,NO
2026-07-11 15:37:00,TRK-062,Rute-B,Cikarang Industrial Hub,926.1,1200,19.12,2.2,18.8,LOADED,YES
2026-07-12 06:44:00,TRK-063,Rute-C,Gudang West (Tangerang),927.2,1200,19.54,2.4,19.6,DELIVERED,YES
2026-07-13 09:51:00,TRK-064,Rute-D,Central Hub (Jakarta),928.3,1200,19.96,0.6,20.4,IN_TRANSIT,YES
2026-07-14 12:58:00,TRK-065,Rute-E,Grogol Hub (Jakbar),929.4,1200,20.38,0.8,21.2,IDLE_DOCK,NO
2026-07-15 15:05:00,TRK-066,Rute-F,Petamburan Hub,930.5,1200,20.8,1.0,22.0,LOADED,YES
2026-07-16 06:12:00,TRK-067,Rute-G,Bekasi Logistics Hub,931.6,1200,21.22,1.1,22.8,DELIVERED,YES
2026-07-17 09:19:00,TRK-068,Rute-H,Depok Hub,932.7,1200,21.64,1.3,23.6,IN_TRANSIT,YES
2026-07-18 12:26:00,TRK-069,Rute-I,Bogor Transit Hub,933.8,1200,22.06,1.5,24.4,IDLE_DOCK,NO
2026-07-19 15:33:00,TRK-070,Rute-J,Cikarang Industrial Hub,934.9,1200,22.48,1.7,25.2,LOADED,YES
2026-07-20 06:40:00,TRK-071,Rute-K,Gudang West (Tangerang),936.0,1200,22.9,1.9,26.0,DELIVERED,YES
2026-07-21 09:47:00,TRK-072,Rute-L,Central Hub (Jakarta),937.1,1200,23.32,2.0,26.8,IN_TRANSIT,YES
2026-07-22 12:54:00,TRK-073,Rute-M,Grogol Hub (Jakbar),938.2,1200,23.74,2.2,27.6,IDLE_DOCK,NO
2026-07-23 15:01:00,TRK-074,Rute-N,Petamburan Hub,939.3,1200,24.16,2.4,28.4,LOADED,YES
2026-07-24 06:08:00,TRK-075,Rute-O,Bekasi Logistics Hub,940.4,1200,24.58,0.6,29.2,DELIVERED,YES
2026-07-25 09:15:00,TRK-076,Rute-A,Depok Hub,941.5,1200,14.5,0.8,30.0,IN_TRANSIT,YES
2026-07-26 12:22:00,TRK-077,Rute-B,Bogor Transit Hub,942.6,1200,14.92,1.0,30.8,IDLE_DOCK,NO
2026-07-27 15:29:00,TRK-078,Rute-C,Cikarang Industrial Hub,943.7,1200,15.34,1.1,31.6,LOADED,YES
2026-07-28 06:36:00,TRK-079,Rute-D,Gudang West (Tangerang),944.8,1200,15.76,1.3,32.4,DELIVERED,YES
2026-07-29 09:43:00,TRK-080,Rute-E,Central Hub (Jakarta),945.9,1200,16.18,1.5,33.2,IN_TRANSIT,YES
2026-07-30 12:50:00,TRK-081,Rute-F,Grogol Hub (Jakbar),947.0,1200,16.6,1.7,34.0,IDLE_DOCK,NO
2026-07-31 15:57:00,TRK-082,Rute-G,Petamburan Hub,948.1,1200,17.02,1.9,34.8,LOADED,YES
2026-07-01 06:04:00,TRK-083,Rute-H,Bekasi Logistics Hub,949.2,1200,17.44,2.0,35.6,DELIVERED,YES
2026-07-02 09:11:00,TRK-084,Rute-I,Depok Hub,950.3,1200,17.86,2.2,36.4,IN_TRANSIT,YES
2026-07-03 12:18:00,TRK-085,Rute-J,Bogor Transit Hub,951.4,1200,18.28,2.4,37.2,IDLE_DOCK,NO
2026-07-04 15:25:00,TRK-086,Rute-K,Cikarang Industrial Hub,952.5,1200,18.7,0.6,38.0,LOADED,YES
2026-07-05 06:32:00,TRK-087,Rute-L,Gudang West (Tangerang),953.6,1200,19.12,0.8,38.8,DELIVERED,YES
2026-07-06 09:39:00,TRK-088,Rute-M,Central Hub (Jakarta),954.7,1200,19.54,1.0,39.6,IN_TRANSIT,YES
2026-07-07 12:46:00,TRK-089,Rute-N,Grogol Hub (Jakbar),955.8,1200,19.96,1.1,40.4,IDLE_DOCK,NO
2026-07-08 15:53:00,TRK-090,Rute-O,Petamburan Hub,956.9,1200,20.38,1.3,41.2,LOADED,YES
2026-07-09 06:00:00,TRK-091,Rute-A,Bekasi Logistics Hub,958.0,1200,20.8,1.5,42.0,DELIVERED,YES
2026-07-10 09:07:00,TRK-092,Rute-B,Depok Hub,959.1,1200,21.22,1.7,42.8,IN_TRANSIT,YES
2026-07-11 12:14:00,TRK-093,Rute-C,Bogor Transit Hub,960.2,1200,21.64,1.9,43.6,IDLE_DOCK,NO
2026-07-12 15:21:00,TRK-094,Rute-D,Cikarang Industrial Hub,961.3,1200,22.06,2.0,44.4,LOADED,YES
2026-07-13 06:28:00,TRK-095,Rute-E,Gudang West (Tangerang),962.4,1200,22.48,2.2,45.2,DELIVERED,YES
2026-07-14 09:35:00,TRK-096,Rute-F,Central Hub (Jakarta),963.5,1200,22.9,2.4,46.0,IN_TRANSIT,YES
2026-07-15 12:42:00,TRK-097,Rute-G,Grogol Hub (Jakbar),964.6,1200,23.32,0.6,46.8,IDLE_DOCK,NO
2026-07-16 15:49:00,TRK-098,Rute-H,Petamburan Hub,965.7,1200,23.74,0.8,47.6,LOADED,YES
2026-07-17 06:56:00,TRK-099,Rute-I,Bekasi Logistics Hub,966.8,1200,24.16,1.0,48.4,DELIVERED,YES
2026-07-18 09:03:00,TRK-100,Rute-J,Depok Hub,967.9,1200,24.58,1.1,49.2,IN_TRANSIT,YES
2026-07-19 12:10:00,TRK-101,Rute-K,Bogor Transit Hub,969.0,1200,14.5,1.3,50.0,IDLE_DOCK,NO
2026-07-20 15:17:00,TRK-102,Rute-L,Cikarang Industrial Hub,970.1,1200,14.92,1.5,50.8,LOADED,YES
2026-07-21 06:24:00,TRK-103,Rute-M,Gudang West (Tangerang),971.2,1200,15.34,1.7,51.6,DELIVERED,YES
2026-07-22 09:31:00,TRK-104,Rute-N,Central Hub (Jakarta),972.3,1200,15.76,1.9,52.4,IN_TRANSIT,YES
2026-07-23 12:38:00,TRK-105,Rute-O,Grogol Hub (Jakbar),973.4,1200,16.18,2.0,53.2,IDLE_DOCK,NO
2026-07-24 15:45:00,TRK-106,Rute-A,Petamburan Hub,974.5,1200,16.6,2.2,54.0,LOADED,YES
2026-07-25 06:52:00,TRK-107,Rute-B,Bekasi Logistics Hub,975.6,1200,17.02,2.4,54.8,DELIVERED,YES
2026-07-26 09:59:00,TRK-108,Rute-C,Depok Hub,976.7,1200,17.44,0.6,55.6,IN_TRANSIT,YES
2026-07-27 12:06:00,TRK-109,Rute-D,Bogor Transit Hub,977.8,1200,17.86,0.8,56.4,IDLE_DOCK,NO
2026-07-28 15:13:00,TRK-110,Rute-E,Cikarang Industrial Hub,978.9,1200,18.28,1.0,57.2,LOADED,YES
2026-07-29 06:20:00,TRK-111,Rute-F,Gudang West (Tangerang),980.0,1200,18.7,1.1,58.0,DELIVERED,YES
2026-07-30 09:27:00,TRK-112,Rute-G,Central Hub (Jakarta),981.1,1200,19.12,1.3,58.8,IN_TRANSIT,YES
2026-07-31 12:34:00,TRK-113,Rute-H,Grogol Hub (Jakbar),982.2,1200,19.54,1.5,59.6,IDLE_DOCK,NO
2026-07-01 15:41:00,TRK-114,Rute-I,Petamburan Hub,983.3,1200,19.96,1.7,60.4,LOADED,YES
2026-07-02 06:48:00,TRK-115,Rute-J,Bekasi Logistics Hub,984.4,1200,20.38,1.9,61.2,DELIVERED,YES
2026-07-03 09:55:00,TRK-116,Rute-K,Depok Hub,985.5,1200,20.8,2.0,62.0,IN_TRANSIT,YES
2026-07-04 12:02:00,TRK-117,Rute-L,Bogor Transit Hub,986.6,1200,21.22,2.2,62.8,IDLE_DOCK,NO
2026-07-05 15:09:00,TRK-118,Rute-M,Cikarang Industrial Hub,987.7,1200,21.64,2.4,63.6,LOADED,YES
2026-07-06 06:16:00,TRK-119,Rute-N,Gudang West (Tangerang),988.8,1200,22.06,0.6,64.4,DELIVERED,YES
2026-07-07 09:23:00,TRK-120,Rute-O,Central Hub (Jakarta),989.9,1200,22.48,0.8,65.2,IN_TRANSIT,YES
2026-07-08 12:30:00,TRK-121,Rute-A,Grogol Hub (Jakbar),991.0,1200,22.9,1.0,66.0,IDLE_DOCK,NO
2026-07-09 15:37:00,TRK-122,Rute-B,Petamburan Hub,992.1,1200,23.32,1.1,66.8,LOADED,YES
2026-07-10 06:44:00,TRK-123,Rute-C,Bekasi Logistics Hub,993.2,1200,23.74,1.3,67.6,DELIVERED,YES
2026-07-11 09:51:00,TRK-124,Rute-D,Depok Hub,994.3,1200,24.16,1.5,68.4,IN_TRANSIT,YES
2026-07-12 12:58:00,TRK-125,Rute-E,Bogor Transit Hub,995.4,1200,24.58,1.7,69.2,IDLE_DOCK,NO
2026-07-13 15:05:00,TRK-126,Rute-F,Cikarang Industrial Hub,996.5,1200,14.5,1.9,70.0,LOADED,YES
2026-07-14 06:12:00,TRK-127,Rute-G,Gudang West (Tangerang),997.6,1200,14.92,2.0,70.8,DELIVERED,YES
2026-07-15 09:19:00,TRK-128,Rute-H,Central Hub (Jakarta),998.7,1200,15.34,2.2,71.6,IN_TRANSIT,YES
2026-07-16 12:26:00,TRK-129,Rute-I,Grogol Hub (Jakbar),999.8,1200,15.76,2.4,72.4,IDLE_DOCK,NO
2026-07-17 15:33:00,TRK-130,Rute-J,Petamburan Hub,1000.9,1200,16.18,0.6,73.2,LOADED,YES
2026-07-18 06:40:00,TRK-131,Rute-K,Bekasi Logistics Hub,1002.0,1200,16.6,0.8,74.0,DELIVERED,YES
2026-07-19 09:47:00,TRK-132,Rute-L,Depok Hub,1003.1,1200,17.02,1.0,74.8,IN_TRANSIT,YES
2026-07-20 12:54:00,TRK-133,Rute-M,Bogor Transit Hub,1004.2,1200,17.44,1.1,75.6,IDLE_DOCK,NO
2026-07-21 15:01:00,TRK-134,Rute-N,Cikarang Industrial Hub,1005.3,1200,17.86,1.3,76.4,LOADED,YES
2026-07-22 06:08:00,TRK-135,Rute-O,Gudang West (Tangerang),1006.4,1200,18.28,1.5,77.2,DELIVERED,YES
2026-07-23 09:15:00,TRK-136,Rute-A,Central Hub (Jakarta),1007.5,1200,18.7,1.7,78.0,IN_TRANSIT,YES
2026-07-24 12:22:00,TRK-137,Rute-B,Grogol Hub (Jakbar),1008.6,1200,19.12,1.9,78.8,IDLE_DOCK,NO
2026-07-25 15:29:00,TRK-138,Rute-C,Petamburan Hub,1009.7,1200,19.54,2.0,79.6,LOADED,YES
2026-07-26 06:36:00,TRK-139,Rute-D,Bekasi Logistics Hub,1010.8,1200,19.96,2.2,80.4,DELIVERED,YES
2026-07-27 09:43:00,TRK-140,Rute-E,Depok Hub,1011.9,1200,20.38,2.4,81.2,IN_TRANSIT,YES
2026-07-28 12:50:00,TRK-141,Rute-F,Bogor Transit Hub,1013.0,1200,20.8,0.6,82.0,IDLE_DOCK,NO
2026-07-29 15:57:00,TRK-142,Rute-G,Cikarang Industrial Hub,1014.1,1200,21.22,0.8,82.8,LOADED,YES
2026-07-30 06:04:00,TRK-143,Rute-H,Gudang West (Tangerang),1015.2,1200,21.64,1.0,83.6,DELIVERED,YES
2026-07-31 09:11:00,TRK-144,Rute-I,Central Hub (Jakarta),1016.3,1200,22.06,1.1,84.4,IN_TRANSIT,YES
2026-07-01 12:18:00,TRK-145,Rute-J,Grogol Hub (Jakbar),1017.4,1200,22.48,1.3,85.2,IDLE_DOCK,NO
2026-07-02 15:25:00,TRK-146,Rute-K,Petamburan Hub,1018.5,1200,22.9,1.5,86.0,LOADED,YES
2026-07-03 06:32:00,TRK-147,Rute-L,Bekasi Logistics Hub,1019.6,1200,23.32,1.7,86.8,DELIVERED,YES
2026-07-04 09:39:00,TRK-148,Rute-M,Depok Hub,1020.7,1200,23.74,1.9,87.6,IN_TRANSIT,YES
2026-07-05 12:46:00,TRK-149,Rute-N,Bogor Transit Hub,1021.8,1200,24.16,2.0,88.4,IDLE_DOCK,NO
2026-07-06 15:53:00,TRK-150,Rute-O,Cikarang Industrial Hub,1022.9,1200,24.58,2.2,89.2,LOADED,YES
2026-07-07 06:00:00,TRK-001,Rute-A,Gudang West (Tangerang),1024.0,1200,14.5,2.4,18.0,DELIVERED,YES
2026-07-08 09:07:00,TRK-002,Rute-B,Central Hub (Jakarta),1025.1,1200,14.92,0.6,18.8,IN_TRANSIT,YES
2026-07-09 12:14:00,TRK-003,Rute-C,Grogol Hub (Jakbar),1026.2,1200,15.34,0.8,19.6,IDLE_DOCK,NO
2026-07-10 15:21:00,TRK-004,Rute-D,Petamburan Hub,1027.3,1200,15.76,1.0,20.4,LOADED,YES
2026-07-11 06:28:00,TRK-005,Rute-E,Bekasi Logistics Hub,1028.4,1200,16.18,1.1,21.2,DELIVERED,YES
2026-07-12 09:35:00,TRK-006,Rute-F,Depok Hub,1029.5,1200,16.6,1.3,22.0,IN_TRANSIT,YES
2026-07-13 12:42:00,TRK-007,Rute-G,Bogor Transit Hub,1030.6,1200,17.02,1.5,22.8,IDLE_DOCK,NO
2026-07-14 15:49:00,TRK-008,Rute-H,Cikarang Industrial Hub,1031.7,1200,17.44,1.7,23.6,LOADED,YES
2026-07-15 06:56:00,TRK-009,Rute-I,Gudang West (Tangerang),1032.8,1200,17.86,1.9,24.4,DELIVERED,YES
2026-07-16 09:03:00,TRK-010,Rute-J,Central Hub (Jakarta),1033.9,1200,18.28,2.0,25.2,IN_TRANSIT,YES
2026-07-17 12:10:00,TRK-011,Rute-K,Grogol Hub (Jakbar),1035.0,1200,18.7,2.2,26.0,IDLE_DOCK,NO
2026-07-18 15:17:00,TRK-012,Rute-L,Petamburan Hub,1036.1,1200,19.12,2.4,26.8,LOADED,YES
2026-07-19 06:24:00,TRK-013,Rute-M,Bekasi Logistics Hub,1037.2,1200,19.54,0.6,27.6,DELIVERED,YES
2026-07-20 09:31:00,TRK-014,Rute-N,Depok Hub,1038.3,1200,19.96,0.8,28.4,IN_TRANSIT,YES
2026-07-21 12:38:00,TRK-015,Rute-O,Bogor Transit Hub,1039.4,1200,20.38,1.0,29.2,IDLE_DOCK,NO
2026-07-22 15:45:00,TRK-016,Rute-A,Cikarang Industrial Hub,1040.5,1200,20.8,1.1,30.0,LOADED,YES
2026-07-23 06:52:00,TRK-017,Rute-B,Gudang West (Tangerang),1041.6,1200,21.22,1.3,30.8,DELIVERED,YES
2026-07-24 09:59:00,TRK-018,Rute-C,Central Hub (Jakarta),1042.7,1200,21.64,1.5,31.6,IN_TRANSIT,YES
2026-07-25 12:06:00,TRK-019,Rute-D,Grogol Hub (Jakbar),1043.8,1200,22.06,1.7,32.4,IDLE_DOCK,NO
2026-07-26 15:13:00,TRK-020,Rute-E,Petamburan Hub,1044.9,1200,22.48,1.9,33.2,LOADED,YES
2026-07-27 06:20:00,TRK-021,Rute-F,Bekasi Logistics Hub,1046.0,1200,22.9,2.0,34.0,DELIVERED,YES
2026-07-28 09:27:00,TRK-022,Rute-G,Depok Hub,1047.1,1200,23.32,2.2,34.8,IN_TRANSIT,YES
2026-07-29 12:34:00,TRK-023,Rute-H,Bogor Transit Hub,1048.2,1200,23.74,2.4,35.6,IDLE_DOCK,NO
2026-07-30 15:41:00,TRK-024,Rute-I,Cikarang Industrial Hub,1049.3,1200,24.16,0.6,36.4,LOADED,YES
2026-07-31 06:48:00,TRK-025,Rute-J,Gudang West (Tangerang),1050.4,1200,24.58,0.8,37.2,DELIVERED,YES
2026-07-01 09:55:00,TRK-026,Rute-K,Central Hub (Jakarta),1051.5,1200,14.5,1.0,38.0,IN_TRANSIT,YES
2026-07-02 12:02:00,TRK-027,Rute-L,Grogol Hub (Jakbar),1052.6,1200,14.92,1.1,38.8,IDLE_DOCK,NO
2026-07-03 15:09:00,TRK-028,Rute-M,Petamburan Hub,1053.7,1200,15.34,1.3,39.6,LOADED,YES
2026-07-04 06:16:00,TRK-029,Rute-N,Bekasi Logistics Hub,1054.8,1200,15.76,1.5,40.4,DELIVERED,YES
2026-07-05 09:23:00,TRK-030,Rute-O,Depok Hub,1055.9,1200,16.18,1.7,41.2,IN_TRANSIT,YES
2026-07-06 12:30:00,TRK-031,Rute-A,Bogor Transit Hub,1057.0,1200,16.6,1.9,42.0,IDLE_DOCK,NO
2026-07-07 15:37:00,TRK-032,Rute-B,Cikarang Industrial Hub,1058.1,1200,17.02,2.0,42.8,LOADED,YES
2026-07-08 06:44:00,TRK-033,Rute-C,Gudang West (Tangerang),1059.2,1200,17.44,2.2,43.6,DELIVERED,YES
2026-07-09 09:51:00,TRK-034,Rute-D,Central Hub (Jakarta),1060.3,1200,17.86,2.4,44.4,IN_TRANSIT,YES
2026-07-10 12:58:00,TRK-035,Rute-E,Grogol Hub (Jakbar),1061.4,1200,18.28,0.6,45.2,IDLE_DOCK,NO
2026-07-11 15:05:00,TRK-036,Rute-F,Petamburan Hub,1062.5,1200,18.7,0.8,46.0,LOADED,YES
2026-07-12 06:12:00,TRK-037,Rute-G,Bekasi Logistics Hub,1063.6,1200,19.12,1.0,46.8,DELIVERED,YES
2026-07-13 09:19:00,TRK-038,Rute-H,Depok Hub,1064.7,1200,19.54,1.1,47.6,IN_TRANSIT,YES
2026-07-14 12:26:00,TRK-039,Rute-I,Bogor Transit Hub,1065.8,1200,19.96,1.3,48.4,IDLE_DOCK,NO
2026-07-15 15:33:00,TRK-040,Rute-J,Cikarang Industrial Hub,1066.9,1200,20.38,1.5,49.2,LOADED,YES
2026-07-16 06:40:00,TRK-041,Rute-K,Gudang West (Tangerang),1068.0,1200,20.8,1.7,50.0,DELIVERED,YES
2026-07-17 09:47:00,TRK-042,Rute-L,Central Hub (Jakarta),1069.1,1200,21.22,1.9,50.8,IN_TRANSIT,YES
2026-07-18 12:54:00,TRK-043,Rute-M,Grogol Hub (Jakbar),1070.2,1200,21.64,2.0,51.6,IDLE_DOCK,NO
2026-07-19 15:01:00,TRK-044,Rute-N,Petamburan Hub,1071.3,1200,22.06,2.2,52.4,LOADED,YES
2026-07-20 06:08:00,TRK-045,Rute-O,Bekasi Logistics Hub,1072.4,1200,22.48,2.4,53.2,DELIVERED,YES
2026-07-21 09:15:00,TRK-046,Rute-A,Depok Hub,1073.5,1200,22.9,0.6,54.0,IN_TRANSIT,YES
2026-07-22 12:22:00,TRK-047,Rute-B,Bogor Transit Hub,1074.6,1200,23.32,0.8,54.8,IDLE_DOCK,NO
2026-07-23 15:29:00,TRK-048,Rute-C,Cikarang Industrial Hub,1075.7,1200,23.74,1.0,55.6,LOADED,YES
2026-07-24 06:36:00,TRK-049,Rute-D,Gudang West (Tangerang),1076.8,1200,24.16,1.1,56.4,DELIVERED,YES
2026-07-25 09:43:00,TRK-050,Rute-E,Central Hub (Jakarta),1077.9,1200,24.58,1.3,57.2,IN_TRANSIT,YES
2026-07-26 12:50:00,TRK-051,Rute-F,Grogol Hub (Jakbar),1079.0,1200,14.5,1.5,58.0,IDLE_DOCK,NO
2026-07-27 15:57:00,TRK-052,Rute-G,Petamburan Hub,1080.1,1200,14.92,1.7,58.8,LOADED,YES
2026-07-28 06:04:00,TRK-053,Rute-H,Bekasi Logistics Hub,1081.2,1200,15.34,1.9,59.6,DELIVERED,YES
2026-07-29 09:11:00,TRK-054,Rute-I,Depok Hub,1082.3,1200,15.76,2.0,60.4,IN_TRANSIT,YES
2026-07-30 12:18:00,TRK-055,Rute-J,Bogor Transit Hub,1083.4,1200,16.18,2.2,61.2,IDLE_DOCK,NO
2026-07-31 15:25:00,TRK-056,Rute-K,Cikarang Industrial Hub,1084.5,1200,16.6,2.4,62.0,LOADED,YES
2026-07-01 06:32:00,TRK-057,Rute-L,Gudang West (Tangerang),1085.6,1200,17.02,0.6,62.8,DELIVERED,YES
2026-07-02 09:39:00,TRK-058,Rute-M,Central Hub (Jakarta),1086.7,1200,17.44,0.8,63.6,IN_TRANSIT,YES
2026-07-03 12:46:00,TRK-059,Rute-N,Grogol Hub (Jakbar),1087.8,1200,17.86,1.0,64.4,IDLE_DOCK,NO
2026-07-04 15:53:00,TRK-060,Rute-O,Petamburan Hub,1088.9,1200,18.28,1.1,65.2,LOADED,YES
2026-07-05 06:00:00,TRK-061,Rute-A,Bekasi Logistics Hub,1090.0,1200,18.7,1.3,66.0,DELIVERED,YES
2026-07-06 09:07:00,TRK-062,Rute-B,Depok Hub,1091.1,1200,19.12,1.5,66.8,IN_TRANSIT,YES
2026-07-07 12:14:00,TRK-063,Rute-C,Bogor Transit Hub,1092.2,1200,19.54,1.7,67.6,IDLE_DOCK,NO
2026-07-08 15:21:00,TRK-064,Rute-D,Cikarang Industrial Hub,1093.3,1200,19.96,1.9,68.4,LOADED,YES
2026-07-09 06:28:00,TRK-065,Rute-E,Gudang West (Tangerang),1094.4,1200,20.38,2.0,69.2,DELIVERED,YES
2026-07-10 09:35:00,TRK-066,Rute-F,Central Hub (Jakarta),1095.5,1200,20.8,2.2,70.0,IN_TRANSIT,YES
2026-07-11 12:42:00,TRK-067,Rute-G,Grogol Hub (Jakbar),1096.6,1200,21.22,2.4,70.8,IDLE_DOCK,NO
2026-07-12 15:49:00,TRK-068,Rute-H,Petamburan Hub,1097.7,1200,21.64,0.6,71.6,LOADED,YES
2026-07-13 06:56:00,TRK-069,Rute-I,Bekasi Logistics Hub,1098.8,1200,22.06,0.8,72.4,DELIVERED,YES
2026-07-14 09:03:00,TRK-070,Rute-J,Depok Hub,1099.9,1200,22.48,1.0,73.2,IN_TRANSIT,YES
2026-07-15 12:10:00,TRK-071,Rute-K,Bogor Transit Hub,1101.0,1200,22.9,1.1,74.0,IDLE_DOCK,NO
2026-07-16 15:17:00,TRK-072,Rute-L,Cikarang Industrial Hub,1102.1,1200,23.32,1.3,74.8,LOADED,YES
2026-07-17 06:24:00,TRK-073,Rute-M,Gudang West (Tangerang),1103.2,1200,23.74,1.5,75.6,DELIVERED,YES
2026-07-18 09:31:00,TRK-074,Rute-N,Central Hub (Jakarta),1104.3,1200,24.16,1.7,76.4,IN_TRANSIT,YES
2026-07-19 12:38:00,TRK-075,Rute-O,Grogol Hub (Jakbar),1105.4,1200,24.58,1.9,77.2,IDLE_DOCK,NO
2026-07-20 15:45:00,TRK-076,Rute-A,Petamburan Hub,1106.5,1200,14.5,2.0,78.0,LOADED,YES
2026-07-21 06:52:00,TRK-077,Rute-B,Bekasi Logistics Hub,1107.6,1200,14.92,2.2,78.8,DELIVERED,YES
2026-07-22 09:59:00,TRK-078,Rute-C,Depok Hub,1108.7,1200,15.34,2.4,79.6,IN_TRANSIT,YES
2026-07-23 12:06:00,TRK-079,Rute-D,Bogor Transit Hub,1109.8,1200,15.76,0.6,80.4,IDLE_DOCK,NO
2026-07-24 15:13:00,TRK-080,Rute-E,Cikarang Industrial Hub,1110.9,1200,16.18,0.8,81.2,LOADED,YES
2026-07-25 06:20:00,TRK-081,Rute-F,Gudang West (Tangerang),1112.0,1200,16.6,1.0,82.0,DELIVERED,YES
2026-07-26 09:27:00,TRK-082,Rute-G,Central Hub (Jakarta),1113.1,1200,17.02,1.1,82.8,IN_TRANSIT,YES
2026-07-27 12:34:00,TRK-083,Rute-H,Grogol Hub (Jakbar),1114.2,1200,17.44,1.3,83.6,IDLE_DOCK,NO
2026-07-28 15:41:00,TRK-084,Rute-I,Petamburan Hub,1115.3,1200,17.86,1.5,84.4,LOADED,YES
2026-07-29 06:48:00,TRK-085,Rute-J,Bekasi Logistics Hub,1116.4,1200,18.28,1.7,85.2,DELIVERED,YES
2026-07-30 09:55:00,TRK-086,Rute-K,Depok Hub,1117.5,1200,18.7,1.9,86.0,IN_TRANSIT,YES
2026-07-31 12:02:00,TRK-087,Rute-L,Bogor Transit Hub,1118.6,1200,19.12,2.0,86.8,IDLE_DOCK,NO
2026-07-01 15:09:00,TRK-088,Rute-M,Cikarang Industrial Hub,1119.7,1200,19.54,2.2,87.6,LOADED,YES
2026-07-02 06:16:00,TRK-089,Rute-N,Gudang West (Tangerang),1120.8,1200,19.96,2.4,88.4,DELIVERED,YES
2026-07-03 09:23:00,TRK-090,Rute-O,Central Hub (Jakarta),1121.9,1200,20.38,0.6,89.2,IN_TRANSIT,YES
2026-07-04 12:30:00,TRK-091,Rute-A,Grogol Hub (Jakbar),1123.0,1200,20.8,0.8,18.0,IDLE_DOCK,NO
2026-07-05 15:37:00,TRK-092,Rute-B,Petamburan Hub,1124.1,1200,21.22,1.0,18.8,LOADED,YES
2026-07-06 06:44:00,TRK-093,Rute-C,Bekasi Logistics Hub,1125.2,1200,21.64,1.1,19.6,DELIVERED,YES
2026-07-07 09:51:00,TRK-094,Rute-D,Depok Hub,1126.3,1200,22.06,1.3,20.4,IN_TRANSIT,YES
2026-07-08 12:58:00,TRK-095,Rute-E,Bogor Transit Hub,1127.4,1200,22.48,1.5,21.2,IDLE_DOCK,NO
2026-07-09 15:05:00,TRK-096,Rute-F,Cikarang Industrial Hub,1128.5,1200,22.9,1.7,22.0,LOADED,YES
2026-07-10 06:12:00,TRK-097,Rute-G,Gudang West (Tangerang),1129.6,1200,23.32,1.9,22.8,DELIVERED,YES
2026-07-11 09:19:00,TRK-098,Rute-H,Central Hub (Jakarta),1130.7,1200,23.74,2.0,23.6,IN_TRANSIT,YES
2026-07-12 12:26:00,TRK-099,Rute-I,Grogol Hub (Jakbar),1131.8,1200,24.16,2.2,24.4,IDLE_DOCK,NO
2026-07-13 15:33:00,TRK-100,Rute-J,Petamburan Hub,1132.9,1200,24.58,2.4,25.2,LOADED,YES
2026-07-14 06:40:00,TRK-101,Rute-K,Bekasi Logistics Hub,1134.0,1200,14.5,0.6,26.0,DELIVERED,YES
2026-07-15 09:47:00,TRK-102,Rute-L,Depok Hub,1135.1,1200,14.92,0.8,26.8,IN_TRANSIT,YES
2026-07-16 12:54:00,TRK-103,Rute-M,Bogor Transit Hub,1136.2,1200,15.34,1.0,27.6,IDLE_DOCK,NO
2026-07-17 15:01:00,TRK-104,Rute-N,Cikarang Industrial Hub,1137.3,1200,15.76,1.1,28.4,LOADED,YES
2026-07-18 06:08:00,TRK-105,Rute-O,Gudang West (Tangerang),1138.4,1200,16.18,1.3,29.2,DELIVERED,YES
2026-07-19 09:15:00,TRK-106,Rute-A,Central Hub (Jakarta),1139.5,1200,16.6,1.5,30.0,IN_TRANSIT,YES
2026-07-20 12:22:00,TRK-107,Rute-B,Grogol Hub (Jakbar),1140.6,1200,17.02,1.7,30.8,IDLE_DOCK,NO
2026-07-21 15:29:00,TRK-108,Rute-C,Petamburan Hub,1141.7,1200,17.44,1.9,31.6,LOADED,YES
2026-07-22 06:36:00,TRK-109,Rute-D,Bekasi Logistics Hub,1142.8,1200,17.86,2.0,32.4,DELIVERED,YES
2026-07-23 09:43:00,TRK-110,Rute-E,Depok Hub,1143.9,1200,18.28,2.2,33.2,IN_TRANSIT,YES
2026-07-24 12:50:00,TRK-111,Rute-F,Bogor Transit Hub,1145.0,1200,18.7,2.4,34.0,IDLE_DOCK,NO
2026-07-25 15:57:00,TRK-112,Rute-G,Cikarang Industrial Hub,1146.1,1200,19.12,0.6,34.8,LOADED,YES
2026-07-26 06:04:00,TRK-113,Rute-H,Gudang West (Tangerang),1147.2,1200,19.54,0.8,35.6,DELIVERED,YES
2026-07-27 09:11:00,TRK-114,Rute-I,Central Hub (Jakarta),1148.3,1200,19.96,1.0,36.4,IN_TRANSIT,YES
2026-07-28 12:18:00,TRK-115,Rute-J,Grogol Hub (Jakbar),1149.4,1200,20.38,1.1,37.2,IDLE_DOCK,NO
2026-07-29 15:25:00,TRK-116,Rute-K,Petamburan Hub,1150.5,1200,20.8,1.3,38.0,LOADED,YES
2026-07-30 06:32:00,TRK-117,Rute-L,Bekasi Logistics Hub,1151.6,1200,21.22,1.5,38.8,DELIVERED,YES
2026-07-31 09:39:00,TRK-118,Rute-M,Depok Hub,1152.7,1200,21.64,1.7,39.6,IN_TRANSIT,YES
2026-07-01 12:46:00,TRK-119,Rute-N,Bogor Transit Hub,1153.8,1200,22.06,1.9,40.4,IDLE_DOCK,NO
2026-07-02 15:53:00,TRK-120,Rute-O,Cikarang Industrial Hub,1154.9,1200,22.48,2.0,41.2,LOADED,YES
2026-07-03 06:00:00,TRK-121,Rute-A,Gudang West (Tangerang),650.0,1200,22.9,2.2,42.0,DELIVERED,YES
2026-07-04 09:07:00,TRK-122,Rute-B,Central Hub (Jakarta),651.1,1200,23.32,2.4,42.8,IN_TRANSIT,YES
2026-07-05 12:14:00,TRK-123,Rute-C,Grogol Hub (Jakbar),652.2,1200,23.74,0.6,43.6,IDLE_DOCK,NO
2026-07-06 15:21:00,TRK-124,Rute-D,Petamburan Hub,653.3,1200,24.16,0.8,44.4,LOADED,YES
2026-07-07 06:28:00,TRK-125,Rute-E,Bekasi Logistics Hub,654.4,1200,24.58,1.0,45.2,DELIVERED,YES
2026-07-08 09:35:00,TRK-126,Rute-F,Depok Hub,655.5,1200,14.5,1.1,46.0,IN_TRANSIT,YES
2026-07-09 12:42:00,TRK-127,Rute-G,Bogor Transit Hub,656.6,1200,14.92,1.3,46.8,IDLE_DOCK,NO
2026-07-10 15:49:00,TRK-128,Rute-H,Cikarang Industrial Hub,657.7,1200,15.34,1.5,47.6,LOADED,YES
2026-07-11 06:56:00,TRK-129,Rute-I,Gudang West (Tangerang),658.8,1200,15.76,1.7,48.4,DELIVERED,YES
2026-07-12 09:03:00,TRK-130,Rute-J,Central Hub (Jakarta),659.9,1200,16.18,1.9,49.2,IN_TRANSIT,YES
2026-07-13 12:10:00,TRK-131,Rute-K,Grogol Hub (Jakbar),661.0,1200,16.6,2.0,50.0,IDLE_DOCK,NO
2026-07-14 15:17:00,TRK-132,Rute-L,Petamburan Hub,662.1,1200,17.02,2.2,50.8,LOADED,YES
2026-07-15 06:24:00,TRK-133,Rute-M,Bekasi Logistics Hub,663.2,1200,17.44,2.4,51.6,DELIVERED,YES
2026-07-16 09:31:00,TRK-134,Rute-N,Depok Hub,664.3,1200,17.86,0.6,52.4,IN_TRANSIT,YES
2026-07-17 12:38:00,TRK-135,Rute-O,Bogor Transit Hub,665.4,1200,18.28,0.8,53.2,IDLE_DOCK,NO
2026-07-18 15:45:00,TRK-136,Rute-A,Cikarang Industrial Hub,666.5,1200,18.7,1.0,54.0,LOADED,YES
2026-07-19 06:52:00,TRK-137,Rute-B,Gudang West (Tangerang),667.6,1200,19.12,1.1,54.8,DELIVERED,YES
2026-07-20 09:59:00,TRK-138,Rute-C,Central Hub (Jakarta),668.7,1200,19.54,1.3,55.6,IN_TRANSIT,YES
2026-07-21 12:06:00,TRK-139,Rute-D,Grogol Hub (Jakbar),669.8,1200,19.96,1.5,56.4,IDLE_DOCK,NO
2026-07-22 15:13:00,TRK-140,Rute-E,Petamburan Hub,670.9,1200,20.38,1.7,57.2,LOADED,YES
2026-07-23 06:20:00,TRK-141,Rute-F,Bekasi Logistics Hub,672.0,1200,20.8,1.9,58.0,DELIVERED,YES
2026-07-24 09:27:00,TRK-142,Rute-G,Depok Hub,673.1,1200,21.22,2.0,58.8,IN_TRANSIT,YES
2026-07-25 12:34:00,TRK-143,Rute-H,Bogor Transit Hub,674.2,1200,21.64,2.2,59.6,IDLE_DOCK,NO
2026-07-26 15:41:00,TRK-144,Rute-I,Cikarang Industrial Hub,675.3,1200,22.06,2.4,60.4,LOADED,YES
2026-07-27 06:48:00,TRK-145,Rute-J,Gudang West (Tangerang),676.4,1200,22.48,0.6,61.2,DELIVERED,YES
2026-07-28 09:55:00,TRK-146,Rute-K,Central Hub (Jakarta),677.5,1200,22.9,0.8,62.0,IN_TRANSIT,YES
2026-07-29 12:02:00,TRK-147,Rute-L,Grogol Hub (Jakbar),678.6,1200,23.32,1.0,62.8,IDLE_DOCK,NO
2026-07-30 15:09:00,TRK-148,Rute-M,Petamburan Hub,679.7,1200,23.74,1.1,63.6,LOADED,YES
2026-07-31 06:16:00,TRK-149,Rute-N,Bekasi Logistics Hub,680.8,1200,24.16,1.3,64.4,DELIVERED,YES
2026-07-01 09:23:00,TRK-150,Rute-O,Depok Hub,681.9,1200,24.58,1.5,65.2,IN_TRANSIT,YES
2026-07-02 12:30:00,TRK-001,Rute-A,Bogor Transit Hub,683.0,1200,14.5,1.7,66.0,IDLE_DOCK,NO
2026-07-03 15:37:00,TRK-002,Rute-B,Cikarang Industrial Hub,684.1,1200,14.92,1.9,66.8,LOADED,YES
2026-07-04 06:44:00,TRK-003,Rute-C,Gudang West (Tangerang),685.2,1200,15.34,2.0,67.6,DELIVERED,YES
2026-07-05 09:51:00,TRK-004,Rute-D,Central Hub (Jakarta),686.3,1200,15.76,2.2,68.4,IN_TRANSIT,YES
2026-07-06 12:58:00,TRK-005,Rute-E,Grogol Hub (Jakbar),687.4,1200,16.18,2.4,69.2,IDLE_DOCK,NO
2026-07-07 15:05:00,TRK-006,Rute-F,Petamburan Hub,688.5,1200,16.6,0.6,70.0,LOADED,YES
2026-07-08 06:12:00,TRK-007,Rute-G,Bekasi Logistics Hub,689.6,1200,17.02,0.8,70.8,DELIVERED,YES
2026-07-09 09:19:00,TRK-008,Rute-H,Depok Hub,690.7,1200,17.44,1.0,71.6,IN_TRANSIT,YES
2026-07-10 12:26:00,TRK-009,Rute-I,Bogor Transit Hub,691.8,1200,17.86,1.1,72.4,IDLE_DOCK,NO
2026-07-11 15:33:00,TRK-010,Rute-J,Cikarang Industrial Hub,692.9,1200,18.28,1.3,73.2,LOADED,YES
2026-07-12 06:40:00,TRK-011,Rute-K,Gudang West (Tangerang),694.0,1200,18.7,1.5,74.0,DELIVERED,YES
2026-07-13 09:47:00,TRK-012,Rute-L,Central Hub (Jakarta),695.1,1200,19.12,1.7,74.8,IN_TRANSIT,YES
2026-07-14 12:54:00,TRK-013,Rute-M,Grogol Hub (Jakbar),696.2,1200,19.54,1.9,75.6,IDLE_DOCK,NO
2026-07-15 15:01:00,TRK-014,Rute-N,Petamburan Hub,697.3,1200,19.96,2.0,76.4,LOADED,YES
2026-07-16 06:08:00,TRK-015,Rute-O,Bekasi Logistics Hub,698.4,1200,20.38,2.2,77.2,DELIVERED,YES
2026-07-17 09:15:00,TRK-016,Rute-A,Depok Hub,699.5,1200,20.8,2.4,78.0,IN_TRANSIT,YES
2026-07-18 12:22:00,TRK-017,Rute-B,Bogor Transit Hub,700.6,1200,21.22,0.6,78.8,IDLE_DOCK,NO
2026-07-19 15:29:00,TRK-018,Rute-C,Cikarang Industrial Hub,701.7,1200,21.64,0.8,79.6,LOADED,YES
2026-07-20 06:36:00,TRK-019,Rute-D,Gudang West (Tangerang),702.8,1200,22.06,1.0,80.4,DELIVERED,YES
2026-07-21 09:43:00,TRK-020,Rute-E,Central Hub (Jakarta),703.9,1200,22.48,1.1,81.2,IN_TRANSIT,YES
2026-07-22 12:50:00,TRK-021,Rute-F,Grogol Hub (Jakbar),705.0,1200,22.9,1.3,82.0,IDLE_DOCK,NO
2026-07-23 15:57:00,TRK-022,Rute-G,Petamburan Hub,706.1,1200,23.32,1.5,82.8,LOADED,YES
2026-07-24 06:04:00,TRK-023,Rute-H,Bekasi Logistics Hub,707.2,1200,23.74,1.7,83.6,DELIVERED,YES
2026-07-25 09:11:00,TRK-024,Rute-I,Depok Hub,708.3,1200,24.16,1.9,84.4,IN_TRANSIT,YES
2026-07-26 12:18:00,TRK-025,Rute-J,Bogor Transit Hub,709.4,1200,24.58,2.0,85.2,IDLE_DOCK,NO
2026-07-27 15:25:00,TRK-026,Rute-K,Cikarang Industrial Hub,710.5,1200,14.5,2.2,86.0,LOADED,YES
2026-07-28 06:32:00,TRK-027,Rute-L,Gudang West (Tangerang),711.6,1200,14.92,2.4,86.8,DELIVERED,YES
2026-07-29 09:39:00,TRK-028,Rute-M,Central Hub (Jakarta),712.7,1200,15.34,0.6,87.6,IN_TRANSIT,YES
2026-07-30 12:46:00,TRK-029,Rute-N,Grogol Hub (Jakbar),713.8,1200,15.76,0.8,88.4,IDLE_DOCK,NO
2026-07-31 15:53:00,TRK-030,Rute-O,Petamburan Hub,714.9,1200,16.18,1.0,89.2,LOADED,YES
2026-07-01 06:00:00,TRK-031,Rute-A,Bekasi Logistics Hub,716.0,1200,16.6,1.1,18.0,DELIVERED,YES
2026-07-02 09:07:00,TRK-032,Rute-B,Depok Hub,717.1,1200,17.02,1.3,18.8,IN_TRANSIT,YES
2026-07-03 12:14:00,TRK-033,Rute-C,Bogor Transit Hub,718.2,1200,17.44,1.5,19.6,IDLE_DOCK,NO
2026-07-04 15:21:00,TRK-034,Rute-D,Cikarang Industrial Hub,719.3,1200,17.86,1.7,20.4,LOADED,YES
2026-07-05 06:28:00,TRK-035,Rute-E,Gudang West (Tangerang),720.4,1200,18.28,1.9,21.2,DELIVERED,YES
2026-07-06 09:35:00,TRK-036,Rute-F,Central Hub (Jakarta),721.5,1200,18.7,2.0,22.0,IN_TRANSIT,YES
2026-07-07 12:42:00,TRK-037,Rute-G,Grogol Hub (Jakbar),722.6,1200,19.12,2.2,22.8,IDLE_DOCK,NO
2026-07-08 15:49:00,TRK-038,Rute-H,Petamburan Hub,723.7,1200,19.54,2.4,23.6,LOADED,YES
2026-07-09 06:56:00,TRK-039,Rute-I,Bekasi Logistics Hub,724.8,1200,19.96,0.6,24.4,DELIVERED,YES
2026-07-10 09:03:00,TRK-040,Rute-J,Depok Hub,725.9,1200,20.38,0.8,25.2,IN_TRANSIT,YES
2026-07-11 12:10:00,TRK-041,Rute-K,Bogor Transit Hub,727.0,1200,20.8,1.0,26.0,IDLE_DOCK,NO
2026-07-12 15:17:00,TRK-042,Rute-L,Cikarang Industrial Hub,728.1,1200,21.22,1.1,26.8,LOADED,YES
2026-07-13 06:24:00,TRK-043,Rute-M,Gudang West (Tangerang),729.2,1200,21.64,1.3,27.6,DELIVERED,YES
2026-07-14 09:31:00,TRK-044,Rute-N,Central Hub (Jakarta),730.3,1200,22.06,1.5,28.4,IN_TRANSIT,YES
2026-07-15 12:38:00,TRK-045,Rute-O,Grogol Hub (Jakbar),731.4,1200,22.48,1.7,29.2,IDLE_DOCK,NO
2026-07-16 15:45:00,TRK-046,Rute-A,Petamburan Hub,732.5,1200,22.9,1.9,30.0,LOADED,YES
2026-07-17 06:52:00,TRK-047,Rute-B,Bekasi Logistics Hub,733.6,1200,23.32,2.0,30.8,DELIVERED,YES
2026-07-18 09:59:00,TRK-048,Rute-C,Depok Hub,734.7,1200,23.74,2.2,31.6,IN_TRANSIT,YES
2026-07-19 12:06:00,TRK-049,Rute-D,Bogor Transit Hub,735.8,1200,24.16,2.4,32.4,IDLE_DOCK,NO
2026-07-20 15:13:00,TRK-050,Rute-E,Cikarang Industrial Hub,736.9,1200,24.58,0.6,33.2,LOADED,YES
2026-07-21 06:20:00,TRK-051,Rute-F,Gudang West (Tangerang),738.0,1200,14.5,0.8,34.0,DELIVERED,YES
2026-07-22 09:27:00,TRK-052,Rute-G,Central Hub (Jakarta),739.1,1200,14.92,1.0,34.8,IN_TRANSIT,YES
2026-07-23 12:34:00,TRK-053,Rute-H,Grogol Hub (Jakbar),740.2,1200,15.34,1.1,35.6,IDLE_DOCK,NO
2026-07-24 15:41:00,TRK-054,Rute-I,Petamburan Hub,741.3,1200,15.76,1.3,36.4,LOADED,YES
2026-07-25 06:48:00,TRK-055,Rute-J,Bekasi Logistics Hub,742.4,1200,16.18,1.5,37.2,DELIVERED,YES
2026-07-26 09:55:00,TRK-056,Rute-K,Depok Hub,743.5,1200,16.6,1.7,38.0,IN_TRANSIT,YES
2026-07-27 12:02:00,TRK-057,Rute-L,Bogor Transit Hub,744.6,1200,17.02,1.9,38.8,IDLE_DOCK,NO
2026-07-28 15:09:00,TRK-058,Rute-M,Cikarang Industrial Hub,745.7,1200,17.44,2.0,39.6,LOADED,YES
2026-07-29 06:16:00,TRK-059,Rute-N,Gudang West (Tangerang),746.8,1200,17.86,2.2,40.4,DELIVERED,YES
2026-07-30 09:23:00,TRK-060,Rute-O,Central Hub (Jakarta),747.9,1200,18.28,2.4,41.2,IN_TRANSIT,YES
2026-07-31 12:30:00,TRK-061,Rute-A,Grogol Hub (Jakbar),749.0,1200,18.7,0.6,42.0,IDLE_DOCK,NO
2026-07-01 15:37:00,TRK-062,Rute-B,Petamburan Hub,750.1,1200,19.12,0.8,42.8,LOADED,YES
2026-07-02 06:44:00,TRK-063,Rute-C,Bekasi Logistics Hub,751.2,1200,19.54,1.0,43.6,DELIVERED,YES
2026-07-03 09:51:00,TRK-064,Rute-D,Depok Hub,752.3,1200,19.96,1.1,44.4,IN_TRANSIT,YES
2026-07-04 12:58:00,TRK-065,Rute-E,Bogor Transit Hub,753.4,1200,20.38,1.3,45.2,IDLE_DOCK,NO
2026-07-05 15:05:00,TRK-066,Rute-F,Cikarang Industrial Hub,754.5,1200,20.8,1.5,46.0,LOADED,YES
2026-07-06 06:12:00,TRK-067,Rute-G,Gudang West (Tangerang),755.6,1200,21.22,1.7,46.8,DELIVERED,YES
2026-07-07 09:19:00,TRK-068,Rute-H,Central Hub (Jakarta),756.7,1200,21.64,1.9,47.6,IN_TRANSIT,YES
2026-07-08 12:26:00,TRK-069,Rute-I,Grogol Hub (Jakbar),757.8,1200,22.06,2.0,48.4,IDLE_DOCK,NO
2026-07-09 15:33:00,TRK-070,Rute-J,Petamburan Hub,758.9,1200,22.48,2.2,49.2,LOADED,YES
2026-07-10 06:40:00,TRK-071,Rute-K,Bekasi Logistics Hub,760.0,1200,22.9,2.4,50.0,DELIVERED,YES
2026-07-11 09:47:00,TRK-072,Rute-L,Depok Hub,761.1,1200,23.32,0.6,50.8,IN_TRANSIT,YES
2026-07-12 12:54:00,TRK-073,Rute-M,Bogor Transit Hub,762.2,1200,23.74,0.8,51.6,IDLE_DOCK,NO
2026-07-13 15:01:00,TRK-074,Rute-N,Cikarang Industrial Hub,763.3,1200,24.16,1.0,52.4,LOADED,YES
2026-07-14 06:08:00,TRK-075,Rute-O,Gudang West (Tangerang),764.4,1200,24.58,1.1,53.2,DELIVERED,YES
2026-07-15 09:15:00,TRK-076,Rute-A,Central Hub (Jakarta),765.5,1200,14.5,1.3,54.0,IN_TRANSIT,YES
2026-07-16 12:22:00,TRK-077,Rute-B,Grogol Hub (Jakbar),766.6,1200,14.92,1.5,54.8,IDLE_DOCK,NO
2026-07-17 15:29:00,TRK-078,Rute-C,Petamburan Hub,767.7,1200,15.34,1.7,55.6,LOADED,YES
2026-07-18 06:36:00,TRK-079,Rute-D,Bekasi Logistics Hub,768.8,1200,15.76,1.9,56.4,DELIVERED,YES
2026-07-19 09:43:00,TRK-080,Rute-E,Depok Hub,769.9,1200,16.18,2.0,57.2,IN_TRANSIT,YES
2026-07-20 12:50:00,TRK-081,Rute-F,Bogor Transit Hub,771.0,1200,16.6,2.2,58.0,IDLE_DOCK,NO
2026-07-21 15:57:00,TRK-082,Rute-G,Cikarang Industrial Hub,772.1,1200,17.02,2.4,58.8,LOADED,YES
2026-07-22 06:04:00,TRK-083,Rute-H,Gudang West (Tangerang),773.2,1200,17.44,0.6,59.6,DELIVERED,YES
2026-07-23 09:11:00,TRK-084,Rute-I,Central Hub (Jakarta),774.3,1200,17.86,0.8,60.4,IN_TRANSIT,YES
2026-07-24 12:18:00,TRK-085,Rute-J,Grogol Hub (Jakbar),775.4,1200,18.28,1.0,61.2,IDLE_DOCK,NO
2026-07-25 15:25:00,TRK-086,Rute-K,Petamburan Hub,776.5,1200,18.7,1.1,62.0,LOADED,YES
2026-07-26 06:32:00,TRK-087,Rute-L,Bekasi Logistics Hub,777.6,1200,19.12,1.3,62.8,DELIVERED,YES
2026-07-27 09:39:00,TRK-088,Rute-M,Depok Hub,778.7,1200,19.54,1.5,63.6,IN_TRANSIT,YES
2026-07-28 12:46:00,TRK-089,Rute-N,Bogor Transit Hub,779.8,1200,19.96,1.7,64.4,IDLE_DOCK,NO
2026-07-29 15:53:00,TRK-090,Rute-O,Cikarang Industrial Hub,780.9,1200,20.38,1.9,65.2,LOADED,YES
2026-07-30 06:00:00,TRK-091,Rute-A,Gudang West (Tangerang),782.0,1200,20.8,2.0,66.0,DELIVERED,YES
2026-07-31 09:07:00,TRK-092,Rute-B,Central Hub (Jakarta),783.1,1200,21.22,2.2,66.8,IN_TRANSIT,YES
2026-07-01 12:14:00,TRK-093,Rute-C,Grogol Hub (Jakbar),784.2,1200,21.64,2.4,67.6,IDLE_DOCK,NO
2026-07-02 15:21:00,TRK-094,Rute-D,Petamburan Hub,785.3,1200,22.06,0.6,68.4,LOADED,YES
2026-07-03 06:28:00,TRK-095,Rute-E,Bekasi Logistics Hub,786.4,1200,22.48,0.8,69.2,DELIVERED,YES
2026-07-04 09:35:00,TRK-096,Rute-F,Depok Hub,787.5,1200,22.9,1.0,70.0,IN_TRANSIT,YES
2026-07-05 12:42:00,TRK-097,Rute-G,Bogor Transit Hub,788.6,1200,23.32,1.1,70.8,IDLE_DOCK,NO
2026-07-06 15:49:00,TRK-098,Rute-H,Cikarang Industrial Hub,789.7,1200,23.74,1.3,71.6,LOADED,YES
2026-07-07 06:56:00,TRK-099,Rute-I,Gudang West (Tangerang),790.8,1200,24.16,1.5,72.4,DELIVERED,YES
2026-07-08 09:03:00,TRK-100,Rute-J,Central Hub (Jakarta),791.9,1200,24.58,1.7,73.2,IN_TRANSIT,YES
2026-07-09 12:10:00,TRK-101,Rute-K,Grogol Hub (Jakbar),793.0,1200,14.5,1.9,74.0,IDLE_DOCK,NO
2026-07-10 15:17:00,TRK-102,Rute-L,Petamburan Hub,794.1,1200,14.92,2.0,74.8,LOADED,YES
2026-07-11 06:24:00,TRK-103,Rute-M,Bekasi Logistics Hub,795.2,1200,15.34,2.2,75.6,DELIVERED,YES
2026-07-12 09:31:00,TRK-104,Rute-N,Depok Hub,796.3,1200,15.76,2.4,76.4,IN_TRANSIT,YES
2026-07-13 12:38:00,TRK-105,Rute-O,Bogor Transit Hub,797.4,1200,16.18,0.6,77.2,IDLE_DOCK,NO
2026-07-14 15:45:00,TRK-106,Rute-A,Cikarang Industrial Hub,798.5,1200,16.6,0.8,78.0,LOADED,YES
2026-07-15 06:52:00,TRK-107,Rute-B,Gudang West (Tangerang),799.6,1200,17.02,1.0,78.8,DELIVERED,YES
2026-07-16 09:59:00,TRK-108,Rute-C,Central Hub (Jakarta),800.7,1200,17.44,1.1,79.6,IN_TRANSIT,YES
2026-07-17 12:06:00,TRK-109,Rute-D,Grogol Hub (Jakbar),801.8,1200,17.86,1.3,80.4,IDLE_DOCK,NO
2026-07-18 15:13:00,TRK-110,Rute-E,Petamburan Hub,802.9,1200,18.28,1.5,81.2,LOADED,YES
2026-07-19 06:20:00,TRK-111,Rute-F,Bekasi Logistics Hub,804.0,1200,18.7,1.7,82.0,DELIVERED,YES
2026-07-20 09:27:00,TRK-112,Rute-G,Depok Hub,805.1,1200,19.12,1.9,82.8,IN_TRANSIT,YES
2026-07-21 12:34:00,TRK-113,Rute-H,Bogor Transit Hub,806.2,1200,19.54,2.0,83.6,IDLE_DOCK,NO
2026-07-22 15:41:00,TRK-114,Rute-I,Cikarang Industrial Hub,807.3,1200,19.96,2.2,84.4,LOADED,YES
2026-07-23 06:48:00,TRK-115,Rute-J,Gudang West (Tangerang),808.4,1200,20.38,2.4,85.2,DELIVERED,YES
2026-07-24 09:55:00,TRK-116,Rute-K,Central Hub (Jakarta),809.5,1200,20.8,0.6,86.0,IN_TRANSIT,YES
2026-07-25 12:02:00,TRK-117,Rute-L,Grogol Hub (Jakbar),810.6,1200,21.22,0.8,86.8,IDLE_DOCK,NO
2026-07-26 15:09:00,TRK-118,Rute-M,Petamburan Hub,811.7,1200,21.64,1.0,87.6,LOADED,YES
2026-07-27 06:16:00,TRK-119,Rute-N,Bekasi Logistics Hub,812.8,1200,22.06,1.1,88.4,DELIVERED,YES
2026-07-28 09:23:00,TRK-120,Rute-O,Depok Hub,813.9,1200,22.48,1.3,89.2,IN_TRANSIT,YES
2026-07-29 12:30:00,TRK-121,Rute-A,Bogor Transit Hub,815.0,1200,22.9,1.5,18.0,IDLE_DOCK,NO
2026-07-30 15:37:00,TRK-122,Rute-B,Cikarang Industrial Hub,816.1,1200,23.32,1.7,18.8,LOADED,YES
2026-07-31 06:44:00,TRK-123,Rute-C,Gudang West (Tangerang),817.2,1200,23.74,1.9,19.6,DELIVERED,YES
2026-07-01 09:51:00,TRK-124,Rute-D,Central Hub (Jakarta),818.3,1200,24.16,2.0,20.4,IN_TRANSIT,YES
2026-07-02 12:58:00,TRK-125,Rute-E,Grogol Hub (Jakbar),819.4,1200,24.58,2.2,21.2,IDLE_DOCK,NO
2026-07-03 15:05:00,TRK-126,Rute-F,Petamburan Hub,820.5,1200,14.5,2.4,22.0,LOADED,YES
2026-07-04 06:12:00,TRK-127,Rute-G,Bekasi Logistics Hub,821.6,1200,14.92,0.6,22.8,DELIVERED,YES
2026-07-05 09:19:00,TRK-128,Rute-H,Depok Hub,822.7,1200,15.34,0.8,23.6,IN_TRANSIT,YES
2026-07-06 12:26:00,TRK-129,Rute-I,Bogor Transit Hub,823.8,1200,15.76,1.0,24.4,IDLE_DOCK,NO
2026-07-07 15:33:00,TRK-130,Rute-J,Cikarang Industrial Hub,824.9,1200,16.18,1.1,25.2,LOADED,YES
2026-07-08 06:40:00,TRK-131,Rute-K,Gudang West (Tangerang),826.0,1200,16.6,1.3,26.0,DELIVERED,YES
2026-07-09 09:47:00,TRK-132,Rute-L,Central Hub (Jakarta),827.1,1200,17.02,1.5,26.8,IN_TRANSIT,YES
2026-07-10 12:54:00,TRK-133,Rute-M,Grogol Hub (Jakbar),828.2,1200,17.44,1.7,27.6,IDLE_DOCK,NO
2026-07-11 15:01:00,TRK-134,Rute-N,Petamburan Hub,829.3,1200,17.86,1.9,28.4,LOADED,YES
2026-07-12 06:08:00,TRK-135,Rute-O,Bekasi Logistics Hub,830.4,1200,18.28,2.0,29.2,DELIVERED,YES
2026-07-13 09:15:00,TRK-136,Rute-A,Depok Hub,831.5,1200,18.7,2.2,30.0,IN_TRANSIT,YES
2026-07-14 12:22:00,TRK-137,Rute-B,Bogor Transit Hub,832.6,1200,19.12,2.4,30.8,IDLE_DOCK,NO
2026-07-15 15:29:00,TRK-138,Rute-C,Cikarang Industrial Hub,833.7,1200,19.54,0.6,31.6,LOADED,YES
2026-07-16 06:36:00,TRK-139,Rute-D,Gudang West (Tangerang),834.8,1200,19.96,0.8,32.4,DELIVERED,YES
2026-07-17 09:43:00,TRK-140,Rute-E,Central Hub (Jakarta),835.9,1200,20.38,1.0,33.2,IN_TRANSIT,YES
2026-07-18 12:50:00,TRK-141,Rute-F,Grogol Hub (Jakbar),837.0,1200,20.8,1.1,34.0,IDLE_DOCK,NO
2026-07-19 15:57:00,TRK-142,Rute-G,Petamburan Hub,838.1,1200,21.22,1.3,34.8,LOADED,YES
2026-07-20 06:04:00,TRK-143,Rute-H,Bekasi Logistics Hub,839.2,1200,21.64,1.5,35.6,DELIVERED,YES
2026-07-21 09:11:00,TRK-144,Rute-I,Depok Hub,840.3,1200,22.06,1.7,36.4,IN_TRANSIT,YES
2026-07-22 12:18:00,TRK-145,Rute-J,Bogor Transit Hub,841.4,1200,22.48,1.9,37.2,IDLE_DOCK,NO
2026-07-23 15:25:00,TRK-146,Rute-K,Cikarang Industrial Hub,842.5,1200,22.9,2.0,38.0,LOADED,YES
2026-07-24 06:32:00,TRK-147,Rute-L,Gudang West (Tangerang),843.6,1200,23.32,2.2,38.8,DELIVERED,YES
2026-07-25 09:39:00,TRK-148,Rute-M,Central Hub (Jakarta),844.7,1200,23.74,2.4,39.6,IN_TRANSIT,YES
2026-07-26 12:46:00,TRK-149,Rute-N,Grogol Hub (Jakbar),845.8,1200,24.16,0.6,40.4,IDLE_DOCK,NO
2026-07-27 15:53:00,TRK-150,Rute-O,Petamburan Hub,846.9,1200,24.58,0.8,41.2,LOADED,YES
2026-07-28 06:00:00,TRK-001,Rute-A,Bekasi Logistics Hub,848.0,1200,14.5,1.0,42.0,DELIVERED,YES
2026-07-29 09:07:00,TRK-002,Rute-B,Depok Hub,849.1,1200,14.92,1.1,42.8,IN_TRANSIT,YES
2026-07-30 12:14:00,TRK-003,Rute-C,Bogor Transit Hub,850.2,1200,15.34,1.3,43.6,IDLE_DOCK,NO
2026-07-31 15:21:00,TRK-004,Rute-D,Cikarang Industrial Hub,851.3,1200,15.76,1.5,44.4,LOADED,YES
2026-07-01 06:28:00,TRK-005,Rute-E,Gudang West (Tangerang),852.4,1200,16.18,1.7,45.2,DELIVERED,YES
2026-07-02 09:35:00,TRK-006,Rute-F,Central Hub (Jakarta),853.5,1200,16.6,1.9,46.0,IN_TRANSIT,YES
2026-07-03 12:42:00,TRK-007,Rute-G,Grogol Hub (Jakbar),854.6,1200,17.02,2.0,46.8,IDLE_DOCK,NO
2026-07-04 15:49:00,TRK-008,Rute-H,Petamburan Hub,855.7,1200,17.44,2.2,47.6,LOADED,YES
2026-07-05 06:56:00,TRK-009,Rute-I,Bekasi Logistics Hub,856.8,1200,17.86,2.4,48.4,DELIVERED,YES
2026-07-06 09:03:00,TRK-010,Rute-J,Depok Hub,857.9,1200,18.28,0.6,49.2,IN_TRANSIT,YES
2026-07-07 12:10:00,TRK-011,Rute-K,Bogor Transit Hub,859.0,1200,18.7,0.8,50.0,IDLE_DOCK,NO
2026-07-08 15:17:00,TRK-012,Rute-L,Cikarang Industrial Hub,860.1,1200,19.12,1.0,50.8,LOADED,YES
2026-07-09 06:24:00,TRK-013,Rute-M,Gudang West (Tangerang),861.2,1200,19.54,1.1,51.6,DELIVERED,YES
2026-07-10 09:31:00,TRK-014,Rute-N,Central Hub (Jakarta),862.3,1200,19.96,1.3,52.4,IN_TRANSIT,YES
2026-07-11 12:38:00,TRK-015,Rute-O,Grogol Hub (Jakbar),863.4,1200,20.38,1.5,53.2,IDLE_DOCK,NO
2026-07-12 15:45:00,TRK-016,Rute-A,Petamburan Hub,864.5,1200,20.8,1.7,54.0,LOADED,YES
2026-07-13 06:52:00,TRK-017,Rute-B,Bekasi Logistics Hub,865.6,1200,21.22,1.9,54.8,DELIVERED,YES
2026-07-14 09:59:00,TRK-018,Rute-C,Depok Hub,866.7,1200,21.64,2.0,55.6,IN_TRANSIT,YES
2026-07-15 12:06:00,TRK-019,Rute-D,Bogor Transit Hub,867.8,1200,22.06,2.2,56.4,IDLE_DOCK,NO
2026-07-16 15:13:00,TRK-020,Rute-E,Cikarang Industrial Hub,868.9,1200,22.48,2.4,57.2,LOADED,YES
2026-07-17 06:20:00,TRK-021,Rute-F,Gudang West (Tangerang),870.0,1200,22.9,0.6,58.0,DELIVERED,YES
2026-07-18 09:27:00,TRK-022,Rute-G,Central Hub (Jakarta),871.1,1200,23.32,0.8,58.8,IN_TRANSIT,YES
2026-07-19 12:34:00,TRK-023,Rute-H,Grogol Hub (Jakbar),872.2,1200,23.74,1.0,59.6,IDLE_DOCK,NO
2026-07-20 15:41:00,TRK-024,Rute-I,Petamburan Hub,873.3,1200,24.16,1.1,60.4,LOADED,YES
2026-07-21 06:48:00,TRK-025,Rute-J,Bekasi Logistics Hub,874.4,1200,24.58,1.3,61.2,DELIVERED,YES
2026-07-22 09:55:00,TRK-026,Rute-K,Depok Hub,875.5,1200,14.5,1.5,62.0,IN_TRANSIT,YES
2026-07-23 12:02:00,TRK-027,Rute-L,Bogor Transit Hub,876.6,1200,14.92,1.7,62.8,IDLE_DOCK,NO
2026-07-24 15:09:00,TRK-028,Rute-M,Cikarang Industrial Hub,877.7,1200,15.34,1.9,63.6,LOADED,YES
2026-07-25 06:16:00,TRK-029,Rute-N,Gudang West (Tangerang),878.8,1200,15.76,2.0,64.4,DELIVERED,YES
2026-07-26 09:23:00,TRK-030,Rute-O,Central Hub (Jakarta),879.9,1200,16.18,2.2,65.2,IN_TRANSIT,YES
2026-07-27 12:30:00,TRK-031,Rute-A,Grogol Hub (Jakbar),881.0,1200,16.6,2.4,66.0,IDLE_DOCK,NO
2026-07-28 15:37:00,TRK-032,Rute-B,Petamburan Hub,882.1,1200,17.02,0.6,66.8,LOADED,YES
2026-07-29 06:44:00,TRK-033,Rute-C,Bekasi Logistics Hub,883.2,1200,17.44,0.8,67.6,DELIVERED,YES
2026-07-30 09:51:00,TRK-034,Rute-D,Depok Hub,884.3,1200,17.86,1.0,68.4,IN_TRANSIT,YES
2026-07-31 12:58:00,TRK-035,Rute-E,Bogor Transit Hub,885.4,1200,18.28,1.1,69.2,IDLE_DOCK,NO
2026-07-01 15:05:00,TRK-036,Rute-F,Cikarang Industrial Hub,886.5,1200,18.7,1.3,70.0,LOADED,YES
2026-07-02 06:12:00,TRK-037,Rute-G,Gudang West (Tangerang),887.6,1200,19.12,1.5,70.8,DELIVERED,YES
2026-07-03 09:19:00,TRK-038,Rute-H,Central Hub (Jakarta),888.7,1200,19.54,1.7,71.6,IN_TRANSIT,YES
2026-07-04 12:26:00,TRK-039,Rute-I,Grogol Hub (Jakbar),889.8,1200,19.96,1.9,72.4,IDLE_DOCK,NO
2026-07-05 15:33:00,TRK-040,Rute-J,Petamburan Hub,890.9,1200,20.38,2.0,73.2,LOADED,YES
2026-07-06 06:40:00,TRK-041,Rute-K,Bekasi Logistics Hub,892.0,1200,20.8,2.2,74.0,DELIVERED,YES
2026-07-07 09:47:00,TRK-042,Rute-L,Depok Hub,893.1,1200,21.22,2.4,74.8,IN_TRANSIT,YES
2026-07-08 12:54:00,TRK-043,Rute-M,Bogor Transit Hub,894.2,1200,21.64,0.6,75.6,IDLE_DOCK,NO
2026-07-09 15:01:00,TRK-044,Rute-N,Cikarang Industrial Hub,895.3,1200,22.06,0.8,76.4,LOADED,YES
2026-07-10 06:08:00,TRK-045,Rute-O,Gudang West (Tangerang),896.4,1200,22.48,1.0,77.2,DELIVERED,YES
2026-07-11 09:15:00,TRK-046,Rute-A,Central Hub (Jakarta),897.5,1200,22.9,1.1,78.0,IN_TRANSIT,YES
2026-07-12 12:22:00,TRK-047,Rute-B,Grogol Hub (Jakbar),898.6,1200,23.32,1.3,78.8,IDLE_DOCK,NO
2026-07-13 15:29:00,TRK-048,Rute-C,Petamburan Hub,899.7,1200,23.74,1.5,79.6,LOADED,YES
2026-07-14 06:36:00,TRK-049,Rute-D,Bekasi Logistics Hub,900.8,1200,24.16,1.7,80.4,DELIVERED,YES
2026-07-15 09:43:00,TRK-050,Rute-E,Depok Hub,901.9,1200,24.58,1.9,81.2,IN_TRANSIT,YES
2026-07-16 12:50:00,TRK-051,Rute-F,Bogor Transit Hub,903.0,1200,14.5,2.0,82.0,IDLE_DOCK,NO
2026-07-17 15:57:00,TRK-052,Rute-G,Cikarang Industrial Hub,904.1,1200,14.92,2.2,82.8,LOADED,YES
2026-07-18 06:04:00,TRK-053,Rute-H,Gudang West (Tangerang),905.2,1200,15.34,2.4,83.6,DELIVERED,YES
2026-07-19 09:11:00,TRK-054,Rute-I,Central Hub (Jakarta),906.3,1200,15.76,0.6,84.4,IN_TRANSIT,YES
2026-07-20 12:18:00,TRK-055,Rute-J,Grogol Hub (Jakbar),907.4,1200,16.18,0.8,85.2,IDLE_DOCK,NO
2026-07-21 15:25:00,TRK-056,Rute-K,Petamburan Hub,908.5,1200,16.6,1.0,86.0,LOADED,YES
2026-07-22 06:32:00,TRK-057,Rute-L,Bekasi Logistics Hub,909.6,1200,17.02,1.1,86.8,DELIVERED,YES
2026-07-23 09:39:00,TRK-058,Rute-M,Depok Hub,910.7,1200,17.44,1.3,87.6,IN_TRANSIT,YES
2026-07-24 12:46:00,TRK-059,Rute-N,Bogor Transit Hub,911.8,1200,17.86,1.5,88.4,IDLE_DOCK,NO
2026-07-25 15:53:00,TRK-060,Rute-O,Cikarang Industrial Hub,912.9,1200,18.28,1.7,89.2,LOADED,YES
2026-07-26 06:00:00,TRK-061,Rute-A,Gudang West (Tangerang),914.0,1200,18.7,1.9,18.0,DELIVERED,YES
2026-07-27 09:07:00,TRK-062,Rute-B,Central Hub (Jakarta),915.1,1200,19.12,2.0,18.8,IN_TRANSIT,YES
2026-07-28 12:14:00,TRK-063,Rute-C,Grogol Hub (Jakbar),916.2,1200,19.54,2.2,19.6,IDLE_DOCK,NO
2026-07-29 15:21:00,TRK-064,Rute-D,Petamburan Hub,917.3,1200,19.96,2.4,20.4,LOADED,YES
2026-07-30 06:28:00,TRK-065,Rute-E,Bekasi Logistics Hub,918.4,1200,20.38,0.6,21.2,DELIVERED,YES
2026-07-31 09:35:00,TRK-066,Rute-F,Depok Hub,919.5,1200,20.8,0.8,22.0,IN_TRANSIT,YES
2026-07-01 12:42:00,TRK-067,Rute-G,Bogor Transit Hub,920.6,1200,21.22,1.0,22.8,IDLE_DOCK,NO
2026-07-02 15:49:00,TRK-068,Rute-H,Cikarang Industrial Hub,921.7,1200,21.64,1.1,23.6,LOADED,YES
2026-07-03 06:56:00,TRK-069,Rute-I,Gudang West (Tangerang),922.8,1200,22.06,1.3,24.4,DELIVERED,YES
2026-07-04 09:03:00,TRK-070,Rute-J,Central Hub (Jakarta),923.9,1200,22.48,1.5,25.2,IN_TRANSIT,YES
2026-07-05 12:10:00,TRK-071,Rute-K,Grogol Hub (Jakbar),925.0,1200,22.9,1.7,26.0,IDLE_DOCK,NO
2026-07-06 15:17:00,TRK-072,Rute-L,Petamburan Hub,926.1,1200,23.32,1.9,26.8,LOADED,YES
2026-07-07 06:24:00,TRK-073,Rute-M,Bekasi Logistics Hub,927.2,1200,23.74,2.0,27.6,DELIVERED,YES
2026-07-08 09:31:00,TRK-074,Rute-N,Depok Hub,928.3,1200,24.16,2.2,28.4,IN_TRANSIT,YES
2026-07-09 12:38:00,TRK-075,Rute-O,Bogor Transit Hub,929.4,1200,24.58,2.4,29.2,IDLE_DOCK,NO
2026-07-10 15:45:00,TRK-076,Rute-A,Cikarang Industrial Hub,930.5,1200,14.5,0.6,30.0,LOADED,YES
2026-07-11 06:52:00,TRK-077,Rute-B,Gudang West (Tangerang),931.6,1200,14.92,0.8,30.8,DELIVERED,YES
2026-07-12 09:59:00,TRK-078,Rute-C,Central Hub (Jakarta),932.7,1200,15.34,1.0,31.6,IN_TRANSIT,YES
2026-07-13 12:06:00,TRK-079,Rute-D,Grogol Hub (Jakbar),933.8,1200,15.76,1.1,32.4,IDLE_DOCK,NO
2026-07-14 15:13:00,TRK-080,Rute-E,Petamburan Hub,934.9,1200,16.18,1.3,33.2,LOADED,YES
2026-07-15 06:20:00,TRK-081,Rute-F,Bekasi Logistics Hub,936.0,1200,16.6,1.5,34.0,DELIVERED,YES
2026-07-16 09:27:00,TRK-082,Rute-G,Depok Hub,937.1,1200,17.02,1.7,34.8,IN_TRANSIT,YES
2026-07-17 12:34:00,TRK-083,Rute-H,Bogor Transit Hub,938.2,1200,17.44,1.9,35.6,IDLE_DOCK,NO
2026-07-18 15:41:00,TRK-084,Rute-I,Cikarang Industrial Hub,939.3,1200,17.86,2.0,36.4,LOADED,YES
2026-07-19 06:48:00,TRK-085,Rute-J,Gudang West (Tangerang),940.4,1200,18.28,2.2,37.2,DELIVERED,YES
2026-07-20 09:55:00,TRK-086,Rute-K,Central Hub (Jakarta),941.5,1200,18.7,2.4,38.0,IN_TRANSIT,YES
2026-07-21 12:02:00,TRK-087,Rute-L,Grogol Hub (Jakbar),942.6,1200,19.12,0.6,38.8,IDLE_DOCK,NO
2026-07-22 15:09:00,TRK-088,Rute-M,Petamburan Hub,943.7,1200,19.54,0.8,39.6,LOADED,YES
2026-07-23 06:16:00,TRK-089,Rute-N,Bekasi Logistics Hub,944.8,1200,19.96,1.0,40.4,DELIVERED,YES
2026-07-24 09:23:00,TRK-090,Rute-O,Depok Hub,945.9,1200,20.38,1.1,41.2,IN_TRANSIT,YES
2026-07-25 12:30:00,TRK-091,Rute-A,Bogor Transit Hub,947.0,1200,20.8,1.3,42.0,IDLE_DOCK,NO
2026-07-26 15:37:00,TRK-092,Rute-B,Cikarang Industrial Hub,948.1,1200,21.22,1.5,42.8,LOADED,YES
2026-07-27 06:44:00,TRK-093,Rute-C,Gudang West (Tangerang),949.2,1200,21.64,1.7,43.6,DELIVERED,YES
2026-07-28 09:51:00,TRK-094,Rute-D,Central Hub (Jakarta),950.3,1200,22.06,1.9,44.4,IN_TRANSIT,YES
2026-07-29 12:58:00,TRK-095,Rute-E,Grogol Hub (Jakbar),951.4,1200,22.48,2.0,45.2,IDLE_DOCK,NO
2026-07-30 15:05:00,TRK-096,Rute-F,Petamburan Hub,952.5,1200,22.9,2.2,46.0,LOADED,YES
2026-07-31 06:12:00,TRK-097,Rute-G,Bekasi Logistics Hub,953.6,1200,23.32,2.4,46.8,DELIVERED,YES
2026-07-01 09:19:00,TRK-098,Rute-H,Depok Hub,954.7,1200,23.74,0.6,47.6,IN_TRANSIT,YES
2026-07-02 12:26:00,TRK-099,Rute-I,Bogor Transit Hub,955.8,1200,24.16,0.8,48.4,IDLE_DOCK,NO
2026-07-03 15:33:00,TRK-100,Rute-J,Cikarang Industrial Hub,956.9,1200,24.58,1.0,49.2,LOADED,YES
2026-07-04 06:40:00,TRK-101,Rute-K,Gudang West (Tangerang),958.0,1200,14.5,1.1,50.0,DELIVERED,YES
2026-07-05 09:47:00,TRK-102,Rute-L,Central Hub (Jakarta),959.1,1200,14.92,1.3,50.8,IN_TRANSIT,YES
2026-07-06 12:54:00,TRK-103,Rute-M,Grogol Hub (Jakbar),960.2,1200,15.34,1.5,51.6,IDLE_DOCK,NO
2026-07-07 15:01:00,TRK-104,Rute-N,Petamburan Hub,961.3,1200,15.76,1.7,52.4,LOADED,YES
2026-07-08 06:08:00,TRK-105,Rute-O,Bekasi Logistics Hub,962.4,1200,16.18,1.9,53.2,DELIVERED,YES
2026-07-09 09:15:00,TRK-106,Rute-A,Depok Hub,963.5,1200,16.6,2.0,54.0,IN_TRANSIT,YES
2026-07-10 12:22:00,TRK-107,Rute-B,Bogor Transit Hub,964.6,1200,17.02,2.2,54.8,IDLE_DOCK,NO
2026-07-11 15:29:00,TRK-108,Rute-C,Cikarang Industrial Hub,965.7,1200,17.44,2.4,55.6,LOADED,YES
2026-07-12 06:36:00,TRK-109,Rute-D,Gudang West (Tangerang),966.8,1200,17.86,0.6,56.4,DELIVERED,YES
2026-07-13 09:43:00,TRK-110,Rute-E,Central Hub (Jakarta),967.9,1200,18.28,0.8,57.2,IN_TRANSIT,YES
2026-07-14 12:50:00,TRK-111,Rute-F,Grogol Hub (Jakbar),969.0,1200,18.7,1.0,58.0,IDLE_DOCK,NO
2026-07-15 15:57:00,TRK-112,Rute-G,Petamburan Hub,970.1,1200,19.12,1.1,58.8,LOADED,YES
2026-07-16 06:04:00,TRK-113,Rute-H,Bekasi Logistics Hub,971.2,1200,19.54,1.3,59.6,DELIVERED,YES
2026-07-17 09:11:00,TRK-114,Rute-I,Depok Hub,972.3,1200,19.96,1.5,60.4,IN_TRANSIT,YES
2026-07-18 12:18:00,TRK-115,Rute-J,Bogor Transit Hub,973.4,1200,20.38,1.7,61.2,IDLE_DOCK,NO
2026-07-19 15:25:00,TRK-116,Rute-K,Cikarang Industrial Hub,974.5,1200,20.8,1.9,62.0,LOADED,YES
2026-07-20 06:32:00,TRK-117,Rute-L,Gudang West (Tangerang),975.6,1200,21.22,2.0,62.8,DELIVERED,YES
2026-07-21 09:39:00,TRK-118,Rute-M,Central Hub (Jakarta),976.7,1200,21.64,2.2,63.6,IN_TRANSIT,YES
2026-07-22 12:46:00,TRK-119,Rute-N,Grogol Hub (Jakbar),977.8,1200,22.06,2.4,64.4,IDLE_DOCK,NO
2026-07-23 15:53:00,TRK-120,Rute-O,Petamburan Hub,978.9,1200,22.48,0.6,65.2,LOADED,YES
2026-07-24 06:00:00,TRK-121,Rute-A,Bekasi Logistics Hub,980.0,1200,22.9,0.8,66.0,DELIVERED,YES
2026-07-25 09:07:00,TRK-122,Rute-B,Depok Hub,981.1,1200,23.32,1.0,66.8,IN_TRANSIT,YES
2026-07-26 12:14:00,TRK-123,Rute-C,Bogor Transit Hub,982.2,1200,23.74,1.1,67.6,IDLE_DOCK,NO
2026-07-27 15:21:00,TRK-124,Rute-D,Cikarang Industrial Hub,983.3,1200,24.16,1.3,68.4,LOADED,YES
2026-07-28 06:28:00,TRK-125,Rute-E,Gudang West (Tangerang),984.4,1200,24.58,1.5,69.2,DELIVERED,YES
2026-07-29 09:35:00,TRK-126,Rute-F,Central Hub (Jakarta),985.5,1200,14.5,1.7,70.0,IN_TRANSIT,YES
2026-07-30 12:42:00,TRK-127,Rute-G,Grogol Hub (Jakbar),986.6,1200,14.92,1.9,70.8,IDLE_DOCK,NO
2026-07-31 15:49:00,TRK-128,Rute-H,Petamburan Hub,987.7,1200,15.34,2.0,71.6,LOADED,YES
2026-07-01 06:56:00,TRK-129,Rute-I,Bekasi Logistics Hub,988.8,1200,15.76,2.2,72.4,DELIVERED,YES
2026-07-02 09:03:00,TRK-130,Rute-J,Depok Hub,989.9,1200,16.18,2.4,73.2,IN_TRANSIT,YES
2026-07-03 12:10:00,TRK-131,Rute-K,Bogor Transit Hub,991.0,1200,16.6,0.6,74.0,IDLE_DOCK,NO
2026-07-04 15:17:00,TRK-132,Rute-L,Cikarang Industrial Hub,992.1,1200,17.02,0.8,74.8,LOADED,YES
2026-07-05 06:24:00,TRK-133,Rute-M,Gudang West (Tangerang),993.2,1200,17.44,1.0,75.6,DELIVERED,YES
2026-07-06 09:31:00,TRK-134,Rute-N,Central Hub (Jakarta),994.3,1200,17.86,1.1,76.4,IN_TRANSIT,YES
2026-07-07 12:38:00,TRK-135,Rute-O,Grogol Hub (Jakbar),995.4,1200,18.28,1.3,77.2,IDLE_DOCK,NO
2026-07-08 15:45:00,TRK-136,Rute-A,Petamburan Hub,996.5,1200,18.7,1.5,78.0,LOADED,YES
2026-07-09 06:52:00,TRK-137,Rute-B,Bekasi Logistics Hub,997.6,1200,19.12,1.7,78.8,DELIVERED,YES
2026-07-10 09:59:00,TRK-138,Rute-C,Depok Hub,998.7,1200,19.54,1.9,79.6,IN_TRANSIT,YES
2026-07-11 12:06:00,TRK-139,Rute-D,Bogor Transit Hub,999.8,1200,19.96,2.0,80.4,IDLE_DOCK,NO
2026-07-12 15:13:00,TRK-140,Rute-E,Cikarang Industrial Hub,1000.9,1200,20.38,2.2,81.2,LOADED,YES
2026-07-13 06:20:00,TRK-141,Rute-F,Gudang West (Tangerang),1002.0,1200,20.8,2.4,82.0,DELIVERED,YES
2026-07-14 09:27:00,TRK-142,Rute-G,Central Hub (Jakarta),1003.1,1200,21.22,0.6,82.8,IN_TRANSIT,YES
2026-07-15 12:34:00,TRK-143,Rute-H,Grogol Hub (Jakbar),1004.2,1200,21.64,0.8,83.6,IDLE_DOCK,NO
2026-07-16 15:41:00,TRK-144,Rute-I,Petamburan Hub,1005.3,1200,22.06,1.0,84.4,LOADED,YES
2026-07-17 06:48:00,TRK-145,Rute-J,Bekasi Logistics Hub,1006.4,1200,22.48,1.1,85.2,DELIVERED,YES
2026-07-18 09:55:00,TRK-146,Rute-K,Depok Hub,1007.5,1200,22.9,1.3,86.0,IN_TRANSIT,YES
2026-07-19 12:02:00,TRK-147,Rute-L,Bogor Transit Hub,1008.6,1200,23.32,1.5,86.8,IDLE_DOCK,NO
2026-07-20 15:09:00,TRK-148,Rute-M,Cikarang Industrial Hub,1009.7,1200,23.74,1.7,87.6,LOADED,YES
2026-07-21 06:16:00,TRK-149,Rute-N,Gudang West (Tangerang),1010.8,1200,24.16,1.9,88.4,DELIVERED,YES
2026-07-22 09:23:00,TRK-150,Rute-O,Central Hub (Jakarta),1011.9,1200,24.58,2.0,89.2,IN_TRANSIT,YES
2026-07-23 12:30:00,TRK-001,Rute-A,Grogol Hub (Jakbar),1013.0,1200,14.5,2.2,18.0,IDLE_DOCK,NO
2026-07-24 15:37:00,TRK-002,Rute-B,Petamburan Hub,1014.1,1200,14.92,2.4,18.8,LOADED,YES
2026-07-25 06:44:00,TRK-003,Rute-C,Bekasi Logistics Hub,1015.2,1200,15.34,0.6,19.6,DELIVERED,YES
2026-07-26 09:51:00,TRK-004,Rute-D,Depok Hub,1016.3,1200,15.76,0.8,20.4,IN_TRANSIT,YES
2026-07-27 12:58:00,TRK-005,Rute-E,Bogor Transit Hub,1017.4,1200,16.18,1.0,21.2,IDLE_DOCK,NO
2026-07-28 15:05:00,TRK-006,Rute-F,Cikarang Industrial Hub,1018.5,1200,16.6,1.1,22.0,LOADED,YES
2026-07-29 06:12:00,TRK-007,Rute-G,Gudang West (Tangerang),1019.6,1200,17.02,1.3,22.8,DELIVERED,YES
2026-07-30 09:19:00,TRK-008,Rute-H,Central Hub (Jakarta),1020.7,1200,17.44,1.5,23.6,IN_TRANSIT,YES
2026-07-31 12:26:00,TRK-009,Rute-I,Grogol Hub (Jakbar),1021.8,1200,17.86,1.7,24.4,IDLE_DOCK,NO
2026-07-01 15:33:00,TRK-010,Rute-J,Petamburan Hub,1022.9,1200,18.28,1.9,25.2,LOADED,YES
2026-07-02 06:40:00,TRK-011,Rute-K,Bekasi Logistics Hub,1024.0,1200,18.7,2.0,26.0,DELIVERED,YES
2026-07-03 09:47:00,TRK-012,Rute-L,Depok Hub,1025.1,1200,19.12,2.2,26.8,IN_TRANSIT,YES
2026-07-04 12:54:00,TRK-013,Rute-M,Bogor Transit Hub,1026.2,1200,19.54,2.4,27.6,IDLE_DOCK,NO
2026-07-05 15:01:00,TRK-014,Rute-N,Cikarang Industrial Hub,1027.3,1200,19.96,0.6,28.4,LOADED,YES
2026-07-06 06:08:00,TRK-015,Rute-O,Gudang West (Tangerang),1028.4,1200,20.38,0.8,29.2,DELIVERED,YES
2026-07-07 09:15:00,TRK-016,Rute-A,Central Hub (Jakarta),1029.5,1200,20.8,1.0,30.0,IN_TRANSIT,YES
2026-07-08 12:22:00,TRK-017,Rute-B,Grogol Hub (Jakbar),1030.6,1200,21.22,1.1,30.8,IDLE_DOCK,NO
2026-07-09 15:29:00,TRK-018,Rute-C,Petamburan Hub,1031.7,1200,21.64,1.3,31.6,LOADED,YES
2026-07-10 06:36:00,TRK-019,Rute-D,Bekasi Logistics Hub,1032.8,1200,22.06,1.5,32.4,DELIVERED,YES
2026-07-11 09:43:00,TRK-020,Rute-E,Depok Hub,1033.9,1200,22.48,1.7,33.2,IN_TRANSIT,YES
2026-07-12 12:50:00,TRK-021,Rute-F,Bogor Transit Hub,1035.0,1200,22.9,1.9,34.0,IDLE_DOCK,NO
2026-07-13 15:57:00,TRK-022,Rute-G,Cikarang Industrial Hub,1036.1,1200,23.32,2.0,34.8,LOADED,YES
2026-07-14 06:04:00,TRK-023,Rute-H,Gudang West (Tangerang),1037.2,1200,23.74,2.2,35.6,DELIVERED,YES
2026-07-15 09:11:00,TRK-024,Rute-I,Central Hub (Jakarta),1038.3,1200,24.16,2.4,36.4,IN_TRANSIT,YES
2026-07-16 12:18:00,TRK-025,Rute-J,Grogol Hub (Jakbar),1039.4,1200,24.58,0.6,37.2,IDLE_DOCK,NO
2026-07-17 15:25:00,TRK-026,Rute-K,Petamburan Hub,1040.5,1200,14.5,0.8,38.0,LOADED,YES
2026-07-18 06:32:00,TRK-027,Rute-L,Bekasi Logistics Hub,1041.6,1200,14.92,1.0,38.8,DELIVERED,YES
2026-07-19 09:39:00,TRK-028,Rute-M,Depok Hub,1042.7,1200,15.34,1.1,39.6,IN_TRANSIT,YES
2026-07-20 12:46:00,TRK-029,Rute-N,Bogor Transit Hub,1043.8,1200,15.76,1.3,40.4,IDLE_DOCK,NO
2026-07-21 15:53:00,TRK-030,Rute-O,Cikarang Industrial Hub,1044.9,1200,16.18,1.5,41.2,LOADED,YES
2026-07-22 06:00:00,TRK-031,Rute-A,Gudang West (Tangerang),1046.0,1200,16.6,1.7,42.0,DELIVERED,YES
2026-07-23 09:07:00,TRK-032,Rute-B,Central Hub (Jakarta),1047.1,1200,17.02,1.9,42.8,IN_TRANSIT,YES
2026-07-24 12:14:00,TRK-033,Rute-C,Grogol Hub (Jakbar),1048.2,1200,17.44,2.0,43.6,IDLE_DOCK,NO
2026-07-25 15:21:00,TRK-034,Rute-D,Petamburan Hub,1049.3,1200,17.86,2.2,44.4,LOADED,YES
2026-07-26 06:28:00,TRK-035,Rute-E,Bekasi Logistics Hub,1050.4,1200,18.28,2.4,45.2,DELIVERED,YES
2026-07-27 09:35:00,TRK-036,Rute-F,Depok Hub,1051.5,1200,18.7,0.6,46.0,IN_TRANSIT,YES
2026-07-28 12:42:00,TRK-037,Rute-G,Bogor Transit Hub,1052.6,1200,19.12,0.8,46.8,IDLE_DOCK,NO
2026-07-29 15:49:00,TRK-038,Rute-H,Cikarang Industrial Hub,1053.7,1200,19.54,1.0,47.6,LOADED,YES
2026-07-30 06:56:00,TRK-039,Rute-I,Gudang West (Tangerang),1054.8,1200,19.96,1.1,48.4,DELIVERED,YES
2026-07-31 09:03:00,TRK-040,Rute-J,Central Hub (Jakarta),1055.9,1200,20.38,1.3,49.2,IN_TRANSIT,YES
2026-07-01 12:10:00,TRK-041,Rute-K,Grogol Hub (Jakbar),1057.0,1200,20.8,1.5,50.0,IDLE_DOCK,NO
2026-07-02 15:17:00,TRK-042,Rute-L,Petamburan Hub,1058.1,1200,21.22,1.7,50.8,LOADED,YES
2026-07-03 06:24:00,TRK-043,Rute-M,Bekasi Logistics Hub,1059.2,1200,21.64,1.9,51.6,DELIVERED,YES
2026-07-04 09:31:00,TRK-044,Rute-N,Depok Hub,1060.3,1200,22.06,2.0,52.4,IN_TRANSIT,YES
2026-07-05 12:38:00,TRK-045,Rute-O,Bogor Transit Hub,1061.4,1200,22.48,2.2,53.2,IDLE_DOCK,NO
2026-07-06 15:45:00,TRK-046,Rute-A,Cikarang Industrial Hub,1062.5,1200,22.9,2.4,54.0,LOADED,YES
2026-07-07 06:52:00,TRK-047,Rute-B,Gudang West (Tangerang),1063.6,1200,23.32,0.6,54.8,DELIVERED,YES
2026-07-08 09:59:00,TRK-048,Rute-C,Central Hub (Jakarta),1064.7,1200,23.74,0.8,55.6,IN_TRANSIT,YES
2026-07-09 12:06:00,TRK-049,Rute-D,Grogol Hub (Jakbar),1065.8,1200,24.16,1.0,56.4,IDLE_DOCK,NO
2026-07-10 15:13:00,TRK-050,Rute-E,Petamburan Hub,1066.9,1200,24.58,1.1,57.2,LOADED,YES
2026-07-11 06:20:00,TRK-051,Rute-F,Bekasi Logistics Hub,1068.0,1200,14.5,1.3,58.0,DELIVERED,YES
2026-07-12 09:27:00,TRK-052,Rute-G,Depok Hub,1069.1,1200,14.92,1.5,58.8,IN_TRANSIT,YES
2026-07-13 12:34:00,TRK-053,Rute-H,Bogor Transit Hub,1070.2,1200,15.34,1.7,59.6,IDLE_DOCK,NO
2026-07-14 15:41:00,TRK-054,Rute-I,Cikarang Industrial Hub,1071.3,1200,15.76,1.9,60.4,LOADED,YES
2026-07-15 06:48:00,TRK-055,Rute-J,Gudang West (Tangerang),1072.4,1200,16.18,2.0,61.2,DELIVERED,YES
2026-07-16 09:55:00,TRK-056,Rute-K,Central Hub (Jakarta),1073.5,1200,16.6,2.2,62.0,IN_TRANSIT,YES
2026-07-17 12:02:00,TRK-057,Rute-L,Grogol Hub (Jakbar),1074.6,1200,17.02,2.4,62.8,IDLE_DOCK,NO
2026-07-18 15:09:00,TRK-058,Rute-M,Petamburan Hub,1075.7,1200,17.44,0.6,63.6,LOADED,YES
2026-07-19 06:16:00,TRK-059,Rute-N,Bekasi Logistics Hub,1076.8,1200,17.86,0.8,64.4,DELIVERED,YES
2026-07-20 09:23:00,TRK-060,Rute-O,Depok Hub,1077.9,1200,18.28,1.0,65.2,IN_TRANSIT,YES
2026-07-21 12:30:00,TRK-061,Rute-A,Bogor Transit Hub,1079.0,1200,18.7,1.1,66.0,IDLE_DOCK,NO
2026-07-22 15:37:00,TRK-062,Rute-B,Cikarang Industrial Hub,1080.1,1200,19.12,1.3,66.8,LOADED,YES
2026-07-23 06:44:00,TRK-063,Rute-C,Gudang West (Tangerang),1081.2,1200,19.54,1.5,67.6,DELIVERED,YES
2026-07-24 09:51:00,TRK-064,Rute-D,Central Hub (Jakarta),1082.3,1200,19.96,1.7,68.4,IN_TRANSIT,YES
2026-07-25 12:58:00,TRK-065,Rute-E,Grogol Hub (Jakbar),1083.4,1200,20.38,1.9,69.2,IDLE_DOCK,NO
2026-07-26 15:05:00,TRK-066,Rute-F,Petamburan Hub,1084.5,1200,20.8,2.0,70.0,LOADED,YES
2026-07-27 06:12:00,TRK-067,Rute-G,Bekasi Logistics Hub,1085.6,1200,21.22,2.2,70.8,DELIVERED,YES
2026-07-28 09:19:00,TRK-068,Rute-H,Depok Hub,1086.7,1200,21.64,2.4,71.6,IN_TRANSIT,YES
2026-07-29 12:26:00,TRK-069,Rute-I,Bogor Transit Hub,1087.8,1200,22.06,0.6,72.4,IDLE_DOCK,NO
2026-07-30 15:33:00,TRK-070,Rute-J,Cikarang Industrial Hub,1088.9,1200,22.48,0.8,73.2,LOADED,YES
2026-07-31 06:40:00,TRK-071,Rute-K,Gudang West (Tangerang),1090.0,1200,22.9,1.0,74.0,DELIVERED,YES
2026-07-01 09:47:00,TRK-072,Rute-L,Central Hub (Jakarta),1091.1,1200,23.32,1.1,74.8,IN_TRANSIT,YES
2026-07-02 12:54:00,TRK-073,Rute-M,Grogol Hub (Jakbar),1092.2,1200,23.74,1.3,75.6,IDLE_DOCK,NO
2026-07-03 15:01:00,TRK-074,Rute-N,Petamburan Hub,1093.3,1200,24.16,1.5,76.4,LOADED,YES
2026-07-04 06:08:00,TRK-075,Rute-O,Bekasi Logistics Hub,1094.4,1200,24.58,1.7,77.2,DELIVERED,YES
2026-07-05 09:15:00,TRK-076,Rute-A,Depok Hub,1095.5,1200,14.5,1.9,78.0,IN_TRANSIT,YES
2026-07-06 12:22:00,TRK-077,Rute-B,Bogor Transit Hub,1096.6,1200,14.92,2.0,78.8,IDLE_DOCK,NO
2026-07-07 15:29:00,TRK-078,Rute-C,Cikarang Industrial Hub,1097.7,1200,15.34,2.2,79.6,LOADED,YES
2026-07-08 06:36:00,TRK-079,Rute-D,Gudang West (Tangerang),1098.8,1200,15.76,2.4,80.4,DELIVERED,YES
2026-07-09 09:43:00,TRK-080,Rute-E,Central Hub (Jakarta),1099.9,1200,16.18,0.6,81.2,IN_TRANSIT,YES
2026-07-10 12:50:00,TRK-081,Rute-F,Grogol Hub (Jakbar),1101.0,1200,16.6,0.8,82.0,IDLE_DOCK,NO
2026-07-11 15:57:00,TRK-082,Rute-G,Petamburan Hub,1102.1,1200,17.02,1.0,82.8,LOADED,YES
2026-07-12 06:04:00,TRK-083,Rute-H,Bekasi Logistics Hub,1103.2,1200,17.44,1.1,83.6,DELIVERED,YES
2026-07-13 09:11:00,TRK-084,Rute-I,Depok Hub,1104.3,1200,17.86,1.3,84.4,IN_TRANSIT,YES
2026-07-14 12:18:00,TRK-085,Rute-J,Bogor Transit Hub,1105.4,1200,18.28,1.5,85.2,IDLE_DOCK,NO
2026-07-15 15:25:00,TRK-086,Rute-K,Cikarang Industrial Hub,1106.5,1200,18.7,1.7,86.0,LOADED,YES
2026-07-16 06:32:00,TRK-087,Rute-L,Gudang West (Tangerang),1107.6,1200,19.12,1.9,86.8,DELIVERED,YES
2026-07-17 09:39:00,TRK-088,Rute-M,Central Hub (Jakarta),1108.7,1200,19.54,2.0,87.6,IN_TRANSIT,YES
2026-07-18 12:46:00,TRK-089,Rute-N,Grogol Hub (Jakbar),1109.8,1200,19.96,2.2,88.4,IDLE_DOCK,NO
2026-07-19 15:53:00,TRK-090,Rute-O,Petamburan Hub,1110.9,1200,20.38,2.4,89.2,LOADED,YES
2026-07-20 06:00:00,TRK-091,Rute-A,Bekasi Logistics Hub,1112.0,1200,20.8,0.6,18.0,DELIVERED,YES
2026-07-21 09:07:00,TRK-092,Rute-B,Depok Hub,1113.1,1200,21.22,0.8,18.8,IN_TRANSIT,YES
2026-07-22 12:14:00,TRK-093,Rute-C,Bogor Transit Hub,1114.2,1200,21.64,1.0,19.6,IDLE_DOCK,NO
2026-07-23 15:21:00,TRK-094,Rute-D,Cikarang Industrial Hub,1115.3,1200,22.06,1.1,20.4,LOADED,YES
2026-07-24 06:28:00,TRK-095,Rute-E,Gudang West (Tangerang),1116.4,1200,22.48,1.3,21.2,DELIVERED,YES
2026-07-25 09:35:00,TRK-096,Rute-F,Central Hub (Jakarta),1117.5,1200,22.9,1.5,22.0,IN_TRANSIT,YES
2026-07-26 12:42:00,TRK-097,Rute-G,Grogol Hub (Jakbar),1118.6,1200,23.32,1.7,22.8,IDLE_DOCK,NO
2026-07-27 15:49:00,TRK-098,Rute-H,Petamburan Hub,1119.7,1200,23.74,1.9,23.6,LOADED,YES
2026-07-28 06:56:00,TRK-099,Rute-I,Bekasi Logistics Hub,1120.8,1200,24.16,2.0,24.4,DELIVERED,YES
2026-07-29 09:03:00,TRK-100,Rute-J,Depok Hub,1121.9,1200,24.58,2.2,25.2,IN_TRANSIT,YES
2026-07-30 12:10:00,TRK-101,Rute-K,Bogor Transit Hub,1123.0,1200,14.5,2.4,26.0,IDLE_DOCK,NO
2026-07-31 15:17:00,TRK-102,Rute-L,Cikarang Industrial Hub,1124.1,1200,14.92,0.6,26.8,LOADED,YES
2026-07-01 06:24:00,TRK-103,Rute-M,Gudang West (Tangerang),1125.2,1200,15.34,0.8,27.6,DELIVERED,YES
2026-07-02 09:31:00,TRK-104,Rute-N,Central Hub (Jakarta),1126.3,1200,15.76,1.0,28.4,IN_TRANSIT,YES
2026-07-03 12:38:00,TRK-105,Rute-O,Grogol Hub (Jakbar),1127.4,1200,16.18,1.1,29.2,IDLE_DOCK,NO
2026-07-04 15:45:00,TRK-106,Rute-A,Petamburan Hub,1128.5,1200,16.6,1.3,30.0,LOADED,YES
2026-07-05 06:52:00,TRK-107,Rute-B,Bekasi Logistics Hub,1129.6,1200,17.02,1.5,30.8,DELIVERED,YES
2026-07-06 09:59:00,TRK-108,Rute-C,Depok Hub,1130.7,1200,17.44,1.7,31.6,IN_TRANSIT,YES
2026-07-07 12:06:00,TRK-109,Rute-D,Bogor Transit Hub,1131.8,1200,17.86,1.9,32.4,IDLE_DOCK,NO
2026-07-08 15:13:00,TRK-110,Rute-E,Cikarang Industrial Hub,1132.9,1200,18.28,2.0,33.2,LOADED,YES
2026-07-09 06:20:00,TRK-111,Rute-F,Gudang West (Tangerang),1134.0,1200,18.7,2.2,34.0,DELIVERED,YES
2026-07-10 09:27:00,TRK-112,Rute-G,Central Hub (Jakarta),1135.1,1200,19.12,2.4,34.8,IN_TRANSIT,YES
2026-07-11 12:34:00,TRK-113,Rute-H,Grogol Hub (Jakbar),1136.2,1200,19.54,0.6,35.6,IDLE_DOCK,NO
2026-07-12 15:41:00,TRK-114,Rute-I,Petamburan Hub,1137.3,1200,19.96,0.8,36.4,LOADED,YES
2026-07-13 06:48:00,TRK-115,Rute-J,Bekasi Logistics Hub,1138.4,1200,20.38,1.0,37.2,DELIVERED,YES
2026-07-14 09:55:00,TRK-116,Rute-K,Depok Hub,1139.5,1200,20.8,1.1,38.0,IN_TRANSIT,YES
2026-07-15 12:02:00,TRK-117,Rute-L,Bogor Transit Hub,1140.6,1200,21.22,1.3,38.8,IDLE_DOCK,NO
2026-07-16 15:09:00,TRK-118,Rute-M,Cikarang Industrial Hub,1141.7,1200,21.64,1.5,39.6,LOADED,YES
2026-07-17 06:16:00,TRK-119,Rute-N,Gudang West (Tangerang),1142.8,1200,22.06,1.7,40.4,DELIVERED,YES
2026-07-18 09:23:00,TRK-120,Rute-O,Central Hub (Jakarta),1143.9,1200,22.48,1.9,41.2,IN_TRANSIT,YES
2026-07-19 12:30:00,TRK-121,Rute-A,Grogol Hub (Jakbar),1145.0,1200,22.9,2.0,42.0,IDLE_DOCK,NO
2026-07-20 15:37:00,TRK-122,Rute-B,Petamburan Hub,1146.1,1200,23.32,2.2,42.8,LOADED,YES
2026-07-21 06:44:00,TRK-123,Rute-C,Bekasi Logistics Hub,1147.2,1200,23.74,2.4,43.6,DELIVERED,YES
2026-07-22 09:51:00,TRK-124,Rute-D,Depok Hub,1148.3,1200,24.16,0.6,44.4,IN_TRANSIT,YES
2026-07-23 12:58:00,TRK-125,Rute-E,Bogor Transit Hub,1149.4,1200,24.58,0.8,45.2,IDLE_DOCK,NO
2026-07-24 15:05:00,TRK-126,Rute-F,Cikarang Industrial Hub,1150.5,1200,14.5,1.0,46.0,LOADED,YES
2026-07-25 06:12:00,TRK-127,Rute-G,Gudang West (Tangerang),1151.6,1200,14.92,1.1,46.8,DELIVERED,YES
2026-07-26 09:19:00,TRK-128,Rute-H,Central Hub (Jakarta),1152.7,1200,15.34,1.3,47.6,IN_TRANSIT,YES
2026-07-27 12:26:00,TRK-129,Rute-I,Grogol Hub (Jakbar),1153.8,1200,15.76,1.5,48.4,IDLE_DOCK,NO
2026-07-28 15:33:00,TRK-130,Rute-J,Petamburan Hub,1154.9,1200,16.18,1.7,49.2,LOADED,YES
2026-07-29 06:40:00,TRK-131,Rute-K,Bekasi Logistics Hub,650.0,1200,16.6,1.9,50.0,DELIVERED,YES
2026-07-30 09:47:00,TRK-132,Rute-L,Depok Hub,651.1,1200,17.02,2.0,50.8,IN_TRANSIT,YES
2026-07-31 12:54:00,TRK-133,Rute-M,Bogor Transit Hub,652.2,1200,17.44,2.2,51.6,IDLE_DOCK,NO
2026-07-01 15:01:00,TRK-134,Rute-N,Cikarang Industrial Hub,653.3,1200,17.86,2.4,52.4,LOADED,YES
2026-07-02 06:08:00,TRK-135,Rute-O,Gudang West (Tangerang),654.4,1200,18.28,0.6,53.2,DELIVERED,YES
2026-07-03 09:15:00,TRK-136,Rute-A,Central Hub (Jakarta),655.5,1200,18.7,0.8,54.0,IN_TRANSIT,YES
2026-07-04 12:22:00,TRK-137,Rute-B,Grogol Hub (Jakbar),656.6,1200,19.12,1.0,54.8,IDLE_DOCK,NO
2026-07-05 15:29:00,TRK-138,Rute-C,Petamburan Hub,657.7,1200,19.54,1.1,55.6,LOADED,YES
2026-07-06 06:36:00,TRK-139,Rute-D,Bekasi Logistics Hub,658.8,1200,19.96,1.3,56.4,DELIVERED,YES
2026-07-07 09:43:00,TRK-140,Rute-E,Depok Hub,659.9,1200,20.38,1.5,57.2,IN_TRANSIT,YES
2026-07-08 12:50:00,TRK-141,Rute-F,Bogor Transit Hub,661.0,1200,20.8,1.7,58.0,IDLE_DOCK,NO
2026-07-09 15:57:00,TRK-142,Rute-G,Cikarang Industrial Hub,662.1,1200,21.22,1.9,58.8,LOADED,YES
2026-07-10 06:04:00,TRK-143,Rute-H,Gudang West (Tangerang),663.2,1200,21.64,2.0,59.6,DELIVERED,YES
2026-07-11 09:11:00,TRK-144,Rute-I,Central Hub (Jakarta),664.3,1200,22.06,2.2,60.4,IN_TRANSIT,YES
2026-07-12 12:18:00,TRK-145,Rute-J,Grogol Hub (Jakbar),665.4,1200,22.48,2.4,61.2,IDLE_DOCK,NO
2026-07-13 15:25:00,TRK-146,Rute-K,Petamburan Hub,666.5,1200,22.9,0.6,62.0,LOADED,YES
2026-07-14 06:32:00,TRK-147,Rute-L,Bekasi Logistics Hub,667.6,1200,23.32,0.8,62.8,DELIVERED,YES
2026-07-15 09:39:00,TRK-148,Rute-M,Depok Hub,668.7,1200,23.74,1.0,63.6,IN_TRANSIT,YES
2026-07-16 12:46:00,TRK-149,Rute-N,Bogor Transit Hub,669.8,1200,24.16,1.1,64.4,IDLE_DOCK,NO
2026-07-17 15:53:00,TRK-150,Rute-O,Cikarang Industrial Hub,670.9,1200,24.58,1.3,65.2,LOADED,YES
2026-07-18 06:00:00,TRK-001,Rute-A,Gudang West (Tangerang),672.0,1200,14.5,1.5,66.0,DELIVERED,YES
2026-07-19 09:07:00,TRK-002,Rute-B,Central Hub (Jakarta),673.1,1200,14.92,1.7,66.8,IN_TRANSIT,YES
2026-07-20 12:14:00,TRK-003,Rute-C,Grogol Hub (Jakbar),674.2,1200,15.34,1.9,67.6,IDLE_DOCK,NO
2026-07-21 15:21:00,TRK-004,Rute-D,Petamburan Hub,675.3,1200,15.76,2.0,68.4,LOADED,YES
2026-07-22 06:28:00,TRK-005,Rute-E,Bekasi Logistics Hub,676.4,1200,16.18,2.2,69.2,DELIVERED,YES
2026-07-23 09:35:00,TRK-006,Rute-F,Depok Hub,677.5,1200,16.6,2.4,70.0,IN_TRANSIT,YES
2026-07-24 12:42:00,TRK-007,Rute-G,Bogor Transit Hub,678.6,1200,17.02,0.6,70.8,IDLE_DOCK,NO
2026-07-25 15:49:00,TRK-008,Rute-H,Cikarang Industrial Hub,679.7,1200,17.44,0.8,71.6,LOADED,YES
2026-07-26 06:56:00,TRK-009,Rute-I,Gudang West (Tangerang),680.8,1200,17.86,1.0,72.4,DELIVERED,YES
2026-07-27 09:03:00,TRK-010,Rute-J,Central Hub (Jakarta),681.9,1200,18.28,1.1,73.2,IN_TRANSIT,YES
2026-07-28 12:10:00,TRK-011,Rute-K,Grogol Hub (Jakbar),683.0,1200,18.7,1.3,74.0,IDLE_DOCK,NO
2026-07-29 15:17:00,TRK-012,Rute-L,Petamburan Hub,684.1,1200,19.12,1.5,74.8,LOADED,YES
2026-07-30 06:24:00,TRK-013,Rute-M,Bekasi Logistics Hub,685.2,1200,19.54,1.7,75.6,DELIVERED,YES
2026-07-31 09:31:00,TRK-014,Rute-N,Depok Hub,686.3,1200,19.96,1.9,76.4,IN_TRANSIT,YES
2026-07-01 12:38:00,TRK-015,Rute-O,Bogor Transit Hub,687.4,1200,20.38,2.0,77.2,IDLE_DOCK,NO
2026-07-02 15:45:00,TRK-016,Rute-A,Cikarang Industrial Hub,688.5,1200,20.8,2.2,78.0,LOADED,YES
2026-07-03 06:52:00,TRK-017,Rute-B,Gudang West (Tangerang),689.6,1200,21.22,2.4,78.8,DELIVERED,YES
2026-07-04 09:59:00,TRK-018,Rute-C,Central Hub (Jakarta),690.7,1200,21.64,0.6,79.6,IN_TRANSIT,YES
2026-07-05 12:06:00,TRK-019,Rute-D,Grogol Hub (Jakbar),691.8,1200,22.06,0.8,80.4,IDLE_DOCK,NO
2026-07-06 15:13:00,TRK-020,Rute-E,Petamburan Hub,692.9,1200,22.48,1.0,81.2,LOADED,YES
2026-07-07 06:20:00,TRK-021,Rute-F,Bekasi Logistics Hub,694.0,1200,22.9,1.1,82.0,DELIVERED,YES
2026-07-08 09:27:00,TRK-022,Rute-G,Depok Hub,695.1,1200,23.32,1.3,82.8,IN_TRANSIT,YES
2026-07-09 12:34:00,TRK-023,Rute-H,Bogor Transit Hub,696.2,1200,23.74,1.5,83.6,IDLE_DOCK,NO
2026-07-10 15:41:00,TRK-024,Rute-I,Cikarang Industrial Hub,697.3,1200,24.16,1.7,84.4,LOADED,YES
2026-07-11 06:48:00,TRK-025,Rute-J,Gudang West (Tangerang),698.4,1200,24.58,1.9,85.2,DELIVERED,YES
2026-07-12 09:55:00,TRK-026,Rute-K,Central Hub (Jakarta),699.5,1200,14.5,2.0,86.0,IN_TRANSIT,YES
2026-07-13 12:02:00,TRK-027,Rute-L,Grogol Hub (Jakbar),700.6,1200,14.92,2.2,86.8,IDLE_DOCK,NO
2026-07-14 15:09:00,TRK-028,Rute-M,Petamburan Hub,701.7,1200,15.34,2.4,87.6,LOADED,YES
2026-07-15 06:16:00,TRK-029,Rute-N,Bekasi Logistics Hub,702.8,1200,15.76,0.6,88.4,DELIVERED,YES
2026-07-16 09:23:00,TRK-030,Rute-O,Depok Hub,703.9,1200,16.18,0.8,89.2,IN_TRANSIT,YES
2026-07-17 12:30:00,TRK-031,Rute-A,Bogor Transit Hub,705.0,1200,16.6,1.0,18.0,IDLE_DOCK,NO
2026-07-18 15:37:00,TRK-032,Rute-B,Cikarang Industrial Hub,706.1,1200,17.02,1.1,18.8,LOADED,YES
2026-07-19 06:44:00,TRK-033,Rute-C,Gudang West (Tangerang),707.2,1200,17.44,1.3,19.6,DELIVERED,YES
2026-07-20 09:51:00,TRK-034,Rute-D,Central Hub (Jakarta),708.3,1200,17.86,1.5,20.4,IN_TRANSIT,YES
2026-07-21 12:58:00,TRK-035,Rute-E,Grogol Hub (Jakbar),709.4,1200,18.28,1.7,21.2,IDLE_DOCK,NO
2026-07-22 15:05:00,TRK-036,Rute-F,Petamburan Hub,710.5,1200,18.7,1.9,22.0,LOADED,YES
2026-07-23 06:12:00,TRK-037,Rute-G,Bekasi Logistics Hub,711.6,1200,19.12,2.0,22.8,DELIVERED,YES
2026-07-24 09:19:00,TRK-038,Rute-H,Depok Hub,712.7,1200,19.54,2.2,23.6,IN_TRANSIT,YES
2026-07-25 12:26:00,TRK-039,Rute-I,Bogor Transit Hub,713.8,1200,19.96,2.4,24.4,IDLE_DOCK,NO
2026-07-26 15:33:00,TRK-040,Rute-J,Cikarang Industrial Hub,714.9,1200,20.38,0.6,25.2,LOADED,YES
2026-07-27 06:40:00,TRK-041,Rute-K,Gudang West (Tangerang),716.0,1200,20.8,0.8,26.0,DELIVERED,YES
2026-07-28 09:47:00,TRK-042,Rute-L,Central Hub (Jakarta),717.1,1200,21.22,1.0,26.8,IN_TRANSIT,YES
2026-07-29 12:54:00,TRK-043,Rute-M,Grogol Hub (Jakbar),718.2,1200,21.64,1.1,27.6,IDLE_DOCK,NO
2026-07-30 15:01:00,TRK-044,Rute-N,Petamburan Hub,719.3,1200,22.06,1.3,28.4,LOADED,YES
2026-07-31 06:08:00,TRK-045,Rute-O,Bekasi Logistics Hub,720.4,1200,22.48,1.5,29.2,DELIVERED,YES
2026-07-01 09:15:00,TRK-046,Rute-A,Depok Hub,721.5,1200,22.9,1.7,30.0,IN_TRANSIT,YES
2026-07-02 12:22:00,TRK-047,Rute-B,Bogor Transit Hub,722.6,1200,23.32,1.9,30.8,IDLE_DOCK,NO
2026-07-03 15:29:00,TRK-048,Rute-C,Cikarang Industrial Hub,723.7,1200,23.74,2.0,31.6,LOADED,YES
2026-07-04 06:36:00,TRK-049,Rute-D,Gudang West (Tangerang),724.8,1200,24.16,2.2,32.4,DELIVERED,YES
2026-07-05 09:43:00,TRK-050,Rute-E,Central Hub (Jakarta),725.9,1200,24.58,2.4,33.2,IN_TRANSIT,YES
2026-07-06 12:50:00,TRK-051,Rute-F,Grogol Hub (Jakbar),727.0,1200,14.5,0.6,34.0,IDLE_DOCK,NO
2026-07-07 15:57:00,TRK-052,Rute-G,Petamburan Hub,728.1,1200,14.92,0.8,34.8,LOADED,YES
2026-07-08 06:04:00,TRK-053,Rute-H,Bekasi Logistics Hub,729.2,1200,15.34,1.0,35.6,DELIVERED,YES
2026-07-09 09:11:00,TRK-054,Rute-I,Depok Hub,730.3,1200,15.76,1.1,36.4,IN_TRANSIT,YES
2026-07-10 12:18:00,TRK-055,Rute-J,Bogor Transit Hub,731.4,1200,16.18,1.3,37.2,IDLE_DOCK,NO
2026-07-11 15:25:00,TRK-056,Rute-K,Cikarang Industrial Hub,732.5,1200,16.6,1.5,38.0,LOADED,YES
2026-07-12 06:32:00,TRK-057,Rute-L,Gudang West (Tangerang),733.6,1200,17.02,1.7,38.8,DELIVERED,YES
2026-07-13 09:39:00,TRK-058,Rute-M,Central Hub (Jakarta),734.7,1200,17.44,1.9,39.6,IN_TRANSIT,YES
2026-07-14 12:46:00,TRK-059,Rute-N,Grogol Hub (Jakbar),735.8,1200,17.86,2.0,40.4,IDLE_DOCK,NO
2026-07-15 15:53:00,TRK-060,Rute-O,Petamburan Hub,736.9,1200,18.28,2.2,41.2,LOADED,YES
2026-07-16 06:00:00,TRK-061,Rute-A,Bekasi Logistics Hub,738.0,1200,18.7,2.4,42.0,DELIVERED,YES
2026-07-17 09:07:00,TRK-062,Rute-B,Depok Hub,739.1,1200,19.12,0.6,42.8,IN_TRANSIT,YES
2026-07-18 12:14:00,TRK-063,Rute-C,Bogor Transit Hub,740.2,1200,19.54,0.8,43.6,IDLE_DOCK,NO
2026-07-19 15:21:00,TRK-064,Rute-D,Cikarang Industrial Hub,741.3,1200,19.96,1.0,44.4,LOADED,YES
2026-07-20 06:28:00,TRK-065,Rute-E,Gudang West (Tangerang),742.4,1200,20.38,1.1,45.2,DELIVERED,YES
2026-07-21 09:35:00,TRK-066,Rute-F,Central Hub (Jakarta),743.5,1200,20.8,1.3,46.0,IN_TRANSIT,YES
2026-07-22 12:42:00,TRK-067,Rute-G,Grogol Hub (Jakbar),744.6,1200,21.22,1.5,46.8,IDLE_DOCK,NO
2026-07-23 15:49:00,TRK-068,Rute-H,Petamburan Hub,745.7,1200,21.64,1.7,47.6,LOADED,YES
2026-07-24 06:56:00,TRK-069,Rute-I,Bekasi Logistics Hub,746.8,1200,22.06,1.9,48.4,DELIVERED,YES
2026-07-25 09:03:00,TRK-070,Rute-J,Depok Hub,747.9,1200,22.48,2.0,49.2,IN_TRANSIT,YES
2026-07-26 12:10:00,TRK-071,Rute-K,Bogor Transit Hub,749.0,1200,22.9,2.2,50.0,IDLE_DOCK,NO
2026-07-27 15:17:00,TRK-072,Rute-L,Cikarang Industrial Hub,750.1,1200,23.32,2.4,50.8,LOADED,YES
2026-07-28 06:24:00,TRK-073,Rute-M,Gudang West (Tangerang),751.2,1200,23.74,0.6,51.6,DELIVERED,YES
2026-07-29 09:31:00,TRK-074,Rute-N,Central Hub (Jakarta),752.3,1200,24.16,0.8,52.4,IN_TRANSIT,YES
2026-07-30 12:38:00,TRK-075,Rute-O,Grogol Hub (Jakbar),753.4,1200,24.58,1.0,53.2,IDLE_DOCK,NO
2026-07-31 15:45:00,TRK-076,Rute-A,Petamburan Hub,754.5,1200,14.5,1.1,54.0,LOADED,YES
2026-07-01 06:52:00,TRK-077,Rute-B,Bekasi Logistics Hub,755.6,1200,14.92,1.3,54.8,DELIVERED,YES
2026-07-02 09:59:00,TRK-078,Rute-C,Depok Hub,756.7,1200,15.34,1.5,55.6,IN_TRANSIT,YES
2026-07-03 12:06:00,TRK-079,Rute-D,Bogor Transit Hub,757.8,1200,15.76,1.7,56.4,IDLE_DOCK,NO
2026-07-04 15:13:00,TRK-080,Rute-E,Cikarang Industrial Hub,758.9,1200,16.18,1.9,57.2,LOADED,YES
2026-07-05 06:20:00,TRK-081,Rute-F,Gudang West (Tangerang),760.0,1200,16.6,2.0,58.0,DELIVERED,YES
2026-07-06 09:27:00,TRK-082,Rute-G,Central Hub (Jakarta),761.1,1200,17.02,2.2,58.8,IN_TRANSIT,YES
2026-07-07 12:34:00,TRK-083,Rute-H,Grogol Hub (Jakbar),762.2,1200,17.44,2.4,59.6,IDLE_DOCK,NO
2026-07-08 15:41:00,TRK-084,Rute-I,Petamburan Hub,763.3,1200,17.86,0.6,60.4,LOADED,YES
2026-07-09 06:48:00,TRK-085,Rute-J,Bekasi Logistics Hub,764.4,1200,18.28,0.8,61.2,DELIVERED,YES
2026-07-10 09:55:00,TRK-086,Rute-K,Depok Hub,765.5,1200,18.7,1.0,62.0,IN_TRANSIT,YES
2026-07-11 12:02:00,TRK-087,Rute-L,Bogor Transit Hub,766.6,1200,19.12,1.1,62.8,IDLE_DOCK,NO
2026-07-12 15:09:00,TRK-088,Rute-M,Cikarang Industrial Hub,767.7,1200,19.54,1.3,63.6,LOADED,YES
2026-07-13 06:16:00,TRK-089,Rute-N,Gudang West (Tangerang),768.8,1200,19.96,1.5,64.4,DELIVERED,YES
2026-07-14 09:23:00,TRK-090,Rute-O,Central Hub (Jakarta),769.9,1200,20.38,1.7,65.2,IN_TRANSIT,YES
2026-07-15 12:30:00,TRK-091,Rute-A,Grogol Hub (Jakbar),771.0,1200,20.8,1.9,66.0,IDLE_DOCK,NO
2026-07-16 15:37:00,TRK-092,Rute-B,Petamburan Hub,772.1,1200,21.22,2.0,66.8,LOADED,YES
2026-07-17 06:44:00,TRK-093,Rute-C,Bekasi Logistics Hub,773.2,1200,21.64,2.2,67.6,DELIVERED,YES
2026-07-18 09:51:00,TRK-094,Rute-D,Depok Hub,774.3,1200,22.06,2.4,68.4,IN_TRANSIT,YES
2026-07-19 12:58:00,TRK-095,Rute-E,Bogor Transit Hub,775.4,1200,22.48,0.6,69.2,IDLE_DOCK,NO
2026-07-20 15:05:00,TRK-096,Rute-F,Cikarang Industrial Hub,776.5,1200,22.9,0.8,70.0,LOADED,YES
2026-07-21 06:12:00,TRK-097,Rute-G,Gudang West (Tangerang),777.6,1200,23.32,1.0,70.8,DELIVERED,YES
2026-07-22 09:19:00,TRK-098,Rute-H,Central Hub (Jakarta),778.7,1200,23.74,1.1,71.6,IN_TRANSIT,YES
2026-07-23 12:26:00,TRK-099,Rute-I,Grogol Hub (Jakbar),779.8,1200,24.16,1.3,72.4,IDLE_DOCK,NO
2026-07-24 15:33:00,TRK-100,Rute-J,Petamburan Hub,780.9,1200,24.58,1.5,73.2,LOADED,YES
2026-07-25 06:40:00,TRK-101,Rute-K,Bekasi Logistics Hub,782.0,1200,14.5,1.7,74.0,DELIVERED,YES
2026-07-26 09:47:00,TRK-102,Rute-L,Depok Hub,783.1,1200,14.92,1.9,74.8,IN_TRANSIT,YES
2026-07-27 12:54:00,TRK-103,Rute-M,Bogor Transit Hub,784.2,1200,15.34,2.0,75.6,IDLE_DOCK,NO
2026-07-28 15:01:00,TRK-104,Rute-N,Cikarang Industrial Hub,785.3,1200,15.76,2.2,76.4,LOADED,YES
2026-07-29 06:08:00,TRK-105,Rute-O,Gudang West (Tangerang),786.4,1200,16.18,2.4,77.2,DELIVERED,YES
2026-07-30 09:15:00,TRK-106,Rute-A,Central Hub (Jakarta),787.5,1200,16.6,0.6,78.0,IN_TRANSIT,YES
2026-07-31 12:22:00,TRK-107,Rute-B,Grogol Hub (Jakbar),788.6,1200,17.02,0.8,78.8,IDLE_DOCK,NO
2026-07-01 15:29:00,TRK-108,Rute-C,Petamburan Hub,789.7,1200,17.44,1.0,79.6,LOADED,YES
2026-07-02 06:36:00,TRK-109,Rute-D,Bekasi Logistics Hub,790.8,1200,17.86,1.1,80.4,DELIVERED,YES
2026-07-03 09:43:00,TRK-110,Rute-E,Depok Hub,791.9,1200,18.28,1.3,81.2,IN_TRANSIT,YES
2026-07-04 12:50:00,TRK-111,Rute-F,Bogor Transit Hub,793.0,1200,18.7,1.5,82.0,IDLE_DOCK,NO
2026-07-05 15:57:00,TRK-112,Rute-G,Cikarang Industrial Hub,794.1,1200,19.12,1.7,82.8,LOADED,YES
2026-07-06 06:04:00,TRK-113,Rute-H,Gudang West (Tangerang),795.2,1200,19.54,1.9,83.6,DELIVERED,YES
2026-07-07 09:11:00,TRK-114,Rute-I,Central Hub (Jakarta),796.3,1200,19.96,2.0,84.4,IN_TRANSIT,YES
2026-07-08 12:18:00,TRK-115,Rute-J,Grogol Hub (Jakbar),797.4,1200,20.38,2.2,85.2,IDLE_DOCK,NO
2026-07-09 15:25:00,TRK-116,Rute-K,Petamburan Hub,798.5,1200,20.8,2.4,86.0,LOADED,YES
2026-07-10 06:32:00,TRK-117,Rute-L,Bekasi Logistics Hub,799.6,1200,21.22,0.6,86.8,DELIVERED,YES
2026-07-11 09:39:00,TRK-118,Rute-M,Depok Hub,800.7,1200,21.64,0.8,87.6,IN_TRANSIT,YES
2026-07-12 12:46:00,TRK-119,Rute-N,Bogor Transit Hub,801.8,1200,22.06,1.0,88.4,IDLE_DOCK,NO
2026-07-13 15:53:00,TRK-120,Rute-O,Cikarang Industrial Hub,802.9,1200,22.48,1.1,89.2,LOADED,YES
2026-07-14 06:00:00,TRK-121,Rute-A,Gudang West (Tangerang),804.0,1200,22.9,1.3,18.0,DELIVERED,YES
2026-07-15 09:07:00,TRK-122,Rute-B,Central Hub (Jakarta),805.1,1200,23.32,1.5,18.8,IN_TRANSIT,YES
2026-07-16 12:14:00,TRK-123,Rute-C,Grogol Hub (Jakbar),806.2,1200,23.74,1.7,19.6,IDLE_DOCK,NO
2026-07-17 15:21:00,TRK-124,Rute-D,Petamburan Hub,807.3,1200,24.16,1.9,20.4,LOADED,YES
2026-07-18 06:28:00,TRK-125,Rute-E,Bekasi Logistics Hub,808.4,1200,24.58,2.0,21.2,DELIVERED,YES
2026-07-19 09:35:00,TRK-126,Rute-F,Depok Hub,809.5,1200,14.5,2.2,22.0,IN_TRANSIT,YES
2026-07-20 12:42:00,TRK-127,Rute-G,Bogor Transit Hub,810.6,1200,14.92,2.4,22.8,IDLE_DOCK,NO
2026-07-21 15:49:00,TRK-128,Rute-H,Cikarang Industrial Hub,811.7,1200,15.34,0.6,23.6,LOADED,YES
2026-07-22 06:56:00,TRK-129,Rute-I,Gudang West (Tangerang),812.8,1200,15.76,0.8,24.4,DELIVERED,YES
2026-07-23 09:03:00,TRK-130,Rute-J,Central Hub (Jakarta),813.9,1200,16.18,1.0,25.2,IN_TRANSIT,YES
2026-07-24 12:10:00,TRK-131,Rute-K,Grogol Hub (Jakbar),815.0,1200,16.6,1.1,26.0,IDLE_DOCK,NO
2026-07-25 15:17:00,TRK-132,Rute-L,Petamburan Hub,816.1,1200,17.02,1.3,26.8,LOADED,YES
2026-07-26 06:24:00,TRK-133,Rute-M,Bekasi Logistics Hub,817.2,1200,17.44,1.5,27.6,DELIVERED,YES
2026-07-27 09:31:00,TRK-134,Rute-N,Depok Hub,818.3,1200,17.86,1.7,28.4,IN_TRANSIT,YES
2026-07-28 12:38:00,TRK-135,Rute-O,Bogor Transit Hub,819.4,1200,18.28,1.9,29.2,IDLE_DOCK,NO
2026-07-29 15:45:00,TRK-136,Rute-A,Cikarang Industrial Hub,820.5,1200,18.7,2.0,30.0,LOADED,YES
2026-07-30 06:52:00,TRK-137,Rute-B,Gudang West (Tangerang),821.6,1200,19.12,2.2,30.8,DELIVERED,YES
2026-07-31 09:59:00,TRK-138,Rute-C,Central Hub (Jakarta),822.7,1200,19.54,2.4,31.6,IN_TRANSIT,YES
2026-07-01 12:06:00,TRK-139,Rute-D,Grogol Hub (Jakbar),823.8,1200,19.96,0.6,32.4,IDLE_DOCK,NO
2026-07-02 15:13:00,TRK-140,Rute-E,Petamburan Hub,824.9,1200,20.38,0.8,33.2,LOADED,YES
2026-07-03 06:20:00,TRK-141,Rute-F,Bekasi Logistics Hub,826.0,1200,20.8,1.0,34.0,DELIVERED,YES
2026-07-04 09:27:00,TRK-142,Rute-G,Depok Hub,827.1,1200,21.22,1.1,34.8,IN_TRANSIT,YES
2026-07-05 12:34:00,TRK-143,Rute-H,Bogor Transit Hub,828.2,1200,21.64,1.3,35.6,IDLE_DOCK,NO
2026-07-06 15:41:00,TRK-144,Rute-I,Cikarang Industrial Hub,829.3,1200,22.06,1.5,36.4,LOADED,YES
2026-07-07 06:48:00,TRK-145,Rute-J,Gudang West (Tangerang),830.4,1200,22.48,1.7,37.2,DELIVERED,YES
2026-07-08 09:55:00,TRK-146,Rute-K,Central Hub (Jakarta),831.5,1200,22.9,1.9,38.0,IN_TRANSIT,YES
2026-07-09 12:02:00,TRK-147,Rute-L,Grogol Hub (Jakbar),832.6,1200,23.32,2.0,38.8,IDLE_DOCK,NO
2026-07-10 15:09:00,TRK-148,Rute-M,Petamburan Hub,833.7,1200,23.74,2.2,39.6,LOADED,YES
2026-07-11 06:16:00,TRK-149,Rute-N,Bekasi Logistics Hub,834.8,1200,24.16,2.4,40.4,DELIVERED,YES
2026-07-12 09:23:00,TRK-150,Rute-O,Depok Hub,835.9,1200,24.58,0.6,41.2,IN_TRANSIT,YES
2026-07-13 12:30:00,TRK-001,Rute-A,Bogor Transit Hub,837.0,1200,14.5,0.8,42.0,IDLE_DOCK,NO
2026-07-14 15:37:00,TRK-002,Rute-B,Cikarang Industrial Hub,838.1,1200,14.92,1.0,42.8,LOADED,YES
2026-07-15 06:44:00,TRK-003,Rute-C,Gudang West (Tangerang),839.2,1200,15.34,1.1,43.6,DELIVERED,YES
2026-07-16 09:51:00,TRK-004,Rute-D,Central Hub (Jakarta),840.3,1200,15.76,1.3,44.4,IN_TRANSIT,YES
2026-07-17 12:58:00,TRK-005,Rute-E,Grogol Hub (Jakbar),841.4,1200,16.18,1.5,45.2,IDLE_DOCK,NO
2026-07-18 15:05:00,TRK-006,Rute-F,Petamburan Hub,842.5,1200,16.6,1.7,46.0,LOADED,YES
2026-07-19 06:12:00,TRK-007,Rute-G,Bekasi Logistics Hub,843.6,1200,17.02,1.9,46.8,DELIVERED,YES
2026-07-20 09:19:00,TRK-008,Rute-H,Depok Hub,844.7,1200,17.44,2.0,47.6,IN_TRANSIT,YES
2026-07-21 12:26:00,TRK-009,Rute-I,Bogor Transit Hub,845.8,1200,17.86,2.2,48.4,IDLE_DOCK,NO
2026-07-22 15:33:00,TRK-010,Rute-J,Cikarang Industrial Hub,846.9,1200,18.28,2.4,49.2,LOADED,YES
2026-07-23 06:40:00,TRK-011,Rute-K,Gudang West (Tangerang),848.0,1200,18.7,0.6,50.0,DELIVERED,YES
2026-07-24 09:47:00,TRK-012,Rute-L,Central Hub (Jakarta),849.1,1200,19.12,0.8,50.8,IN_TRANSIT,YES
2026-07-25 12:54:00,TRK-013,Rute-M,Grogol Hub (Jakbar),850.2,1200,19.54,1.0,51.6,IDLE_DOCK,NO
2026-07-26 15:01:00,TRK-014,Rute-N,Petamburan Hub,851.3,1200,19.96,1.1,52.4,LOADED,YES
2026-07-27 06:08:00,TRK-015,Rute-O,Bekasi Logistics Hub,852.4,1200,20.38,1.3,53.2,DELIVERED,YES
2026-07-28 09:15:00,TRK-016,Rute-A,Depok Hub,853.5,1200,20.8,1.5,54.0,IN_TRANSIT,YES
2026-07-29 12:22:00,TRK-017,Rute-B,Bogor Transit Hub,854.6,1200,21.22,1.7,54.8,IDLE_DOCK,NO
2026-07-30 15:29:00,TRK-018,Rute-C,Cikarang Industrial Hub,855.7,1200,21.64,1.9,55.6,LOADED,YES
2026-07-31 06:36:00,TRK-019,Rute-D,Gudang West (Tangerang),856.8,1200,22.06,2.0,56.4,DELIVERED,YES
2026-07-01 09:43:00,TRK-020,Rute-E,Central Hub (Jakarta),857.9,1200,22.48,2.2,57.2,IN_TRANSIT,YES
2026-07-02 12:50:00,TRK-021,Rute-F,Grogol Hub (Jakbar),859.0,1200,22.9,2.4,58.0,IDLE_DOCK,NO
2026-07-03 15:57:00,TRK-022,Rute-G,Petamburan Hub,860.1,1200,23.32,0.6,58.8,LOADED,YES
2026-07-04 06:04:00,TRK-023,Rute-H,Bekasi Logistics Hub,861.2,1200,23.74,0.8,59.6,DELIVERED,YES
2026-07-05 09:11:00,TRK-024,Rute-I,Depok Hub,862.3,1200,24.16,1.0,60.4,IN_TRANSIT,YES
2026-07-06 12:18:00,TRK-025,Rute-J,Bogor Transit Hub,863.4,1200,24.58,1.1,61.2,IDLE_DOCK,NO
2026-07-07 15:25:00,TRK-026,Rute-K,Cikarang Industrial Hub,864.5,1200,14.5,1.3,62.0,LOADED,YES
2026-07-08 06:32:00,TRK-027,Rute-L,Gudang West (Tangerang),865.6,1200,14.92,1.5,62.8,DELIVERED,YES
2026-07-09 09:39:00,TRK-028,Rute-M,Central Hub (Jakarta),866.7,1200,15.34,1.7,63.6,IN_TRANSIT,YES
2026-07-10 12:46:00,TRK-029,Rute-N,Grogol Hub (Jakbar),867.8,1200,15.76,1.9,64.4,IDLE_DOCK,NO
2026-07-11 15:53:00,TRK-030,Rute-O,Petamburan Hub,868.9,1200,16.18,2.0,65.2,LOADED,YES
2026-07-12 06:00:00,TRK-031,Rute-A,Bekasi Logistics Hub,870.0,1200,16.6,2.2,66.0,DELIVERED,YES
2026-07-13 09:07:00,TRK-032,Rute-B,Depok Hub,871.1,1200,17.02,2.4,66.8,IN_TRANSIT,YES
2026-07-14 12:14:00,TRK-033,Rute-C,Bogor Transit Hub,872.2,1200,17.44,0.6,67.6,IDLE_DOCK,NO
2026-07-15 15:21:00,TRK-034,Rute-D,Cikarang Industrial Hub,873.3,1200,17.86,0.8,68.4,LOADED,YES
2026-07-16 06:28:00,TRK-035,Rute-E,Gudang West (Tangerang),874.4,1200,18.28,1.0,69.2,DELIVERED,YES
2026-07-17 09:35:00,TRK-036,Rute-F,Central Hub (Jakarta),875.5,1200,18.7,1.1,70.0,IN_TRANSIT,YES
2026-07-18 12:42:00,TRK-037,Rute-G,Grogol Hub (Jakbar),876.6,1200,19.12,1.3,70.8,IDLE_DOCK,NO
2026-07-19 15:49:00,TRK-038,Rute-H,Petamburan Hub,877.7,1200,19.54,1.5,71.6,LOADED,YES
2026-07-20 06:56:00,TRK-039,Rute-I,Bekasi Logistics Hub,878.8,1200,19.96,1.7,72.4,DELIVERED,YES
2026-07-21 09:03:00,TRK-040,Rute-J,Depok Hub,879.9,1200,20.38,1.9,73.2,IN_TRANSIT,YES
2026-07-22 12:10:00,TRK-041,Rute-K,Bogor Transit Hub,881.0,1200,20.8,2.0,74.0,IDLE_DOCK,NO
2026-07-23 15:17:00,TRK-042,Rute-L,Cikarang Industrial Hub,882.1,1200,21.22,2.2,74.8,LOADED,YES
2026-07-24 06:24:00,TRK-043,Rute-M,Gudang West (Tangerang),883.2,1200,21.64,2.4,75.6,DELIVERED,YES
2026-07-25 09:31:00,TRK-044,Rute-N,Central Hub (Jakarta),884.3,1200,22.06,0.6,76.4,IN_TRANSIT,YES
2026-07-26 12:38:00,TRK-045,Rute-O,Grogol Hub (Jakbar),885.4,1200,22.48,0.8,77.2,IDLE_DOCK,NO
2026-07-27 15:45:00,TRK-046,Rute-A,Petamburan Hub,886.5,1200,22.9,1.0,78.0,LOADED,YES
2026-07-28 06:52:00,TRK-047,Rute-B,Bekasi Logistics Hub,887.6,1200,23.32,1.1,78.8,DELIVERED,YES
2026-07-29 09:59:00,TRK-048,Rute-C,Depok Hub,888.7,1200,23.74,1.3,79.6,IN_TRANSIT,YES
2026-07-30 12:06:00,TRK-049,Rute-D,Bogor Transit Hub,889.8,1200,24.16,1.5,80.4,IDLE_DOCK,NO
2026-07-31 15:13:00,TRK-050,Rute-E,Cikarang Industrial Hub,890.9,1200,24.58,1.7,81.2,LOADED,YES
2026-07-01 06:20:00,TRK-051,Rute-F,Gudang West (Tangerang),892.0,1200,14.5,1.9,82.0,DELIVERED,YES
2026-07-02 09:27:00,TRK-052,Rute-G,Central Hub (Jakarta),893.1,1200,14.92,2.0,82.8,IN_TRANSIT,YES
2026-07-03 12:34:00,TRK-053,Rute-H,Grogol Hub (Jakbar),894.2,1200,15.34,2.2,83.6,IDLE_DOCK,NO
2026-07-04 15:41:00,TRK-054,Rute-I,Petamburan Hub,895.3,1200,15.76,2.4,84.4,LOADED,YES
2026-07-05 06:48:00,TRK-055,Rute-J,Bekasi Logistics Hub,896.4,1200,16.18,0.6,85.2,DELIVERED,YES
2026-07-06 09:55:00,TRK-056,Rute-K,Depok Hub,897.5,1200,16.6,0.8,86.0,IN_TRANSIT,YES
2026-07-07 12:02:00,TRK-057,Rute-L,Bogor Transit Hub,898.6,1200,17.02,1.0,86.8,IDLE_DOCK,NO
2026-07-08 15:09:00,TRK-058,Rute-M,Cikarang Industrial Hub,899.7,1200,17.44,1.1,87.6,LOADED,YES
2026-07-09 06:16:00,TRK-059,Rute-N,Gudang West (Tangerang),900.8,1200,17.86,1.3,88.4,DELIVERED,YES
2026-07-10 09:23:00,TRK-060,Rute-O,Central Hub (Jakarta),901.9,1200,18.28,1.5,89.2,IN_TRANSIT,YES
2026-07-11 12:30:00,TRK-061,Rute-A,Grogol Hub (Jakbar),903.0,1200,18.7,1.7,18.0,IDLE_DOCK,NO
2026-07-12 15:37:00,TRK-062,Rute-B,Petamburan Hub,904.1,1200,19.12,1.9,18.8,LOADED,YES
2026-07-13 06:44:00,TRK-063,Rute-C,Bekasi Logistics Hub,905.2,1200,19.54,2.0,19.6,DELIVERED,YES
2026-07-14 09:51:00,TRK-064,Rute-D,Depok Hub,906.3,1200,19.96,2.2,20.4,IN_TRANSIT,YES
2026-07-15 12:58:00,TRK-065,Rute-E,Bogor Transit Hub,907.4,1200,20.38,2.4,21.2,IDLE_DOCK,NO
2026-07-16 15:05:00,TRK-066,Rute-F,Cikarang Industrial Hub,908.5,1200,20.8,0.6,22.0,LOADED,YES
2026-07-17 06:12:00,TRK-067,Rute-G,Gudang West (Tangerang),909.6,1200,21.22,0.8,22.8,DELIVERED,YES
2026-07-18 09:19:00,TRK-068,Rute-H,Central Hub (Jakarta),910.7,1200,21.64,1.0,23.6,IN_TRANSIT,YES
2026-07-19 12:26:00,TRK-069,Rute-I,Grogol Hub (Jakbar),911.8,1200,22.06,1.1,24.4,IDLE_DOCK,NO
2026-07-20 15:33:00,TRK-070,Rute-J,Petamburan Hub,912.9,1200,22.48,1.3,25.2,LOADED,YES
2026-07-21 06:40:00,TRK-071,Rute-K,Bekasi Logistics Hub,914.0,1200,22.9,1.5,26.0,DELIVERED,YES
2026-07-22 09:47:00,TRK-072,Rute-L,Depok Hub,915.1,1200,23.32,1.7,26.8,IN_TRANSIT,YES
2026-07-23 12:54:00,TRK-073,Rute-M,Bogor Transit Hub,916.2,1200,23.74,1.9,27.6,IDLE_DOCK,NO
2026-07-24 15:01:00,TRK-074,Rute-N,Cikarang Industrial Hub,917.3,1200,24.16,2.0,28.4,LOADED,YES
2026-07-25 06:08:00,TRK-075,Rute-O,Gudang West (Tangerang),918.4,1200,24.58,2.2,29.2,DELIVERED,YES
2026-07-26 09:15:00,TRK-076,Rute-A,Central Hub (Jakarta),919.5,1200,14.5,2.4,30.0,IN_TRANSIT,YES
2026-07-27 12:22:00,TRK-077,Rute-B,Grogol Hub (Jakbar),920.6,1200,14.92,0.6,30.8,IDLE_DOCK,NO
2026-07-28 15:29:00,TRK-078,Rute-C,Petamburan Hub,921.7,1200,15.34,0.8,31.6,LOADED,YES
2026-07-29 06:36:00,TRK-079,Rute-D,Bekasi Logistics Hub,922.8,1200,15.76,1.0,32.4,DELIVERED,YES
2026-07-30 09:43:00,TRK-080,Rute-E,Depok Hub,923.9,1200,16.18,1.1,33.2,IN_TRANSIT,YES
2026-07-31 12:50:00,TRK-081,Rute-F,Bogor Transit Hub,925.0,1200,16.6,1.3,34.0,IDLE_DOCK,NO
2026-07-01 15:57:00,TRK-082,Rute-G,Cikarang Industrial Hub,926.1,1200,17.02,1.5,34.8,LOADED,YES
2026-07-02 06:04:00,TRK-083,Rute-H,Gudang West (Tangerang),927.2,1200,17.44,1.7,35.6,DELIVERED,YES
2026-07-03 09:11:00,TRK-084,Rute-I,Central Hub (Jakarta),928.3,1200,17.86,1.9,36.4,IN_TRANSIT,YES
2026-07-04 12:18:00,TRK-085,Rute-J,Grogol Hub (Jakbar),929.4,1200,18.28,2.0,37.2,IDLE_DOCK,NO
2026-07-05 15:25:00,TRK-086,Rute-K,Petamburan Hub,930.5,1200,18.7,2.2,38.0,LOADED,YES
2026-07-06 06:32:00,TRK-087,Rute-L,Bekasi Logistics Hub,931.6,1200,19.12,2.4,38.8,DELIVERED,YES
2026-07-07 09:39:00,TRK-088,Rute-M,Depok Hub,932.7,1200,19.54,0.6,39.6,IN_TRANSIT,YES
2026-07-08 12:46:00,TRK-089,Rute-N,Bogor Transit Hub,933.8,1200,19.96,0.8,40.4,IDLE_DOCK,NO
2026-07-09 15:53:00,TRK-090,Rute-O,Cikarang Industrial Hub,934.9,1200,20.38,1.0,41.2,LOADED,YES
2026-07-10 06:00:00,TRK-091,Rute-A,Gudang West (Tangerang),936.0,1200,20.8,1.1,42.0,DELIVERED,YES
2026-07-11 09:07:00,TRK-092,Rute-B,Central Hub (Jakarta),937.1,1200,21.22,1.3,42.8,IN_TRANSIT,YES
2026-07-12 12:14:00,TRK-093,Rute-C,Grogol Hub (Jakbar),938.2,1200,21.64,1.5,43.6,IDLE_DOCK,NO
2026-07-13 15:21:00,TRK-094,Rute-D,Petamburan Hub,939.3,1200,22.06,1.7,44.4,LOADED,YES
2026-07-14 06:28:00,TRK-095,Rute-E,Bekasi Logistics Hub,940.4,1200,22.48,1.9,45.2,DELIVERED,YES
2026-07-15 09:35:00,TRK-096,Rute-F,Depok Hub,941.5,1200,22.9,2.0,46.0,IN_TRANSIT,YES
2026-07-16 12:42:00,TRK-097,Rute-G,Bogor Transit Hub,942.6,1200,23.32,2.2,46.8,IDLE_DOCK,NO
2026-07-17 15:49:00,TRK-098,Rute-H,Cikarang Industrial Hub,943.7,1200,23.74,2.4,47.6,LOADED,YES
2026-07-18 06:56:00,TRK-099,Rute-I,Gudang West (Tangerang),944.8,1200,24.16,0.6,48.4,DELIVERED,YES
2026-07-19 09:03:00,TRK-100,Rute-J,Central Hub (Jakarta),945.9,1200,24.58,0.8,49.2,IN_TRANSIT,YES
2026-07-20 12:10:00,TRK-101,Rute-K,Grogol Hub (Jakbar),947.0,1200,14.5,1.0,50.0,IDLE_DOCK,NO
2026-07-21 15:17:00,TRK-102,Rute-L,Petamburan Hub,948.1,1200,14.92,1.1,50.8,LOADED,YES
2026-07-22 06:24:00,TRK-103,Rute-M,Bekasi Logistics Hub,949.2,1200,15.34,1.3,51.6,DELIVERED,YES
2026-07-23 09:31:00,TRK-104,Rute-N,Depok Hub,950.3,1200,15.76,1.5,52.4,IN_TRANSIT,YES
2026-07-24 12:38:00,TRK-105,Rute-O,Bogor Transit Hub,951.4,1200,16.18,1.7,53.2,IDLE_DOCK,NO
2026-07-25 15:45:00,TRK-106,Rute-A,Cikarang Industrial Hub,952.5,1200,16.6,1.9,54.0,LOADED,YES
2026-07-26 06:52:00,TRK-107,Rute-B,Gudang West (Tangerang),953.6,1200,17.02,2.0,54.8,DELIVERED,YES
2026-07-27 09:59:00,TRK-108,Rute-C,Central Hub (Jakarta),954.7,1200,17.44,2.2,55.6,IN_TRANSIT,YES
2026-07-28 12:06:00,TRK-109,Rute-D,Grogol Hub (Jakbar),955.8,1200,17.86,2.4,56.4,IDLE_DOCK,NO
2026-07-29 15:13:00,TRK-110,Rute-E,Petamburan Hub,956.9,1200,18.28,0.6,57.2,LOADED,YES
2026-07-30 06:20:00,TRK-111,Rute-F,Bekasi Logistics Hub,958.0,1200,18.7,0.8,58.0,DELIVERED,YES
2026-07-31 09:27:00,TRK-112,Rute-G,Depok Hub,959.1,1200,19.12,1.0,58.8,IN_TRANSIT,YES
2026-07-01 12:34:00,TRK-113,Rute-H,Bogor Transit Hub,960.2,1200,19.54,1.1,59.6,IDLE_DOCK,NO
2026-07-02 15:41:00,TRK-114,Rute-I,Cikarang Industrial Hub,961.3,1200,19.96,1.3,60.4,LOADED,YES
2026-07-03 06:48:00,TRK-115,Rute-J,Gudang West (Tangerang),962.4,1200,20.38,1.5,61.2,DELIVERED,YES
2026-07-04 09:55:00,TRK-116,Rute-K,Central Hub (Jakarta),963.5,1200,20.8,1.7,62.0,IN_TRANSIT,YES
2026-07-05 12:02:00,TRK-117,Rute-L,Grogol Hub (Jakbar),964.6,1200,21.22,1.9,62.8,IDLE_DOCK,NO
2026-07-06 15:09:00,TRK-118,Rute-M,Petamburan Hub,965.7,1200,21.64,2.0,63.6,LOADED,YES
2026-07-07 06:16:00,TRK-119,Rute-N,Bekasi Logistics Hub,966.8,1200,22.06,2.2,64.4,DELIVERED,YES
2026-07-08 09:23:00,TRK-120,Rute-O,Depok Hub,967.9,1200,22.48,2.4,65.2,IN_TRANSIT,YES
2026-07-09 12:30:00,TRK-121,Rute-A,Bogor Transit Hub,969.0,1200,22.9,0.6,66.0,IDLE_DOCK,NO
2026-07-10 15:37:00,TRK-122,Rute-B,Cikarang Industrial Hub,970.1,1200,23.32,0.8,66.8,LOADED,YES
2026-07-11 06:44:00,TRK-123,Rute-C,Gudang West (Tangerang),971.2,1200,23.74,1.0,67.6,DELIVERED,YES
2026-07-12 09:51:00,TRK-124,Rute-D,Central Hub (Jakarta),972.3,1200,24.16,1.1,68.4,IN_TRANSIT,YES
2026-07-13 12:58:00,TRK-125,Rute-E,Grogol Hub (Jakbar),973.4,1200,24.58,1.3,69.2,IDLE_DOCK,NO
2026-07-14 15:05:00,TRK-126,Rute-F,Petamburan Hub,974.5,1200,14.5,1.5,70.0,LOADED,YES
2026-07-15 06:12:00,TRK-127,Rute-G,Bekasi Logistics Hub,975.6,1200,14.92,1.7,70.8,DELIVERED,YES
2026-07-16 09:19:00,TRK-128,Rute-H,Depok Hub,976.7,1200,15.34,1.9,71.6,IN_TRANSIT,YES
2026-07-17 12:26:00,TRK-129,Rute-I,Bogor Transit Hub,977.8,1200,15.76,2.0,72.4,IDLE_DOCK,NO
2026-07-18 15:33:00,TRK-130,Rute-J,Cikarang Industrial Hub,978.9,1200,16.18,2.2,73.2,LOADED,YES
2026-07-19 06:40:00,TRK-131,Rute-K,Gudang West (Tangerang),980.0,1200,16.6,2.4,74.0,DELIVERED,YES
2026-07-20 09:47:00,TRK-132,Rute-L,Central Hub (Jakarta),981.1,1200,17.02,0.6,74.8,IN_TRANSIT,YES
2026-07-21 12:54:00,TRK-133,Rute-M,Grogol Hub (Jakbar),982.2,1200,17.44,0.8,75.6,IDLE_DOCK,NO
2026-07-22 15:01:00,TRK-134,Rute-N,Petamburan Hub,983.3,1200,17.86,1.0,76.4,LOADED,YES
2026-07-23 06:08:00,TRK-135,Rute-O,Bekasi Logistics Hub,984.4,1200,18.28,1.1,77.2,DELIVERED,YES
2026-07-24 09:15:00,TRK-136,Rute-A,Depok Hub,985.5,1200,18.7,1.3,78.0,IN_TRANSIT,YES
2026-07-25 12:22:00,TRK-137,Rute-B,Bogor Transit Hub,986.6,1200,19.12,1.5,78.8,IDLE_DOCK,NO
2026-07-26 15:29:00,TRK-138,Rute-C,Cikarang Industrial Hub,987.7,1200,19.54,1.7,79.6,LOADED,YES
2026-07-27 06:36:00,TRK-139,Rute-D,Gudang West (Tangerang),988.8,1200,19.96,1.9,80.4,DELIVERED,YES
2026-07-28 09:43:00,TRK-140,Rute-E,Central Hub (Jakarta),989.9,1200,20.38,2.0,81.2,IN_TRANSIT,YES
2026-07-29 12:50:00,TRK-141,Rute-F,Grogol Hub (Jakbar),991.0,1200,20.8,2.2,82.0,IDLE_DOCK,NO
2026-07-30 15:57:00,TRK-142,Rute-G,Petamburan Hub,992.1,1200,21.22,2.4,82.8,LOADED,YES
2026-07-31 06:04:00,TRK-143,Rute-H,Bekasi Logistics Hub,993.2,1200,21.64,0.6,83.6,DELIVERED,YES
2026-07-01 09:11:00,TRK-144,Rute-I,Depok Hub,994.3,1200,22.06,0.8,84.4,IN_TRANSIT,YES
2026-07-02 12:18:00,TRK-145,Rute-J,Bogor Transit Hub,995.4,1200,22.48,1.0,85.2,IDLE_DOCK,NO
2026-07-03 15:25:00,TRK-146,Rute-K,Cikarang Industrial Hub,996.5,1200,22.9,1.1,86.0,LOADED,YES
2026-07-04 06:32:00,TRK-147,Rute-L,Gudang West (Tangerang),997.6,1200,23.32,1.3,86.8,DELIVERED,YES
2026-07-05 09:39:00,TRK-148,Rute-M,Central Hub (Jakarta),998.7,1200,23.74,1.5,87.6,IN_TRANSIT,YES
2026-07-06 12:46:00,TRK-149,Rute-N,Grogol Hub (Jakbar),999.8,1200,24.16,1.7,88.4,IDLE_DOCK,NO
2026-07-07 15:53:00,TRK-150,Rute-O,Petamburan Hub,1000.9,1200,24.58,1.9,89.2,LOADED,YES
2026-07-08 06:00:00,TRK-001,Rute-A,Bekasi Logistics Hub,1002.0,1200,14.5,2.0,18.0,DELIVERED,YES
2026-07-09 09:07:00,TRK-002,Rute-B,Depok Hub,1003.1,1200,14.92,2.2,18.8,IN_TRANSIT,YES
2026-07-10 12:14:00,TRK-003,Rute-C,Bogor Transit Hub,1004.2,1200,15.34,2.4,19.6,IDLE_DOCK,NO
2026-07-11 15:21:00,TRK-004,Rute-D,Cikarang Industrial Hub,1005.3,1200,15.76,0.6,20.4,LOADED,YES
2026-07-12 06:28:00,TRK-005,Rute-E,Gudang West (Tangerang),1006.4,1200,16.18,0.8,21.2,DELIVERED,YES
2026-07-13 09:35:00,TRK-006,Rute-F,Central Hub (Jakarta),1007.5,1200,16.6,1.0,22.0,IN_TRANSIT,YES
2026-07-14 12:42:00,TRK-007,Rute-G,Grogol Hub (Jakbar),1008.6,1200,17.02,1.1,22.8,IDLE_DOCK,NO
2026-07-15 15:49:00,TRK-008,Rute-H,Petamburan Hub,1009.7,1200,17.44,1.3,23.6,LOADED,YES
2026-07-16 06:56:00,TRK-009,Rute-I,Bekasi Logistics Hub,1010.8,1200,17.86,1.5,24.4,DELIVERED,YES
2026-07-17 09:03:00,TRK-010,Rute-J,Depok Hub,1011.9,1200,18.28,1.7,25.2,IN_TRANSIT,YES
2026-07-18 12:10:00,TRK-011,Rute-K,Bogor Transit Hub,1013.0,1200,18.7,1.9,26.0,IDLE_DOCK,NO
2026-07-19 15:17:00,TRK-012,Rute-L,Cikarang Industrial Hub,1014.1,1200,19.12,2.0,26.8,LOADED,YES
2026-07-20 06:24:00,TRK-013,Rute-M,Gudang West (Tangerang),1015.2,1200,19.54,2.2,27.6,DELIVERED,YES
2026-07-21 09:31:00,TRK-014,Rute-N,Central Hub (Jakarta),1016.3,1200,19.96,2.4,28.4,IN_TRANSIT,YES
2026-07-22 12:38:00,TRK-015,Rute-O,Grogol Hub (Jakbar),1017.4,1200,20.38,0.6,29.2,IDLE_DOCK,NO
2026-07-23 15:45:00,TRK-016,Rute-A,Petamburan Hub,1018.5,1200,20.8,0.8,30.0,LOADED,YES
2026-07-24 06:52:00,TRK-017,Rute-B,Bekasi Logistics Hub,1019.6,1200,21.22,1.0,30.8,DELIVERED,YES
2026-07-25 09:59:00,TRK-018,Rute-C,Depok Hub,1020.7,1200,21.64,1.1,31.6,IN_TRANSIT,YES
2026-07-26 12:06:00,TRK-019,Rute-D,Bogor Transit Hub,1021.8,1200,22.06,1.3,32.4,IDLE_DOCK,NO
2026-07-27 15:13:00,TRK-020,Rute-E,Cikarang Industrial Hub,1022.9,1200,22.48,1.5,33.2,LOADED,YES
2026-07-28 06:20:00,TRK-021,Rute-F,Gudang West (Tangerang),1024.0,1200,22.9,1.7,34.0,DELIVERED,YES
2026-07-29 09:27:00,TRK-022,Rute-G,Central Hub (Jakarta),1025.1,1200,23.32,1.9,34.8,IN_TRANSIT,YES
2026-07-30 12:34:00,TRK-023,Rute-H,Grogol Hub (Jakbar),1026.2,1200,23.74,2.0,35.6,IDLE_DOCK,NO
2026-07-31 15:41:00,TRK-024,Rute-I,Petamburan Hub,1027.3,1200,24.16,2.2,36.4,LOADED,YES
2026-07-01 06:48:00,TRK-025,Rute-J,Bekasi Logistics Hub,1028.4,1200,24.58,2.4,37.2,DELIVERED,YES
2026-07-02 09:55:00,TRK-026,Rute-K,Depok Hub,1029.5,1200,14.5,0.6,38.0,IN_TRANSIT,YES
2026-07-03 12:02:00,TRK-027,Rute-L,Bogor Transit Hub,1030.6,1200,14.92,0.8,38.8,IDLE_DOCK,NO
2026-07-04 15:09:00,TRK-028,Rute-M,Cikarang Industrial Hub,1031.7,1200,15.34,1.0,39.6,LOADED,YES
2026-07-05 06:16:00,TRK-029,Rute-N,Gudang West (Tangerang),1032.8,1200,15.76,1.1,40.4,DELIVERED,YES
2026-07-06 09:23:00,TRK-030,Rute-O,Central Hub (Jakarta),1033.9,1200,16.18,1.3,41.2,IN_TRANSIT,YES
2026-07-07 12:30:00,TRK-031,Rute-A,Grogol Hub (Jakbar),1035.0,1200,16.6,1.5,42.0,IDLE_DOCK,NO
2026-07-08 15:37:00,TRK-032,Rute-B,Petamburan Hub,1036.1,1200,17.02,1.7,42.8,LOADED,YES
2026-07-09 06:44:00,TRK-033,Rute-C,Bekasi Logistics Hub,1037.2,1200,17.44,1.9,43.6,DELIVERED,YES
2026-07-10 09:51:00,TRK-034,Rute-D,Depok Hub,1038.3,1200,17.86,2.0,44.4,IN_TRANSIT,YES
2026-07-11 12:58:00,TRK-035,Rute-E,Bogor Transit Hub,1039.4,1200,18.28,2.2,45.2,IDLE_DOCK,NO
2026-07-12 15:05:00,TRK-036,Rute-F,Cikarang Industrial Hub,1040.5,1200,18.7,2.4,46.0,LOADED,YES
2026-07-13 06:12:00,TRK-037,Rute-G,Gudang West (Tangerang),1041.6,1200,19.12,0.6,46.8,DELIVERED,YES
2026-07-14 09:19:00,TRK-038,Rute-H,Central Hub (Jakarta),1042.7,1200,19.54,0.8,47.6,IN_TRANSIT,YES
2026-07-15 12:26:00,TRK-039,Rute-I,Grogol Hub (Jakbar),1043.8,1200,19.96,1.0,48.4,IDLE_DOCK,NO
2026-07-16 15:33:00,TRK-040,Rute-J,Petamburan Hub,1044.9,1200,20.38,1.1,49.2,LOADED,YES
2026-07-17 06:40:00,TRK-041,Rute-K,Bekasi Logistics Hub,1046.0,1200,20.8,1.3,50.0,DELIVERED,YES
2026-07-18 09:47:00,TRK-042,Rute-L,Depok Hub,1047.1,1200,21.22,1.5,50.8,IN_TRANSIT,YES
2026-07-19 12:54:00,TRK-043,Rute-M,Bogor Transit Hub,1048.2,1200,21.64,1.7,51.6,IDLE_DOCK,NO
2026-07-20 15:01:00,TRK-044,Rute-N,Cikarang Industrial Hub,1049.3,1200,22.06,1.9,52.4,LOADED,YES
2026-07-21 06:08:00,TRK-045,Rute-O,Gudang West (Tangerang),1050.4,1200,22.48,2.0,53.2,DELIVERED,YES
2026-07-22 09:15:00,TRK-046,Rute-A,Central Hub (Jakarta),1051.5,1200,22.9,2.2,54.0,IN_TRANSIT,YES
2026-07-23 12:22:00,TRK-047,Rute-B,Grogol Hub (Jakbar),1052.6,1200,23.32,2.4,54.8,IDLE_DOCK,NO
2026-07-24 15:29:00,TRK-048,Rute-C,Petamburan Hub,1053.7,1200,23.74,0.6,55.6,LOADED,YES
2026-07-25 06:36:00,TRK-049,Rute-D,Bekasi Logistics Hub,1054.8,1200,24.16,0.8,56.4,DELIVERED,YES
2026-07-26 09:43:00,TRK-050,Rute-E,Depok Hub,1055.9,1200,24.58,1.0,57.2,IN_TRANSIT,YES
2026-07-27 12:50:00,TRK-051,Rute-F,Bogor Transit Hub,1057.0,1200,14.5,1.1,58.0,IDLE_DOCK,NO
2026-07-28 15:57:00,TRK-052,Rute-G,Cikarang Industrial Hub,1058.1,1200,14.92,1.3,58.8,LOADED,YES
2026-07-29 06:04:00,TRK-053,Rute-H,Gudang West (Tangerang),1059.2,1200,15.34,1.5,59.6,DELIVERED,YES
2026-07-30 09:11:00,TRK-054,Rute-I,Central Hub (Jakarta),1060.3,1200,15.76,1.7,60.4,IN_TRANSIT,YES
2026-07-31 12:18:00,TRK-055,Rute-J,Grogol Hub (Jakbar),1061.4,1200,16.18,1.9,61.2,IDLE_DOCK,NO
2026-07-01 15:25:00,TRK-056,Rute-K,Petamburan Hub,1062.5,1200,16.6,2.0,62.0,LOADED,YES
2026-07-02 06:32:00,TRK-057,Rute-L,Bekasi Logistics Hub,1063.6,1200,17.02,2.2,62.8,DELIVERED,YES
2026-07-03 09:39:00,TRK-058,Rute-M,Depok Hub,1064.7,1200,17.44,2.4,63.6,IN_TRANSIT,YES
2026-07-04 12:46:00,TRK-059,Rute-N,Bogor Transit Hub,1065.8,1200,17.86,0.6,64.4,IDLE_DOCK,NO
2026-07-05 15:53:00,TRK-060,Rute-O,Cikarang Industrial Hub,1066.9,1200,18.28,0.8,65.2,LOADED,YES
2026-07-06 06:00:00,TRK-061,Rute-A,Gudang West (Tangerang),1068.0,1200,18.7,1.0,66.0,DELIVERED,YES
2026-07-07 09:07:00,TRK-062,Rute-B,Central Hub (Jakarta),1069.1,1200,19.12,1.1,66.8,IN_TRANSIT,YES
2026-07-08 12:14:00,TRK-063,Rute-C,Grogol Hub (Jakbar),1070.2,1200,19.54,1.3,67.6,IDLE_DOCK,NO
2026-07-09 15:21:00,TRK-064,Rute-D,Petamburan Hub,1071.3,1200,19.96,1.5,68.4,LOADED,YES
2026-07-10 06:28:00,TRK-065,Rute-E,Bekasi Logistics Hub,1072.4,1200,20.38,1.7,69.2,DELIVERED,YES
2026-07-11 09:35:00,TRK-066,Rute-F,Depok Hub,1073.5,1200,20.8,1.9,70.0,IN_TRANSIT,YES
2026-07-12 12:42:00,TRK-067,Rute-G,Bogor Transit Hub,1074.6,1200,21.22,2.0,70.8,IDLE_DOCK,NO
2026-07-13 15:49:00,TRK-068,Rute-H,Cikarang Industrial Hub,1075.7,1200,21.64,2.2,71.6,LOADED,YES
2026-07-14 06:56:00,TRK-069,Rute-I,Gudang West (Tangerang),1076.8,1200,22.06,2.4,72.4,DELIVERED,YES
2026-07-15 09:03:00,TRK-070,Rute-J,Central Hub (Jakarta),1077.9,1200,22.48,0.6,73.2,IN_TRANSIT,YES
2026-07-16 12:10:00,TRK-071,Rute-K,Grogol Hub (Jakbar),1079.0,1200,22.9,0.8,74.0,IDLE_DOCK,NO
2026-07-17 15:17:00,TRK-072,Rute-L,Petamburan Hub,1080.1,1200,23.32,1.0,74.8,LOADED,YES
2026-07-18 06:24:00,TRK-073,Rute-M,Bekasi Logistics Hub,1081.2,1200,23.74,1.1,75.6,DELIVERED,YES
2026-07-19 09:31:00,TRK-074,Rute-N,Depok Hub,1082.3,1200,24.16,1.3,76.4,IN_TRANSIT,YES
2026-07-20 12:38:00,TRK-075,Rute-O,Bogor Transit Hub,1083.4,1200,24.58,1.5,77.2,IDLE_DOCK,NO
2026-07-21 15:45:00,TRK-076,Rute-A,Cikarang Industrial Hub,1084.5,1200,14.5,1.7,78.0,LOADED,YES
2026-07-22 06:52:00,TRK-077,Rute-B,Gudang West (Tangerang),1085.6,1200,14.92,1.9,78.8,DELIVERED,YES
2026-07-23 09:59:00,TRK-078,Rute-C,Central Hub (Jakarta),1086.7,1200,15.34,2.0,79.6,IN_TRANSIT,YES
2026-07-24 12:06:00,TRK-079,Rute-D,Grogol Hub (Jakbar),1087.8,1200,15.76,2.2,80.4,IDLE_DOCK,NO
2026-07-25 15:13:00,TRK-080,Rute-E,Petamburan Hub,1088.9,1200,16.18,2.4,81.2,LOADED,YES
2026-07-26 06:20:00,TRK-081,Rute-F,Bekasi Logistics Hub,1090.0,1200,16.6,0.6,82.0,DELIVERED,YES
2026-07-27 09:27:00,TRK-082,Rute-G,Depok Hub,1091.1,1200,17.02,0.8,82.8,IN_TRANSIT,YES
2026-07-28 12:34:00,TRK-083,Rute-H,Bogor Transit Hub,1092.2,1200,17.44,1.0,83.6,IDLE_DOCK,NO
2026-07-29 15:41:00,TRK-084,Rute-I,Cikarang Industrial Hub,1093.3,1200,17.86,1.1,84.4,LOADED,YES
2026-07-30 06:48:00,TRK-085,Rute-J,Gudang West (Tangerang),1094.4,1200,18.28,1.3,85.2,DELIVERED,YES
2026-07-31 09:55:00,TRK-086,Rute-K,Central Hub (Jakarta),1095.5,1200,18.7,1.5,86.0,IN_TRANSIT,YES
2026-07-01 12:02:00,TRK-087,Rute-L,Grogol Hub (Jakbar),1096.6,1200,19.12,1.7,86.8,IDLE_DOCK,NO
2026-07-02 15:09:00,TRK-088,Rute-M,Petamburan Hub,1097.7,1200,19.54,1.9,87.6,LOADED,YES
2026-07-03 06:16:00,TRK-089,Rute-N,Bekasi Logistics Hub,1098.8,1200,19.96,2.0,88.4,DELIVERED,YES
2026-07-04 09:23:00,TRK-090,Rute-O,Depok Hub,1099.9,1200,20.38,2.2,89.2,IN_TRANSIT,YES
2026-07-05 12:30:00,TRK-091,Rute-A,Bogor Transit Hub,1101.0,1200,20.8,2.4,18.0,IDLE_DOCK,NO
2026-07-06 15:37:00,TRK-092,Rute-B,Cikarang Industrial Hub,1102.1,1200,21.22,0.6,18.8,LOADED,YES
2026-07-07 06:44:00,TRK-093,Rute-C,Gudang West (Tangerang),1103.2,1200,21.64,0.8,19.6,DELIVERED,YES
2026-07-08 09:51:00,TRK-094,Rute-D,Central Hub (Jakarta),1104.3,1200,22.06,1.0,20.4,IN_TRANSIT,YES
2026-07-09 12:58:00,TRK-095,Rute-E,Grogol Hub (Jakbar),1105.4,1200,22.48,1.1,21.2,IDLE_DOCK,NO
2026-07-10 15:05:00,TRK-096,Rute-F,Petamburan Hub,1106.5,1200,22.9,1.3,22.0,LOADED,YES
2026-07-11 06:12:00,TRK-097,Rute-G,Bekasi Logistics Hub,1107.6,1200,23.32,1.5,22.8,DELIVERED,YES
2026-07-12 09:19:00,TRK-098,Rute-H,Depok Hub,1108.7,1200,23.74,1.7,23.6,IN_TRANSIT,YES
2026-07-13 12:26:00,TRK-099,Rute-I,Bogor Transit Hub,1109.8,1200,24.16,1.9,24.4,IDLE_DOCK,NO
2026-07-14 15:33:00,TRK-100,Rute-J,Cikarang Industrial Hub,1110.9,1200,24.58,2.0,25.2,LOADED,YES
2026-07-15 06:40:00,TRK-101,Rute-K,Gudang West (Tangerang),1112.0,1200,14.5,2.2,26.0,DELIVERED,YES
2026-07-16 09:47:00,TRK-102,Rute-L,Central Hub (Jakarta),1113.1,1200,14.92,2.4,26.8,IN_TRANSIT,YES
2026-07-17 12:54:00,TRK-103,Rute-M,Grogol Hub (Jakbar),1114.2,1200,15.34,0.6,27.6,IDLE_DOCK,NO
2026-07-18 15:01:00,TRK-104,Rute-N,Petamburan Hub,1115.3,1200,15.76,0.8,28.4,LOADED,YES
2026-07-19 06:08:00,TRK-105,Rute-O,Bekasi Logistics Hub,1116.4,1200,16.18,1.0,29.2,DELIVERED,YES
2026-07-20 09:15:00,TRK-106,Rute-A,Depok Hub,1117.5,1200,16.6,1.1,30.0,IN_TRANSIT,YES
2026-07-21 12:22:00,TRK-107,Rute-B,Bogor Transit Hub,1118.6,1200,17.02,1.3,30.8,IDLE_DOCK,NO
2026-07-22 15:29:00,TRK-108,Rute-C,Cikarang Industrial Hub,1119.7,1200,17.44,1.5,31.6,LOADED,YES
2026-07-23 06:36:00,TRK-109,Rute-D,Gudang West (Tangerang),1120.8,1200,17.86,1.7,32.4,DELIVERED,YES
2026-07-24 09:43:00,TRK-110,Rute-E,Central Hub (Jakarta),1121.9,1200,18.28,1.9,33.2,IN_TRANSIT,YES
2026-07-25 12:50:00,TRK-111,Rute-F,Grogol Hub (Jakbar),1123.0,1200,18.7,2.0,34.0,IDLE_DOCK,NO
2026-07-26 15:57:00,TRK-112,Rute-G,Petamburan Hub,1124.1,1200,19.12,2.2,34.8,LOADED,YES
2026-07-27 06:04:00,TRK-113,Rute-H,Bekasi Logistics Hub,1125.2,1200,19.54,2.4,35.6,DELIVERED,YES
2026-07-28 09:11:00,TRK-114,Rute-I,Depok Hub,1126.3,1200,19.96,0.6,36.4,IN_TRANSIT,YES
2026-07-29 12:18:00,TRK-115,Rute-J,Bogor Transit Hub,1127.4,1200,20.38,0.8,37.2,IDLE_DOCK,NO
2026-07-30 15:25:00,TRK-116,Rute-K,Cikarang Industrial Hub,1128.5,1200,20.8,1.0,38.0,LOADED,YES
2026-07-31 06:32:00,TRK-117,Rute-L,Gudang West (Tangerang),1129.6,1200,21.22,1.1,38.8,DELIVERED,YES
2026-07-01 09:39:00,TRK-118,Rute-M,Central Hub (Jakarta),1130.7,1200,21.64,1.3,39.6,IN_TRANSIT,YES
2026-07-02 12:46:00,TRK-119,Rute-N,Grogol Hub (Jakbar),1131.8,1200,22.06,1.5,40.4,IDLE_DOCK,NO
2026-07-03 15:53:00,TRK-120,Rute-O,Petamburan Hub,1132.9,1200,22.48,1.7,41.2,LOADED,YES
2026-07-04 06:00:00,TRK-121,Rute-A,Bekasi Logistics Hub,1134.0,1200,22.9,1.9,42.0,DELIVERED,YES
2026-07-05 09:07:00,TRK-122,Rute-B,Depok Hub,1135.1,1200,23.32,2.0,42.8,IN_TRANSIT,YES
2026-07-06 12:14:00,TRK-123,Rute-C,Bogor Transit Hub,1136.2,1200,23.74,2.2,43.6,IDLE_DOCK,NO
2026-07-07 15:21:00,TRK-124,Rute-D,Cikarang Industrial Hub,1137.3,1200,24.16,2.4,44.4,LOADED,YES
2026-07-08 06:28:00,TRK-125,Rute-E,Gudang West (Tangerang),1138.4,1200,24.58,0.6,45.2,DELIVERED,YES
2026-07-09 09:35:00,TRK-126,Rute-F,Central Hub (Jakarta),1139.5,1200,14.5,0.8,46.0,IN_TRANSIT,YES
2026-07-10 12:42:00,TRK-127,Rute-G,Grogol Hub (Jakbar),1140.6,1200,14.92,1.0,46.8,IDLE_DOCK,NO
2026-07-11 15:49:00,TRK-128,Rute-H,Petamburan Hub,1141.7,1200,15.34,1.1,47.6,LOADED,YES
2026-07-12 06:56:00,TRK-129,Rute-I,Bekasi Logistics Hub,1142.8,1200,15.76,1.3,48.4,DELIVERED,YES
2026-07-13 09:03:00,TRK-130,Rute-J,Depok Hub,1143.9,1200,16.18,1.5,49.2,IN_TRANSIT,YES
2026-07-14 12:10:00,TRK-131,Rute-K,Bogor Transit Hub,1145.0,1200,16.6,1.7,50.0,IDLE_DOCK,NO
2026-07-15 15:17:00,TRK-132,Rute-L,Cikarang Industrial Hub,1146.1,1200,17.02,1.9,50.8,LOADED,YES
2026-07-16 06:24:00,TRK-133,Rute-M,Gudang West (Tangerang),1147.2,1200,17.44,2.0,51.6,DELIVERED,YES
2026-07-17 09:31:00,TRK-134,Rute-N,Central Hub (Jakarta),1148.3,1200,17.86,2.2,52.4,IN_TRANSIT,YES
2026-07-18 12:38:00,TRK-135,Rute-O,Grogol Hub (Jakbar),1149.4,1200,18.28,2.4,53.2,IDLE_DOCK,NO
2026-07-19 15:45:00,TRK-136,Rute-A,Petamburan Hub,1150.5,1200,18.7,0.6,54.0,LOADED,YES
2026-07-20 06:52:00,TRK-137,Rute-B,Bekasi Logistics Hub,1151.6,1200,19.12,0.8,54.8,DELIVERED,YES
2026-07-21 09:59:00,TRK-138,Rute-C,Depok Hub,1152.7,1200,19.54,1.0,55.6,IN_TRANSIT,YES
2026-07-22 12:06:00,TRK-139,Rute-D,Bogor Transit Hub,1153.8,1200,19.96,1.1,56.4,IDLE_DOCK,NO
2026-07-23 15:13:00,TRK-140,Rute-E,Cikarang Industrial Hub,1154.9,1200,20.38,1.3,57.2,LOADED,YES
2026-07-24 06:20:00,TRK-141,Rute-F,Gudang West (Tangerang),650.0,1200,20.8,1.5,58.0,DELIVERED,YES
2026-07-25 09:27:00,TRK-142,Rute-G,Central Hub (Jakarta),651.1,1200,21.22,1.7,58.8,IN_TRANSIT,YES
2026-07-26 12:34:00,TRK-143,Rute-H,Grogol Hub (Jakbar),652.2,1200,21.64,1.9,59.6,IDLE_DOCK,NO
2026-07-27 15:41:00,TRK-144,Rute-I,Petamburan Hub,653.3,1200,22.06,2.0,60.4,LOADED,YES
2026-07-28 06:48:00,TRK-145,Rute-J,Bekasi Logistics Hub,654.4,1200,22.48,2.2,61.2,DELIVERED,YES
2026-07-29 09:55:00,TRK-146,Rute-K,Depok Hub,655.5,1200,22.9,2.4,62.0,IN_TRANSIT,YES
2026-07-30 12:02:00,TRK-147,Rute-L,Bogor Transit Hub,656.6,1200,23.32,0.6,62.8,IDLE_DOCK,NO
2026-07-31 15:09:00,TRK-148,Rute-M,Cikarang Industrial Hub,657.7,1200,23.74,0.8,63.6,LOADED,YES
2026-07-01 06:16:00,TRK-149,Rute-N,Gudang West (Tangerang),658.8,1200,24.16,1.0,64.4,DELIVERED,YES
2026-07-02 09:23:00,TRK-150,Rute-O,Central Hub (Jakarta),659.9,1200,24.58,1.1,65.2,IN_TRANSIT,YES
2026-07-03 12:30:00,TRK-001,Rute-A,Grogol Hub (Jakbar),661.0,1200,14.5,1.3,66.0,IDLE_DOCK,NO
2026-07-04 15:37:00,TRK-002,Rute-B,Petamburan Hub,662.1,1200,14.92,1.5,66.8,LOADED,YES
2026-07-05 06:44:00,TRK-003,Rute-C,Bekasi Logistics Hub,663.2,1200,15.34,1.7,67.6,DELIVERED,YES
2026-07-06 09:51:00,TRK-004,Rute-D,Depok Hub,664.3,1200,15.76,1.9,68.4,IN_TRANSIT,YES
2026-07-07 12:58:00,TRK-005,Rute-E,Bogor Transit Hub,665.4,1200,16.18,2.0,69.2,IDLE_DOCK,NO
2026-07-08 15:05:00,TRK-006,Rute-F,Cikarang Industrial Hub,666.5,1200,16.6,2.2,70.0,LOADED,YES
2026-07-09 06:12:00,TRK-007,Rute-G,Gudang West (Tangerang),667.6,1200,17.02,2.4,70.8,DELIVERED,YES
2026-07-10 09:19:00,TRK-008,Rute-H,Central Hub (Jakarta),668.7,1200,17.44,0.6,71.6,IN_TRANSIT,YES
2026-07-11 12:26:00,TRK-009,Rute-I,Grogol Hub (Jakbar),669.8,1200,17.86,0.8,72.4,IDLE_DOCK,NO
2026-07-12 15:33:00,TRK-010,Rute-J,Petamburan Hub,670.9,1200,18.28,1.0,73.2,LOADED,YES
2026-07-13 06:40:00,TRK-011,Rute-K,Bekasi Logistics Hub,672.0,1200,18.7,1.1,74.0,DELIVERED,YES
2026-07-14 09:47:00,TRK-012,Rute-L,Depok Hub,673.1,1200,19.12,1.3,74.8,IN_TRANSIT,YES
2026-07-15 12:54:00,TRK-013,Rute-M,Bogor Transit Hub,674.2,1200,19.54,1.5,75.6,IDLE_DOCK,NO
2026-07-16 15:01:00,TRK-014,Rute-N,Cikarang Industrial Hub,675.3,1200,19.96,1.7,76.4,LOADED,YES
2026-07-17 06:08:00,TRK-015,Rute-O,Gudang West (Tangerang),676.4,1200,20.38,1.9,77.2,DELIVERED,YES
2026-07-18 09:15:00,TRK-016,Rute-A,Central Hub (Jakarta),677.5,1200,20.8,2.0,78.0,IN_TRANSIT,YES
2026-07-19 12:22:00,TRK-017,Rute-B,Grogol Hub (Jakbar),678.6,1200,21.22,2.2,78.8,IDLE_DOCK,NO
2026-07-20 15:29:00,TRK-018,Rute-C,Petamburan Hub,679.7,1200,21.64,2.4,79.6,LOADED,YES
2026-07-21 06:36:00,TRK-019,Rute-D,Bekasi Logistics Hub,680.8,1200,22.06,0.6,80.4,DELIVERED,YES
2026-07-22 09:43:00,TRK-020,Rute-E,Depok Hub,681.9,1200,22.48,0.8,81.2,IN_TRANSIT,YES
2026-07-23 12:50:00,TRK-021,Rute-F,Bogor Transit Hub,683.0,1200,22.9,1.0,82.0,IDLE_DOCK,NO
2026-07-24 15:57:00,TRK-022,Rute-G,Cikarang Industrial Hub,684.1,1200,23.32,1.1,82.8,LOADED,YES
2026-07-25 06:04:00,TRK-023,Rute-H,Gudang West (Tangerang),685.2,1200,23.74,1.3,83.6,DELIVERED,YES
2026-07-26 09:11:00,TRK-024,Rute-I,Central Hub (Jakarta),686.3,1200,24.16,1.5,84.4,IN_TRANSIT,YES
2026-07-27 12:18:00,TRK-025,Rute-J,Grogol Hub (Jakbar),687.4,1200,24.58,1.7,85.2,IDLE_DOCK,NO
2026-07-28 15:25:00,TRK-026,Rute-K,Petamburan Hub,688.5,1200,14.5,1.9,86.0,LOADED,YES
2026-07-29 06:32:00,TRK-027,Rute-L,Bekasi Logistics Hub,689.6,1200,14.92,2.0,86.8,DELIVERED,YES
2026-07-30 09:39:00,TRK-028,Rute-M,Depok Hub,690.7,1200,15.34,2.2,87.6,IN_TRANSIT,YES
2026-07-31 12:46:00,TRK-029,Rute-N,Bogor Transit Hub,691.8,1200,15.76,2.4,88.4,IDLE_DOCK,NO
2026-07-01 15:53:00,TRK-030,Rute-O,Cikarang Industrial Hub,692.9,1200,16.18,0.6,89.2,LOADED,YES
2026-07-02 06:00:00,TRK-031,Rute-A,Gudang West (Tangerang),694.0,1200,16.6,0.8,18.0,DELIVERED,YES
2026-07-03 09:07:00,TRK-032,Rute-B,Central Hub (Jakarta),695.1,1200,17.02,1.0,18.8,IN_TRANSIT,YES
2026-07-04 12:14:00,TRK-033,Rute-C,Grogol Hub (Jakbar),696.2,1200,17.44,1.1,19.6,IDLE_DOCK,NO
2026-07-05 15:21:00,TRK-034,Rute-D,Petamburan Hub,697.3,1200,17.86,1.3,20.4,LOADED,YES
2026-07-06 06:28:00,TRK-035,Rute-E,Bekasi Logistics Hub,698.4,1200,18.28,1.5,21.2,DELIVERED,YES
2026-07-07 09:35:00,TRK-036,Rute-F,Depok Hub,699.5,1200,18.7,1.7,22.0,IN_TRANSIT,YES
2026-07-08 12:42:00,TRK-037,Rute-G,Bogor Transit Hub,700.6,1200,19.12,1.9,22.8,IDLE_DOCK,NO
2026-07-09 15:49:00,TRK-038,Rute-H,Cikarang Industrial Hub,701.7,1200,19.54,2.0,23.6,LOADED,YES
2026-07-10 06:56:00,TRK-039,Rute-I,Gudang West (Tangerang),702.8,1200,19.96,2.2,24.4,DELIVERED,YES
2026-07-11 09:03:00,TRK-040,Rute-J,Central Hub (Jakarta),703.9,1200,20.38,2.4,25.2,IN_TRANSIT,YES
2026-07-12 12:10:00,TRK-041,Rute-K,Grogol Hub (Jakbar),705.0,1200,20.8,0.6,26.0,IDLE_DOCK,NO
2026-07-13 15:17:00,TRK-042,Rute-L,Petamburan Hub,706.1,1200,21.22,0.8,26.8,LOADED,YES
2026-07-14 06:24:00,TRK-043,Rute-M,Bekasi Logistics Hub,707.2,1200,21.64,1.0,27.6,DELIVERED,YES
2026-07-15 09:31:00,TRK-044,Rute-N,Depok Hub,708.3,1200,22.06,1.1,28.4,IN_TRANSIT,YES
2026-07-16 12:38:00,TRK-045,Rute-O,Bogor Transit Hub,709.4,1200,22.48,1.3,29.2,IDLE_DOCK,NO
2026-07-17 15:45:00,TRK-046,Rute-A,Cikarang Industrial Hub,710.5,1200,22.9,1.5,30.0,LOADED,YES
2026-07-18 06:52:00,TRK-047,Rute-B,Gudang West (Tangerang),711.6,1200,23.32,1.7,30.8,DELIVERED,YES
2026-07-19 09:59:00,TRK-048,Rute-C,Central Hub (Jakarta),712.7,1200,23.74,1.9,31.6,IN_TRANSIT,YES
2026-07-20 12:06:00,TRK-049,Rute-D,Grogol Hub (Jakbar),713.8,1200,24.16,2.0,32.4,IDLE_DOCK,NO
2026-07-21 15:13:00,TRK-050,Rute-E,Petamburan Hub,714.9,1200,24.58,2.2,33.2,LOADED,YES
