timestamp,vehicle_id,route_id,warehouse,cargo_weight_kg,max_capacity_kg,fuel_consumed_liters,idle_time_hours,distance_km,delivery_status,sla_met,shipment_id
2026-07-01 08:30:00,TRK-001,Rute-A,Gudang West (Tangerang),280.0,1400,11.4,0.4,10.0,DELIVERED,YES,SHP-20260701-00000
2026-07-02 11:41:00,TRK-004,Rute-F,Cikarang Industrial Hub,280.9,1200,11.84,0.6,10.6,IN_TRANSIT,YES,SHP-20260702-00001
2026-07-03 14:52:00,TRK-007,Rute-K,Bogor Transit Hub,281.8,1200,12.28,0.7,11.2,DELAYED,NO,SHP-20260703-00002
2026-07-04 18:03:00,TRK-010,Rute-P,Depok Hub,282.6,1200,12.72,0.9,11.9,LOADED,YES,SHP-20260704-00003
2026-07-05 11:14:00,TRK-013,Rute-C,Bekasi Logistics Hub,283.5,1200,13.16,1.0,12.5,RETURNING,NO,SHP-20260705-00004
2026-07-06 14:25:00,TRK-016,Rute-H,Petamburan Hub,284.4,1400,13.6,1.2,13.1,DELIVERED,YES,SHP-20260706-00005
2026-07-07 16:36:00,TRK-019,Rute-M,Grogol Hub (Jakbar),285.3,1200,14.04,1.4,13.7,IN_TRANSIT,YES,SHP-20260707-00006
2026-07-08 09:47:00,TRK-022,Rute-R,Central Hub (Jakarta),286.2,1200,14.48,1.5,14.3,DELAYED,NO,SHP-20260708-00007
2026-07-09 12:58:00,TRK-025,Rute-E,Gudang West (Tangerang),287.0,1200,14.92,1.7,15.0,LOADED,YES,SHP-20260709-00008
2026-07-10 16:09:00,TRK-028,Rute-J,Cikarang Industrial Hub,287.9,1200,15.36,1.8,15.6,RETURNING,NO,SHP-20260710-00009
2026-07-11 09:20:00,TRK-031,Rute-O,Bogor Transit Hub,288.8,1400,15.8,2.0,16.2,DELIVERED,YES,SHP-20260711-00010
2026-07-12 11:31:00,TRK-034,Rute-B,Depok Hub,289.7,1200,16.24,2.2,16.8,IN_TRANSIT,YES,SHP-20260712-00011
2026-07-13 14:42:00,TRK-037,Rute-G,Bekasi Logistics Hub,290.6,1200,16.68,2.3,17.4,DELAYED,NO,SHP-20260713-00012
2026-07-14 17:53:00,TRK-040,Rute-L,Petamburan Hub,291.4,1200,17.12,2.5,18.1,LOADED,YES,SHP-20260714-00013
2026-07-15 11:04:00,TRK-043,Rute-Q,Grogol Hub (Jakbar),292.3,1200,17.56,2.6,18.7,RETURNING,NO,SHP-20260715-00014
2026-07-16 14:15:00,TRK-046,Rute-D,Central Hub (Jakarta),293.2,1400,18.0,2.8,19.3,DELIVERED,YES,SHP-20260716-00015
2026-07-17 17:26:00,TRK-049,Rute-I,Gudang West (Tangerang),294.1,1200,18.44,0.4,19.9,IN_TRANSIT,YES,SHP-20260717-00016
2026-07-18 09:37:00,TRK-052,Rute-N,Cikarang Industrial Hub,295.0,1200,18.88,0.6,20.5,DELAYED,NO,SHP-20260718-00017
2026-07-19 12:48:00,TRK-055,Rute-A,Bogor Transit Hub,295.8,1200,19.32,0.7,21.2,LOADED,YES,SHP-20260719-00018
2026-07-20 15:59:00,TRK-058,Rute-F,Depok Hub,296.7,1200,19.76,0.9,21.8,RETURNING,NO,SHP-20260720-00019
2026-07-21 09:10:00,TRK-061,Rute-K,Bekasi Logistics Hub,297.6,1400,20.2,1.0,22.4,DELIVERED,YES,SHP-20260721-00020
2026-07-22 12:21:00,TRK-064,Rute-P,Petamburan Hub,298.5,1200,20.64,1.2,23.0,IN_TRANSIT,YES,SHP-20260722-00021
2026-07-23 14:32:00,TRK-067,Rute-C,Grogol Hub (Jakbar),299.4,1200,21.08,1.4,23.6,DELAYED,NO,SHP-20260723-00022
2026-07-24 17:43:00,TRK-070,Rute-H,Central Hub (Jakarta),300.2,1200,21.52,1.5,24.3,LOADED,YES,SHP-20260724-00023
2026-07-25 10:54:00,TRK-073,Rute-M,Gudang West (Tangerang),301.1,1200,21.96,1.7,24.9,RETURNING,NO,SHP-20260725-00024
2026-07-26 14:05:00,TRK-076,Rute-R,Cikarang Industrial Hub,302.0,1400,22.4,1.8,25.5,DELIVERED,YES,SHP-20260726-00025
2026-07-27 17:16:00,TRK-079,Rute-E,Bogor Transit Hub,302.9,1200,22.84,2.0,26.1,IN_TRANSIT,YES,SHP-20260727-00026
2026-07-28 10:27:00,TRK-082,Rute-J,Depok Hub,303.8,1200,23.28,2.2,26.7,DELAYED,NO,SHP-20260728-00027
2026-07-29 12:38:00,TRK-085,Rute-O,Bekasi Logistics Hub,304.6,1200,23.72,2.3,27.4,LOADED,YES,SHP-20260729-00028
2026-07-30 15:49:00,TRK-088,Rute-B,Petamburan Hub,305.5,1200,24.16,2.5,28.0,RETURNING,NO,SHP-20260730-00029
2026-07-31 09:00:00,TRK-091,Rute-G,Grogol Hub (Jakbar),306.4,1400,24.6,2.6,28.6,DELIVERED,YES,SHP-20260731-00030
2026-07-01 12:11:00,TRK-094,Rute-L,Central Hub (Jakarta),307.3,1200,25.04,2.8,29.2,IN_TRANSIT,YES,SHP-20260701-00031
2026-07-02 15:22:00,TRK-097,Rute-Q,Gudang West (Tangerang),308.2,1200,25.48,0.4,29.8,DELAYED,NO,SHP-20260702-00032
2026-07-03 17:33:00,TRK-100,Rute-D,Cikarang Industrial Hub,309.0,1200,25.92,0.6,30.5,LOADED,YES,SHP-20260703-00033
2026-07-04 10:44:00,TRK-103,Rute-I,Bogor Transit Hub,309.9,1200,26.36,0.7,31.1,RETURNING,NO,SHP-20260704-00034
2026-07-05 13:55:00,TRK-106,Rute-N,Depok Hub,310.8,1400,26.8,0.9,31.7,DELIVERED,YES,SHP-20260705-00035
2026-07-06 17:06:00,TRK-109,Rute-A,Bekasi Logistics Hub,311.7,1200,11.4,1.0,32.3,IN_TRANSIT,YES,SHP-20260706-00036
2026-07-07 10:17:00,TRK-112,Rute-F,Petamburan Hub,312.6,1200,11.84,1.2,32.9,DELAYED,NO,SHP-20260707-00037
2026-07-08 13:28:00,TRK-115,Rute-K,Grogol Hub (Jakbar),313.4,1200,12.28,1.4,33.6,LOADED,YES,SHP-20260708-00038
2026-07-09 15:39:00,TRK-118,Rute-P,Central Hub (Jakarta),314.3,1200,12.72,1.5,34.2,RETURNING,NO,SHP-20260709-00039
2026-07-10 08:50:00,TRK-121,Rute-C,Gudang West (Tangerang),315.2,1400,13.16,1.7,34.8,DELIVERED,YES,SHP-20260710-00040
2026-07-11 12:01:00,TRK-124,Rute-H,Cikarang Industrial Hub,316.1,1200,13.6,1.8,35.4,IN_TRANSIT,YES,SHP-20260711-00041
2026-07-12 15:12:00,TRK-127,Rute-M,Bogor Transit Hub,317.0,1200,14.04,2.0,36.0,DELAYED,NO,SHP-20260712-00042
2026-07-13 18:23:00,TRK-130,Rute-R,Depok Hub,317.8,1200,14.48,2.2,36.7,LOADED,YES,SHP-20260713-00043
2026-07-14 10:34:00,TRK-133,Rute-E,Bekasi Logistics Hub,318.7,1200,14.92,2.3,37.3,RETURNING,NO,SHP-20260714-00044
2026-07-15 13:45:00,TRK-136,Rute-J,Petamburan Hub,319.6,1400,15.36,2.5,37.9,DELIVERED,YES,SHP-20260715-00045
2026-07-16 16:56:00,TRK-139,Rute-O,Grogol Hub (Jakbar),320.5,1200,15.8,2.6,38.5,IN_TRANSIT,YES,SHP-20260716-00046
2026-07-17 10:07:00,TRK-142,Rute-B,Central Hub (Jakarta),321.4,1200,16.24,2.8,39.1,DELAYED,NO,SHP-20260717-00047
2026-07-18 13:18:00,TRK-145,Rute-G,Gudang West (Tangerang),322.2,1200,16.68,0.4,39.8,LOADED,YES,SHP-20260718-00048
2026-07-19 16:29:00,TRK-148,Rute-L,Cikarang Industrial Hub,323.1,1200,17.12,0.6,40.4,RETURNING,NO,SHP-20260719-00049
2026-07-20 08:40:00,TRK-151,Rute-Q,Bogor Transit Hub,324.0,1400,17.56,0.7,41.0,DELIVERED,YES,SHP-20260720-00050
2026-07-21 11:51:00,TRK-154,Rute-D,Depok Hub,324.9,1200,18.0,0.9,41.6,IN_TRANSIT,YES,SHP-20260721-00051
2026-07-22 15:02:00,TRK-157,Rute-I,Bekasi Logistics Hub,325.8,1200,18.44,1.0,42.2,DELAYED,NO,SHP-20260722-00052
2026-07-23 18:13:00,TRK-160,Rute-N,Petamburan Hub,326.6,1200,18.88,1.2,42.9,LOADED,YES,SHP-20260723-00053
2026-07-24 11:24:00,TRK-163,Rute-A,Grogol Hub (Jakbar),327.5,1200,19.32,1.4,43.5,RETURNING,NO,SHP-20260724-00054
2026-07-25 13:35:00,TRK-166,Rute-F,Central Hub (Jakarta),328.4,1400,19.76,1.5,44.1,DELIVERED,YES,SHP-20260725-00055
2026-07-26 16:46:00,TRK-169,Rute-K,Gudang West (Tangerang),329.3,1200,20.2,1.7,44.7,IN_TRANSIT,YES,SHP-20260726-00056
2026-07-27 09:57:00,TRK-172,Rute-P,Cikarang Industrial Hub,330.2,1200,20.64,1.8,45.3,DELAYED,NO,SHP-20260727-00057
2026-07-28 13:08:00,TRK-175,Rute-C,Bogor Transit Hub,331.0,1200,21.08,2.0,46.0,LOADED,YES,SHP-20260728-00058
2026-07-29 16:19:00,TRK-178,Rute-H,Depok Hub,331.9,1200,21.52,2.2,46.6,RETURNING,NO,SHP-20260729-00059
2026-07-30 08:30:00,TRK-001,Rute-M,Bekasi Logistics Hub,332.8,1400,21.96,2.3,47.2,DELIVERED,YES,SHP-20260730-00060
2026-07-31 11:41:00,TRK-004,Rute-R,Petamburan Hub,333.7,1200,22.4,2.5,47.8,IN_TRANSIT,YES,SHP-20260731-00061
2026-07-01 14:52:00,TRK-007,Rute-E,Grogol Hub (Jakbar),334.6,1200,22.84,2.6,48.4,DELAYED,NO,SHP-20260701-00062
2026-07-02 18:03:00,TRK-010,Rute-J,Central Hub (Jakarta),335.4,1200,23.28,2.8,49.1,LOADED,YES,SHP-20260702-00063
2026-07-03 11:14:00,TRK-013,Rute-O,Gudang West (Tangerang),336.3,1200,23.72,0.4,49.7,RETURNING,NO,SHP-20260703-00064
2026-07-04 14:25:00,TRK-016,Rute-B,Cikarang Industrial Hub,337.2,1400,24.16,0.6,50.3,DELIVERED,YES,SHP-20260704-00065
2026-07-05 16:36:00,TRK-019,Rute-G,Bogor Transit Hub,338.1,1200,24.6,0.7,50.9,IN_TRANSIT,YES,SHP-20260705-00066
2026-07-06 09:47:00,TRK-022,Rute-L,Depok Hub,339.0,1200,25.04,0.9,51.5,DELAYED,NO,SHP-20260706-00067
2026-07-07 12:58:00,TRK-025,Rute-Q,Bekasi Logistics Hub,339.8,1200,25.48,1.0,52.2,LOADED,YES,SHP-20260707-00068
2026-07-08 16:09:00,TRK-028,Rute-D,Petamburan Hub,340.7,1200,25.92,1.2,52.8,RETURNING,NO,SHP-20260708-00069
2026-07-09 09:20:00,TRK-031,Rute-I,Grogol Hub (Jakbar),341.6,1400,26.36,1.4,53.4,DELIVERED,YES,SHP-20260709-00070
2026-07-10 11:31:00,TRK-034,Rute-N,Central Hub (Jakarta),342.5,1200,26.8,1.5,54.0,IN_TRANSIT,YES,SHP-20260710-00071
2026-07-11 14:42:00,TRK-037,Rute-A,Gudang West (Tangerang),343.4,1200,11.4,1.7,54.6,DELAYED,NO,SHP-20260711-00072
2026-07-12 17:53:00,TRK-040,Rute-F,Cikarang Industrial Hub,344.2,1200,11.84,1.8,55.3,LOADED,YES,SHP-20260712-00073
2026-07-13 11:04:00,TRK-043,Rute-K,Bogor Transit Hub,345.1,1200,12.28,2.0,55.9,RETURNING,NO,SHP-20260713-00074
2026-07-14 14:15:00,TRK-046,Rute-P,Depok Hub,346.0,1400,12.72,2.2,56.5,DELIVERED,YES,SHP-20260714-00075
2026-07-15 17:26:00,TRK-049,Rute-C,Bekasi Logistics Hub,346.9,1200,13.16,2.3,57.1,IN_TRANSIT,YES,SHP-20260715-00076
2026-07-16 09:37:00,TRK-052,Rute-H,Petamburan Hub,347.8,1200,13.6,2.5,57.7,DELAYED,NO,SHP-20260716-00077
2026-07-17 12:48:00,TRK-055,Rute-M,Grogol Hub (Jakbar),348.6,1200,14.04,2.6,58.4,LOADED,YES,SHP-20260717-00078
2026-07-18 15:59:00,TRK-058,Rute-R,Central Hub (Jakarta),349.5,1200,14.48,2.8,59.0,RETURNING,NO,SHP-20260718-00079
2026-07-19 09:10:00,TRK-061,Rute-E,Gudang West (Tangerang),350.4,1400,14.92,0.4,59.6,DELIVERED,YES,SHP-20260719-00080
2026-07-20 12:21:00,TRK-064,Rute-J,Cikarang Industrial Hub,351.3,1200,15.36,0.6,60.2,IN_TRANSIT,YES,SHP-20260720-00081
2026-07-21 14:32:00,TRK-067,Rute-O,Bogor Transit Hub,352.2,1200,15.8,0.7,60.8,DELAYED,NO,SHP-20260721-00082
2026-07-22 17:43:00,TRK-070,Rute-B,Depok Hub,353.0,1200,16.24,0.9,61.5,LOADED,YES,SHP-20260722-00083
2026-07-23 10:54:00,TRK-073,Rute-G,Bekasi Logistics Hub,353.9,1200,16.68,1.0,62.1,RETURNING,NO,SHP-20260723-00084
2026-07-24 14:05:00,TRK-076,Rute-L,Petamburan Hub,354.8,1400,17.12,1.2,62.7,DELIVERED,YES,SHP-20260724-00085
2026-07-25 17:16:00,TRK-079,Rute-Q,Grogol Hub (Jakbar),355.7,1200,17.56,1.4,63.3,IN_TRANSIT,YES,SHP-20260725-00086
2026-07-26 10:27:00,TRK-082,Rute-D,Central Hub (Jakarta),356.6,1200,18.0,1.5,63.9,DELAYED,NO,SHP-20260726-00087
2026-07-27 12:38:00,TRK-085,Rute-I,Gudang West (Tangerang),357.4,1200,18.44,1.7,64.6,LOADED,YES,SHP-20260727-00088
2026-07-28 15:49:00,TRK-088,Rute-N,Cikarang Industrial Hub,358.3,1200,18.88,1.8,65.2,RETURNING,NO,SHP-20260728-00089
2026-07-29 09:00:00,TRK-091,Rute-A,Bogor Transit Hub,359.2,1400,19.32,2.0,65.8,DELIVERED,YES,SHP-20260729-00090
2026-07-30 12:11:00,TRK-094,Rute-F,Depok Hub,360.1,1200,19.76,2.2,66.4,IN_TRANSIT,YES,SHP-20260730-00091
2026-07-31 15:22:00,TRK-097,Rute-K,Bekasi Logistics Hub,361.0,1200,20.2,2.3,67.0,DELAYED,NO,SHP-20260731-00092
2026-07-01 17:33:00,TRK-100,Rute-P,Petamburan Hub,361.8,1200,20.64,2.5,67.7,LOADED,YES,SHP-20260701-00093
2026-07-02 10:44:00,TRK-103,Rute-C,Grogol Hub (Jakbar),362.7,1200,21.08,2.6,68.3,RETURNING,NO,SHP-20260702-00094
2026-07-03 13:55:00,TRK-106,Rute-H,Central Hub (Jakarta),363.6,1400,21.52,2.8,68.9,DELIVERED,YES,SHP-20260703-00095
2026-07-04 17:06:00,TRK-109,Rute-M,Gudang West (Tangerang),364.5,1200,21.96,0.4,69.5,IN_TRANSIT,YES,SHP-20260704-00096
2026-07-05 10:17:00,TRK-112,Rute-R,Cikarang Industrial Hub,365.4,1200,22.4,0.6,70.1,DELAYED,NO,SHP-20260705-00097
2026-07-06 13:28:00,TRK-115,Rute-E,Bogor Transit Hub,366.2,1200,22.84,0.7,70.8,LOADED,YES,SHP-20260706-00098
2026-07-07 15:39:00,TRK-118,Rute-J,Depok Hub,367.1,1200,23.28,0.9,71.4,RETURNING,NO,SHP-20260707-00099
2026-07-08 08:50:00,TRK-121,Rute-O,Bekasi Logistics Hub,368.0,1400,23.72,1.0,72.0,DELIVERED,YES,SHP-20260708-00100
2026-07-09 12:01:00,TRK-124,Rute-B,Petamburan Hub,368.9,1200,24.16,1.2,72.6,IN_TRANSIT,YES,SHP-20260709-00101
2026-07-10 15:12:00,TRK-127,Rute-G,Grogol Hub (Jakbar),369.8,1200,24.6,1.4,73.2,DELAYED,NO,SHP-20260710-00102
2026-07-11 18:23:00,TRK-130,Rute-L,Central Hub (Jakarta),370.6,1200,25.04,1.5,73.9,LOADED,YES,SHP-20260711-00103
2026-07-12 10:34:00,TRK-133,Rute-Q,Gudang West (Tangerang),371.5,1200,25.48,1.7,74.5,RETURNING,NO,SHP-20260712-00104
2026-07-13 13:45:00,TRK-136,Rute-D,Cikarang Industrial Hub,372.4,1400,25.92,1.8,75.1,DELIVERED,YES,SHP-20260713-00105
2026-07-14 16:56:00,TRK-139,Rute-I,Bogor Transit Hub,373.3,1200,26.36,2.0,75.7,IN_TRANSIT,YES,SHP-20260714-00106
2026-07-15 10:07:00,TRK-142,Rute-N,Depok Hub,374.2,1200,26.8,2.2,76.3,DELAYED,NO,SHP-20260715-00107
2026-07-16 13:18:00,TRK-145,Rute-A,Bekasi Logistics Hub,375.0,1200,11.4,2.3,77.0,LOADED,YES,SHP-20260716-00108
2026-07-17 16:29:00,TRK-148,Rute-F,Petamburan Hub,375.9,1200,11.84,2.5,77.6,RETURNING,NO,SHP-20260717-00109
2026-07-18 08:40:00,TRK-151,Rute-K,Grogol Hub (Jakbar),376.8,1400,12.28,2.6,78.2,DELIVERED,YES,SHP-20260718-00110
2026-07-19 11:51:00,TRK-154,Rute-P,Central Hub (Jakarta),377.7,1200,12.72,2.8,78.8,IN_TRANSIT,YES,SHP-20260719-00111
2026-07-20 15:02:00,TRK-157,Rute-C,Gudang West (Tangerang),378.6,1200,13.16,0.4,79.4,DELAYED,NO,SHP-20260720-00112
2026-07-21 18:13:00,TRK-160,Rute-H,Cikarang Industrial Hub,379.4,1200,13.6,0.6,80.1,LOADED,YES,SHP-20260721-00113
2026-07-22 11:24:00,TRK-163,Rute-M,Bogor Transit Hub,380.3,1200,14.04,0.7,80.7,RETURNING,NO,SHP-20260722-00114
2026-07-23 13:35:00,TRK-166,Rute-R,Depok Hub,381.2,1400,14.48,0.9,81.3,DELIVERED,YES,SHP-20260723-00115
2026-07-24 16:46:00,TRK-169,Rute-E,Bekasi Logistics Hub,382.1,1200,14.92,1.0,81.9,IN_TRANSIT,YES,SHP-20260724-00116
2026-07-25 09:57:00,TRK-172,Rute-J,Petamburan Hub,383.0,1200,15.36,1.2,82.5,DELAYED,NO,SHP-20260725-00117
2026-07-26 13:08:00,TRK-175,Rute-O,Grogol Hub (Jakbar),383.8,1200,15.8,1.4,83.2,LOADED,YES,SHP-20260726-00118
2026-07-27 16:19:00,TRK-178,Rute-B,Central Hub (Jakarta),384.7,1200,16.24,1.5,83.8,RETURNING,NO,SHP-20260727-00119
2026-07-28 08:30:00,TRK-001,Rute-G,Gudang West (Tangerang),385.6,1400,16.68,1.7,84.4,DELIVERED,YES,SHP-20260728-00120
2026-07-29 11:41:00,TRK-004,Rute-L,Cikarang Industrial Hub,386.5,1200,17.12,1.8,85.0,IN_TRANSIT,YES,SHP-20260729-00121
2026-07-30 14:52:00,TRK-007,Rute-Q,Bogor Transit Hub,387.4,1200,17.56,2.0,85.6,DELAYED,NO,SHP-20260730-00122
2026-07-31 18:03:00,TRK-010,Rute-D,Depok Hub,388.2,1200,18.0,2.2,86.3,LOADED,YES,SHP-20260731-00123
2026-07-01 11:14:00,TRK-013,Rute-I,Bekasi Logistics Hub,389.1,1200,18.44,2.3,86.9,RETURNING,NO,SHP-20260701-00124
2026-07-02 14:25:00,TRK-016,Rute-N,Petamburan Hub,390.0,1400,18.88,2.5,87.5,DELIVERED,YES,SHP-20260702-00125
2026-07-03 16:36:00,TRK-019,Rute-A,Grogol Hub (Jakbar),390.9,1200,19.32,2.6,88.1,IN_TRANSIT,YES,SHP-20260703-00126
2026-07-04 09:47:00,TRK-022,Rute-F,Central Hub (Jakarta),391.8,1200,19.76,2.8,88.7,DELAYED,NO,SHP-20260704-00127
2026-07-05 12:58:00,TRK-025,Rute-K,Gudang West (Tangerang),392.6,1200,20.2,0.4,89.4,LOADED,YES,SHP-20260705-00128
2026-07-06 16:09:00,TRK-028,Rute-P,Cikarang Industrial Hub,393.5,1200,20.64,0.6,90.0,RETURNING,NO,SHP-20260706-00129
2026-07-07 09:20:00,TRK-031,Rute-C,Bogor Transit Hub,394.4,1400,21.08,0.7,10.0,DELIVERED,YES,SHP-20260707-00130
2026-07-08 11:31:00,TRK-034,Rute-H,Depok Hub,395.3,1200,21.52,0.9,10.6,IN_TRANSIT,YES,SHP-20260708-00131
2026-07-09 14:42:00,TRK-037,Rute-M,Bekasi Logistics Hub,396.2,1200,21.96,1.0,11.2,DELAYED,NO,SHP-20260709-00132
2026-07-10 17:53:00,TRK-040,Rute-R,Petamburan Hub,397.0,1200,22.4,1.2,11.9,LOADED,YES,SHP-20260710-00133
2026-07-11 11:04:00,TRK-043,Rute-E,Grogol Hub (Jakbar),397.9,1200,22.84,1.4,12.5,RETURNING,NO,SHP-20260711-00134
2026-07-12 14:15:00,TRK-046,Rute-J,Central Hub (Jakarta),398.8,1400,23.28,1.5,13.1,DELIVERED,YES,SHP-20260712-00135
2026-07-13 17:26:00,TRK-049,Rute-O,Gudang West (Tangerang),399.7,1200,23.72,1.7,13.7,IN_TRANSIT,YES,SHP-20260713-00136
2026-07-14 09:37:00,TRK-052,Rute-B,Cikarang Industrial Hub,400.6,1200,24.16,1.8,14.3,DELAYED,NO,SHP-20260714-00137
2026-07-15 12:48:00,TRK-055,Rute-G,Bogor Transit Hub,401.4,1200,24.6,2.0,15.0,LOADED,YES,SHP-20260715-00138
2026-07-16 15:59:00,TRK-058,Rute-L,Depok Hub,402.3,1200,25.04,2.2,15.6,RETURNING,NO,SHP-20260716-00139
2026-07-17 09:10:00,TRK-061,Rute-Q,Bekasi Logistics Hub,403.2,1400,25.48,2.3,16.2,DELIVERED,YES,SHP-20260717-00140
2026-07-18 12:21:00,TRK-064,Rute-D,Petamburan Hub,404.1,1200,25.92,2.5,16.8,IN_TRANSIT,YES,SHP-20260718-00141
2026-07-19 14:32:00,TRK-067,Rute-I,Grogol Hub (Jakbar),405.0,1200,26.36,2.6,17.4,DELAYED,NO,SHP-20260719-00142
2026-07-20 17:43:00,TRK-070,Rute-N,Central Hub (Jakarta),405.8,1200,26.8,2.8,18.1,LOADED,YES,SHP-20260720-00143
2026-07-21 10:54:00,TRK-073,Rute-A,Gudang West (Tangerang),406.7,1200,11.4,0.4,18.7,RETURNING,NO,SHP-20260721-00144
2026-07-22 14:05:00,TRK-076,Rute-F,Cikarang Industrial Hub,407.6,1400,11.84,0.6,19.3,DELIVERED,YES,SHP-20260722-00145
2026-07-23 17:16:00,TRK-079,Rute-K,Bogor Transit Hub,408.5,1200,12.28,0.7,19.9,IN_TRANSIT,YES,SHP-20260723-00146
2026-07-24 10:27:00,TRK-082,Rute-P,Depok Hub,409.4,1200,12.72,0.9,20.5,DELAYED,NO,SHP-20260724-00147
2026-07-25 12:38:00,TRK-085,Rute-C,Bekasi Logistics Hub,410.2,1200,13.16,1.0,21.2,LOADED,YES,SHP-20260725-00148
2026-07-26 15:49:00,TRK-088,Rute-H,Petamburan Hub,411.1,1200,13.6,1.2,21.8,RETURNING,NO,SHP-20260726-00149
2026-07-27 09:00:00,TRK-091,Rute-M,Grogol Hub (Jakbar),412.0,1400,14.04,1.4,22.4,DELIVERED,YES,SHP-20260727-00150
2026-07-28 12:11:00,TRK-094,Rute-R,Central Hub (Jakarta),412.9,1200,14.48,1.5,23.0,IN_TRANSIT,YES,SHP-20260728-00151
2026-07-29 15:22:00,TRK-097,Rute-E,Gudang West (Tangerang),413.8,1200,14.92,1.7,23.6,DELAYED,NO,SHP-20260729-00152
2026-07-30 17:33:00,TRK-100,Rute-J,Cikarang Industrial Hub,414.6,1200,15.36,1.8,24.3,LOADED,YES,SHP-20260730-00153
2026-07-31 10:44:00,TRK-103,Rute-O,Bogor Transit Hub,415.5,1200,15.8,2.0,24.9,RETURNING,NO,SHP-20260731-00154
2026-07-01 13:55:00,TRK-106,Rute-B,Depok Hub,416.4,1400,16.24,2.2,25.5,DELIVERED,YES,SHP-20260701-00155
2026-07-02 17:06:00,TRK-109,Rute-G,Bekasi Logistics Hub,417.3,1200,16.68,2.3,26.1,IN_TRANSIT,YES,SHP-20260702-00156
2026-07-03 10:17:00,TRK-112,Rute-L,Petamburan Hub,418.2,1200,17.12,2.5,26.7,DELAYED,NO,SHP-20260703-00157
2026-07-04 13:28:00,TRK-115,Rute-Q,Grogol Hub (Jakbar),419.0,1200,17.56,2.6,27.4,LOADED,YES,SHP-20260704-00158
2026-07-05 15:39:00,TRK-118,Rute-D,Central Hub (Jakarta),419.9,1200,18.0,2.8,28.0,RETURNING,NO,SHP-20260705-00159
2026-07-06 08:50:00,TRK-121,Rute-I,Gudang West (Tangerang),420.8,1400,18.44,0.4,28.6,DELIVERED,YES,SHP-20260706-00160
2026-07-07 12:01:00,TRK-124,Rute-N,Cikarang Industrial Hub,421.7,1200,18.88,0.6,29.2,IN_TRANSIT,YES,SHP-20260707-00161
2026-07-08 15:12:00,TRK-127,Rute-A,Bogor Transit Hub,422.6,1200,19.32,0.7,29.8,DELAYED,NO,SHP-20260708-00162
2026-07-09 18:23:00,TRK-130,Rute-F,Depok Hub,423.4,1200,19.76,0.9,30.5,LOADED,YES,SHP-20260709-00163
2026-07-10 10:34:00,TRK-133,Rute-K,Bekasi Logistics Hub,424.3,1200,20.2,1.0,31.1,RETURNING,NO,SHP-20260710-00164
2026-07-11 13:45:00,TRK-136,Rute-P,Petamburan Hub,425.2,1400,20.64,1.2,31.7,DELIVERED,YES,SHP-20260711-00165
2026-07-12 16:56:00,TRK-139,Rute-C,Grogol Hub (Jakbar),426.1,1200,21.08,1.4,32.3,IN_TRANSIT,YES,SHP-20260712-00166
2026-07-13 10:07:00,TRK-142,Rute-H,Central Hub (Jakarta),427.0,1200,21.52,1.5,32.9,DELAYED,NO,SHP-20260713-00167
2026-07-14 13:18:00,TRK-145,Rute-M,Gudang West (Tangerang),427.8,1200,21.96,1.7,33.6,LOADED,YES,SHP-20260714-00168
2026-07-15 16:29:00,TRK-148,Rute-R,Cikarang Industrial Hub,428.7,1200,22.4,1.8,34.2,RETURNING,NO,SHP-20260715-00169
2026-07-16 08:40:00,TRK-151,Rute-E,Bogor Transit Hub,429.6,1400,22.84,2.0,34.8,DELIVERED,YES,SHP-20260716-00170
2026-07-17 11:51:00,TRK-154,Rute-J,Depok Hub,430.5,1200,23.28,2.2,35.4,IN_TRANSIT,YES,SHP-20260717-00171
2026-07-18 15:02:00,TRK-157,Rute-O,Bekasi Logistics Hub,431.4,1200,23.72,2.3,36.0,DELAYED,NO,SHP-20260718-00172
2026-07-19 18:13:00,TRK-160,Rute-B,Petamburan Hub,432.2,1200,24.16,2.5,36.7,LOADED,YES,SHP-20260719-00173
2026-07-20 11:24:00,TRK-163,Rute-G,Grogol Hub (Jakbar),433.1,1200,24.6,2.6,37.3,RETURNING,NO,SHP-20260720-00174
2026-07-21 13:35:00,TRK-166,Rute-L,Central Hub (Jakarta),434.0,1400,25.04,2.8,37.9,DELIVERED,YES,SHP-20260721-00175
2026-07-22 16:46:00,TRK-169,Rute-Q,Gudang West (Tangerang),434.9,1200,25.48,0.4,38.5,IN_TRANSIT,YES,SHP-20260722-00176
2026-07-23 09:57:00,TRK-172,Rute-D,Cikarang Industrial Hub,435.8,1200,25.92,0.6,39.1,DELAYED,NO,SHP-20260723-00177
2026-07-24 13:08:00,TRK-175,Rute-I,Bogor Transit Hub,436.6,1200,26.36,0.7,39.8,LOADED,YES,SHP-20260724-00178
2026-07-25 16:19:00,TRK-178,Rute-N,Depok Hub,437.5,1200,26.8,0.9,40.4,RETURNING,NO,SHP-20260725-00179
2026-07-26 08:30:00,TRK-001,Rute-A,Bekasi Logistics Hub,438.4,1400,11.4,1.0,41.0,DELIVERED,YES,SHP-20260726-00180
2026-07-27 11:41:00,TRK-004,Rute-F,Petamburan Hub,439.3,1200,11.84,1.2,41.6,IN_TRANSIT,YES,SHP-20260727-00181
2026-07-28 14:52:00,TRK-007,Rute-K,Grogol Hub (Jakbar),440.2,1200,12.28,1.4,42.2,DELAYED,NO,SHP-20260728-00182
2026-07-29 18:03:00,TRK-010,Rute-P,Central Hub (Jakarta),441.0,1200,12.72,1.5,42.9,LOADED,YES,SHP-20260729-00183
2026-07-30 11:14:00,TRK-013,Rute-C,Gudang West (Tangerang),441.9,1200,13.16,1.7,43.5,RETURNING,NO,SHP-20260730-00184
2026-07-31 14:25:00,TRK-016,Rute-H,Cikarang Industrial Hub,442.8,1400,13.6,1.8,44.1,DELIVERED,YES,SHP-20260731-00185
2026-07-01 16:36:00,TRK-019,Rute-M,Bogor Transit Hub,443.7,1200,14.04,2.0,44.7,IN_TRANSIT,YES,SHP-20260701-00186
2026-07-02 09:47:00,TRK-022,Rute-R,Depok Hub,444.6,1200,14.48,2.2,45.3,DELAYED,NO,SHP-20260702-00187
2026-07-03 12:58:00,TRK-025,Rute-E,Bekasi Logistics Hub,445.4,1200,14.92,2.3,46.0,LOADED,YES,SHP-20260703-00188
2026-07-04 16:09:00,TRK-028,Rute-J,Petamburan Hub,446.3,1200,15.36,2.5,46.6,RETURNING,NO,SHP-20260704-00189
2026-07-05 09:20:00,TRK-031,Rute-O,Grogol Hub (Jakbar),447.2,1400,15.8,2.6,47.2,DELIVERED,YES,SHP-20260705-00190
2026-07-06 11:31:00,TRK-034,Rute-B,Central Hub (Jakarta),448.1,1200,16.24,2.8,47.8,IN_TRANSIT,YES,SHP-20260706-00191
2026-07-07 14:42:00,TRK-037,Rute-G,Gudang West (Tangerang),449.0,1200,16.68,0.4,48.4,DELAYED,NO,SHP-20260707-00192
2026-07-08 17:53:00,TRK-040,Rute-L,Cikarang Industrial Hub,449.8,1200,17.12,0.6,49.1,LOADED,YES,SHP-20260708-00193
2026-07-09 11:04:00,TRK-043,Rute-Q,Bogor Transit Hub,450.7,1200,17.56,0.7,49.7,RETURNING,NO,SHP-20260709-00194
2026-07-10 14:15:00,TRK-046,Rute-D,Depok Hub,451.6,1400,18.0,0.9,50.3,DELIVERED,YES,SHP-20260710-00195
2026-07-11 17:26:00,TRK-049,Rute-I,Bekasi Logistics Hub,452.5,1200,18.44,1.0,50.9,IN_TRANSIT,YES,SHP-20260711-00196
2026-07-12 09:37:00,TRK-052,Rute-N,Petamburan Hub,453.4,1200,18.88,1.2,51.5,DELAYED,NO,SHP-20260712-00197
2026-07-13 12:48:00,TRK-055,Rute-A,Grogol Hub (Jakbar),454.2,1200,19.32,1.4,52.2,LOADED,YES,SHP-20260713-00198
2026-07-14 15:59:00,TRK-058,Rute-F,Central Hub (Jakarta),455.1,1200,19.76,1.5,52.8,RETURNING,NO,SHP-20260714-00199
2026-07-15 09:10:00,TRK-061,Rute-K,Gudang West (Tangerang),456.0,1400,20.2,1.7,53.4,DELIVERED,YES,SHP-20260715-00200
2026-07-16 12:21:00,TRK-064,Rute-P,Cikarang Industrial Hub,456.9,1200,20.64,1.8,54.0,IN_TRANSIT,YES,SHP-20260716-00201
2026-07-17 14:32:00,TRK-067,Rute-C,Bogor Transit Hub,457.8,1200,21.08,2.0,54.6,DELAYED,NO,SHP-20260717-00202
2026-07-18 17:43:00,TRK-070,Rute-H,Depok Hub,458.6,1200,21.52,2.2,55.3,LOADED,YES,SHP-20260718-00203
2026-07-19 10:54:00,TRK-073,Rute-M,Bekasi Logistics Hub,459.5,1200,21.96,2.3,55.9,RETURNING,NO,SHP-20260719-00204
2026-07-20 14:05:00,TRK-076,Rute-R,Petamburan Hub,460.4,1400,22.4,2.5,56.5,DELIVERED,YES,SHP-20260720-00205
2026-07-21 17:16:00,TRK-079,Rute-E,Grogol Hub (Jakbar),461.3,1200,22.84,2.6,57.1,IN_TRANSIT,YES,SHP-20260721-00206
2026-07-22 10:27:00,TRK-082,Rute-J,Central Hub (Jakarta),462.2,1200,23.28,2.8,57.7,DELAYED,NO,SHP-20260722-00207
2026-07-23 12:38:00,TRK-085,Rute-O,Gudang West (Tangerang),463.0,1200,23.72,0.4,58.4,LOADED,YES,SHP-20260723-00208
2026-07-24 15:49:00,TRK-088,Rute-B,Cikarang Industrial Hub,463.9,1200,24.16,0.6,59.0,RETURNING,NO,SHP-20260724-00209
2026-07-25 09:00:00,TRK-091,Rute-G,Bogor Transit Hub,464.8,1400,24.6,0.7,59.6,DELIVERED,YES,SHP-20260725-00210
2026-07-26 12:11:00,TRK-094,Rute-L,Depok Hub,465.7,1200,25.04,0.9,60.2,IN_TRANSIT,YES,SHP-20260726-00211
2026-07-27 15:22:00,TRK-097,Rute-Q,Bekasi Logistics Hub,466.6,1200,25.48,1.0,60.8,DELAYED,NO,SHP-20260727-00212
2026-07-28 17:33:00,TRK-100,Rute-D,Petamburan Hub,467.4,1200,25.92,1.2,61.5,LOADED,YES,SHP-20260728-00213
2026-07-29 10:44:00,TRK-103,Rute-I,Grogol Hub (Jakbar),468.3,1200,26.36,1.4,62.1,RETURNING,NO,SHP-20260729-00214
2026-07-30 13:55:00,TRK-106,Rute-N,Central Hub (Jakarta),469.2,1400,26.8,1.5,62.7,DELIVERED,YES,SHP-20260730-00215
2026-07-31 17:06:00,TRK-109,Rute-A,Gudang West (Tangerang),470.1,1200,11.4,1.7,63.3,IN_TRANSIT,YES,SHP-20260731-00216
2026-07-01 10:17:00,TRK-112,Rute-F,Cikarang Industrial Hub,471.0,1200,11.84,1.8,63.9,DELAYED,NO,SHP-20260701-00217
2026-07-02 13:28:00,TRK-115,Rute-K,Bogor Transit Hub,471.8,1200,12.28,2.0,64.6,LOADED,YES,SHP-20260702-00218
2026-07-03 15:39:00,TRK-118,Rute-P,Depok Hub,472.7,1200,12.72,2.2,65.2,RETURNING,NO,SHP-20260703-00219
2026-07-04 08:50:00,TRK-121,Rute-C,Bekasi Logistics Hub,473.6,1400,13.16,2.3,65.8,DELIVERED,YES,SHP-20260704-00220
2026-07-05 12:01:00,TRK-124,Rute-H,Petamburan Hub,474.5,1200,13.6,2.5,66.4,IN_TRANSIT,YES,SHP-20260705-00221
2026-07-06 15:12:00,TRK-127,Rute-M,Grogol Hub (Jakbar),475.4,1200,14.04,2.6,67.0,DELAYED,NO,SHP-20260706-00222
2026-07-07 18:23:00,TRK-130,Rute-R,Central Hub (Jakarta),476.2,1200,14.48,2.8,67.7,LOADED,YES,SHP-20260707-00223
2026-07-08 10:34:00,TRK-133,Rute-E,Gudang West (Tangerang),477.1,1200,14.92,0.4,68.3,RETURNING,NO,SHP-20260708-00224
2026-07-09 13:45:00,TRK-136,Rute-J,Cikarang Industrial Hub,478.0,1400,15.36,0.6,68.9,DELIVERED,YES,SHP-20260709-00225
2026-07-10 16:56:00,TRK-139,Rute-O,Bogor Transit Hub,478.9,1200,15.8,0.7,69.5,IN_TRANSIT,YES,SHP-20260710-00226
2026-07-11 10:07:00,TRK-142,Rute-B,Depok Hub,479.8,1200,16.24,0.9,70.1,DELAYED,NO,SHP-20260711-00227
2026-07-12 13:18:00,TRK-145,Rute-G,Bekasi Logistics Hub,480.6,1200,16.68,1.0,70.8,LOADED,YES,SHP-20260712-00228
2026-07-13 16:29:00,TRK-148,Rute-L,Petamburan Hub,481.5,1200,17.12,1.2,71.4,RETURNING,NO,SHP-20260713-00229
2026-07-14 08:40:00,TRK-151,Rute-Q,Grogol Hub (Jakbar),482.4,1400,17.56,1.4,72.0,DELIVERED,YES,SHP-20260714-00230
2026-07-15 11:51:00,TRK-154,Rute-D,Central Hub (Jakarta),483.3,1200,18.0,1.5,72.6,IN_TRANSIT,YES,SHP-20260715-00231
2026-07-16 15:02:00,TRK-157,Rute-I,Gudang West (Tangerang),484.2,1200,18.44,1.7,73.2,DELAYED,NO,SHP-20260716-00232
2026-07-17 18:13:00,TRK-160,Rute-N,Cikarang Industrial Hub,485.0,1200,18.88,1.8,73.9,LOADED,YES,SHP-20260717-00233
2026-07-18 11:24:00,TRK-163,Rute-A,Bogor Transit Hub,485.9,1200,19.32,2.0,74.5,RETURNING,NO,SHP-20260718-00234
2026-07-19 13:35:00,TRK-166,Rute-F,Depok Hub,486.8,1400,19.76,2.2,75.1,DELIVERED,YES,SHP-20260719-00235
2026-07-20 16:46:00,TRK-169,Rute-K,Bekasi Logistics Hub,487.7,1200,20.2,2.3,75.7,IN_TRANSIT,YES,SHP-20260720-00236
2026-07-21 09:57:00,TRK-172,Rute-P,Petamburan Hub,488.6,1200,20.64,2.5,76.3,DELAYED,NO,SHP-20260721-00237
2026-07-22 13:08:00,TRK-175,Rute-C,Grogol Hub (Jakbar),489.4,1200,21.08,2.6,77.0,LOADED,YES,SHP-20260722-00238
2026-07-23 16:19:00,TRK-178,Rute-H,Central Hub (Jakarta),490.3,1200,21.52,2.8,77.6,RETURNING,NO,SHP-20260723-00239
2026-07-24 08:30:00,TRK-001,Rute-M,Gudang West (Tangerang),491.2,1400,21.96,0.4,78.2,DELIVERED,YES,SHP-20260724-00240
2026-07-25 11:41:00,TRK-004,Rute-R,Cikarang Industrial Hub,492.1,1200,22.4,0.6,78.8,IN_TRANSIT,YES,SHP-20260725-00241
2026-07-26 14:52:00,TRK-007,Rute-E,Bogor Transit Hub,493.0,1200,22.84,0.7,79.4,DELAYED,NO,SHP-20260726-00242
2026-07-27 18:03:00,TRK-010,Rute-J,Depok Hub,493.8,1200,23.28,0.9,80.1,LOADED,YES,SHP-20260727-00243
2026-07-28 11:14:00,TRK-013,Rute-O,Bekasi Logistics Hub,494.7,1200,23.72,1.0,80.7,RETURNING,NO,SHP-20260728-00244
2026-07-29 14:25:00,TRK-016,Rute-B,Petamburan Hub,495.6,1400,24.16,1.2,81.3,DELIVERED,YES,SHP-20260729-00245
2026-07-30 16:36:00,TRK-019,Rute-G,Grogol Hub (Jakbar),496.5,1200,24.6,1.4,81.9,IN_TRANSIT,YES,SHP-20260730-00246
2026-07-31 09:47:00,TRK-022,Rute-L,Central Hub (Jakarta),497.4,1200,25.04,1.5,82.5,DELAYED,NO,SHP-20260731-00247
2026-07-01 12:58:00,TRK-025,Rute-Q,Gudang West (Tangerang),498.2,1200,25.48,1.7,83.2,LOADED,YES,SHP-20260701-00248
2026-07-02 16:09:00,TRK-028,Rute-D,Cikarang Industrial Hub,499.1,1200,25.92,1.8,83.8,RETURNING,NO,SHP-20260702-00249
2026-07-03 09:20:00,TRK-031,Rute-I,Bogor Transit Hub,500.0,1400,26.36,2.0,84.4,DELIVERED,YES,SHP-20260703-00250
2026-07-04 11:31:00,TRK-034,Rute-N,Depok Hub,500.9,1200,26.8,2.2,85.0,IN_TRANSIT,YES,SHP-20260704-00251
2026-07-05 14:42:00,TRK-037,Rute-A,Bekasi Logistics Hub,501.8,1200,11.4,2.3,85.6,DELAYED,NO,SHP-20260705-00252
2026-07-06 17:53:00,TRK-040,Rute-F,Petamburan Hub,502.6,1200,11.84,2.5,86.3,LOADED,YES,SHP-20260706-00253
2026-07-07 11:04:00,TRK-043,Rute-K,Grogol Hub (Jakbar),503.5,1200,12.28,2.6,86.9,RETURNING,NO,SHP-20260707-00254
2026-07-08 14:15:00,TRK-046,Rute-P,Central Hub (Jakarta),504.4,1400,12.72,2.8,87.5,DELIVERED,YES,SHP-20260708-00255
2026-07-09 17:26:00,TRK-049,Rute-C,Gudang West (Tangerang),505.3,1200,13.16,0.4,88.1,IN_TRANSIT,YES,SHP-20260709-00256
2026-07-10 09:37:00,TRK-052,Rute-H,Cikarang Industrial Hub,506.2,1200,13.6,0.6,88.7,DELAYED,NO,SHP-20260710-00257
2026-07-11 12:48:00,TRK-055,Rute-M,Bogor Transit Hub,507.0,1200,14.04,0.7,89.4,LOADED,YES,SHP-20260711-00258
2026-07-12 15:59:00,TRK-058,Rute-R,Depok Hub,507.9,1200,14.48,0.9,90.0,RETURNING,NO,SHP-20260712-00259
2026-07-13 09:10:00,TRK-061,Rute-E,Bekasi Logistics Hub,508.8,1400,14.92,1.0,10.0,DELIVERED,YES,SHP-20260713-00260
2026-07-14 12:21:00,TRK-064,Rute-J,Petamburan Hub,509.7,1200,15.36,1.2,10.6,IN_TRANSIT,YES,SHP-20260714-00261
2026-07-15 14:32:00,TRK-067,Rute-O,Grogol Hub (Jakbar),510.6,1200,15.8,1.4,11.2,DELAYED,NO,SHP-20260715-00262
2026-07-16 17:43:00,TRK-070,Rute-B,Central Hub (Jakarta),511.4,1200,16.24,1.5,11.9,LOADED,YES,SHP-20260716-00263
2026-07-17 10:54:00,TRK-073,Rute-G,Gudang West (Tangerang),512.3,1200,16.68,1.7,12.5,RETURNING,NO,SHP-20260717-00264
2026-07-18 14:05:00,TRK-076,Rute-L,Cikarang Industrial Hub,513.2,1400,17.12,1.8,13.1,DELIVERED,YES,SHP-20260718-00265
2026-07-19 17:16:00,TRK-079,Rute-Q,Bogor Transit Hub,514.1,1200,17.56,2.0,13.7,IN_TRANSIT,YES,SHP-20260719-00266
2026-07-20 10:27:00,TRK-082,Rute-D,Depok Hub,515.0,1200,18.0,2.2,14.3,DELAYED,NO,SHP-20260720-00267
2026-07-21 12:38:00,TRK-085,Rute-I,Bekasi Logistics Hub,515.8,1200,18.44,2.3,15.0,LOADED,YES,SHP-20260721-00268
2026-07-22 15:49:00,TRK-088,Rute-N,Petamburan Hub,516.7,1200,18.88,2.5,15.6,RETURNING,NO,SHP-20260722-00269
2026-07-23 09:00:00,TRK-091,Rute-A,Grogol Hub (Jakbar),517.6,1400,19.32,2.6,16.2,DELIVERED,YES,SHP-20260723-00270
2026-07-24 12:11:00,TRK-094,Rute-F,Central Hub (Jakarta),518.5,1200,19.76,2.8,16.8,IN_TRANSIT,YES,SHP-20260724-00271
2026-07-25 15:22:00,TRK-097,Rute-K,Gudang West (Tangerang),519.4,1200,20.2,0.4,17.4,DELAYED,NO,SHP-20260725-00272
2026-07-26 17:33:00,TRK-100,Rute-P,Cikarang Industrial Hub,520.2,1200,20.64,0.6,18.1,LOADED,YES,SHP-20260726-00273
2026-07-27 10:44:00,TRK-103,Rute-C,Bogor Transit Hub,521.1,1200,21.08,0.7,18.7,RETURNING,NO,SHP-20260727-00274
2026-07-28 13:55:00,TRK-106,Rute-H,Depok Hub,522.0,1400,21.52,0.9,19.3,DELIVERED,YES,SHP-20260728-00275
2026-07-29 17:06:00,TRK-109,Rute-M,Bekasi Logistics Hub,522.9,1200,21.96,1.0,19.9,IN_TRANSIT,YES,SHP-20260729-00276
2026-07-30 10:17:00,TRK-112,Rute-R,Petamburan Hub,523.8,1200,22.4,1.2,20.5,DELAYED,NO,SHP-20260730-00277
2026-07-31 13:28:00,TRK-115,Rute-E,Grogol Hub (Jakbar),524.6,1200,22.84,1.4,21.2,LOADED,YES,SHP-20260731-00278
2026-07-01 15:39:00,TRK-118,Rute-J,Central Hub (Jakarta),525.5,1200,23.28,1.5,21.8,RETURNING,NO,SHP-20260701-00279
2026-07-02 08:50:00,TRK-121,Rute-O,Gudang West (Tangerang),526.4,1400,23.72,1.7,22.4,DELIVERED,YES,SHP-20260702-00280
2026-07-03 12:01:00,TRK-124,Rute-B,Cikarang Industrial Hub,527.3,1200,24.16,1.8,23.0,IN_TRANSIT,YES,SHP-20260703-00281
2026-07-04 15:12:00,TRK-127,Rute-G,Bogor Transit Hub,528.2,1200,24.6,2.0,23.6,DELAYED,NO,SHP-20260704-00282
2026-07-05 18:23:00,TRK-130,Rute-L,Depok Hub,529.0,1200,25.04,2.2,24.3,LOADED,YES,SHP-20260705-00283
2026-07-06 10:34:00,TRK-133,Rute-Q,Bekasi Logistics Hub,529.9,1200,25.48,2.3,24.9,RETURNING,NO,SHP-20260706-00284
2026-07-07 13:45:00,TRK-136,Rute-D,Petamburan Hub,530.8,1400,25.92,2.5,25.5,DELIVERED,YES,SHP-20260707-00285
2026-07-08 16:56:00,TRK-139,Rute-I,Grogol Hub (Jakbar),531.7,1200,26.36,2.6,26.1,IN_TRANSIT,YES,SHP-20260708-00286
2026-07-09 10:07:00,TRK-142,Rute-N,Central Hub (Jakarta),532.6,1200,26.8,2.8,26.7,DELAYED,NO,SHP-20260709-00287
2026-07-10 13:18:00,TRK-145,Rute-A,Gudang West (Tangerang),533.4,1200,11.4,0.4,27.4,LOADED,YES,SHP-20260710-00288
2026-07-11 16:29:00,TRK-148,Rute-F,Cikarang Industrial Hub,534.3,1200,11.84,0.6,28.0,RETURNING,NO,SHP-20260711-00289
2026-07-12 08:40:00,TRK-151,Rute-K,Bogor Transit Hub,535.2,1400,12.28,0.7,28.6,DELIVERED,YES,SHP-20260712-00290
2026-07-13 11:51:00,TRK-154,Rute-P,Depok Hub,536.1,1200,12.72,0.9,29.2,IN_TRANSIT,YES,SHP-20260713-00291
2026-07-14 15:02:00,TRK-157,Rute-C,Bekasi Logistics Hub,537.0,1200,13.16,1.0,29.8,DELAYED,NO,SHP-20260714-00292
2026-07-15 18:13:00,TRK-160,Rute-H,Petamburan Hub,537.8,1200,13.6,1.2,30.5,LOADED,YES,SHP-20260715-00293
2026-07-16 11:24:00,TRK-163,Rute-M,Grogol Hub (Jakbar),538.7,1200,14.04,1.4,31.1,RETURNING,NO,SHP-20260716-00294
2026-07-17 13:35:00,TRK-166,Rute-R,Central Hub (Jakarta),539.6,1400,14.48,1.5,31.7,DELIVERED,YES,SHP-20260717-00295
2026-07-18 16:46:00,TRK-169,Rute-E,Gudang West (Tangerang),540.5,1200,14.92,1.7,32.3,IN_TRANSIT,YES,SHP-20260718-00296
2026-07-19 09:57:00,TRK-172,Rute-J,Cikarang Industrial Hub,541.4,1200,15.36,1.8,32.9,DELAYED,NO,SHP-20260719-00297
2026-07-20 13:08:00,TRK-175,Rute-O,Bogor Transit Hub,542.2,1200,15.8,2.0,33.6,LOADED,YES,SHP-20260720-00298
2026-07-21 16:19:00,TRK-178,Rute-B,Depok Hub,543.1,1200,16.24,2.2,34.2,RETURNING,NO,SHP-20260721-00299
2026-07-22 08:30:00,TRK-001,Rute-G,Bekasi Logistics Hub,544.0,1400,16.68,2.3,34.8,DELIVERED,YES,SHP-20260722-00300
2026-07-23 11:41:00,TRK-004,Rute-L,Petamburan Hub,544.9,1200,17.12,2.5,35.4,IN_TRANSIT,YES,SHP-20260723-00301
2026-07-24 14:52:00,TRK-007,Rute-Q,Grogol Hub (Jakbar),545.8,1200,17.56,2.6,36.0,DELAYED,NO,SHP-20260724-00302
2026-07-25 18:03:00,TRK-010,Rute-D,Central Hub (Jakarta),546.6,1200,18.0,2.8,36.7,LOADED,YES,SHP-20260725-00303
2026-07-26 11:14:00,TRK-013,Rute-I,Gudang West (Tangerang),547.5,1200,18.44,0.4,37.3,RETURNING,NO,SHP-20260726-00304
2026-07-27 14:25:00,TRK-016,Rute-N,Cikarang Industrial Hub,548.4,1400,18.88,0.6,37.9,DELIVERED,YES,SHP-20260727-00305
2026-07-28 16:36:00,TRK-019,Rute-A,Bogor Transit Hub,549.3,1200,19.32,0.7,38.5,IN_TRANSIT,YES,SHP-20260728-00306
2026-07-29 09:47:00,TRK-022,Rute-F,Depok Hub,550.2,1200,19.76,0.9,39.1,DELAYED,NO,SHP-20260729-00307
2026-07-30 12:58:00,TRK-025,Rute-K,Bekasi Logistics Hub,551.0,1200,20.2,1.0,39.8,LOADED,YES,SHP-20260730-00308
2026-07-31 16:09:00,TRK-028,Rute-P,Petamburan Hub,551.9,1200,20.64,1.2,40.4,RETURNING,NO,SHP-20260731-00309
2026-07-01 09:20:00,TRK-031,Rute-C,Grogol Hub (Jakbar),552.8,1400,21.08,1.4,41.0,DELIVERED,YES,SHP-20260701-00310
2026-07-02 11:31:00,TRK-034,Rute-H,Central Hub (Jakarta),553.7,1200,21.52,1.5,41.6,IN_TRANSIT,YES,SHP-20260702-00311
2026-07-03 14:42:00,TRK-037,Rute-M,Gudang West (Tangerang),554.6,1200,21.96,1.7,42.2,DELAYED,NO,SHP-20260703-00312
2026-07-04 17:53:00,TRK-040,Rute-R,Cikarang Industrial Hub,555.4,1200,22.4,1.8,42.9,LOADED,YES,SHP-20260704-00313
2026-07-05 11:04:00,TRK-043,Rute-E,Bogor Transit Hub,556.3,1200,22.84,2.0,43.5,RETURNING,NO,SHP-20260705-00314
2026-07-06 14:15:00,TRK-046,Rute-J,Depok Hub,557.2,1400,23.28,2.2,44.1,DELIVERED,YES,SHP-20260706-00315
2026-07-07 17:26:00,TRK-049,Rute-O,Bekasi Logistics Hub,558.1,1200,23.72,2.3,44.7,IN_TRANSIT,YES,SHP-20260707-00316
2026-07-08 09:37:00,TRK-052,Rute-B,Petamburan Hub,559.0,1200,24.16,2.5,45.3,DELAYED,NO,SHP-20260708-00317
2026-07-09 12:48:00,TRK-055,Rute-G,Grogol Hub (Jakbar),559.8,1200,24.6,2.6,46.0,LOADED,YES,SHP-20260709-00318
2026-07-10 15:59:00,TRK-058,Rute-L,Central Hub (Jakarta),560.7,1200,25.04,2.8,46.6,RETURNING,NO,SHP-20260710-00319
2026-07-11 09:10:00,TRK-061,Rute-Q,Gudang West (Tangerang),561.6,1400,25.48,0.4,47.2,DELIVERED,YES,SHP-20260711-00320
2026-07-12 12:21:00,TRK-064,Rute-D,Cikarang Industrial Hub,562.5,1200,25.92,0.6,47.8,IN_TRANSIT,YES,SHP-20260712-00321
2026-07-13 14:32:00,TRK-067,Rute-I,Bogor Transit Hub,563.4,1200,26.36,0.7,48.4,DELAYED,NO,SHP-20260713-00322
2026-07-14 17:43:00,TRK-070,Rute-N,Depok Hub,564.2,1200,26.8,0.9,49.1,LOADED,YES,SHP-20260714-00323
2026-07-15 10:54:00,TRK-073,Rute-A,Bekasi Logistics Hub,565.1,1200,11.4,1.0,49.7,RETURNING,NO,SHP-20260715-00324
2026-07-16 14:05:00,TRK-076,Rute-F,Petamburan Hub,566.0,1400,11.84,1.2,50.3,DELIVERED,YES,SHP-20260716-00325
2026-07-17 17:16:00,TRK-079,Rute-K,Grogol Hub (Jakbar),566.9,1200,12.28,1.4,50.9,IN_TRANSIT,YES,SHP-20260717-00326
2026-07-18 10:27:00,TRK-082,Rute-P,Central Hub (Jakarta),567.8,1200,12.72,1.5,51.5,DELAYED,NO,SHP-20260718-00327
2026-07-19 12:38:00,TRK-085,Rute-C,Gudang West (Tangerang),568.6,1200,13.16,1.7,52.2,LOADED,YES,SHP-20260719-00328
2026-07-20 15:49:00,TRK-088,Rute-H,Cikarang Industrial Hub,569.5,1200,13.6,1.8,52.8,RETURNING,NO,SHP-20260720-00329
2026-07-21 09:00:00,TRK-091,Rute-M,Bogor Transit Hub,570.4,1400,14.04,2.0,53.4,DELIVERED,YES,SHP-20260721-00330
2026-07-22 12:11:00,TRK-094,Rute-R,Depok Hub,571.3,1200,14.48,2.2,54.0,IN_TRANSIT,YES,SHP-20260722-00331
2026-07-23 15:22:00,TRK-097,Rute-E,Bekasi Logistics Hub,572.2,1200,14.92,2.3,54.6,DELAYED,NO,SHP-20260723-00332
2026-07-24 17:33:00,TRK-100,Rute-J,Petamburan Hub,573.0,1200,15.36,2.5,55.3,LOADED,YES,SHP-20260724-00333
2026-07-25 10:44:00,TRK-103,Rute-O,Grogol Hub (Jakbar),573.9,1200,15.8,2.6,55.9,RETURNING,NO,SHP-20260725-00334
2026-07-26 13:55:00,TRK-106,Rute-B,Central Hub (Jakarta),574.8,1400,16.24,2.8,56.5,DELIVERED,YES,SHP-20260726-00335
2026-07-27 17:06:00,TRK-109,Rute-G,Gudang West (Tangerang),575.7,1200,16.68,0.4,57.1,IN_TRANSIT,YES,SHP-20260727-00336
2026-07-28 10:17:00,TRK-112,Rute-L,Cikarang Industrial Hub,576.6,1200,17.12,0.6,57.7,DELAYED,NO,SHP-20260728-00337
2026-07-29 13:28:00,TRK-115,Rute-Q,Bogor Transit Hub,577.4,1200,17.56,0.7,58.4,LOADED,YES,SHP-20260729-00338
2026-07-30 15:39:00,TRK-118,Rute-D,Depok Hub,578.3,1200,18.0,0.9,59.0,RETURNING,NO,SHP-20260730-00339
2026-07-31 08:50:00,TRK-121,Rute-I,Bekasi Logistics Hub,579.2,1400,18.44,1.0,59.6,DELIVERED,YES,SHP-20260731-00340
2026-07-01 12:01:00,TRK-124,Rute-N,Petamburan Hub,580.1,1200,18.88,1.2,60.2,IN_TRANSIT,YES,SHP-20260701-00341
2026-07-02 15:12:00,TRK-127,Rute-A,Grogol Hub (Jakbar),581.0,1200,19.32,1.4,60.8,DELAYED,NO,SHP-20260702-00342
2026-07-03 18:23:00,TRK-130,Rute-F,Central Hub (Jakarta),581.8,1200,19.76,1.5,61.5,LOADED,YES,SHP-20260703-00343
2026-07-04 10:34:00,TRK-133,Rute-K,Gudang West (Tangerang),582.7,1200,20.2,1.7,62.1,RETURNING,NO,SHP-20260704-00344
2026-07-05 13:45:00,TRK-136,Rute-P,Cikarang Industrial Hub,583.6,1400,20.64,1.8,62.7,DELIVERED,YES,SHP-20260705-00345
2026-07-06 16:56:00,TRK-139,Rute-C,Bogor Transit Hub,584.5,1200,21.08,2.0,63.3,IN_TRANSIT,YES,SHP-20260706-00346
2026-07-07 10:07:00,TRK-142,Rute-H,Depok Hub,585.4,1200,21.52,2.2,63.9,DELAYED,NO,SHP-20260707-00347
2026-07-08 13:18:00,TRK-145,Rute-M,Bekasi Logistics Hub,586.2,1200,21.96,2.3,64.6,LOADED,YES,SHP-20260708-00348
2026-07-09 16:29:00,TRK-148,Rute-R,Petamburan Hub,587.1,1200,22.4,2.5,65.2,RETURNING,NO,SHP-20260709-00349
2026-07-10 08:40:00,TRK-151,Rute-E,Grogol Hub (Jakbar),588.0,1400,22.84,2.6,65.8,DELIVERED,YES,SHP-20260710-00350
2026-07-11 11:51:00,TRK-154,Rute-J,Central Hub (Jakarta),588.9,1200,23.28,2.8,66.4,IN_TRANSIT,YES,SHP-20260711-00351
2026-07-12 15:02:00,TRK-157,Rute-O,Gudang West (Tangerang),589.8,1200,23.72,0.4,67.0,DELAYED,NO,SHP-20260712-00352
2026-07-13 18:13:00,TRK-160,Rute-B,Cikarang Industrial Hub,590.6,1200,24.16,0.6,67.7,LOADED,YES,SHP-20260713-00353
2026-07-14 11:24:00,TRK-163,Rute-G,Bogor Transit Hub,591.5,1200,24.6,0.7,68.3,RETURNING,NO,SHP-20260714-00354
2026-07-15 13:35:00,TRK-166,Rute-L,Depok Hub,592.4,1400,25.04,0.9,68.9,DELIVERED,YES,SHP-20260715-00355
2026-07-16 16:46:00,TRK-169,Rute-Q,Bekasi Logistics Hub,593.3,1200,25.48,1.0,69.5,IN_TRANSIT,YES,SHP-20260716-00356
2026-07-17 09:57:00,TRK-172,Rute-D,Petamburan Hub,594.2,1200,25.92,1.2,70.1,DELAYED,NO,SHP-20260717-00357
2026-07-18 13:08:00,TRK-175,Rute-I,Grogol Hub (Jakbar),595.0,1200,26.36,1.4,70.8,LOADED,YES,SHP-20260718-00358
2026-07-19 16:19:00,TRK-178,Rute-N,Central Hub (Jakarta),595.9,1200,26.8,1.5,71.4,RETURNING,NO,SHP-20260719-00359
2026-07-20 08:30:00,TRK-001,Rute-A,Gudang West (Tangerang),596.8,1400,11.4,1.7,72.0,DELIVERED,YES,SHP-20260720-00360
2026-07-21 11:41:00,TRK-004,Rute-F,Cikarang Industrial Hub,597.7,1200,11.84,1.8,72.6,IN_TRANSIT,YES,SHP-20260721-00361
2026-07-22 14:52:00,TRK-007,Rute-K,Bogor Transit Hub,598.6,1200,12.28,2.0,73.2,DELAYED,NO,SHP-20260722-00362
2026-07-23 18:03:00,TRK-010,Rute-P,Depok Hub,599.4,1200,12.72,2.2,73.9,LOADED,YES,SHP-20260723-00363
2026-07-24 11:14:00,TRK-013,Rute-C,Bekasi Logistics Hub,600.3,1200,13.16,2.3,74.5,RETURNING,NO,SHP-20260724-00364
2026-07-25 14:25:00,TRK-016,Rute-H,Petamburan Hub,601.2,1400,13.6,2.5,75.1,DELIVERED,YES,SHP-20260725-00365
2026-07-26 16:36:00,TRK-019,Rute-M,Grogol Hub (Jakbar),602.1,1200,14.04,2.6,75.7,IN_TRANSIT,YES,SHP-20260726-00366
2026-07-27 09:47:00,TRK-022,Rute-R,Central Hub (Jakarta),603.0,1200,14.48,2.8,76.3,DELAYED,NO,SHP-20260727-00367
2026-07-28 12:58:00,TRK-025,Rute-E,Gudang West (Tangerang),603.8,1200,14.92,0.4,77.0,LOADED,YES,SHP-20260728-00368
2026-07-29 16:09:00,TRK-028,Rute-J,Cikarang Industrial Hub,604.7,1200,15.36,0.6,77.6,RETURNING,NO,SHP-20260729-00369
2026-07-30 09:20:00,TRK-031,Rute-O,Bogor Transit Hub,605.6,1400,15.8,0.7,78.2,DELIVERED,YES,SHP-20260730-00370
2026-07-31 11:31:00,TRK-034,Rute-B,Depok Hub,606.5,1200,16.24,0.9,78.8,IN_TRANSIT,YES,SHP-20260731-00371
2026-07-01 14:42:00,TRK-037,Rute-G,Bekasi Logistics Hub,607.4,1200,16.68,1.0,79.4,DELAYED,NO,SHP-20260701-00372
2026-07-02 17:53:00,TRK-040,Rute-L,Petamburan Hub,608.2,1200,17.12,1.2,80.1,LOADED,YES,SHP-20260702-00373
2026-07-03 11:04:00,TRK-043,Rute-Q,Grogol Hub (Jakbar),609.1,1200,17.56,1.4,80.7,RETURNING,NO,SHP-20260703-00374
2026-07-04 14:15:00,TRK-046,Rute-D,Central Hub (Jakarta),610.0,1400,18.0,1.5,81.3,DELIVERED,YES,SHP-20260704-00375
2026-07-05 17:26:00,TRK-049,Rute-I,Gudang West (Tangerang),610.9,1200,18.44,1.7,81.9,IN_TRANSIT,YES,SHP-20260705-00376
2026-07-06 09:37:00,TRK-052,Rute-N,Cikarang Industrial Hub,611.8,1200,18.88,1.8,82.5,DELAYED,NO,SHP-20260706-00377
2026-07-07 12:48:00,TRK-055,Rute-A,Bogor Transit Hub,612.6,1200,19.32,2.0,83.2,LOADED,YES,SHP-20260707-00378
2026-07-08 15:59:00,TRK-058,Rute-F,Depok Hub,613.5,1200,19.76,2.2,83.8,RETURNING,NO,SHP-20260708-00379
2026-07-09 09:10:00,TRK-061,Rute-K,Bekasi Logistics Hub,614.4,1400,20.2,2.3,84.4,DELIVERED,YES,SHP-20260709-00380
2026-07-10 12:21:00,TRK-064,Rute-P,Petamburan Hub,615.3,1200,20.64,2.5,85.0,IN_TRANSIT,YES,SHP-20260710-00381
2026-07-11 14:32:00,TRK-067,Rute-C,Grogol Hub (Jakbar),616.2,1200,21.08,2.6,85.6,DELAYED,NO,SHP-20260711-00382
2026-07-12 17:43:00,TRK-070,Rute-H,Central Hub (Jakarta),617.0,1200,21.52,2.8,86.3,LOADED,YES,SHP-20260712-00383
2026-07-13 10:54:00,TRK-073,Rute-M,Gudang West (Tangerang),617.9,1200,21.96,0.4,86.9,RETURNING,NO,SHP-20260713-00384
2026-07-14 14:05:00,TRK-076,Rute-R,Cikarang Industrial Hub,618.8,1400,22.4,0.6,87.5,DELIVERED,YES,SHP-20260714-00385
2026-07-15 17:16:00,TRK-079,Rute-E,Bogor Transit Hub,619.7,1200,22.84,0.7,88.1,IN_TRANSIT,YES,SHP-20260715-00386
2026-07-16 10:27:00,TRK-082,Rute-J,Depok Hub,620.6,1200,23.28,0.9,88.7,DELAYED,NO,SHP-20260716-00387
2026-07-17 12:38:00,TRK-085,Rute-O,Bekasi Logistics Hub,621.4,1200,23.72,1.0,89.4,LOADED,YES,SHP-20260717-00388
2026-07-18 15:49:00,TRK-088,Rute-B,Petamburan Hub,622.3,1200,24.16,1.2,90.0,RETURNING,NO,SHP-20260718-00389
2026-07-19 09:00:00,TRK-091,Rute-G,Grogol Hub (Jakbar),623.2,1400,24.6,1.4,10.0,DELIVERED,YES,SHP-20260719-00390
2026-07-20 12:11:00,TRK-094,Rute-L,Central Hub (Jakarta),624.1,1200,25.04,1.5,10.6,IN_TRANSIT,YES,SHP-20260720-00391
2026-07-21 15:22:00,TRK-097,Rute-Q,Gudang West (Tangerang),625.0,1200,25.48,1.7,11.2,DELAYED,NO,SHP-20260721-00392
2026-07-22 17:33:00,TRK-100,Rute-D,Cikarang Industrial Hub,625.8,1200,25.92,1.8,11.9,LOADED,YES,SHP-20260722-00393
2026-07-23 10:44:00,TRK-103,Rute-I,Bogor Transit Hub,626.7,1200,26.36,2.0,12.5,RETURNING,NO,SHP-20260723-00394
2026-07-24 13:55:00,TRK-106,Rute-N,Depok Hub,627.6,1400,26.8,2.2,13.1,DELIVERED,YES,SHP-20260724-00395
2026-07-25 17:06:00,TRK-109,Rute-A,Bekasi Logistics Hub,628.5,1200,11.4,2.3,13.7,IN_TRANSIT,YES,SHP-20260725-00396
2026-07-26 10:17:00,TRK-112,Rute-F,Petamburan Hub,629.4,1200,11.84,2.5,14.3,DELAYED,NO,SHP-20260726-00397
2026-07-27 13:28:00,TRK-115,Rute-K,Grogol Hub (Jakbar),630.2,1200,12.28,2.6,15.0,LOADED,YES,SHP-20260727-00398
2026-07-28 15:39:00,TRK-118,Rute-P,Central Hub (Jakarta),631.1,1200,12.72,2.8,15.6,RETURNING,NO,SHP-20260728-00399
2026-07-29 08:50:00,TRK-121,Rute-C,Gudang West (Tangerang),632.0,1400,13.16,0.4,16.2,DELIVERED,YES,SHP-20260729-00400
2026-07-30 12:01:00,TRK-124,Rute-H,Cikarang Industrial Hub,632.9,1200,13.6,0.6,16.8,IN_TRANSIT,YES,SHP-20260730-00401
2026-07-31 15:12:00,TRK-127,Rute-M,Bogor Transit Hub,633.8,1200,14.04,0.7,17.4,DELAYED,NO,SHP-20260731-00402
2026-07-01 18:23:00,TRK-130,Rute-R,Depok Hub,634.6,1200,14.48,0.9,18.1,LOADED,YES,SHP-20260701-00403
2026-07-02 10:34:00,TRK-133,Rute-E,Bekasi Logistics Hub,635.5,1200,14.92,1.0,18.7,RETURNING,NO,SHP-20260702-00404
2026-07-03 13:45:00,TRK-136,Rute-J,Petamburan Hub,636.4,1400,15.36,1.2,19.3,DELIVERED,YES,SHP-20260703-00405
2026-07-04 16:56:00,TRK-139,Rute-O,Grogol Hub (Jakbar),637.3,1200,15.8,1.4,19.9,IN_TRANSIT,YES,SHP-20260704-00406
2026-07-05 10:07:00,TRK-142,Rute-B,Central Hub (Jakarta),638.2,1200,16.24,1.5,20.5,DELAYED,NO,SHP-20260705-00407
2026-07-06 13:18:00,TRK-145,Rute-G,Gudang West (Tangerang),639.0,1200,16.68,1.7,21.2,LOADED,YES,SHP-20260706-00408
2026-07-07 16:29:00,TRK-148,Rute-L,Cikarang Industrial Hub,639.9,1200,17.12,1.8,21.8,RETURNING,NO,SHP-20260707-00409
2026-07-08 08:40:00,TRK-151,Rute-Q,Bogor Transit Hub,640.8,1400,17.56,2.0,22.4,DELIVERED,YES,SHP-20260708-00410
2026-07-09 11:51:00,TRK-154,Rute-D,Depok Hub,641.7,1200,18.0,2.2,23.0,IN_TRANSIT,YES,SHP-20260709-00411
2026-07-10 15:02:00,TRK-157,Rute-I,Bekasi Logistics Hub,642.6,1200,18.44,2.3,23.6,DELAYED,NO,SHP-20260710-00412
2026-07-11 18:13:00,TRK-160,Rute-N,Petamburan Hub,643.4,1200,18.88,2.5,24.3,LOADED,YES,SHP-20260711-00413
2026-07-12 11:24:00,TRK-163,Rute-A,Grogol Hub (Jakbar),644.3,1200,19.32,2.6,24.9,RETURNING,NO,SHP-20260712-00414
2026-07-13 13:35:00,TRK-166,Rute-F,Central Hub (Jakarta),645.2,1400,19.76,2.8,25.5,DELIVERED,YES,SHP-20260713-00415
2026-07-14 16:46:00,TRK-169,Rute-K,Gudang West (Tangerang),646.1,1200,20.2,0.4,26.1,IN_TRANSIT,YES,SHP-20260714-00416
2026-07-15 09:57:00,TRK-172,Rute-P,Cikarang Industrial Hub,647.0,1200,20.64,0.6,26.7,DELAYED,NO,SHP-20260715-00417
2026-07-16 13:08:00,TRK-175,Rute-C,Bogor Transit Hub,647.8,1200,21.08,0.7,27.4,LOADED,YES,SHP-20260716-00418
2026-07-17 16:19:00,TRK-178,Rute-H,Depok Hub,648.7,1200,21.52,0.9,28.0,RETURNING,NO,SHP-20260717-00419
2026-07-18 08:30:00,TRK-001,Rute-M,Bekasi Logistics Hub,649.6,1400,21.96,1.0,28.6,DELIVERED,YES,SHP-20260718-00420
2026-07-19 11:41:00,TRK-004,Rute-R,Petamburan Hub,650.5,1200,22.4,1.2,29.2,IN_TRANSIT,YES,SHP-20260719-00421
2026-07-20 14:52:00,TRK-007,Rute-E,Grogol Hub (Jakbar),651.4,1200,22.84,1.4,29.8,DELAYED,NO,SHP-20260720-00422
2026-07-21 18:03:00,TRK-010,Rute-J,Central Hub (Jakarta),652.2,1200,23.28,1.5,30.5,LOADED,YES,SHP-20260721-00423
2026-07-22 11:14:00,TRK-013,Rute-O,Gudang West (Tangerang),653.1,1200,23.72,1.7,31.1,RETURNING,NO,SHP-20260722-00424
2026-07-23 14:25:00,TRK-016,Rute-B,Cikarang Industrial Hub,654.0,1400,24.16,1.8,31.7,DELIVERED,YES,SHP-20260723-00425
2026-07-24 16:36:00,TRK-019,Rute-G,Bogor Transit Hub,654.9,1200,24.6,2.0,32.3,IN_TRANSIT,YES,SHP-20260724-00426
2026-07-25 09:47:00,TRK-022,Rute-L,Depok Hub,655.8,1200,25.04,2.2,32.9,DELAYED,NO,SHP-20260725-00427
2026-07-26 12:58:00,TRK-025,Rute-Q,Bekasi Logistics Hub,656.6,1200,25.48,2.3,33.6,LOADED,YES,SHP-20260726-00428
2026-07-27 16:09:00,TRK-028,Rute-D,Petamburan Hub,657.5,1200,25.92,2.5,34.2,RETURNING,NO,SHP-20260727-00429
2026-07-28 09:20:00,TRK-031,Rute-I,Grogol Hub (Jakbar),658.4,1400,26.36,2.6,34.8,DELIVERED,YES,SHP-20260728-00430
2026-07-29 11:31:00,TRK-034,Rute-N,Central Hub (Jakarta),659.3,1200,26.8,2.8,35.4,IN_TRANSIT,YES,SHP-20260729-00431
2026-07-30 14:42:00,TRK-037,Rute-A,Gudang West (Tangerang),660.2,1200,11.4,0.4,36.0,DELAYED,NO,SHP-20260730-00432
2026-07-31 17:53:00,TRK-040,Rute-F,Cikarang Industrial Hub,661.0,1200,11.84,0.6,36.7,LOADED,YES,SHP-20260731-00433
2026-07-01 11:04:00,TRK-043,Rute-K,Bogor Transit Hub,661.9,1200,12.28,0.7,37.3,RETURNING,NO,SHP-20260701-00434
2026-07-02 14:15:00,TRK-046,Rute-P,Depok Hub,662.8,1400,12.72,0.9,37.9,DELIVERED,YES,SHP-20260702-00435
2026-07-03 17:26:00,TRK-049,Rute-C,Bekasi Logistics Hub,663.7,1200,13.16,1.0,38.5,IN_TRANSIT,YES,SHP-20260703-00436
2026-07-04 09:37:00,TRK-052,Rute-H,Petamburan Hub,664.6,1200,13.6,1.2,39.1,DELAYED,NO,SHP-20260704-00437
2026-07-05 12:48:00,TRK-055,Rute-M,Grogol Hub (Jakbar),665.4,1200,14.04,1.4,39.8,LOADED,YES,SHP-20260705-00438
2026-07-06 15:59:00,TRK-058,Rute-R,Central Hub (Jakarta),666.3,1200,14.48,1.5,40.4,RETURNING,NO,SHP-20260706-00439
2026-07-07 09:10:00,TRK-061,Rute-E,Gudang West (Tangerang),667.2,1400,14.92,1.7,41.0,DELIVERED,YES,SHP-20260707-00440
2026-07-08 12:21:00,TRK-064,Rute-J,Cikarang Industrial Hub,668.1,1200,15.36,1.8,41.6,IN_TRANSIT,YES,SHP-20260708-00441
2026-07-09 14:32:00,TRK-067,Rute-O,Bogor Transit Hub,669.0,1200,15.8,2.0,42.2,DELAYED,NO,SHP-20260709-00442
2026-07-10 17:43:00,TRK-070,Rute-B,Depok Hub,669.8,1200,16.24,2.2,42.9,LOADED,YES,SHP-20260710-00443
2026-07-11 10:54:00,TRK-073,Rute-G,Bekasi Logistics Hub,670.7,1200,16.68,2.3,43.5,RETURNING,NO,SHP-20260711-00444
2026-07-12 14:05:00,TRK-076,Rute-L,Petamburan Hub,671.6,1400,17.12,2.5,44.1,DELIVERED,YES,SHP-20260712-00445
2026-07-13 17:16:00,TRK-079,Rute-Q,Grogol Hub (Jakbar),672.5,1200,17.56,2.6,44.7,IN_TRANSIT,YES,SHP-20260713-00446
2026-07-14 10:27:00,TRK-082,Rute-D,Central Hub (Jakarta),673.4,1200,18.0,2.8,45.3,DELAYED,NO,SHP-20260714-00447
2026-07-15 12:38:00,TRK-085,Rute-I,Gudang West (Tangerang),674.2,1200,18.44,0.4,46.0,LOADED,YES,SHP-20260715-00448
2026-07-16 15:49:00,TRK-088,Rute-N,Cikarang Industrial Hub,675.1,1200,18.88,0.6,46.6,RETURNING,NO,SHP-20260716-00449
2026-07-17 09:00:00,TRK-091,Rute-A,Bogor Transit Hub,676.0,1400,19.32,0.7,47.2,DELIVERED,YES,SHP-20260717-00450
2026-07-18 12:11:00,TRK-094,Rute-F,Depok Hub,676.9,1200,19.76,0.9,47.8,IN_TRANSIT,YES,SHP-20260718-00451
2026-07-19 15:22:00,TRK-097,Rute-K,Bekasi Logistics Hub,677.8,1200,20.2,1.0,48.4,DELAYED,NO,SHP-20260719-00452
2026-07-20 17:33:00,TRK-100,Rute-P,Petamburan Hub,678.6,1200,20.64,1.2,49.1,LOADED,YES,SHP-20260720-00453
2026-07-21 10:44:00,TRK-103,Rute-C,Grogol Hub (Jakbar),679.5,1200,21.08,1.4,49.7,RETURNING,NO,SHP-20260721-00454
2026-07-22 13:55:00,TRK-106,Rute-H,Central Hub (Jakarta),680.4,1400,21.52,1.5,50.3,DELIVERED,YES,SHP-20260722-00455
2026-07-23 17:06:00,TRK-109,Rute-M,Gudang West (Tangerang),681.3,1200,21.96,1.7,50.9,IN_TRANSIT,YES,SHP-20260723-00456
2026-07-24 10:17:00,TRK-112,Rute-R,Cikarang Industrial Hub,682.2,1200,22.4,1.8,51.5,DELAYED,NO,SHP-20260724-00457
2026-07-25 13:28:00,TRK-115,Rute-E,Bogor Transit Hub,683.0,1200,22.84,2.0,52.2,LOADED,YES,SHP-20260725-00458
2026-07-26 15:39:00,TRK-118,Rute-J,Depok Hub,683.9,1200,23.28,2.2,52.8,RETURNING,NO,SHP-20260726-00459
2026-07-27 08:50:00,TRK-121,Rute-O,Bekasi Logistics Hub,684.8,1400,23.72,2.3,53.4,DELIVERED,YES,SHP-20260727-00460
2026-07-28 12:01:00,TRK-124,Rute-B,Petamburan Hub,685.7,1200,24.16,2.5,54.0,IN_TRANSIT,YES,SHP-20260728-00461
2026-07-29 15:12:00,TRK-127,Rute-G,Grogol Hub (Jakbar),686.6,1200,24.6,2.6,54.6,DELAYED,NO,SHP-20260729-00462
2026-07-30 18:23:00,TRK-130,Rute-L,Central Hub (Jakarta),687.4,1200,25.04,2.8,55.3,LOADED,YES,SHP-20260730-00463
2026-07-31 10:34:00,TRK-133,Rute-Q,Gudang West (Tangerang),688.3,1200,25.48,0.4,55.9,RETURNING,NO,SHP-20260731-00464
2026-07-01 13:45:00,TRK-136,Rute-D,Cikarang Industrial Hub,689.2,1400,25.92,0.6,56.5,DELIVERED,YES,SHP-20260701-00465
2026-07-02 16:56:00,TRK-139,Rute-I,Bogor Transit Hub,690.1,1200,26.36,0.7,57.1,IN_TRANSIT,YES,SHP-20260702-00466
2026-07-03 10:07:00,TRK-142,Rute-N,Depok Hub,691.0,1200,26.8,0.9,57.7,DELAYED,NO,SHP-20260703-00467
2026-07-04 13:18:00,TRK-145,Rute-A,Bekasi Logistics Hub,691.8,1200,11.4,1.0,58.4,LOADED,YES,SHP-20260704-00468
2026-07-05 16:29:00,TRK-148,Rute-F,Petamburan Hub,692.7,1200,11.84,1.2,59.0,RETURNING,NO,SHP-20260705-00469
2026-07-06 08:40:00,TRK-151,Rute-K,Grogol Hub (Jakbar),693.6,1400,12.28,1.4,59.6,DELIVERED,YES,SHP-20260706-00470
2026-07-07 11:51:00,TRK-154,Rute-P,Central Hub (Jakarta),694.5,1200,12.72,1.5,60.2,IN_TRANSIT,YES,SHP-20260707-00471
2026-07-08 15:02:00,TRK-157,Rute-C,Gudang West (Tangerang),695.4,1200,13.16,1.7,60.8,DELAYED,NO,SHP-20260708-00472
2026-07-09 18:13:00,TRK-160,Rute-H,Cikarang Industrial Hub,696.2,1200,13.6,1.8,61.5,LOADED,YES,SHP-20260709-00473
2026-07-10 11:24:00,TRK-163,Rute-M,Bogor Transit Hub,697.1,1200,14.04,2.0,62.1,RETURNING,NO,SHP-20260710-00474
2026-07-11 13:35:00,TRK-166,Rute-R,Depok Hub,698.0,1400,14.48,2.2,62.7,DELIVERED,YES,SHP-20260711-00475
2026-07-12 16:46:00,TRK-169,Rute-E,Bekasi Logistics Hub,698.9,1200,14.92,2.3,63.3,IN_TRANSIT,YES,SHP-20260712-00476
2026-07-13 09:57:00,TRK-172,Rute-J,Petamburan Hub,699.8,1200,15.36,2.5,63.9,DELAYED,NO,SHP-20260713-00477
2026-07-14 13:08:00,TRK-175,Rute-O,Grogol Hub (Jakbar),700.6,1200,15.8,2.6,64.6,LOADED,YES,SHP-20260714-00478
2026-07-15 16:19:00,TRK-178,Rute-B,Central Hub (Jakarta),701.5,1200,16.24,2.8,65.2,RETURNING,NO,SHP-20260715-00479
2026-07-16 08:30:00,TRK-001,Rute-G,Gudang West (Tangerang),702.4,1400,16.68,0.4,65.8,DELIVERED,YES,SHP-20260716-00480
2026-07-17 11:41:00,TRK-004,Rute-L,Cikarang Industrial Hub,703.3,1200,17.12,0.6,66.4,IN_TRANSIT,YES,SHP-20260717-00481
2026-07-18 14:52:00,TRK-007,Rute-Q,Bogor Transit Hub,704.2,1200,17.56,0.7,67.0,DELAYED,NO,SHP-20260718-00482
2026-07-19 18:03:00,TRK-010,Rute-D,Depok Hub,705.0,1200,18.0,0.9,67.7,LOADED,YES,SHP-20260719-00483
2026-07-20 11:14:00,TRK-013,Rute-I,Bekasi Logistics Hub,705.9,1200,18.44,1.0,68.3,RETURNING,NO,SHP-20260720-00484
2026-07-21 14:25:00,TRK-016,Rute-N,Petamburan Hub,706.8,1400,18.88,1.2,68.9,DELIVERED,YES,SHP-20260721-00485
2026-07-22 16:36:00,TRK-019,Rute-A,Grogol Hub (Jakbar),707.7,1200,19.32,1.4,69.5,IN_TRANSIT,YES,SHP-20260722-00486
2026-07-23 09:47:00,TRK-022,Rute-F,Central Hub (Jakarta),708.6,1200,19.76,1.5,70.1,DELAYED,NO,SHP-20260723-00487
2026-07-24 12:58:00,TRK-025,Rute-K,Gudang West (Tangerang),709.4,1200,20.2,1.7,70.8,LOADED,YES,SHP-20260724-00488
2026-07-25 16:09:00,TRK-028,Rute-P,Cikarang Industrial Hub,710.3,1200,20.64,1.8,71.4,RETURNING,NO,SHP-20260725-00489
2026-07-26 09:20:00,TRK-031,Rute-C,Bogor Transit Hub,711.2,1400,21.08,2.0,72.0,DELIVERED,YES,SHP-20260726-00490
2026-07-27 11:31:00,TRK-034,Rute-H,Depok Hub,712.1,1200,21.52,2.2,72.6,IN_TRANSIT,YES,SHP-20260727-00491
2026-07-28 14:42:00,TRK-037,Rute-M,Bekasi Logistics Hub,713.0,1200,21.96,2.3,73.2,DELAYED,NO,SHP-20260728-00492
2026-07-29 17:53:00,TRK-040,Rute-R,Petamburan Hub,713.8,1200,22.4,2.5,73.9,LOADED,YES,SHP-20260729-00493
2026-07-30 11:04:00,TRK-043,Rute-E,Grogol Hub (Jakbar),714.7,1200,22.84,2.6,74.5,RETURNING,NO,SHP-20260730-00494
2026-07-31 14:15:00,TRK-046,Rute-J,Central Hub (Jakarta),715.6,1400,23.28,2.8,75.1,DELIVERED,YES,SHP-20260731-00495
2026-07-01 17:26:00,TRK-049,Rute-O,Gudang West (Tangerang),716.5,1200,23.72,0.4,75.7,IN_TRANSIT,YES,SHP-20260701-00496
2026-07-02 09:37:00,TRK-052,Rute-B,Cikarang Industrial Hub,717.4,1200,24.16,0.6,76.3,DELAYED,NO,SHP-20260702-00497
2026-07-03 12:48:00,TRK-055,Rute-G,Bogor Transit Hub,718.2,1200,24.6,0.7,77.0,LOADED,YES,SHP-20260703-00498
2026-07-04 15:59:00,TRK-058,Rute-L,Depok Hub,719.1,1200,25.04,0.9,77.6,RETURNING,NO,SHP-20260704-00499
2026-07-05 09:10:00,TRK-061,Rute-Q,Bekasi Logistics Hub,720.0,1400,25.48,1.0,78.2,DELIVERED,YES,SHP-20260705-00500
2026-07-06 12:21:00,TRK-064,Rute-D,Petamburan Hub,720.9,1200,25.92,1.2,78.8,IN_TRANSIT,YES,SHP-20260706-00501
2026-07-07 14:32:00,TRK-067,Rute-I,Grogol Hub (Jakbar),721.8,1200,26.36,1.4,79.4,DELAYED,NO,SHP-20260707-00502
2026-07-08 17:43:00,TRK-070,Rute-N,Central Hub (Jakarta),722.6,1200,26.8,1.5,80.1,LOADED,YES,SHP-20260708-00503
2026-07-09 10:54:00,TRK-073,Rute-A,Gudang West (Tangerang),723.5,1200,11.4,1.7,80.7,RETURNING,NO,SHP-20260709-00504
2026-07-10 14:05:00,TRK-076,Rute-F,Cikarang Industrial Hub,724.4,1400,11.84,1.8,81.3,DELIVERED,YES,SHP-20260710-00505
2026-07-11 17:16:00,TRK-079,Rute-K,Bogor Transit Hub,725.3,1200,12.28,2.0,81.9,IN_TRANSIT,YES,SHP-20260711-00506
2026-07-12 10:27:00,TRK-082,Rute-P,Depok Hub,726.2,1200,12.72,2.2,82.5,DELAYED,NO,SHP-20260712-00507
2026-07-13 12:38:00,TRK-085,Rute-C,Bekasi Logistics Hub,727.0,1200,13.16,2.3,83.2,LOADED,YES,SHP-20260713-00508
2026-07-14 15:49:00,TRK-088,Rute-H,Petamburan Hub,727.9,1200,13.6,2.5,83.8,RETURNING,NO,SHP-20260714-00509
2026-07-15 09:00:00,TRK-091,Rute-M,Grogol Hub (Jakbar),728.8,1400,14.04,2.6,84.4,DELIVERED,YES,SHP-20260715-00510
2026-07-16 12:11:00,TRK-094,Rute-R,Central Hub (Jakarta),729.7,1200,14.48,2.8,85.0,IN_TRANSIT,YES,SHP-20260716-00511
2026-07-17 15:22:00,TRK-097,Rute-E,Gudang West (Tangerang),730.6,1200,14.92,0.4,85.6,DELAYED,NO,SHP-20260717-00512
2026-07-18 17:33:00,TRK-100,Rute-J,Cikarang Industrial Hub,731.4,1200,15.36,0.6,86.3,LOADED,YES,SHP-20260718-00513
2026-07-19 10:44:00,TRK-103,Rute-O,Bogor Transit Hub,732.3,1200,15.8,0.7,86.9,RETURNING,NO,SHP-20260719-00514
2026-07-20 13:55:00,TRK-106,Rute-B,Depok Hub,733.2,1400,16.24,0.9,87.5,DELIVERED,YES,SHP-20260720-00515
2026-07-21 17:06:00,TRK-109,Rute-G,Bekasi Logistics Hub,734.1,1200,16.68,1.0,88.1,IN_TRANSIT,YES,SHP-20260721-00516
2026-07-22 10:17:00,TRK-112,Rute-L,Petamburan Hub,735.0,1200,17.12,1.2,88.7,DELAYED,NO,SHP-20260722-00517
2026-07-23 13:28:00,TRK-115,Rute-Q,Grogol Hub (Jakbar),735.8,1200,17.56,1.4,89.4,LOADED,YES,SHP-20260723-00518
2026-07-24 15:39:00,TRK-118,Rute-D,Central Hub (Jakarta),736.7,1200,18.0,1.5,90.0,RETURNING,NO,SHP-20260724-00519
2026-07-25 08:50:00,TRK-121,Rute-I,Gudang West (Tangerang),737.6,1400,18.44,1.7,10.0,DELIVERED,YES,SHP-20260725-00520
2026-07-26 12:01:00,TRK-124,Rute-N,Cikarang Industrial Hub,738.5,1200,18.88,1.8,10.6,IN_TRANSIT,YES,SHP-20260726-00521
2026-07-27 15:12:00,TRK-127,Rute-A,Bogor Transit Hub,739.4,1200,19.32,2.0,11.2,DELAYED,NO,SHP-20260727-00522
2026-07-28 18:23:00,TRK-130,Rute-F,Depok Hub,740.2,1200,19.76,2.2,11.9,LOADED,YES,SHP-20260728-00523
2026-07-29 10:34:00,TRK-133,Rute-K,Bekasi Logistics Hub,741.1,1200,20.2,2.3,12.5,RETURNING,NO,SHP-20260729-00524
2026-07-30 13:45:00,TRK-136,Rute-P,Petamburan Hub,742.0,1400,20.64,2.5,13.1,DELIVERED,YES,SHP-20260730-00525
2026-07-31 16:56:00,TRK-139,Rute-C,Grogol Hub (Jakbar),742.9,1200,21.08,2.6,13.7,IN_TRANSIT,YES,SHP-20260731-00526
2026-07-01 10:07:00,TRK-142,Rute-H,Central Hub (Jakarta),743.8,1200,21.52,2.8,14.3,DELAYED,NO,SHP-20260701-00527
2026-07-02 13:18:00,TRK-145,Rute-M,Gudang West (Tangerang),744.6,1200,21.96,0.4,15.0,LOADED,YES,SHP-20260702-00528
2026-07-03 16:29:00,TRK-148,Rute-R,Cikarang Industrial Hub,745.5,1200,22.4,0.6,15.6,RETURNING,NO,SHP-20260703-00529
2026-07-04 08:40:00,TRK-151,Rute-E,Bogor Transit Hub,746.4,1400,22.84,0.7,16.2,DELIVERED,YES,SHP-20260704-00530
2026-07-05 11:51:00,TRK-154,Rute-J,Depok Hub,747.3,1200,23.28,0.9,16.8,IN_TRANSIT,YES,SHP-20260705-00531
2026-07-06 15:02:00,TRK-157,Rute-O,Bekasi Logistics Hub,748.2,1200,23.72,1.0,17.4,DELAYED,NO,SHP-20260706-00532
2026-07-07 18:13:00,TRK-160,Rute-B,Petamburan Hub,749.0,1200,24.16,1.2,18.1,LOADED,YES,SHP-20260707-00533
2026-07-08 11:24:00,TRK-163,Rute-G,Grogol Hub (Jakbar),749.9,1200,24.6,1.4,18.7,RETURNING,NO,SHP-20260708-00534
2026-07-09 13:35:00,TRK-166,Rute-L,Central Hub (Jakarta),750.8,1400,25.04,1.5,19.3,DELIVERED,YES,SHP-20260709-00535
2026-07-10 16:46:00,TRK-169,Rute-Q,Gudang West (Tangerang),751.7,1200,25.48,1.7,19.9,IN_TRANSIT,YES,SHP-20260710-00536
2026-07-11 09:57:00,TRK-172,Rute-D,Cikarang Industrial Hub,752.6,1200,25.92,1.8,20.5,DELAYED,NO,SHP-20260711-00537
2026-07-12 13:08:00,TRK-175,Rute-I,Bogor Transit Hub,753.4,1200,26.36,2.0,21.2,LOADED,YES,SHP-20260712-00538
2026-07-13 16:19:00,TRK-178,Rute-N,Depok Hub,754.3,1200,26.8,2.2,21.8,RETURNING,NO,SHP-20260713-00539
2026-07-14 08:30:00,TRK-001,Rute-A,Bekasi Logistics Hub,755.2,1400,11.4,2.3,22.4,DELIVERED,YES,SHP-20260714-00540
2026-07-15 11:41:00,TRK-004,Rute-F,Petamburan Hub,756.1,1200,11.84,2.5,23.0,IN_TRANSIT,YES,SHP-20260715-00541
2026-07-16 14:52:00,TRK-007,Rute-K,Grogol Hub (Jakbar),757.0,1200,12.28,2.6,23.6,DELAYED,NO,SHP-20260716-00542
2026-07-17 18:03:00,TRK-010,Rute-P,Central Hub (Jakarta),757.8,1200,12.72,2.8,24.3,LOADED,YES,SHP-20260717-00543
2026-07-18 11:14:00,TRK-013,Rute-C,Gudang West (Tangerang),758.7,1200,13.16,0.4,24.9,RETURNING,NO,SHP-20260718-00544
2026-07-19 14:25:00,TRK-016,Rute-H,Cikarang Industrial Hub,759.6,1400,13.6,0.6,25.5,DELIVERED,YES,SHP-20260719-00545
2026-07-20 16:36:00,TRK-019,Rute-M,Bogor Transit Hub,760.5,1200,14.04,0.7,26.1,IN_TRANSIT,YES,SHP-20260720-00546
2026-07-21 09:47:00,TRK-022,Rute-R,Depok Hub,761.4,1200,14.48,0.9,26.7,DELAYED,NO,SHP-20260721-00547
2026-07-22 12:58:00,TRK-025,Rute-E,Bekasi Logistics Hub,762.2,1200,14.92,1.0,27.4,LOADED,YES,SHP-20260722-00548
2026-07-23 16:09:00,TRK-028,Rute-J,Petamburan Hub,763.1,1200,15.36,1.2,28.0,RETURNING,NO,SHP-20260723-00549
2026-07-24 09:20:00,TRK-031,Rute-O,Grogol Hub (Jakbar),764.0,1400,15.8,1.4,28.6,DELIVERED,YES,SHP-20260724-00550
2026-07-25 11:31:00,TRK-034,Rute-B,Central Hub (Jakarta),764.9,1200,16.24,1.5,29.2,IN_TRANSIT,YES,SHP-20260725-00551
2026-07-26 14:42:00,TRK-037,Rute-G,Gudang West (Tangerang),765.8,1200,16.68,1.7,29.8,DELAYED,NO,SHP-20260726-00552
2026-07-27 17:53:00,TRK-040,Rute-L,Cikarang Industrial Hub,766.6,1200,17.12,1.8,30.5,LOADED,YES,SHP-20260727-00553
2026-07-28 11:04:00,TRK-043,Rute-Q,Bogor Transit Hub,767.5,1200,17.56,2.0,31.1,RETURNING,NO,SHP-20260728-00554
2026-07-29 14:15:00,TRK-046,Rute-D,Depok Hub,768.4,1400,18.0,2.2,31.7,DELIVERED,YES,SHP-20260729-00555
2026-07-30 17:26:00,TRK-049,Rute-I,Bekasi Logistics Hub,769.3,1200,18.44,2.3,32.3,IN_TRANSIT,YES,SHP-20260730-00556
2026-07-31 09:37:00,TRK-052,Rute-N,Petamburan Hub,770.2,1200,18.88,2.5,32.9,DELAYED,NO,SHP-20260731-00557
2026-07-01 12:48:00,TRK-055,Rute-A,Grogol Hub (Jakbar),771.0,1200,19.32,2.6,33.6,LOADED,YES,SHP-20260701-00558
2026-07-02 15:59:00,TRK-058,Rute-F,Central Hub (Jakarta),771.9,1200,19.76,2.8,34.2,RETURNING,NO,SHP-20260702-00559
2026-07-03 09:10:00,TRK-061,Rute-K,Gudang West (Tangerang),772.8,1400,20.2,0.4,34.8,DELIVERED,YES,SHP-20260703-00560
2026-07-04 12:21:00,TRK-064,Rute-P,Cikarang Industrial Hub,773.7,1200,20.64,0.6,35.4,IN_TRANSIT,YES,SHP-20260704-00561
2026-07-05 14:32:00,TRK-067,Rute-C,Bogor Transit Hub,774.6,1200,21.08,0.7,36.0,DELAYED,NO,SHP-20260705-00562
2026-07-06 17:43:00,TRK-070,Rute-H,Depok Hub,775.4,1200,21.52,0.9,36.7,LOADED,YES,SHP-20260706-00563
2026-07-07 10:54:00,TRK-073,Rute-M,Bekasi Logistics Hub,776.3,1200,21.96,1.0,37.3,RETURNING,NO,SHP-20260707-00564
2026-07-08 14:05:00,TRK-076,Rute-R,Petamburan Hub,777.2,1400,22.4,1.2,37.9,DELIVERED,YES,SHP-20260708-00565
2026-07-09 17:16:00,TRK-079,Rute-E,Grogol Hub (Jakbar),778.1,1200,22.84,1.4,38.5,IN_TRANSIT,YES,SHP-20260709-00566
2026-07-10 10:27:00,TRK-082,Rute-J,Central Hub (Jakarta),779.0,1200,23.28,1.5,39.1,DELAYED,NO,SHP-20260710-00567
2026-07-11 12:38:00,TRK-085,Rute-O,Gudang West (Tangerang),779.8,1200,23.72,1.7,39.8,LOADED,YES,SHP-20260711-00568
2026-07-12 15:49:00,TRK-088,Rute-B,Cikarang Industrial Hub,780.7,1200,24.16,1.8,40.4,RETURNING,NO,SHP-20260712-00569
2026-07-13 09:00:00,TRK-091,Rute-G,Bogor Transit Hub,781.6,1400,24.6,2.0,41.0,DELIVERED,YES,SHP-20260713-00570
2026-07-14 12:11:00,TRK-094,Rute-L,Depok Hub,782.5,1200,25.04,2.2,41.6,IN_TRANSIT,YES,SHP-20260714-00571
2026-07-15 15:22:00,TRK-097,Rute-Q,Bekasi Logistics Hub,783.4,1200,25.48,2.3,42.2,DELAYED,NO,SHP-20260715-00572
2026-07-16 17:33:00,TRK-100,Rute-D,Petamburan Hub,784.2,1200,25.92,2.5,42.9,LOADED,YES,SHP-20260716-00573
2026-07-17 10:44:00,TRK-103,Rute-I,Grogol Hub (Jakbar),785.1,1200,26.36,2.6,43.5,RETURNING,NO,SHP-20260717-00574
2026-07-18 13:55:00,TRK-106,Rute-N,Central Hub (Jakarta),786.0,1400,26.8,2.8,44.1,DELIVERED,YES,SHP-20260718-00575
2026-07-19 17:06:00,TRK-109,Rute-A,Gudang West (Tangerang),786.9,1200,11.4,0.4,44.7,IN_TRANSIT,YES,SHP-20260719-00576
2026-07-20 10:17:00,TRK-112,Rute-F,Cikarang Industrial Hub,787.8,1200,11.84,0.6,45.3,DELAYED,NO,SHP-20260720-00577
2026-07-21 13:28:00,TRK-115,Rute-K,Bogor Transit Hub,788.6,1200,12.28,0.7,46.0,LOADED,YES,SHP-20260721-00578
2026-07-22 15:39:00,TRK-118,Rute-P,Depok Hub,789.5,1200,12.72,0.9,46.6,RETURNING,NO,SHP-20260722-00579
2026-07-23 08:50:00,TRK-121,Rute-C,Bekasi Logistics Hub,790.4,1400,13.16,1.0,47.2,DELIVERED,YES,SHP-20260723-00580
2026-07-24 12:01:00,TRK-124,Rute-H,Petamburan Hub,791.3,1200,13.6,1.2,47.8,IN_TRANSIT,YES,SHP-20260724-00581
2026-07-25 15:12:00,TRK-127,Rute-M,Grogol Hub (Jakbar),792.2,1200,14.04,1.4,48.4,DELAYED,NO,SHP-20260725-00582
2026-07-26 18:23:00,TRK-130,Rute-R,Central Hub (Jakarta),793.0,1200,14.48,1.5,49.1,LOADED,YES,SHP-20260726-00583
2026-07-27 10:34:00,TRK-133,Rute-E,Gudang West (Tangerang),793.9,1200,14.92,1.7,49.7,RETURNING,NO,SHP-20260727-00584
2026-07-28 13:45:00,TRK-136,Rute-J,Cikarang Industrial Hub,794.8,1400,15.36,1.8,50.3,DELIVERED,YES,SHP-20260728-00585
2026-07-29 16:56:00,TRK-139,Rute-O,Bogor Transit Hub,795.7,1200,15.8,2.0,50.9,IN_TRANSIT,YES,SHP-20260729-00586
2026-07-30 10:07:00,TRK-142,Rute-B,Depok Hub,796.6,1200,16.24,2.2,51.5,DELAYED,NO,SHP-20260730-00587
2026-07-31 13:18:00,TRK-145,Rute-G,Bekasi Logistics Hub,797.4,1200,16.68,2.3,52.2,LOADED,YES,SHP-20260731-00588
2026-07-01 16:29:00,TRK-148,Rute-L,Petamburan Hub,798.3,1200,17.12,2.5,52.8,RETURNING,NO,SHP-20260701-00589
2026-07-02 08:40:00,TRK-151,Rute-Q,Grogol Hub (Jakbar),799.2,1400,17.56,2.6,53.4,DELIVERED,YES,SHP-20260702-00590
2026-07-03 11:51:00,TRK-154,Rute-D,Central Hub (Jakarta),800.1,1200,18.0,2.8,54.0,IN_TRANSIT,YES,SHP-20260703-00591
2026-07-04 15:02:00,TRK-157,Rute-I,Gudang West (Tangerang),801.0,1200,18.44,0.4,54.6,DELAYED,NO,SHP-20260704-00592
2026-07-05 18:13:00,TRK-160,Rute-N,Cikarang Industrial Hub,801.8,1200,18.88,0.6,55.3,LOADED,YES,SHP-20260705-00593
2026-07-06 11:24:00,TRK-163,Rute-A,Bogor Transit Hub,802.7,1200,19.32,0.7,55.9,RETURNING,NO,SHP-20260706-00594
2026-07-07 13:35:00,TRK-166,Rute-F,Depok Hub,803.6,1400,19.76,0.9,56.5,DELIVERED,YES,SHP-20260707-00595
2026-07-08 16:46:00,TRK-169,Rute-K,Bekasi Logistics Hub,804.5,1200,20.2,1.0,57.1,IN_TRANSIT,YES,SHP-20260708-00596
2026-07-09 09:57:00,TRK-172,Rute-P,Petamburan Hub,805.4,1200,20.64,1.2,57.7,DELAYED,NO,SHP-20260709-00597
2026-07-10 13:08:00,TRK-175,Rute-C,Grogol Hub (Jakbar),806.2,1200,21.08,1.4,58.4,LOADED,YES,SHP-20260710-00598
2026-07-11 16:19:00,TRK-178,Rute-H,Central Hub (Jakarta),807.1,1200,21.52,1.5,59.0,RETURNING,NO,SHP-20260711-00599
2026-07-12 08:30:00,TRK-001,Rute-M,Gudang West (Tangerang),808.0,1400,21.96,1.7,59.6,DELIVERED,YES,SHP-20260712-00600
2026-07-13 11:41:00,TRK-004,Rute-R,Cikarang Industrial Hub,808.9,1200,22.4,1.8,60.2,IN_TRANSIT,YES,SHP-20260713-00601
2026-07-14 14:52:00,TRK-007,Rute-E,Bogor Transit Hub,809.8,1200,22.84,2.0,60.8,DELAYED,NO,SHP-20260714-00602
2026-07-15 18:03:00,TRK-010,Rute-J,Depok Hub,810.6,1200,23.28,2.2,61.5,LOADED,YES,SHP-20260715-00603
2026-07-16 11:14:00,TRK-013,Rute-O,Bekasi Logistics Hub,811.5,1200,23.72,2.3,62.1,RETURNING,NO,SHP-20260716-00604
2026-07-17 14:25:00,TRK-016,Rute-B,Petamburan Hub,812.4,1400,24.16,2.5,62.7,DELIVERED,YES,SHP-20260717-00605
2026-07-18 16:36:00,TRK-019,Rute-G,Grogol Hub (Jakbar),813.3,1200,24.6,2.6,63.3,IN_TRANSIT,YES,SHP-20260718-00606
2026-07-19 09:47:00,TRK-022,Rute-L,Central Hub (Jakarta),814.2,1200,25.04,2.8,63.9,DELAYED,NO,SHP-20260719-00607
2026-07-20 12:58:00,TRK-025,Rute-Q,Gudang West (Tangerang),815.0,1200,25.48,0.4,64.6,LOADED,YES,SHP-20260720-00608
2026-07-21 16:09:00,TRK-028,Rute-D,Cikarang Industrial Hub,815.9,1200,25.92,0.6,65.2,RETURNING,NO,SHP-20260721-00609
2026-07-22 09:20:00,TRK-031,Rute-I,Bogor Transit Hub,816.8,1400,26.36,0.7,65.8,DELIVERED,YES,SHP-20260722-00610
2026-07-23 11:31:00,TRK-034,Rute-N,Depok Hub,817.7,1200,26.8,0.9,66.4,IN_TRANSIT,YES,SHP-20260723-00611
2026-07-24 14:42:00,TRK-037,Rute-A,Bekasi Logistics Hub,818.6,1200,11.4,1.0,67.0,DELAYED,NO,SHP-20260724-00612
2026-07-25 17:53:00,TRK-040,Rute-F,Petamburan Hub,819.4,1200,11.84,1.2,67.7,LOADED,YES,SHP-20260725-00613
2026-07-26 11:04:00,TRK-043,Rute-K,Grogol Hub (Jakbar),820.3,1200,12.28,1.4,68.3,RETURNING,NO,SHP-20260726-00614
2026-07-27 14:15:00,TRK-046,Rute-P,Central Hub (Jakarta),821.2,1400,12.72,1.5,68.9,DELIVERED,YES,SHP-20260727-00615
2026-07-28 17:26:00,TRK-049,Rute-C,Gudang West (Tangerang),822.1,1200,13.16,1.7,69.5,IN_TRANSIT,YES,SHP-20260728-00616
2026-07-29 09:37:00,TRK-052,Rute-H,Cikarang Industrial Hub,823.0,1200,13.6,1.8,70.1,DELAYED,NO,SHP-20260729-00617
2026-07-30 12:48:00,TRK-055,Rute-M,Bogor Transit Hub,823.8,1200,14.04,2.0,70.8,LOADED,YES,SHP-20260730-00618
2026-07-31 15:59:00,TRK-058,Rute-R,Depok Hub,824.7,1200,14.48,2.2,71.4,RETURNING,NO,SHP-20260731-00619
2026-07-01 09:10:00,TRK-061,Rute-E,Bekasi Logistics Hub,825.6,1400,14.92,2.3,72.0,DELIVERED,YES,SHP-20260701-00620
2026-07-02 12:21:00,TRK-064,Rute-J,Petamburan Hub,826.5,1200,15.36,2.5,72.6,IN_TRANSIT,YES,SHP-20260702-00621
2026-07-03 14:32:00,TRK-067,Rute-O,Grogol Hub (Jakbar),827.4,1200,15.8,2.6,73.2,DELAYED,NO,SHP-20260703-00622
2026-07-04 17:43:00,TRK-070,Rute-B,Central Hub (Jakarta),828.2,1200,16.24,2.8,73.9,LOADED,YES,SHP-20260704-00623
2026-07-05 10:54:00,TRK-073,Rute-G,Gudang West (Tangerang),829.1,1200,16.68,0.4,74.5,RETURNING,NO,SHP-20260705-00624
2026-07-06 14:05:00,TRK-076,Rute-L,Cikarang Industrial Hub,830.0,1400,17.12,0.6,75.1,DELIVERED,YES,SHP-20260706-00625
2026-07-07 17:16:00,TRK-079,Rute-Q,Bogor Transit Hub,830.9,1200,17.56,0.7,75.7,IN_TRANSIT,YES,SHP-20260707-00626
2026-07-08 10:27:00,TRK-082,Rute-D,Depok Hub,831.8,1200,18.0,0.9,76.3,DELAYED,NO,SHP-20260708-00627
2026-07-09 12:38:00,TRK-085,Rute-I,Bekasi Logistics Hub,832.6,1200,18.44,1.0,77.0,LOADED,YES,SHP-20260709-00628
2026-07-10 15:49:00,TRK-088,Rute-N,Petamburan Hub,833.5,1200,18.88,1.2,77.6,RETURNING,NO,SHP-20260710-00629
2026-07-11 09:00:00,TRK-091,Rute-A,Grogol Hub (Jakbar),834.4,1400,19.32,1.4,78.2,DELIVERED,YES,SHP-20260711-00630
2026-07-12 12:11:00,TRK-094,Rute-F,Central Hub (Jakarta),835.3,1200,19.76,1.5,78.8,IN_TRANSIT,YES,SHP-20260712-00631
2026-07-13 15:22:00,TRK-097,Rute-K,Gudang West (Tangerang),836.2,1200,20.2,1.7,79.4,DELAYED,NO,SHP-20260713-00632
2026-07-14 17:33:00,TRK-100,Rute-P,Cikarang Industrial Hub,837.0,1200,20.64,1.8,80.1,LOADED,YES,SHP-20260714-00633
2026-07-15 10:44:00,TRK-103,Rute-C,Bogor Transit Hub,837.9,1200,21.08,2.0,80.7,RETURNING,NO,SHP-20260715-00634
2026-07-16 13:55:00,TRK-106,Rute-H,Depok Hub,838.8,1400,21.52,2.2,81.3,DELIVERED,YES,SHP-20260716-00635
2026-07-17 17:06:00,TRK-109,Rute-M,Bekasi Logistics Hub,839.7,1200,21.96,2.3,81.9,IN_TRANSIT,YES,SHP-20260717-00636
2026-07-18 10:17:00,TRK-112,Rute-R,Petamburan Hub,840.6,1200,22.4,2.5,82.5,DELAYED,NO,SHP-20260718-00637
2026-07-19 13:28:00,TRK-115,Rute-E,Grogol Hub (Jakbar),841.4,1200,22.84,2.6,83.2,LOADED,YES,SHP-20260719-00638
2026-07-20 15:39:00,TRK-118,Rute-J,Central Hub (Jakarta),842.3,1200,23.28,2.8,83.8,RETURNING,NO,SHP-20260720-00639
2026-07-21 08:50:00,TRK-121,Rute-O,Gudang West (Tangerang),843.2,1400,23.72,0.4,84.4,DELIVERED,YES,SHP-20260721-00640
2026-07-22 12:01:00,TRK-124,Rute-B,Cikarang Industrial Hub,844.1,1200,24.16,0.6,85.0,IN_TRANSIT,YES,SHP-20260722-00641
2026-07-23 15:12:00,TRK-127,Rute-G,Bogor Transit Hub,845.0,1200,24.6,0.7,85.6,DELAYED,NO,SHP-20260723-00642
2026-07-24 18:23:00,TRK-130,Rute-L,Depok Hub,845.8,1200,25.04,0.9,86.3,LOADED,YES,SHP-20260724-00643
2026-07-25 10:34:00,TRK-133,Rute-Q,Bekasi Logistics Hub,846.7,1200,25.48,1.0,86.9,RETURNING,NO,SHP-20260725-00644
2026-07-26 13:45:00,TRK-136,Rute-D,Petamburan Hub,847.6,1400,25.92,1.2,87.5,DELIVERED,YES,SHP-20260726-00645
2026-07-27 16:56:00,TRK-139,Rute-I,Grogol Hub (Jakbar),848.5,1200,26.36,1.4,88.1,IN_TRANSIT,YES,SHP-20260727-00646
2026-07-28 10:07:00,TRK-142,Rute-N,Central Hub (Jakarta),849.4,1200,26.8,1.5,88.7,DELAYED,NO,SHP-20260728-00647
2026-07-29 13:18:00,TRK-145,Rute-A,Gudang West (Tangerang),850.2,1200,11.4,1.7,89.4,LOADED,YES,SHP-20260729-00648
2026-07-30 16:29:00,TRK-148,Rute-F,Cikarang Industrial Hub,851.1,1200,11.84,1.8,90.0,RETURNING,NO,SHP-20260730-00649
2026-07-31 08:40:00,TRK-151,Rute-K,Bogor Transit Hub,852.0,1400,12.28,2.0,10.0,DELIVERED,YES,SHP-20260731-00650
2026-07-01 11:51:00,TRK-154,Rute-P,Depok Hub,852.9,1200,12.72,2.2,10.6,IN_TRANSIT,YES,SHP-20260701-00651
2026-07-02 15:02:00,TRK-157,Rute-C,Bekasi Logistics Hub,853.8,1200,13.16,2.3,11.2,DELAYED,NO,SHP-20260702-00652
2026-07-03 18:13:00,TRK-160,Rute-H,Petamburan Hub,854.6,1200,13.6,2.5,11.9,LOADED,YES,SHP-20260703-00653
2026-07-04 11:24:00,TRK-163,Rute-M,Grogol Hub (Jakbar),855.5,1200,14.04,2.6,12.5,RETURNING,NO,SHP-20260704-00654
2026-07-05 13:35:00,TRK-166,Rute-R,Central Hub (Jakarta),856.4,1400,14.48,2.8,13.1,DELIVERED,YES,SHP-20260705-00655
2026-07-06 16:46:00,TRK-169,Rute-E,Gudang West (Tangerang),857.3,1200,14.92,0.4,13.7,IN_TRANSIT,YES,SHP-20260706-00656
2026-07-07 09:57:00,TRK-172,Rute-J,Cikarang Industrial Hub,858.2,1200,15.36,0.6,14.3,DELAYED,NO,SHP-20260707-00657
2026-07-08 13:08:00,TRK-175,Rute-O,Bogor Transit Hub,859.0,1200,15.8,0.7,15.0,LOADED,YES,SHP-20260708-00658
2026-07-09 16:19:00,TRK-178,Rute-B,Depok Hub,859.9,1200,16.24,0.9,15.6,RETURNING,NO,SHP-20260709-00659
2026-07-10 08:30:00,TRK-001,Rute-G,Bekasi Logistics Hub,860.8,1400,16.68,1.0,16.2,DELIVERED,YES,SHP-20260710-00660
2026-07-11 11:41:00,TRK-004,Rute-L,Petamburan Hub,861.7,1200,17.12,1.2,16.8,IN_TRANSIT,YES,SHP-20260711-00661
2026-07-12 14:52:00,TRK-007,Rute-Q,Grogol Hub (Jakbar),862.6,1200,17.56,1.4,17.4,DELAYED,NO,SHP-20260712-00662
2026-07-13 18:03:00,TRK-010,Rute-D,Central Hub (Jakarta),863.4,1200,18.0,1.5,18.1,LOADED,YES,SHP-20260713-00663
2026-07-14 11:14:00,TRK-013,Rute-I,Gudang West (Tangerang),864.3,1200,18.44,1.7,18.7,RETURNING,NO,SHP-20260714-00664
2026-07-15 14:25:00,TRK-016,Rute-N,Cikarang Industrial Hub,865.2,1400,18.88,1.8,19.3,DELIVERED,YES,SHP-20260715-00665
2026-07-16 16:36:00,TRK-019,Rute-A,Bogor Transit Hub,866.1,1200,19.32,2.0,19.9,IN_TRANSIT,YES,SHP-20260716-00666
2026-07-17 09:47:00,TRK-022,Rute-F,Depok Hub,867.0,1200,19.76,2.2,20.5,DELAYED,NO,SHP-20260717-00667
2026-07-18 12:58:00,TRK-025,Rute-K,Bekasi Logistics Hub,867.8,1200,20.2,2.3,21.2,LOADED,YES,SHP-20260718-00668
2026-07-19 16:09:00,TRK-028,Rute-P,Petamburan Hub,868.7,1200,20.64,2.5,21.8,RETURNING,NO,SHP-20260719-00669
2026-07-20 09:20:00,TRK-031,Rute-C,Grogol Hub (Jakbar),869.6,1400,21.08,2.6,22.4,DELIVERED,YES,SHP-20260720-00670
2026-07-21 11:31:00,TRK-034,Rute-H,Central Hub (Jakarta),870.5,1200,21.52,2.8,23.0,IN_TRANSIT,YES,SHP-20260721-00671
2026-07-22 14:42:00,TRK-037,Rute-M,Gudang West (Tangerang),871.4,1200,21.96,0.4,23.6,DELAYED,NO,SHP-20260722-00672
2026-07-23 17:53:00,TRK-040,Rute-R,Cikarang Industrial Hub,872.2,1200,22.4,0.6,24.3,LOADED,YES,SHP-20260723-00673
2026-07-24 11:04:00,TRK-043,Rute-E,Bogor Transit Hub,873.1,1200,22.84,0.7,24.9,RETURNING,NO,SHP-20260724-00674
2026-07-25 14:15:00,TRK-046,Rute-J,Depok Hub,874.0,1400,23.28,0.9,25.5,DELIVERED,YES,SHP-20260725-00675
2026-07-26 17:26:00,TRK-049,Rute-O,Bekasi Logistics Hub,874.9,1200,23.72,1.0,26.1,IN_TRANSIT,YES,SHP-20260726-00676
2026-07-27 09:37:00,TRK-052,Rute-B,Petamburan Hub,875.8,1200,24.16,1.2,26.7,DELAYED,NO,SHP-20260727-00677
2026-07-28 12:48:00,TRK-055,Rute-G,Grogol Hub (Jakbar),876.6,1200,24.6,1.4,27.4,LOADED,YES,SHP-20260728-00678
2026-07-29 15:59:00,TRK-058,Rute-L,Central Hub (Jakarta),877.5,1200,25.04,1.5,28.0,RETURNING,NO,SHP-20260729-00679
2026-07-30 09:10:00,TRK-061,Rute-Q,Gudang West (Tangerang),878.4,1400,25.48,1.7,28.6,DELIVERED,YES,SHP-20260730-00680
2026-07-31 12:21:00,TRK-064,Rute-D,Cikarang Industrial Hub,879.3,1200,25.92,1.8,29.2,IN_TRANSIT,YES,SHP-20260731-00681
2026-07-01 14:32:00,TRK-067,Rute-I,Bogor Transit Hub,880.2,1200,26.36,2.0,29.8,DELAYED,NO,SHP-20260701-00682
2026-07-02 17:43:00,TRK-070,Rute-N,Depok Hub,881.0,1200,26.8,2.2,30.5,LOADED,YES,SHP-20260702-00683
2026-07-03 10:54:00,TRK-073,Rute-A,Bekasi Logistics Hub,881.9,1200,11.4,2.3,31.1,RETURNING,NO,SHP-20260703-00684
2026-07-04 14:05:00,TRK-076,Rute-F,Petamburan Hub,882.8,1400,11.84,2.5,31.7,DELIVERED,YES,SHP-20260704-00685
2026-07-05 17:16:00,TRK-079,Rute-K,Grogol Hub (Jakbar),883.7,1200,12.28,2.6,32.3,IN_TRANSIT,YES,SHP-20260705-00686
2026-07-06 10:27:00,TRK-082,Rute-P,Central Hub (Jakarta),884.6,1200,12.72,2.8,32.9,DELAYED,NO,SHP-20260706-00687
2026-07-07 12:38:00,TRK-085,Rute-C,Gudang West (Tangerang),885.4,1200,13.16,0.4,33.6,LOADED,YES,SHP-20260707-00688
2026-07-08 15:49:00,TRK-088,Rute-H,Cikarang Industrial Hub,886.3,1200,13.6,0.6,34.2,RETURNING,NO,SHP-20260708-00689
2026-07-09 09:00:00,TRK-091,Rute-M,Bogor Transit Hub,887.2,1400,14.04,0.7,34.8,DELIVERED,YES,SHP-20260709-00690
2026-07-10 12:11:00,TRK-094,Rute-R,Depok Hub,888.1,1200,14.48,0.9,35.4,IN_TRANSIT,YES,SHP-20260710-00691
2026-07-11 15:22:00,TRK-097,Rute-E,Bekasi Logistics Hub,889.0,1200,14.92,1.0,36.0,DELAYED,NO,SHP-20260711-00692
2026-07-12 17:33:00,TRK-100,Rute-J,Petamburan Hub,889.8,1200,15.36,1.2,36.7,LOADED,YES,SHP-20260712-00693
2026-07-13 10:44:00,TRK-103,Rute-O,Grogol Hub (Jakbar),890.7,1200,15.8,1.4,37.3,RETURNING,NO,SHP-20260713-00694
2026-07-14 13:55:00,TRK-106,Rute-B,Central Hub (Jakarta),891.6,1400,16.24,1.5,37.9,DELIVERED,YES,SHP-20260714-00695
2026-07-15 17:06:00,TRK-109,Rute-G,Gudang West (Tangerang),892.5,1200,16.68,1.7,38.5,IN_TRANSIT,YES,SHP-20260715-00696
2026-07-16 10:17:00,TRK-112,Rute-L,Cikarang Industrial Hub,893.4,1200,17.12,1.8,39.1,DELAYED,NO,SHP-20260716-00697
2026-07-17 13:28:00,TRK-115,Rute-Q,Bogor Transit Hub,894.2,1200,17.56,2.0,39.8,LOADED,YES,SHP-20260717-00698
2026-07-18 15:39:00,TRK-118,Rute-D,Depok Hub,895.1,1200,18.0,2.2,40.4,RETURNING,NO,SHP-20260718-00699
2026-07-19 08:50:00,TRK-121,Rute-I,Bekasi Logistics Hub,896.0,1400,18.44,2.3,41.0,DELIVERED,YES,SHP-20260719-00700
2026-07-20 12:01:00,TRK-124,Rute-N,Petamburan Hub,896.9,1200,18.88,2.5,41.6,IN_TRANSIT,YES,SHP-20260720-00701
2026-07-21 15:12:00,TRK-127,Rute-A,Grogol Hub (Jakbar),897.8,1200,19.32,2.6,42.2,DELAYED,NO,SHP-20260721-00702
2026-07-22 18:23:00,TRK-130,Rute-F,Central Hub (Jakarta),898.6,1200,19.76,2.8,42.9,LOADED,YES,SHP-20260722-00703
2026-07-23 10:34:00,TRK-133,Rute-K,Gudang West (Tangerang),899.5,1200,20.2,0.4,43.5,RETURNING,NO,SHP-20260723-00704
2026-07-24 13:45:00,TRK-136,Rute-P,Cikarang Industrial Hub,900.4,1400,20.64,0.6,44.1,DELIVERED,YES,SHP-20260724-00705
2026-07-25 16:56:00,TRK-139,Rute-C,Bogor Transit Hub,901.3,1200,21.08,0.7,44.7,IN_TRANSIT,YES,SHP-20260725-00706
2026-07-26 10:07:00,TRK-142,Rute-H,Depok Hub,902.2,1200,21.52,0.9,45.3,DELAYED,NO,SHP-20260726-00707
2026-07-27 13:18:00,TRK-145,Rute-M,Bekasi Logistics Hub,903.0,1200,21.96,1.0,46.0,LOADED,YES,SHP-20260727-00708
2026-07-28 16:29:00,TRK-148,Rute-R,Petamburan Hub,903.9,1200,22.4,1.2,46.6,RETURNING,NO,SHP-20260728-00709
2026-07-29 08:40:00,TRK-151,Rute-E,Grogol Hub (Jakbar),904.8,1400,22.84,1.4,47.2,DELIVERED,YES,SHP-20260729-00710
2026-07-30 11:51:00,TRK-154,Rute-J,Central Hub (Jakarta),905.7,1200,23.28,1.5,47.8,IN_TRANSIT,YES,SHP-20260730-00711
2026-07-31 15:02:00,TRK-157,Rute-O,Gudang West (Tangerang),906.6,1200,23.72,1.7,48.4,DELAYED,NO,SHP-20260731-00712
2026-07-01 18:13:00,TRK-160,Rute-B,Cikarang Industrial Hub,907.4,1200,24.16,1.8,49.1,LOADED,YES,SHP-20260701-00713
2026-07-02 11:24:00,TRK-163,Rute-G,Bogor Transit Hub,908.3,1200,24.6,2.0,49.7,RETURNING,NO,SHP-20260702-00714
2026-07-03 13:35:00,TRK-166,Rute-L,Depok Hub,909.2,1400,25.04,2.2,50.3,DELIVERED,YES,SHP-20260703-00715
2026-07-04 16:46:00,TRK-169,Rute-Q,Bekasi Logistics Hub,910.1,1200,25.48,2.3,50.9,IN_TRANSIT,YES,SHP-20260704-00716
2026-07-05 09:57:00,TRK-172,Rute-D,Petamburan Hub,911.0,1200,25.92,2.5,51.5,DELAYED,NO,SHP-20260705-00717
2026-07-06 13:08:00,TRK-175,Rute-I,Grogol Hub (Jakbar),911.8,1200,26.36,2.6,52.2,LOADED,YES,SHP-20260706-00718
2026-07-07 16:19:00,TRK-178,Rute-N,Central Hub (Jakarta),912.7,1200,26.8,2.8,52.8,RETURNING,NO,SHP-20260707-00719
2026-07-08 08:30:00,TRK-001,Rute-A,Gudang West (Tangerang),913.6,1400,11.4,0.4,53.4,DELIVERED,YES,SHP-20260708-00720
2026-07-09 11:41:00,TRK-004,Rute-F,Cikarang Industrial Hub,914.5,1200,11.84,0.6,54.0,IN_TRANSIT,YES,SHP-20260709-00721
2026-07-10 14:52:00,TRK-007,Rute-K,Bogor Transit Hub,915.4,1200,12.28,0.7,54.6,DELAYED,NO,SHP-20260710-00722
2026-07-11 18:03:00,TRK-010,Rute-P,Depok Hub,916.2,1200,12.72,0.9,55.3,LOADED,YES,SHP-20260711-00723
2026-07-12 11:14:00,TRK-013,Rute-C,Bekasi Logistics Hub,917.1,1200,13.16,1.0,55.9,RETURNING,NO,SHP-20260712-00724
2026-07-13 14:25:00,TRK-016,Rute-H,Petamburan Hub,918.0,1400,13.6,1.2,56.5,DELIVERED,YES,SHP-20260713-00725
2026-07-14 16:36:00,TRK-019,Rute-M,Grogol Hub (Jakbar),918.9,1200,14.04,1.4,57.1,IN_TRANSIT,YES,SHP-20260714-00726
2026-07-15 09:47:00,TRK-022,Rute-R,Central Hub (Jakarta),919.8,1200,14.48,1.5,57.7,DELAYED,NO,SHP-20260715-00727
2026-07-16 12:58:00,TRK-025,Rute-E,Gudang West (Tangerang),920.6,1200,14.92,1.7,58.4,LOADED,YES,SHP-20260716-00728
2026-07-17 16:09:00,TRK-028,Rute-J,Cikarang Industrial Hub,921.5,1200,15.36,1.8,59.0,RETURNING,NO,SHP-20260717-00729
2026-07-18 09:20:00,TRK-031,Rute-O,Bogor Transit Hub,922.4,1400,15.8,2.0,59.6,DELIVERED,YES,SHP-20260718-00730
2026-07-19 11:31:00,TRK-034,Rute-B,Depok Hub,923.3,1200,16.24,2.2,60.2,IN_TRANSIT,YES,SHP-20260719-00731
2026-07-20 14:42:00,TRK-037,Rute-G,Bekasi Logistics Hub,924.2,1200,16.68,2.3,60.8,DELAYED,NO,SHP-20260720-00732
2026-07-21 17:53:00,TRK-040,Rute-L,Petamburan Hub,925.0,1200,17.12,2.5,61.5,LOADED,YES,SHP-20260721-00733
2026-07-22 11:04:00,TRK-043,Rute-Q,Grogol Hub (Jakbar),925.9,1200,17.56,2.6,62.1,RETURNING,NO,SHP-20260722-00734
2026-07-23 14:15:00,TRK-046,Rute-D,Central Hub (Jakarta),926.8,1400,18.0,2.8,62.7,DELIVERED,YES,SHP-20260723-00735
2026-07-24 17:26:00,TRK-049,Rute-I,Gudang West (Tangerang),927.7,1200,18.44,0.4,63.3,IN_TRANSIT,YES,SHP-20260724-00736
2026-07-25 09:37:00,TRK-052,Rute-N,Cikarang Industrial Hub,928.6,1200,18.88,0.6,63.9,DELAYED,NO,SHP-20260725-00737
2026-07-26 12:48:00,TRK-055,Rute-A,Bogor Transit Hub,929.4,1200,19.32,0.7,64.6,LOADED,YES,SHP-20260726-00738
2026-07-27 15:59:00,TRK-058,Rute-F,Depok Hub,930.3,1200,19.76,0.9,65.2,RETURNING,NO,SHP-20260727-00739
2026-07-28 09:10:00,TRK-061,Rute-K,Bekasi Logistics Hub,931.2,1400,20.2,1.0,65.8,DELIVERED,YES,SHP-20260728-00740
2026-07-29 12:21:00,TRK-064,Rute-P,Petamburan Hub,932.1,1200,20.64,1.2,66.4,IN_TRANSIT,YES,SHP-20260729-00741
2026-07-30 14:32:00,TRK-067,Rute-C,Grogol Hub (Jakbar),933.0,1200,21.08,1.4,67.0,DELAYED,NO,SHP-20260730-00742
2026-07-31 17:43:00,TRK-070,Rute-H,Central Hub (Jakarta),933.8,1200,21.52,1.5,67.7,LOADED,YES,SHP-20260731-00743
2026-07-01 10:54:00,TRK-073,Rute-M,Gudang West (Tangerang),934.7,1200,21.96,1.7,68.3,RETURNING,NO,SHP-20260701-00744
2026-07-02 14:05:00,TRK-076,Rute-R,Cikarang Industrial Hub,935.6,1400,22.4,1.8,68.9,DELIVERED,YES,SHP-20260702-00745
2026-07-03 17:16:00,TRK-079,Rute-E,Bogor Transit Hub,936.5,1200,22.84,2.0,69.5,IN_TRANSIT,YES,SHP-20260703-00746
2026-07-04 10:27:00,TRK-082,Rute-J,Depok Hub,937.4,1200,23.28,2.2,70.1,DELAYED,NO,SHP-20260704-00747
2026-07-05 12:38:00,TRK-085,Rute-O,Bekasi Logistics Hub,938.2,1200,23.72,2.3,70.8,LOADED,YES,SHP-20260705-00748
2026-07-06 15:49:00,TRK-088,Rute-B,Petamburan Hub,939.1,1200,24.16,2.5,71.4,RETURNING,NO,SHP-20260706-00749
2026-07-07 09:00:00,TRK-091,Rute-G,Grogol Hub (Jakbar),940.0,1400,24.6,2.6,72.0,DELIVERED,YES,SHP-20260707-00750
2026-07-08 12:11:00,TRK-094,Rute-L,Central Hub (Jakarta),940.9,1200,25.04,2.8,72.6,IN_TRANSIT,YES,SHP-20260708-00751
2026-07-09 15:22:00,TRK-097,Rute-Q,Gudang West (Tangerang),941.8,1200,25.48,0.4,73.2,DELAYED,NO,SHP-20260709-00752
2026-07-10 17:33:00,TRK-100,Rute-D,Cikarang Industrial Hub,942.6,1200,25.92,0.6,73.9,LOADED,YES,SHP-20260710-00753
2026-07-11 10:44:00,TRK-103,Rute-I,Bogor Transit Hub,943.5,1200,26.36,0.7,74.5,RETURNING,NO,SHP-20260711-00754
2026-07-12 13:55:00,TRK-106,Rute-N,Depok Hub,944.4,1400,26.8,0.9,75.1,DELIVERED,YES,SHP-20260712-00755
2026-07-13 17:06:00,TRK-109,Rute-A,Bekasi Logistics Hub,945.3,1200,11.4,1.0,75.7,IN_TRANSIT,YES,SHP-20260713-00756
2026-07-14 10:17:00,TRK-112,Rute-F,Petamburan Hub,946.2,1200,11.84,1.2,76.3,DELAYED,NO,SHP-20260714-00757
2026-07-15 13:28:00,TRK-115,Rute-K,Grogol Hub (Jakbar),947.0,1200,12.28,1.4,77.0,LOADED,YES,SHP-20260715-00758
2026-07-16 15:39:00,TRK-118,Rute-P,Central Hub (Jakarta),947.9,1200,12.72,1.5,77.6,RETURNING,NO,SHP-20260716-00759
2026-07-17 08:50:00,TRK-121,Rute-C,Gudang West (Tangerang),280.0,1400,13.16,1.7,78.2,DELIVERED,YES,SHP-20260717-00760
2026-07-18 12:01:00,TRK-124,Rute-H,Cikarang Industrial Hub,280.9,1200,13.6,1.8,78.8,IN_TRANSIT,YES,SHP-20260718-00761
2026-07-19 15:12:00,TRK-127,Rute-M,Bogor Transit Hub,281.8,1200,14.04,2.0,79.4,DELAYED,NO,SHP-20260719-00762
2026-07-20 18:23:00,TRK-130,Rute-R,Depok Hub,282.6,1200,14.48,2.2,80.1,LOADED,YES,SHP-20260720-00763
2026-07-21 10:34:00,TRK-133,Rute-E,Bekasi Logistics Hub,283.5,1200,14.92,2.3,80.7,RETURNING,NO,SHP-20260721-00764
2026-07-22 13:45:00,TRK-136,Rute-J,Petamburan Hub,284.4,1400,15.36,2.5,81.3,DELIVERED,YES,SHP-20260722-00765
2026-07-23 16:56:00,TRK-139,Rute-O,Grogol Hub (Jakbar),285.3,1200,15.8,2.6,81.9,IN_TRANSIT,YES,SHP-20260723-00766
2026-07-24 10:07:00,TRK-142,Rute-B,Central Hub (Jakarta),286.2,1200,16.24,2.8,82.5,DELAYED,NO,SHP-20260724-00767
2026-07-25 13:18:00,TRK-145,Rute-G,Gudang West (Tangerang),287.0,1200,16.68,0.4,83.2,LOADED,YES,SHP-20260725-00768
2026-07-26 16:29:00,TRK-148,Rute-L,Cikarang Industrial Hub,287.9,1200,17.12,0.6,83.8,RETURNING,NO,SHP-20260726-00769
2026-07-27 08:40:00,TRK-151,Rute-Q,Bogor Transit Hub,288.8,1400,17.56,0.7,84.4,DELIVERED,YES,SHP-20260727-00770
2026-07-28 11:51:00,TRK-154,Rute-D,Depok Hub,289.7,1200,18.0,0.9,85.0,IN_TRANSIT,YES,SHP-20260728-00771
2026-07-29 15:02:00,TRK-157,Rute-I,Bekasi Logistics Hub,290.6,1200,18.44,1.0,85.6,DELAYED,NO,SHP-20260729-00772
2026-07-30 18:13:00,TRK-160,Rute-N,Petamburan Hub,291.4,1200,18.88,1.2,86.3,LOADED,YES,SHP-20260730-00773
2026-07-31 11:24:00,TRK-163,Rute-A,Grogol Hub (Jakbar),292.3,1200,19.32,1.4,86.9,RETURNING,NO,SHP-20260731-00774
2026-07-01 13:35:00,TRK-166,Rute-F,Central Hub (Jakarta),293.2,1400,19.76,1.5,87.5,DELIVERED,YES,SHP-20260701-00775
2026-07-02 16:46:00,TRK-169,Rute-K,Gudang West (Tangerang),294.1,1200,20.2,1.7,88.1,IN_TRANSIT,YES,SHP-20260702-00776
2026-07-03 09:57:00,TRK-172,Rute-P,Cikarang Industrial Hub,295.0,1200,20.64,1.8,88.7,DELAYED,NO,SHP-20260703-00777
2026-07-04 13:08:00,TRK-175,Rute-C,Bogor Transit Hub,295.8,1200,21.08,2.0,89.4,LOADED,YES,SHP-20260704-00778
2026-07-05 16:19:00,TRK-178,Rute-H,Depok Hub,296.7,1200,21.52,2.2,90.0,RETURNING,NO,SHP-20260705-00779
2026-07-06 08:30:00,TRK-001,Rute-M,Bekasi Logistics Hub,297.6,1400,21.96,2.3,10.0,DELIVERED,YES,SHP-20260706-00780
2026-07-07 11:41:00,TRK-004,Rute-R,Petamburan Hub,298.5,1200,22.4,2.5,10.6,IN_TRANSIT,YES,SHP-20260707-00781
2026-07-08 14:52:00,TRK-007,Rute-E,Grogol Hub (Jakbar),299.4,1200,22.84,2.6,11.2,DELAYED,NO,SHP-20260708-00782
2026-07-09 18:03:00,TRK-010,Rute-J,Central Hub (Jakarta),300.2,1200,23.28,2.8,11.9,LOADED,YES,SHP-20260709-00783
2026-07-10 11:14:00,TRK-013,Rute-O,Gudang West (Tangerang),301.1,1200,23.72,0.4,12.5,RETURNING,NO,SHP-20260710-00784
2026-07-11 14:25:00,TRK-016,Rute-B,Cikarang Industrial Hub,302.0,1400,24.16,0.6,13.1,DELIVERED,YES,SHP-20260711-00785
2026-07-12 16:36:00,TRK-019,Rute-G,Bogor Transit Hub,302.9,1200,24.6,0.7,13.7,IN_TRANSIT,YES,SHP-20260712-00786
2026-07-13 09:47:00,TRK-022,Rute-L,Depok Hub,303.8,1200,25.04,0.9,14.3,DELAYED,NO,SHP-20260713-00787
2026-07-14 12:58:00,TRK-025,Rute-Q,Bekasi Logistics Hub,304.6,1200,25.48,1.0,15.0,LOADED,YES,SHP-20260714-00788
2026-07-15 16:09:00,TRK-028,Rute-D,Petamburan Hub,305.5,1200,25.92,1.2,15.6,RETURNING,NO,SHP-20260715-00789
2026-07-16 09:20:00,TRK-031,Rute-I,Grogol Hub (Jakbar),306.4,1400,26.36,1.4,16.2,DELIVERED,YES,SHP-20260716-00790
2026-07-17 11:31:00,TRK-034,Rute-N,Central Hub (Jakarta),307.3,1200,26.8,1.5,16.8,IN_TRANSIT,YES,SHP-20260717-00791
2026-07-18 14:42:00,TRK-037,Rute-A,Gudang West (Tangerang),308.2,1200,11.4,1.7,17.4,DELAYED,NO,SHP-20260718-00792
2026-07-19 17:53:00,TRK-040,Rute-F,Cikarang Industrial Hub,309.0,1200,11.84,1.8,18.1,LOADED,YES,SHP-20260719-00793
2026-07-20 11:04:00,TRK-043,Rute-K,Bogor Transit Hub,309.9,1200,12.28,2.0,18.7,RETURNING,NO,SHP-20260720-00794
2026-07-21 14:15:00,TRK-046,Rute-P,Depok Hub,310.8,1400,12.72,2.2,19.3,DELIVERED,YES,SHP-20260721-00795
2026-07-22 17:26:00,TRK-049,Rute-C,Bekasi Logistics Hub,311.7,1200,13.16,2.3,19.9,IN_TRANSIT,YES,SHP-20260722-00796
2026-07-23 09:37:00,TRK-052,Rute-H,Petamburan Hub,312.6,1200,13.6,2.5,20.5,DELAYED,NO,SHP-20260723-00797
2026-07-24 12:48:00,TRK-055,Rute-M,Grogol Hub (Jakbar),313.4,1200,14.04,2.6,21.2,LOADED,YES,SHP-20260724-00798
2026-07-25 15:59:00,TRK-058,Rute-R,Central Hub (Jakarta),314.3,1200,14.48,2.8,21.8,RETURNING,NO,SHP-20260725-00799
2026-07-26 09:10:00,TRK-061,Rute-E,Gudang West (Tangerang),315.2,1400,14.92,0.4,22.4,DELIVERED,YES,SHP-20260726-00800
2026-07-27 12:21:00,TRK-064,Rute-J,Cikarang Industrial Hub,316.1,1200,15.36,0.6,23.0,IN_TRANSIT,YES,SHP-20260727-00801
2026-07-28 14:32:00,TRK-067,Rute-O,Bogor Transit Hub,317.0,1200,15.8,0.7,23.6,DELAYED,NO,SHP-20260728-00802
2026-07-29 17:43:00,TRK-070,Rute-B,Depok Hub,317.8,1200,16.24,0.9,24.3,LOADED,YES,SHP-20260729-00803
2026-07-30 10:54:00,TRK-073,Rute-G,Bekasi Logistics Hub,318.7,1200,16.68,1.0,24.9,RETURNING,NO,SHP-20260730-00804
2026-07-31 14:05:00,TRK-076,Rute-L,Petamburan Hub,319.6,1400,17.12,1.2,25.5,DELIVERED,YES,SHP-20260731-00805
2026-07-01 17:16:00,TRK-079,Rute-Q,Grogol Hub (Jakbar),320.5,1200,17.56,1.4,26.1,IN_TRANSIT,YES,SHP-20260701-00806
2026-07-02 10:27:00,TRK-082,Rute-D,Central Hub (Jakarta),321.4,1200,18.0,1.5,26.7,DELAYED,NO,SHP-20260702-00807
2026-07-03 12:38:00,TRK-085,Rute-I,Gudang West (Tangerang),322.2,1200,18.44,1.7,27.4,LOADED,YES,SHP-20260703-00808
2026-07-04 15:49:00,TRK-088,Rute-N,Cikarang Industrial Hub,323.1,1200,18.88,1.8,28.0,RETURNING,NO,SHP-20260704-00809
2026-07-05 09:00:00,TRK-091,Rute-A,Bogor Transit Hub,324.0,1400,19.32,2.0,28.6,DELIVERED,YES,SHP-20260705-00810
2026-07-06 12:11:00,TRK-094,Rute-F,Depok Hub,324.9,1200,19.76,2.2,29.2,IN_TRANSIT,YES,SHP-20260706-00811
2026-07-07 15:22:00,TRK-097,Rute-K,Bekasi Logistics Hub,325.8,1200,20.2,2.3,29.8,DELAYED,NO,SHP-20260707-00812
2026-07-08 17:33:00,TRK-100,Rute-P,Petamburan Hub,326.6,1200,20.64,2.5,30.5,LOADED,YES,SHP-20260708-00813
2026-07-09 10:44:00,TRK-103,Rute-C,Grogol Hub (Jakbar),327.5,1200,21.08,2.6,31.1,RETURNING,NO,SHP-20260709-00814
2026-07-10 13:55:00,TRK-106,Rute-H,Central Hub (Jakarta),328.4,1400,21.52,2.8,31.7,DELIVERED,YES,SHP-20260710-00815
2026-07-11 17:06:00,TRK-109,Rute-M,Gudang West (Tangerang),329.3,1200,21.96,0.4,32.3,IN_TRANSIT,YES,SHP-20260711-00816
2026-07-12 10:17:00,TRK-112,Rute-R,Cikarang Industrial Hub,330.2,1200,22.4,0.6,32.9,DELAYED,NO,SHP-20260712-00817
2026-07-13 13:28:00,TRK-115,Rute-E,Bogor Transit Hub,331.0,1200,22.84,0.7,33.6,LOADED,YES,SHP-20260713-00818
2026-07-14 15:39:00,TRK-118,Rute-J,Depok Hub,331.9,1200,23.28,0.9,34.2,RETURNING,NO,SHP-20260714-00819
2026-07-15 08:50:00,TRK-121,Rute-O,Bekasi Logistics Hub,332.8,1400,23.72,1.0,34.8,DELIVERED,YES,SHP-20260715-00820
2026-07-16 12:01:00,TRK-124,Rute-B,Petamburan Hub,333.7,1200,24.16,1.2,35.4,IN_TRANSIT,YES,SHP-20260716-00821
2026-07-17 15:12:00,TRK-127,Rute-G,Grogol Hub (Jakbar),334.6,1200,24.6,1.4,36.0,DELAYED,NO,SHP-20260717-00822
2026-07-18 18:23:00,TRK-130,Rute-L,Central Hub (Jakarta),335.4,1200,25.04,1.5,36.7,LOADED,YES,SHP-20260718-00823
2026-07-19 10:34:00,TRK-133,Rute-Q,Gudang West (Tangerang),336.3,1200,25.48,1.7,37.3,RETURNING,NO,SHP-20260719-00824
2026-07-20 13:45:00,TRK-136,Rute-D,Cikarang Industrial Hub,337.2,1400,25.92,1.8,37.9,DELIVERED,YES,SHP-20260720-00825
2026-07-21 16:56:00,TRK-139,Rute-I,Bogor Transit Hub,338.1,1200,26.36,2.0,38.5,IN_TRANSIT,YES,SHP-20260721-00826
2026-07-22 10:07:00,TRK-142,Rute-N,Depok Hub,339.0,1200,26.8,2.2,39.1,DELAYED,NO,SHP-20260722-00827
2026-07-23 13:18:00,TRK-145,Rute-A,Bekasi Logistics Hub,339.8,1200,11.4,2.3,39.8,LOADED,YES,SHP-20260723-00828
2026-07-24 16:29:00,TRK-148,Rute-F,Petamburan Hub,340.7,1200,11.84,2.5,40.4,RETURNING,NO,SHP-20260724-00829
2026-07-25 08:40:00,TRK-151,Rute-K,Grogol Hub (Jakbar),341.6,1400,12.28,2.6,41.0,DELIVERED,YES,SHP-20260725-00830
2026-07-26 11:51:00,TRK-154,Rute-P,Central Hub (Jakarta),342.5,1200,12.72,2.8,41.6,IN_TRANSIT,YES,SHP-20260726-00831
2026-07-27 15:02:00,TRK-157,Rute-C,Gudang West (Tangerang),343.4,1200,13.16,0.4,42.2,DELAYED,NO,SHP-20260727-00832
2026-07-28 18:13:00,TRK-160,Rute-H,Cikarang Industrial Hub,344.2,1200,13.6,0.6,42.9,LOADED,YES,SHP-20260728-00833
2026-07-29 11:24:00,TRK-163,Rute-M,Bogor Transit Hub,345.1,1200,14.04,0.7,43.5,RETURNING,NO,SHP-20260729-00834
2026-07-30 13:35:00,TRK-166,Rute-R,Depok Hub,346.0,1400,14.48,0.9,44.1,DELIVERED,YES,SHP-20260730-00835
2026-07-31 16:46:00,TRK-169,Rute-E,Bekasi Logistics Hub,346.9,1200,14.92,1.0,44.7,IN_TRANSIT,YES,SHP-20260731-00836
2026-07-01 09:57:00,TRK-172,Rute-J,Petamburan Hub,347.8,1200,15.36,1.2,45.3,DELAYED,NO,SHP-20260701-00837
2026-07-02 13:08:00,TRK-175,Rute-O,Grogol Hub (Jakbar),348.6,1200,15.8,1.4,46.0,LOADED,YES,SHP-20260702-00838
2026-07-03 16:19:00,TRK-178,Rute-B,Central Hub (Jakarta),349.5,1200,16.24,1.5,46.6,RETURNING,NO,SHP-20260703-00839
2026-07-04 08:30:00,TRK-001,Rute-G,Gudang West (Tangerang),350.4,1400,16.68,1.7,47.2,DELIVERED,YES,SHP-20260704-00840
2026-07-05 11:41:00,TRK-004,Rute-L,Cikarang Industrial Hub,351.3,1200,17.12,1.8,47.8,IN_TRANSIT,YES,SHP-20260705-00841
2026-07-06 14:52:00,TRK-007,Rute-Q,Bogor Transit Hub,352.2,1200,17.56,2.0,48.4,DELAYED,NO,SHP-20260706-00842
2026-07-07 18:03:00,TRK-010,Rute-D,Depok Hub,353.0,1200,18.0,2.2,49.1,LOADED,YES,SHP-20260707-00843
2026-07-08 11:14:00,TRK-013,Rute-I,Bekasi Logistics Hub,353.9,1200,18.44,2.3,49.7,RETURNING,NO,SHP-20260708-00844
2026-07-09 14:25:00,TRK-016,Rute-N,Petamburan Hub,354.8,1400,18.88,2.5,50.3,DELIVERED,YES,SHP-20260709-00845
2026-07-10 16:36:00,TRK-019,Rute-A,Grogol Hub (Jakbar),355.7,1200,19.32,2.6,50.9,IN_TRANSIT,YES,SHP-20260710-00846
2026-07-11 09:47:00,TRK-022,Rute-F,Central Hub (Jakarta),356.6,1200,19.76,2.8,51.5,DELAYED,NO,SHP-20260711-00847
2026-07-12 12:58:00,TRK-025,Rute-K,Gudang West (Tangerang),357.4,1200,20.2,0.4,52.2,LOADED,YES,SHP-20260712-00848
2026-07-13 16:09:00,TRK-028,Rute-P,Cikarang Industrial Hub,358.3,1200,20.64,0.6,52.8,RETURNING,NO,SHP-20260713-00849
2026-07-14 09:20:00,TRK-031,Rute-C,Bogor Transit Hub,359.2,1400,21.08,0.7,53.4,DELIVERED,YES,SHP-20260714-00850
2026-07-15 11:31:00,TRK-034,Rute-H,Depok Hub,360.1,1200,21.52,0.9,54.0,IN_TRANSIT,YES,SHP-20260715-00851
2026-07-16 14:42:00,TRK-037,Rute-M,Bekasi Logistics Hub,361.0,1200,21.96,1.0,54.6,DELAYED,NO,SHP-20260716-00852
2026-07-17 17:53:00,TRK-040,Rute-R,Petamburan Hub,361.8,1200,22.4,1.2,55.3,LOADED,YES,SHP-20260717-00853
2026-07-18 11:04:00,TRK-043,Rute-E,Grogol Hub (Jakbar),362.7,1200,22.84,1.4,55.9,RETURNING,NO,SHP-20260718-00854
2026-07-19 14:15:00,TRK-046,Rute-J,Central Hub (Jakarta),363.6,1400,23.28,1.5,56.5,DELIVERED,YES,SHP-20260719-00855
2026-07-20 17:26:00,TRK-049,Rute-O,Gudang West (Tangerang),364.5,1200,23.72,1.7,57.1,IN_TRANSIT,YES,SHP-20260720-00856
2026-07-21 09:37:00,TRK-052,Rute-B,Cikarang Industrial Hub,365.4,1200,24.16,1.8,57.7,DELAYED,NO,SHP-20260721-00857
2026-07-22 12:48:00,TRK-055,Rute-G,Bogor Transit Hub,366.2,1200,24.6,2.0,58.4,LOADED,YES,SHP-20260722-00858
2026-07-23 15:59:00,TRK-058,Rute-L,Depok Hub,367.1,1200,25.04,2.2,59.0,RETURNING,NO,SHP-20260723-00859
2026-07-24 09:10:00,TRK-061,Rute-Q,Bekasi Logistics Hub,368.0,1400,25.48,2.3,59.6,DELIVERED,YES,SHP-20260724-00860
2026-07-25 12:21:00,TRK-064,Rute-D,Petamburan Hub,368.9,1200,25.92,2.5,60.2,IN_TRANSIT,YES,SHP-20260725-00861
2026-07-26 14:32:00,TRK-067,Rute-I,Grogol Hub (Jakbar),369.8,1200,26.36,2.6,60.8,DELAYED,NO,SHP-20260726-00862
2026-07-27 17:43:00,TRK-070,Rute-N,Central Hub (Jakarta),370.6,1200,26.8,2.8,61.5,LOADED,YES,SHP-20260727-00863
2026-07-28 10:54:00,TRK-073,Rute-A,Gudang West (Tangerang),371.5,1200,11.4,0.4,62.1,RETURNING,NO,SHP-20260728-00864
2026-07-29 14:05:00,TRK-076,Rute-F,Cikarang Industrial Hub,372.4,1400,11.84,0.6,62.7,DELIVERED,YES,SHP-20260729-00865
2026-07-30 17:16:00,TRK-079,Rute-K,Bogor Transit Hub,373.3,1200,12.28,0.7,63.3,IN_TRANSIT,YES,SHP-20260730-00866
2026-07-31 10:27:00,TRK-082,Rute-P,Depok Hub,374.2,1200,12.72,0.9,63.9,DELAYED,NO,SHP-20260731-00867
2026-07-01 12:38:00,TRK-085,Rute-C,Bekasi Logistics Hub,375.0,1200,13.16,1.0,64.6,LOADED,YES,SHP-20260701-00868
2026-07-02 15:49:00,TRK-088,Rute-H,Petamburan Hub,375.9,1200,13.6,1.2,65.2,RETURNING,NO,SHP-20260702-00869
2026-07-03 09:00:00,TRK-091,Rute-M,Grogol Hub (Jakbar),376.8,1400,14.04,1.4,65.8,DELIVERED,YES,SHP-20260703-00870
2026-07-04 12:11:00,TRK-094,Rute-R,Central Hub (Jakarta),377.7,1200,14.48,1.5,66.4,IN_TRANSIT,YES,SHP-20260704-00871
2026-07-05 15:22:00,TRK-097,Rute-E,Gudang West (Tangerang),378.6,1200,14.92,1.7,67.0,DELAYED,NO,SHP-20260705-00872
2026-07-06 17:33:00,TRK-100,Rute-J,Cikarang Industrial Hub,379.4,1200,15.36,1.8,67.7,LOADED,YES,SHP-20260706-00873
2026-07-07 10:44:00,TRK-103,Rute-O,Bogor Transit Hub,380.3,1200,15.8,2.0,68.3,RETURNING,NO,SHP-20260707-00874
2026-07-08 13:55:00,TRK-106,Rute-B,Depok Hub,381.2,1400,16.24,2.2,68.9,DELIVERED,YES,SHP-20260708-00875
2026-07-09 17:06:00,TRK-109,Rute-G,Bekasi Logistics Hub,382.1,1200,16.68,2.3,69.5,IN_TRANSIT,YES,SHP-20260709-00876
2026-07-10 10:17:00,TRK-112,Rute-L,Petamburan Hub,383.0,1200,17.12,2.5,70.1,DELAYED,NO,SHP-20260710-00877
2026-07-11 13:28:00,TRK-115,Rute-Q,Grogol Hub (Jakbar),383.8,1200,17.56,2.6,70.8,LOADED,YES,SHP-20260711-00878
2026-07-12 15:39:00,TRK-118,Rute-D,Central Hub (Jakarta),384.7,1200,18.0,2.8,71.4,RETURNING,NO,SHP-20260712-00879
2026-07-13 08:50:00,TRK-121,Rute-I,Gudang West (Tangerang),385.6,1400,18.44,0.4,72.0,DELIVERED,YES,SHP-20260713-00880
2026-07-14 12:01:00,TRK-124,Rute-N,Cikarang Industrial Hub,386.5,1200,18.88,0.6,72.6,IN_TRANSIT,YES,SHP-20260714-00881
2026-07-15 15:12:00,TRK-127,Rute-A,Bogor Transit Hub,387.4,1200,19.32,0.7,73.2,DELAYED,NO,SHP-20260715-00882
2026-07-16 18:23:00,TRK-130,Rute-F,Depok Hub,388.2,1200,19.76,0.9,73.9,LOADED,YES,SHP-20260716-00883
2026-07-17 10:34:00,TRK-133,Rute-K,Bekasi Logistics Hub,389.1,1200,20.2,1.0,74.5,RETURNING,NO,SHP-20260717-00884
2026-07-18 13:45:00,TRK-136,Rute-P,Petamburan Hub,390.0,1400,20.64,1.2,75.1,DELIVERED,YES,SHP-20260718-00885
2026-07-19 16:56:00,TRK-139,Rute-C,Grogol Hub (Jakbar),390.9,1200,21.08,1.4,75.7,IN_TRANSIT,YES,SHP-20260719-00886
2026-07-20 10:07:00,TRK-142,Rute-H,Central Hub (Jakarta),391.8,1200,21.52,1.5,76.3,DELAYED,NO,SHP-20260720-00887
2026-07-21 13:18:00,TRK-145,Rute-M,Gudang West (Tangerang),392.6,1200,21.96,1.7,77.0,LOADED,YES,SHP-20260721-00888
2026-07-22 16:29:00,TRK-148,Rute-R,Cikarang Industrial Hub,393.5,1200,22.4,1.8,77.6,RETURNING,NO,SHP-20260722-00889
2026-07-23 08:40:00,TRK-151,Rute-E,Bogor Transit Hub,394.4,1400,22.84,2.0,78.2,DELIVERED,YES,SHP-20260723-00890
2026-07-24 11:51:00,TRK-154,Rute-J,Depok Hub,395.3,1200,23.28,2.2,78.8,IN_TRANSIT,YES,SHP-20260724-00891
2026-07-25 15:02:00,TRK-157,Rute-O,Bekasi Logistics Hub,396.2,1200,23.72,2.3,79.4,DELAYED,NO,SHP-20260725-00892
2026-07-26 18:13:00,TRK-160,Rute-B,Petamburan Hub,397.0,1200,24.16,2.5,80.1,LOADED,YES,SHP-20260726-00893
2026-07-27 11:24:00,TRK-163,Rute-G,Grogol Hub (Jakbar),397.9,1200,24.6,2.6,80.7,RETURNING,NO,SHP-20260727-00894
2026-07-28 13:35:00,TRK-166,Rute-L,Central Hub (Jakarta),398.8,1400,25.04,2.8,81.3,DELIVERED,YES,SHP-20260728-00895
2026-07-29 16:46:00,TRK-169,Rute-Q,Gudang West (Tangerang),399.7,1200,25.48,0.4,81.9,IN_TRANSIT,YES,SHP-20260729-00896
2026-07-30 09:57:00,TRK-172,Rute-D,Cikarang Industrial Hub,400.6,1200,25.92,0.6,82.5,DELAYED,NO,SHP-20260730-00897
2026-07-31 13:08:00,TRK-175,Rute-I,Bogor Transit Hub,401.4,1200,26.36,0.7,83.2,LOADED,YES,SHP-20260731-00898
2026-07-01 16:19:00,TRK-178,Rute-N,Depok Hub,402.3,1200,26.8,0.9,83.8,RETURNING,NO,SHP-20260701-00899
2026-07-02 08:30:00,TRK-001,Rute-A,Bekasi Logistics Hub,403.2,1400,11.4,1.0,84.4,DELIVERED,YES,SHP-20260702-00900
2026-07-03 11:41:00,TRK-004,Rute-F,Petamburan Hub,404.1,1200,11.84,1.2,85.0,IN_TRANSIT,YES,SHP-20260703-00901
2026-07-04 14:52:00,TRK-007,Rute-K,Grogol Hub (Jakbar),405.0,1200,12.28,1.4,85.6,DELAYED,NO,SHP-20260704-00902
2026-07-05 18:03:00,TRK-010,Rute-P,Central Hub (Jakarta),405.8,1200,12.72,1.5,86.3,LOADED,YES,SHP-20260705-00903
2026-07-06 11:14:00,TRK-013,Rute-C,Gudang West (Tangerang),406.7,1200,13.16,1.7,86.9,RETURNING,NO,SHP-20260706-00904
2026-07-07 14:25:00,TRK-016,Rute-H,Cikarang Industrial Hub,407.6,1400,13.6,1.8,87.5,DELIVERED,YES,SHP-20260707-00905
2026-07-08 16:36:00,TRK-019,Rute-M,Bogor Transit Hub,408.5,1200,14.04,2.0,88.1,IN_TRANSIT,YES,SHP-20260708-00906
2026-07-09 09:47:00,TRK-022,Rute-R,Depok Hub,409.4,1200,14.48,2.2,88.7,DELAYED,NO,SHP-20260709-00907
2026-07-10 12:58:00,TRK-025,Rute-E,Bekasi Logistics Hub,410.2,1200,14.92,2.3,89.4,LOADED,YES,SHP-20260710-00908
2026-07-11 16:09:00,TRK-028,Rute-J,Petamburan Hub,411.1,1200,15.36,2.5,90.0,RETURNING,NO,SHP-20260711-00909
2026-07-12 09:20:00,TRK-031,Rute-O,Grogol Hub (Jakbar),412.0,1400,15.8,2.6,10.0,DELIVERED,YES,SHP-20260712-00910
2026-07-13 11:31:00,TRK-034,Rute-B,Central Hub (Jakarta),412.9,1200,16.24,2.8,10.6,IN_TRANSIT,YES,SHP-20260713-00911
2026-07-14 14:42:00,TRK-037,Rute-G,Gudang West (Tangerang),413.8,1200,16.68,0.4,11.2,DELAYED,NO,SHP-20260714-00912
2026-07-15 17:53:00,TRK-040,Rute-L,Cikarang Industrial Hub,414.6,1200,17.12,0.6,11.9,LOADED,YES,SHP-20260715-00913
2026-07-16 11:04:00,TRK-043,Rute-Q,Bogor Transit Hub,415.5,1200,17.56,0.7,12.5,RETURNING,NO,SHP-20260716-00914
2026-07-17 14:15:00,TRK-046,Rute-D,Depok Hub,416.4,1400,18.0,0.9,13.1,DELIVERED,YES,SHP-20260717-00915
2026-07-18 17:26:00,TRK-049,Rute-I,Bekasi Logistics Hub,417.3,1200,18.44,1.0,13.7,IN_TRANSIT,YES,SHP-20260718-00916
2026-07-19 09:37:00,TRK-052,Rute-N,Petamburan Hub,418.2,1200,18.88,1.2,14.3,DELAYED,NO,SHP-20260719-00917
2026-07-20 12:48:00,TRK-055,Rute-A,Grogol Hub (Jakbar),419.0,1200,19.32,1.4,15.0,LOADED,YES,SHP-20260720-00918
2026-07-21 15:59:00,TRK-058,Rute-F,Central Hub (Jakarta),419.9,1200,19.76,1.5,15.6,RETURNING,NO,SHP-20260721-00919
2026-07-22 09:10:00,TRK-061,Rute-K,Gudang West (Tangerang),420.8,1400,20.2,1.7,16.2,DELIVERED,YES,SHP-20260722-00920
2026-07-23 12:21:00,TRK-064,Rute-P,Cikarang Industrial Hub,421.7,1200,20.64,1.8,16.8,IN_TRANSIT,YES,SHP-20260723-00921
2026-07-24 14:32:00,TRK-067,Rute-C,Bogor Transit Hub,422.6,1200,21.08,2.0,17.4,DELAYED,NO,SHP-20260724-00922
2026-07-25 17:43:00,TRK-070,Rute-H,Depok Hub,423.4,1200,21.52,2.2,18.1,LOADED,YES,SHP-20260725-00923
2026-07-26 10:54:00,TRK-073,Rute-M,Bekasi Logistics Hub,424.3,1200,21.96,2.3,18.7,RETURNING,NO,SHP-20260726-00924
2026-07-27 14:05:00,TRK-076,Rute-R,Petamburan Hub,425.2,1400,22.4,2.5,19.3,DELIVERED,YES,SHP-20260727-00925
2026-07-28 17:16:00,TRK-079,Rute-E,Grogol Hub (Jakbar),426.1,1200,22.84,2.6,19.9,IN_TRANSIT,YES,SHP-20260728-00926
2026-07-29 10:27:00,TRK-082,Rute-J,Central Hub (Jakarta),427.0,1200,23.28,2.8,20.5,DELAYED,NO,SHP-20260729-00927
2026-07-30 12:38:00,TRK-085,Rute-O,Gudang West (Tangerang),427.8,1200,23.72,0.4,21.2,LOADED,YES,SHP-20260730-00928
2026-07-31 15:49:00,TRK-088,Rute-B,Cikarang Industrial Hub,428.7,1200,24.16,0.6,21.8,RETURNING,NO,SHP-20260731-00929
2026-07-01 09:00:00,TRK-091,Rute-G,Bogor Transit Hub,429.6,1400,24.6,0.7,22.4,DELIVERED,YES,SHP-20260701-00930
2026-07-02 12:11:00,TRK-094,Rute-L,Depok Hub,430.5,1200,25.04,0.9,23.0,IN_TRANSIT,YES,SHP-20260702-00931
2026-07-03 15:22:00,TRK-097,Rute-Q,Bekasi Logistics Hub,431.4,1200,25.48,1.0,23.6,DELAYED,NO,SHP-20260703-00932
2026-07-04 17:33:00,TRK-100,Rute-D,Petamburan Hub,432.2,1200,25.92,1.2,24.3,LOADED,YES,SHP-20260704-00933
2026-07-05 10:44:00,TRK-103,Rute-I,Grogol Hub (Jakbar),433.1,1200,26.36,1.4,24.9,RETURNING,NO,SHP-20260705-00934
2026-07-06 13:55:00,TRK-106,Rute-N,Central Hub (Jakarta),434.0,1400,26.8,1.5,25.5,DELIVERED,YES,SHP-20260706-00935
2026-07-07 17:06:00,TRK-109,Rute-A,Gudang West (Tangerang),434.9,1200,11.4,1.7,26.1,IN_TRANSIT,YES,SHP-20260707-00936
2026-07-08 10:17:00,TRK-112,Rute-F,Cikarang Industrial Hub,435.8,1200,11.84,1.8,26.7,DELAYED,NO,SHP-20260708-00937
2026-07-09 13:28:00,TRK-115,Rute-K,Bogor Transit Hub,436.6,1200,12.28,2.0,27.4,LOADED,YES,SHP-20260709-00938
2026-07-10 15:39:00,TRK-118,Rute-P,Depok Hub,437.5,1200,12.72,2.2,28.0,RETURNING,NO,SHP-20260710-00939
2026-07-11 08:50:00,TRK-121,Rute-C,Bekasi Logistics Hub,438.4,1400,13.16,2.3,28.6,DELIVERED,YES,SHP-20260711-00940
2026-07-12 12:01:00,TRK-124,Rute-H,Petamburan Hub,439.3,1200,13.6,2.5,29.2,IN_TRANSIT,YES,SHP-20260712-00941
2026-07-13 15:12:00,TRK-127,Rute-M,Grogol Hub (Jakbar),440.2,1200,14.04,2.6,29.8,DELAYED,NO,SHP-20260713-00942
2026-07-14 18:23:00,TRK-130,Rute-R,Central Hub (Jakarta),441.0,1200,14.48,2.8,30.5,LOADED,YES,SHP-20260714-00943
2026-07-15 10:34:00,TRK-133,Rute-E,Gudang West (Tangerang),441.9,1200,14.92,0.4,31.1,RETURNING,NO,SHP-20260715-00944
2026-07-16 13:45:00,TRK-136,Rute-J,Cikarang Industrial Hub,442.8,1400,15.36,0.6,31.7,DELIVERED,YES,SHP-20260716-00945
2026-07-17 16:56:00,TRK-139,Rute-O,Bogor Transit Hub,443.7,1200,15.8,0.7,32.3,IN_TRANSIT,YES,SHP-20260717-00946
2026-07-18 10:07:00,TRK-142,Rute-B,Depok Hub,444.6,1200,16.24,0.9,32.9,DELAYED,NO,SHP-20260718-00947
2026-07-19 13:18:00,TRK-145,Rute-G,Bekasi Logistics Hub,445.4,1200,16.68,1.0,33.6,LOADED,YES,SHP-20260719-00948
2026-07-20 16:29:00,TRK-148,Rute-L,Petamburan Hub,446.3,1200,17.12,1.2,34.2,RETURNING,NO,SHP-20260720-00949
2026-07-21 08:40:00,TRK-151,Rute-Q,Grogol Hub (Jakbar),447.2,1400,17.56,1.4,34.8,DELIVERED,YES,SHP-20260721-00950
2026-07-22 11:51:00,TRK-154,Rute-D,Central Hub (Jakarta),448.1,1200,18.0,1.5,35.4,IN_TRANSIT,YES,SHP-20260722-00951
2026-07-23 15:02:00,TRK-157,Rute-I,Gudang West (Tangerang),449.0,1200,18.44,1.7,36.0,DELAYED,NO,SHP-20260723-00952
2026-07-24 18:13:00,TRK-160,Rute-N,Cikarang Industrial Hub,449.8,1200,18.88,1.8,36.7,LOADED,YES,SHP-20260724-00953
2026-07-25 11:24:00,TRK-163,Rute-A,Bogor Transit Hub,450.7,1200,19.32,2.0,37.3,RETURNING,NO,SHP-20260725-00954
2026-07-26 13:35:00,TRK-166,Rute-F,Depok Hub,451.6,1400,19.76,2.2,37.9,DELIVERED,YES,SHP-20260726-00955
2026-07-27 16:46:00,TRK-169,Rute-K,Bekasi Logistics Hub,452.5,1200,20.2,2.3,38.5,IN_TRANSIT,YES,SHP-20260727-00956
2026-07-28 09:57:00,TRK-172,Rute-P,Petamburan Hub,453.4,1200,20.64,2.5,39.1,DELAYED,NO,SHP-20260728-00957
2026-07-29 13:08:00,TRK-175,Rute-C,Grogol Hub (Jakbar),454.2,1200,21.08,2.6,39.8,LOADED,YES,SHP-20260729-00958
2026-07-30 16:19:00,TRK-178,Rute-H,Central Hub (Jakarta),455.1,1200,21.52,2.8,40.4,RETURNING,NO,SHP-20260730-00959
2026-07-31 08:30:00,TRK-001,Rute-M,Gudang West (Tangerang),456.0,1400,21.96,0.4,41.0,DELIVERED,YES,SHP-20260731-00960
2026-07-01 11:41:00,TRK-004,Rute-R,Cikarang Industrial Hub,456.9,1200,22.4,0.6,41.6,IN_TRANSIT,YES,SHP-20260701-00961
2026-07-02 14:52:00,TRK-007,Rute-E,Bogor Transit Hub,457.8,1200,22.84,0.7,42.2,DELAYED,NO,SHP-20260702-00962
2026-07-03 18:03:00,TRK-010,Rute-J,Depok Hub,458.6,1200,23.28,0.9,42.9,LOADED,YES,SHP-20260703-00963
2026-07-04 11:14:00,TRK-013,Rute-O,Bekasi Logistics Hub,459.5,1200,23.72,1.0,43.5,RETURNING,NO,SHP-20260704-00964
2026-07-05 14:25:00,TRK-016,Rute-B,Petamburan Hub,460.4,1400,24.16,1.2,44.1,DELIVERED,YES,SHP-20260705-00965
2026-07-06 16:36:00,TRK-019,Rute-G,Grogol Hub (Jakbar),461.3,1200,24.6,1.4,44.7,IN_TRANSIT,YES,SHP-20260706-00966
2026-07-07 09:47:00,TRK-022,Rute-L,Central Hub (Jakarta),462.2,1200,25.04,1.5,45.3,DELAYED,NO,SHP-20260707-00967
2026-07-08 12:58:00,TRK-025,Rute-Q,Gudang West (Tangerang),463.0,1200,25.48,1.7,46.0,LOADED,YES,SHP-20260708-00968
2026-07-09 16:09:00,TRK-028,Rute-D,Cikarang Industrial Hub,463.9,1200,25.92,1.8,46.6,RETURNING,NO,SHP-20260709-00969
2026-07-10 09:20:00,TRK-031,Rute-I,Bogor Transit Hub,464.8,1400,26.36,2.0,47.2,DELIVERED,YES,SHP-20260710-00970
2026-07-11 11:31:00,TRK-034,Rute-N,Depok Hub,465.7,1200,26.8,2.2,47.8,IN_TRANSIT,YES,SHP-20260711-00971
2026-07-12 14:42:00,TRK-037,Rute-A,Bekasi Logistics Hub,466.6,1200,11.4,2.3,48.4,DELAYED,NO,SHP-20260712-00972
2026-07-13 17:53:00,TRK-040,Rute-F,Petamburan Hub,467.4,1200,11.84,2.5,49.1,LOADED,YES,SHP-20260713-00973
2026-07-14 11:04:00,TRK-043,Rute-K,Grogol Hub (Jakbar),468.3,1200,12.28,2.6,49.7,RETURNING,NO,SHP-20260714-00974
2026-07-15 14:15:00,TRK-046,Rute-P,Central Hub (Jakarta),469.2,1400,12.72,2.8,50.3,DELIVERED,YES,SHP-20260715-00975
2026-07-16 17:26:00,TRK-049,Rute-C,Gudang West (Tangerang),470.1,1200,13.16,0.4,50.9,IN_TRANSIT,YES,SHP-20260716-00976
2026-07-17 09:37:00,TRK-052,Rute-H,Cikarang Industrial Hub,471.0,1200,13.6,0.6,51.5,DELAYED,NO,SHP-20260717-00977
2026-07-18 12:48:00,TRK-055,Rute-M,Bogor Transit Hub,471.8,1200,14.04,0.7,52.2,LOADED,YES,SHP-20260718-00978
2026-07-19 15:59:00,TRK-058,Rute-R,Depok Hub,472.7,1200,14.48,0.9,52.8,RETURNING,NO,SHP-20260719-00979
2026-07-20 09:10:00,TRK-061,Rute-E,Bekasi Logistics Hub,473.6,1400,14.92,1.0,53.4,DELIVERED,YES,SHP-20260720-00980
2026-07-21 12:21:00,TRK-064,Rute-J,Petamburan Hub,474.5,1200,15.36,1.2,54.0,IN_TRANSIT,YES,SHP-20260721-00981
2026-07-22 14:32:00,TRK-067,Rute-O,Grogol Hub (Jakbar),475.4,1200,15.8,1.4,54.6,DELAYED,NO,SHP-20260722-00982
2026-07-23 17:43:00,TRK-070,Rute-B,Central Hub (Jakarta),476.2,1200,16.24,1.5,55.3,LOADED,YES,SHP-20260723-00983
2026-07-24 10:54:00,TRK-073,Rute-G,Gudang West (Tangerang),477.1,1200,16.68,1.7,55.9,RETURNING,NO,SHP-20260724-00984
2026-07-25 14:05:00,TRK-076,Rute-L,Cikarang Industrial Hub,478.0,1400,17.12,1.8,56.5,DELIVERED,YES,SHP-20260725-00985
2026-07-26 17:16:00,TRK-079,Rute-Q,Bogor Transit Hub,478.9,1200,17.56,2.0,57.1,IN_TRANSIT,YES,SHP-20260726-00986
2026-07-27 10:27:00,TRK-082,Rute-D,Depok Hub,479.8,1200,18.0,2.2,57.7,DELAYED,NO,SHP-20260727-00987
2026-07-28 12:38:00,TRK-085,Rute-I,Bekasi Logistics Hub,480.6,1200,18.44,2.3,58.4,LOADED,YES,SHP-20260728-00988
2026-07-29 15:49:00,TRK-088,Rute-N,Petamburan Hub,481.5,1200,18.88,2.5,59.0,RETURNING,NO,SHP-20260729-00989
2026-07-30 09:00:00,TRK-091,Rute-A,Grogol Hub (Jakbar),482.4,1400,19.32,2.6,59.6,DELIVERED,YES,SHP-20260730-00990
2026-07-31 12:11:00,TRK-094,Rute-F,Central Hub (Jakarta),483.3,1200,19.76,2.8,60.2,IN_TRANSIT,YES,SHP-20260731-00991
2026-07-01 15:22:00,TRK-097,Rute-K,Gudang West (Tangerang),484.2,1200,20.2,0.4,60.8,DELAYED,NO,SHP-20260701-00992
2026-07-02 17:33:00,TRK-100,Rute-P,Cikarang Industrial Hub,485.0,1200,20.64,0.6,61.5,LOADED,YES,SHP-20260702-00993
2026-07-03 10:44:00,TRK-103,Rute-C,Bogor Transit Hub,485.9,1200,21.08,0.7,62.1,RETURNING,NO,SHP-20260703-00994
2026-07-04 13:55:00,TRK-106,Rute-H,Depok Hub,486.8,1400,21.52,0.9,62.7,DELIVERED,YES,SHP-20260704-00995
2026-07-05 17:06:00,TRK-109,Rute-M,Bekasi Logistics Hub,487.7,1200,21.96,1.0,63.3,IN_TRANSIT,YES,SHP-20260705-00996
2026-07-06 10:17:00,TRK-112,Rute-R,Petamburan Hub,488.6,1200,22.4,1.2,63.9,DELAYED,NO,SHP-20260706-00997
2026-07-07 13:28:00,TRK-115,Rute-E,Grogol Hub (Jakbar),489.4,1200,22.84,1.4,64.6,LOADED,YES,SHP-20260707-00998
2026-07-08 15:39:00,TRK-118,Rute-J,Central Hub (Jakarta),490.3,1200,23.28,1.5,65.2,RETURNING,NO,SHP-20260708-00999
2026-07-09 08:50:00,TRK-121,Rute-O,Gudang West (Tangerang),491.2,1400,23.72,1.7,65.8,DELIVERED,YES,SHP-20260709-01000
2026-07-10 12:01:00,TRK-124,Rute-B,Cikarang Industrial Hub,492.1,1200,24.16,1.8,66.4,IN_TRANSIT,YES,SHP-20260710-01001
2026-07-11 15:12:00,TRK-127,Rute-G,Bogor Transit Hub,493.0,1200,24.6,2.0,67.0,DELAYED,NO,SHP-20260711-01002
2026-07-12 18:23:00,TRK-130,Rute-L,Depok Hub,493.8,1200,25.04,2.2,67.7,LOADED,YES,SHP-20260712-01003
2026-07-13 10:34:00,TRK-133,Rute-Q,Bekasi Logistics Hub,494.7,1200,25.48,2.3,68.3,RETURNING,NO,SHP-20260713-01004
2026-07-14 13:45:00,TRK-136,Rute-D,Petamburan Hub,495.6,1400,25.92,2.5,68.9,DELIVERED,YES,SHP-20260714-01005
2026-07-15 16:56:00,TRK-139,Rute-I,Grogol Hub (Jakbar),496.5,1200,26.36,2.6,69.5,IN_TRANSIT,YES,SHP-20260715-01006
2026-07-16 10:07:00,TRK-142,Rute-N,Central Hub (Jakarta),497.4,1200,26.8,2.8,70.1,DELAYED,NO,SHP-20260716-01007
2026-07-17 13:18:00,TRK-145,Rute-A,Gudang West (Tangerang),498.2,1200,11.4,0.4,70.8,LOADED,YES,SHP-20260717-01008
2026-07-18 16:29:00,TRK-148,Rute-F,Cikarang Industrial Hub,499.1,1200,11.84,0.6,71.4,RETURNING,NO,SHP-20260718-01009
2026-07-19 08:40:00,TRK-151,Rute-K,Bogor Transit Hub,500.0,1400,12.28,0.7,72.0,DELIVERED,YES,SHP-20260719-01010
2026-07-20 11:51:00,TRK-154,Rute-P,Depok Hub,500.9,1200,12.72,0.9,72.6,IN_TRANSIT,YES,SHP-20260720-01011
2026-07-21 15:02:00,TRK-157,Rute-C,Bekasi Logistics Hub,501.8,1200,13.16,1.0,73.2,DELAYED,NO,SHP-20260721-01012
2026-07-22 18:13:00,TRK-160,Rute-H,Petamburan Hub,502.6,1200,13.6,1.2,73.9,LOADED,YES,SHP-20260722-01013
2026-07-23 11:24:00,TRK-163,Rute-M,Grogol Hub (Jakbar),503.5,1200,14.04,1.4,74.5,RETURNING,NO,SHP-20260723-01014
2026-07-24 13:35:00,TRK-166,Rute-R,Central Hub (Jakarta),504.4,1400,14.48,1.5,75.1,DELIVERED,YES,SHP-20260724-01015
2026-07-25 16:46:00,TRK-169,Rute-E,Gudang West (Tangerang),505.3,1200,14.92,1.7,75.7,IN_TRANSIT,YES,SHP-20260725-01016
2026-07-26 09:57:00,TRK-172,Rute-J,Cikarang Industrial Hub,506.2,1200,15.36,1.8,76.3,DELAYED,NO,SHP-20260726-01017
2026-07-27 13:08:00,TRK-175,Rute-O,Bogor Transit Hub,507.0,1200,15.8,2.0,77.0,LOADED,YES,SHP-20260727-01018
2026-07-28 16:19:00,TRK-178,Rute-B,Depok Hub,507.9,1200,16.24,2.2,77.6,RETURNING,NO,SHP-20260728-01019
2026-07-29 08:30:00,TRK-001,Rute-G,Bekasi Logistics Hub,508.8,1400,16.68,2.3,78.2,DELIVERED,YES,SHP-20260729-01020
2026-07-30 11:41:00,TRK-004,Rute-L,Petamburan Hub,509.7,1200,17.12,2.5,78.8,IN_TRANSIT,YES,SHP-20260730-01021
2026-07-31 14:52:00,TRK-007,Rute-Q,Grogol Hub (Jakbar),510.6,1200,17.56,2.6,79.4,DELAYED,NO,SHP-20260731-01022
2026-07-01 18:03:00,TRK-010,Rute-D,Central Hub (Jakarta),511.4,1200,18.0,2.8,80.1,LOADED,YES,SHP-20260701-01023
2026-07-02 11:14:00,TRK-013,Rute-I,Gudang West (Tangerang),512.3,1200,18.44,0.4,80.7,RETURNING,NO,SHP-20260702-01024
2026-07-03 14:25:00,TRK-016,Rute-N,Cikarang Industrial Hub,513.2,1400,18.88,0.6,81.3,DELIVERED,YES,SHP-20260703-01025
2026-07-04 16:36:00,TRK-019,Rute-A,Bogor Transit Hub,514.1,1200,19.32,0.7,81.9,IN_TRANSIT,YES,SHP-20260704-01026
2026-07-05 09:47:00,TRK-022,Rute-F,Depok Hub,515.0,1200,19.76,0.9,82.5,DELAYED,NO,SHP-20260705-01027
2026-07-06 12:58:00,TRK-025,Rute-K,Bekasi Logistics Hub,515.8,1200,20.2,1.0,83.2,LOADED,YES,SHP-20260706-01028
2026-07-07 16:09:00,TRK-028,Rute-P,Petamburan Hub,516.7,1200,20.64,1.2,83.8,RETURNING,NO,SHP-20260707-01029
2026-07-08 09:20:00,TRK-031,Rute-C,Grogol Hub (Jakbar),517.6,1400,21.08,1.4,84.4,DELIVERED,YES,SHP-20260708-01030
2026-07-09 11:31:00,TRK-034,Rute-H,Central Hub (Jakarta),518.5,1200,21.52,1.5,85.0,IN_TRANSIT,YES,SHP-20260709-01031
2026-07-10 14:42:00,TRK-037,Rute-M,Gudang West (Tangerang),519.4,1200,21.96,1.7,85.6,DELAYED,NO,SHP-20260710-01032
2026-07-11 17:53:00,TRK-040,Rute-R,Cikarang Industrial Hub,520.2,1200,22.4,1.8,86.3,LOADED,YES,SHP-20260711-01033
2026-07-12 11:04:00,TRK-043,Rute-E,Bogor Transit Hub,521.1,1200,22.84,2.0,86.9,RETURNING,NO,SHP-20260712-01034
2026-07-13 14:15:00,TRK-046,Rute-J,Depok Hub,522.0,1400,23.28,2.2,87.5,DELIVERED,YES,SHP-20260713-01035
2026-07-14 17:26:00,TRK-049,Rute-O,Bekasi Logistics Hub,522.9,1200,23.72,2.3,88.1,IN_TRANSIT,YES,SHP-20260714-01036
2026-07-15 09:37:00,TRK-052,Rute-B,Petamburan Hub,523.8,1200,24.16,2.5,88.7,DELAYED,NO,SHP-20260715-01037
2026-07-16 12:48:00,TRK-055,Rute-G,Grogol Hub (Jakbar),524.6,1200,24.6,2.6,89.4,LOADED,YES,SHP-20260716-01038
2026-07-17 15:59:00,TRK-058,Rute-L,Central Hub (Jakarta),525.5,1200,25.04,2.8,90.0,RETURNING,NO,SHP-20260717-01039
2026-07-18 09:10:00,TRK-061,Rute-Q,Gudang West (Tangerang),526.4,1400,25.48,0.4,10.0,DELIVERED,YES,SHP-20260718-01040
2026-07-19 12:21:00,TRK-064,Rute-D,Cikarang Industrial Hub,527.3,1200,25.92,0.6,10.6,IN_TRANSIT,YES,SHP-20260719-01041
2026-07-20 14:32:00,TRK-067,Rute-I,Bogor Transit Hub,528.2,1200,26.36,0.7,11.2,DELAYED,NO,SHP-20260720-01042
2026-07-21 17:43:00,TRK-070,Rute-N,Depok Hub,529.0,1200,26.8,0.9,11.9,LOADED,YES,SHP-20260721-01043
2026-07-22 10:54:00,TRK-073,Rute-A,Bekasi Logistics Hub,529.9,1200,11.4,1.0,12.5,RETURNING,NO,SHP-20260722-01044
2026-07-23 14:05:00,TRK-076,Rute-F,Petamburan Hub,530.8,1400,11.84,1.2,13.1,DELIVERED,YES,SHP-20260723-01045
2026-07-24 17:16:00,TRK-079,Rute-K,Grogol Hub (Jakbar),531.7,1200,12.28,1.4,13.7,IN_TRANSIT,YES,SHP-20260724-01046
2026-07-25 10:27:00,TRK-082,Rute-P,Central Hub (Jakarta),532.6,1200,12.72,1.5,14.3,DELAYED,NO,SHP-20260725-01047
2026-07-26 12:38:00,TRK-085,Rute-C,Gudang West (Tangerang),533.4,1200,13.16,1.7,15.0,LOADED,YES,SHP-20260726-01048
2026-07-27 15:49:00,TRK-088,Rute-H,Cikarang Industrial Hub,534.3,1200,13.6,1.8,15.6,RETURNING,NO,SHP-20260727-01049
2026-07-28 09:00:00,TRK-091,Rute-M,Bogor Transit Hub,535.2,1400,14.04,2.0,16.2,DELIVERED,YES,SHP-20260728-01050
2026-07-29 12:11:00,TRK-094,Rute-R,Depok Hub,536.1,1200,14.48,2.2,16.8,IN_TRANSIT,YES,SHP-20260729-01051
2026-07-30 15:22:00,TRK-097,Rute-E,Bekasi Logistics Hub,537.0,1200,14.92,2.3,17.4,DELAYED,NO,SHP-20260730-01052
2026-07-31 17:33:00,TRK-100,Rute-J,Petamburan Hub,537.8,1200,15.36,2.5,18.1,LOADED,YES,SHP-20260731-01053
2026-07-01 10:44:00,TRK-103,Rute-O,Grogol Hub (Jakbar),538.7,1200,15.8,2.6,18.7,RETURNING,NO,SHP-20260701-01054
2026-07-02 13:55:00,TRK-106,Rute-B,Central Hub (Jakarta),539.6,1400,16.24,2.8,19.3,DELIVERED,YES,SHP-20260702-01055
2026-07-03 17:06:00,TRK-109,Rute-G,Gudang West (Tangerang),540.5,1200,16.68,0.4,19.9,IN_TRANSIT,YES,SHP-20260703-01056
2026-07-04 10:17:00,TRK-112,Rute-L,Cikarang Industrial Hub,541.4,1200,17.12,0.6,20.5,DELAYED,NO,SHP-20260704-01057
2026-07-05 13:28:00,TRK-115,Rute-Q,Bogor Transit Hub,542.2,1200,17.56,0.7,21.2,LOADED,YES,SHP-20260705-01058
2026-07-06 15:39:00,TRK-118,Rute-D,Depok Hub,543.1,1200,18.0,0.9,21.8,RETURNING,NO,SHP-20260706-01059
2026-07-07 08:50:00,TRK-121,Rute-I,Bekasi Logistics Hub,544.0,1400,18.44,1.0,22.4,DELIVERED,YES,SHP-20260707-01060
2026-07-08 12:01:00,TRK-124,Rute-N,Petamburan Hub,544.9,1200,18.88,1.2,23.0,IN_TRANSIT,YES,SHP-20260708-01061
2026-07-09 15:12:00,TRK-127,Rute-A,Grogol Hub (Jakbar),545.8,1200,19.32,1.4,23.6,DELAYED,NO,SHP-20260709-01062
2026-07-10 18:23:00,TRK-130,Rute-F,Central Hub (Jakarta),546.6,1200,19.76,1.5,24.3,LOADED,YES,SHP-20260710-01063
2026-07-11 10:34:00,TRK-133,Rute-K,Gudang West (Tangerang),547.5,1200,20.2,1.7,24.9,RETURNING,NO,SHP-20260711-01064
2026-07-12 13:45:00,TRK-136,Rute-P,Cikarang Industrial Hub,548.4,1400,20.64,1.8,25.5,DELIVERED,YES,SHP-20260712-01065
2026-07-13 16:56:00,TRK-139,Rute-C,Bogor Transit Hub,549.3,1200,21.08,2.0,26.1,IN_TRANSIT,YES,SHP-20260713-01066
2026-07-14 10:07:00,TRK-142,Rute-H,Depok Hub,550.2,1200,21.52,2.2,26.7,DELAYED,NO,SHP-20260714-01067
2026-07-15 13:18:00,TRK-145,Rute-M,Bekasi Logistics Hub,551.0,1200,21.96,2.3,27.4,LOADED,YES,SHP-20260715-01068
2026-07-16 16:29:00,TRK-148,Rute-R,Petamburan Hub,551.9,1200,22.4,2.5,28.0,RETURNING,NO,SHP-20260716-01069
2026-07-17 08:40:00,TRK-151,Rute-E,Grogol Hub (Jakbar),552.8,1400,22.84,2.6,28.6,DELIVERED,YES,SHP-20260717-01070
2026-07-18 11:51:00,TRK-154,Rute-J,Central Hub (Jakarta),553.7,1200,23.28,2.8,29.2,IN_TRANSIT,YES,SHP-20260718-01071
2026-07-19 15:02:00,TRK-157,Rute-O,Gudang West (Tangerang),554.6,1200,23.72,0.4,29.8,DELAYED,NO,SHP-20260719-01072
2026-07-20 18:13:00,TRK-160,Rute-B,Cikarang Industrial Hub,555.4,1200,24.16,0.6,30.5,LOADED,YES,SHP-20260720-01073
2026-07-21 11:24:00,TRK-163,Rute-G,Bogor Transit Hub,556.3,1200,24.6,0.7,31.1,RETURNING,NO,SHP-20260721-01074
2026-07-22 13:35:00,TRK-166,Rute-L,Depok Hub,557.2,1400,25.04,0.9,31.7,DELIVERED,YES,SHP-20260722-01075
2026-07-23 16:46:00,TRK-169,Rute-Q,Bekasi Logistics Hub,558.1,1200,25.48,1.0,32.3,IN_TRANSIT,YES,SHP-20260723-01076
2026-07-24 09:57:00,TRK-172,Rute-D,Petamburan Hub,559.0,1200,25.92,1.2,32.9,DELAYED,NO,SHP-20260724-01077
2026-07-25 13:08:00,TRK-175,Rute-I,Grogol Hub (Jakbar),559.8,1200,26.36,1.4,33.6,LOADED,YES,SHP-20260725-01078
2026-07-26 16:19:00,TRK-178,Rute-N,Central Hub (Jakarta),560.7,1200,26.8,1.5,34.2,RETURNING,NO,SHP-20260726-01079
2026-07-27 08:30:00,TRK-001,Rute-A,Gudang West (Tangerang),561.6,1400,11.4,1.7,34.8,DELIVERED,YES,SHP-20260727-01080
2026-07-28 11:41:00,TRK-004,Rute-F,Cikarang Industrial Hub,562.5,1200,11.84,1.8,35.4,IN_TRANSIT,YES,SHP-20260728-01081
2026-07-29 14:52:00,TRK-007,Rute-K,Bogor Transit Hub,563.4,1200,12.28,2.0,36.0,DELAYED,NO,SHP-20260729-01082
2026-07-30 18:03:00,TRK-010,Rute-P,Depok Hub,564.2,1200,12.72,2.2,36.7,LOADED,YES,SHP-20260730-01083
2026-07-31 11:14:00,TRK-013,Rute-C,Bekasi Logistics Hub,565.1,1200,13.16,2.3,37.3,RETURNING,NO,SHP-20260731-01084
2026-07-01 14:25:00,TRK-016,Rute-H,Petamburan Hub,566.0,1400,13.6,2.5,37.9,DELIVERED,YES,SHP-20260701-01085
2026-07-02 16:36:00,TRK-019,Rute-M,Grogol Hub (Jakbar),566.9,1200,14.04,2.6,38.5,IN_TRANSIT,YES,SHP-20260702-01086
2026-07-03 09:47:00,TRK-022,Rute-R,Central Hub (Jakarta),567.8,1200,14.48,2.8,39.1,DELAYED,NO,SHP-20260703-01087
2026-07-04 12:58:00,TRK-025,Rute-E,Gudang West (Tangerang),568.6,1200,14.92,0.4,39.8,LOADED,YES,SHP-20260704-01088
2026-07-05 16:09:00,TRK-028,Rute-J,Cikarang Industrial Hub,569.5,1200,15.36,0.6,40.4,RETURNING,NO,SHP-20260705-01089
2026-07-06 09:20:00,TRK-031,Rute-O,Bogor Transit Hub,570.4,1400,15.8,0.7,41.0,DELIVERED,YES,SHP-20260706-01090
2026-07-07 11:31:00,TRK-034,Rute-B,Depok Hub,571.3,1200,16.24,0.9,41.6,IN_TRANSIT,YES,SHP-20260707-01091
2026-07-08 14:42:00,TRK-037,Rute-G,Bekasi Logistics Hub,572.2,1200,16.68,1.0,42.2,DELAYED,NO,SHP-20260708-01092
2026-07-09 17:53:00,TRK-040,Rute-L,Petamburan Hub,573.0,1200,17.12,1.2,42.9,LOADED,YES,SHP-20260709-01093
2026-07-10 11:04:00,TRK-043,Rute-Q,Grogol Hub (Jakbar),573.9,1200,17.56,1.4,43.5,RETURNING,NO,SHP-20260710-01094
2026-07-11 14:15:00,TRK-046,Rute-D,Central Hub (Jakarta),574.8,1400,18.0,1.5,44.1,DELIVERED,YES,SHP-20260711-01095
2026-07-12 17:26:00,TRK-049,Rute-I,Gudang West (Tangerang),575.7,1200,18.44,1.7,44.7,IN_TRANSIT,YES,SHP-20260712-01096
2026-07-13 09:37:00,TRK-052,Rute-N,Cikarang Industrial Hub,576.6,1200,18.88,1.8,45.3,DELAYED,NO,SHP-20260713-01097
2026-07-14 12:48:00,TRK-055,Rute-A,Bogor Transit Hub,577.4,1200,19.32,2.0,46.0,LOADED,YES,SHP-20260714-01098
2026-07-15 15:59:00,TRK-058,Rute-F,Depok Hub,578.3,1200,19.76,2.2,46.6,RETURNING,NO,SHP-20260715-01099
2026-07-16 09:10:00,TRK-061,Rute-K,Bekasi Logistics Hub,579.2,1400,20.2,2.3,47.2,DELIVERED,YES,SHP-20260716-01100
2026-07-17 12:21:00,TRK-064,Rute-P,Petamburan Hub,580.1,1200,20.64,2.5,47.8,IN_TRANSIT,YES,SHP-20260717-01101
2026-07-18 14:32:00,TRK-067,Rute-C,Grogol Hub (Jakbar),581.0,1200,21.08,2.6,48.4,DELAYED,NO,SHP-20260718-01102
2026-07-19 17:43:00,TRK-070,Rute-H,Central Hub (Jakarta),581.8,1200,21.52,2.8,49.1,LOADED,YES,SHP-20260719-01103
2026-07-20 10:54:00,TRK-073,Rute-M,Gudang West (Tangerang),582.7,1200,21.96,0.4,49.7,RETURNING,NO,SHP-20260720-01104
2026-07-21 14:05:00,TRK-076,Rute-R,Cikarang Industrial Hub,583.6,1400,22.4,0.6,50.3,DELIVERED,YES,SHP-20260721-01105
2026-07-22 17:16:00,TRK-079,Rute-E,Bogor Transit Hub,584.5,1200,22.84,0.7,50.9,IN_TRANSIT,YES,SHP-20260722-01106
2026-07-23 10:27:00,TRK-082,Rute-J,Depok Hub,585.4,1200,23.28,0.9,51.5,DELAYED,NO,SHP-20260723-01107
2026-07-24 12:38:00,TRK-085,Rute-O,Bekasi Logistics Hub,586.2,1200,23.72,1.0,52.2,LOADED,YES,SHP-20260724-01108
2026-07-25 15:49:00,TRK-088,Rute-B,Petamburan Hub,587.1,1200,24.16,1.2,52.8,RETURNING,NO,SHP-20260725-01109
2026-07-26 09:00:00,TRK-091,Rute-G,Grogol Hub (Jakbar),588.0,1400,24.6,1.4,53.4,DELIVERED,YES,SHP-20260726-01110
2026-07-27 12:11:00,TRK-094,Rute-L,Central Hub (Jakarta),588.9,1200,25.04,1.5,54.0,IN_TRANSIT,YES,SHP-20260727-01111
2026-07-28 15:22:00,TRK-097,Rute-Q,Gudang West (Tangerang),589.8,1200,25.48,1.7,54.6,DELAYED,NO,SHP-20260728-01112
2026-07-29 17:33:00,TRK-100,Rute-D,Cikarang Industrial Hub,590.6,1200,25.92,1.8,55.3,LOADED,YES,SHP-20260729-01113
2026-07-30 10:44:00,TRK-103,Rute-I,Bogor Transit Hub,591.5,1200,26.36,2.0,55.9,RETURNING,NO,SHP-20260730-01114
2026-07-31 13:55:00,TRK-106,Rute-N,Depok Hub,592.4,1400,26.8,2.2,56.5,DELIVERED,YES,SHP-20260731-01115
2026-07-01 17:06:00,TRK-109,Rute-A,Bekasi Logistics Hub,593.3,1200,11.4,2.3,57.1,IN_TRANSIT,YES,SHP-20260701-01116
2026-07-02 10:17:00,TRK-112,Rute-F,Petamburan Hub,594.2,1200,11.84,2.5,57.7,DELAYED,NO,SHP-20260702-01117
2026-07-03 13:28:00,TRK-115,Rute-K,Grogol Hub (Jakbar),595.0,1200,12.28,2.6,58.4,LOADED,YES,SHP-20260703-01118
2026-07-04 15:39:00,TRK-118,Rute-P,Central Hub (Jakarta),595.9,1200,12.72,2.8,59.0,RETURNING,NO,SHP-20260704-01119
2026-07-05 08:50:00,TRK-121,Rute-C,Gudang West (Tangerang),596.8,1400,13.16,0.4,59.6,DELIVERED,YES,SHP-20260705-01120
2026-07-06 12:01:00,TRK-124,Rute-H,Cikarang Industrial Hub,597.7,1200,13.6,0.6,60.2,IN_TRANSIT,YES,SHP-20260706-01121
2026-07-07 15:12:00,TRK-127,Rute-M,Bogor Transit Hub,598.6,1200,14.04,0.7,60.8,DELAYED,NO,SHP-20260707-01122
2026-07-08 18:23:00,TRK-130,Rute-R,Depok Hub,599.4,1200,14.48,0.9,61.5,LOADED,YES,SHP-20260708-01123
2026-07-09 10:34:00,TRK-133,Rute-E,Bekasi Logistics Hub,600.3,1200,14.92,1.0,62.1,RETURNING,NO,SHP-20260709-01124
2026-07-10 13:45:00,TRK-136,Rute-J,Petamburan Hub,601.2,1400,15.36,1.2,62.7,DELIVERED,YES,SHP-20260710-01125
2026-07-11 16:56:00,TRK-139,Rute-O,Grogol Hub (Jakbar),602.1,1200,15.8,1.4,63.3,IN_TRANSIT,YES,SHP-20260711-01126
2026-07-12 10:07:00,TRK-142,Rute-B,Central Hub (Jakarta),603.0,1200,16.24,1.5,63.9,DELAYED,NO,SHP-20260712-01127
2026-07-13 13:18:00,TRK-145,Rute-G,Gudang West (Tangerang),603.8,1200,16.68,1.7,64.6,LOADED,YES,SHP-20260713-01128
2026-07-14 16:29:00,TRK-148,Rute-L,Cikarang Industrial Hub,604.7,1200,17.12,1.8,65.2,RETURNING,NO,SHP-20260714-01129
2026-07-15 08:40:00,TRK-151,Rute-Q,Bogor Transit Hub,605.6,1400,17.56,2.0,65.8,DELIVERED,YES,SHP-20260715-01130
2026-07-16 11:51:00,TRK-154,Rute-D,Depok Hub,606.5,1200,18.0,2.2,66.4,IN_TRANSIT,YES,SHP-20260716-01131
2026-07-17 15:02:00,TRK-157,Rute-I,Bekasi Logistics Hub,607.4,1200,18.44,2.3,67.0,DELAYED,NO,SHP-20260717-01132
2026-07-18 18:13:00,TRK-160,Rute-N,Petamburan Hub,608.2,1200,18.88,2.5,67.7,LOADED,YES,SHP-20260718-01133
2026-07-19 11:24:00,TRK-163,Rute-A,Grogol Hub (Jakbar),609.1,1200,19.32,2.6,68.3,RETURNING,NO,SHP-20260719-01134
2026-07-20 13:35:00,TRK-166,Rute-F,Central Hub (Jakarta),610.0,1400,19.76,2.8,68.9,DELIVERED,YES,SHP-20260720-01135
2026-07-21 16:46:00,TRK-169,Rute-K,Gudang West (Tangerang),610.9,1200,20.2,0.4,69.5,IN_TRANSIT,YES,SHP-20260721-01136
2026-07-22 09:57:00,TRK-172,Rute-P,Cikarang Industrial Hub,611.8,1200,20.64,0.6,70.1,DELAYED,NO,SHP-20260722-01137
2026-07-23 13:08:00,TRK-175,Rute-C,Bogor Transit Hub,612.6,1200,21.08,0.7,70.8,LOADED,YES,SHP-20260723-01138
2026-07-24 16:19:00,TRK-178,Rute-H,Depok Hub,613.5,1200,21.52,0.9,71.4,RETURNING,NO,SHP-20260724-01139
2026-07-25 08:30:00,TRK-001,Rute-M,Bekasi Logistics Hub,614.4,1400,21.96,1.0,72.0,DELIVERED,YES,SHP-20260725-01140
2026-07-26 11:41:00,TRK-004,Rute-R,Petamburan Hub,615.3,1200,22.4,1.2,72.6,IN_TRANSIT,YES,SHP-20260726-01141
2026-07-27 14:52:00,TRK-007,Rute-E,Grogol Hub (Jakbar),616.2,1200,22.84,1.4,73.2,DELAYED,NO,SHP-20260727-01142
2026-07-28 18:03:00,TRK-010,Rute-J,Central Hub (Jakarta),617.0,1200,23.28,1.5,73.9,LOADED,YES,SHP-20260728-01143
2026-07-29 11:14:00,TRK-013,Rute-O,Gudang West (Tangerang),617.9,1200,23.72,1.7,74.5,RETURNING,NO,SHP-20260729-01144
2026-07-30 14:25:00,TRK-016,Rute-B,Cikarang Industrial Hub,618.8,1400,24.16,1.8,75.1,DELIVERED,YES,SHP-20260730-01145
2026-07-31 16:36:00,TRK-019,Rute-G,Bogor Transit Hub,619.7,1200,24.6,2.0,75.7,IN_TRANSIT,YES,SHP-20260731-01146
2026-07-01 09:47:00,TRK-022,Rute-L,Depok Hub,620.6,1200,25.04,2.2,76.3,DELAYED,NO,SHP-20260701-01147
2026-07-02 12:58:00,TRK-025,Rute-Q,Bekasi Logistics Hub,621.4,1200,25.48,2.3,77.0,LOADED,YES,SHP-20260702-01148
2026-07-03 16:09:00,TRK-028,Rute-D,Petamburan Hub,622.3,1200,25.92,2.5,77.6,RETURNING,NO,SHP-20260703-01149
2026-07-04 09:20:00,TRK-031,Rute-I,Grogol Hub (Jakbar),623.2,1400,26.36,2.6,78.2,DELIVERED,YES,SHP-20260704-01150
2026-07-05 11:31:00,TRK-034,Rute-N,Central Hub (Jakarta),624.1,1200,26.8,2.8,78.8,IN_TRANSIT,YES,SHP-20260705-01151
2026-07-06 14:42:00,TRK-037,Rute-A,Gudang West (Tangerang),625.0,1200,11.4,0.4,79.4,DELAYED,NO,SHP-20260706-01152
2026-07-07 17:53:00,TRK-040,Rute-F,Cikarang Industrial Hub,625.8,1200,11.84,0.6,80.1,LOADED,YES,SHP-20260707-01153
2026-07-08 11:04:00,TRK-043,Rute-K,Bogor Transit Hub,626.7,1200,12.28,0.7,80.7,RETURNING,NO,SHP-20260708-01154
2026-07-09 14:15:00,TRK-046,Rute-P,Depok Hub,627.6,1400,12.72,0.9,81.3,DELIVERED,YES,SHP-20260709-01155
2026-07-10 17:26:00,TRK-049,Rute-C,Bekasi Logistics Hub,628.5,1200,13.16,1.0,81.9,IN_TRANSIT,YES,SHP-20260710-01156
2026-07-11 09:37:00,TRK-052,Rute-H,Petamburan Hub,629.4,1200,13.6,1.2,82.5,DELAYED,NO,SHP-20260711-01157
2026-07-12 12:48:00,TRK-055,Rute-M,Grogol Hub (Jakbar),630.2,1200,14.04,1.4,83.2,LOADED,YES,SHP-20260712-01158
2026-07-13 15:59:00,TRK-058,Rute-R,Central Hub (Jakarta),631.1,1200,14.48,1.5,83.8,RETURNING,NO,SHP-20260713-01159
2026-07-14 09:10:00,TRK-061,Rute-E,Gudang West (Tangerang),632.0,1400,14.92,1.7,84.4,DELIVERED,YES,SHP-20260714-01160
2026-07-15 12:21:00,TRK-064,Rute-J,Cikarang Industrial Hub,632.9,1200,15.36,1.8,85.0,IN_TRANSIT,YES,SHP-20260715-01161
2026-07-16 14:32:00,TRK-067,Rute-O,Bogor Transit Hub,633.8,1200,15.8,2.0,85.6,DELAYED,NO,SHP-20260716-01162
2026-07-17 17:43:00,TRK-070,Rute-B,Depok Hub,634.6,1200,16.24,2.2,86.3,LOADED,YES,SHP-20260717-01163
2026-07-18 10:54:00,TRK-073,Rute-G,Bekasi Logistics Hub,635.5,1200,16.68,2.3,86.9,RETURNING,NO,SHP-20260718-01164
2026-07-19 14:05:00,TRK-076,Rute-L,Petamburan Hub,636.4,1400,17.12,2.5,87.5,DELIVERED,YES,SHP-20260719-01165
2026-07-20 17:16:00,TRK-079,Rute-Q,Grogol Hub (Jakbar),637.3,1200,17.56,2.6,88.1,IN_TRANSIT,YES,SHP-20260720-01166
2026-07-21 10:27:00,TRK-082,Rute-D,Central Hub (Jakarta),638.2,1200,18.0,2.8,88.7,DELAYED,NO,SHP-20260721-01167
2026-07-22 12:38:00,TRK-085,Rute-I,Gudang West (Tangerang),639.0,1200,18.44,0.4,89.4,LOADED,YES,SHP-20260722-01168
2026-07-23 15:49:00,TRK-088,Rute-N,Cikarang Industrial Hub,639.9,1200,18.88,0.6,90.0,RETURNING,NO,SHP-20260723-01169
2026-07-24 09:00:00,TRK-091,Rute-A,Bogor Transit Hub,640.8,1400,19.32,0.7,10.0,DELIVERED,YES,SHP-20260724-01170
2026-07-25 12:11:00,TRK-094,Rute-F,Depok Hub,641.7,1200,19.76,0.9,10.6,IN_TRANSIT,YES,SHP-20260725-01171
2026-07-26 15:22:00,TRK-097,Rute-K,Bekasi Logistics Hub,642.6,1200,20.2,1.0,11.2,DELAYED,NO,SHP-20260726-01172
2026-07-27 17:33:00,TRK-100,Rute-P,Petamburan Hub,643.4,1200,20.64,1.2,11.9,LOADED,YES,SHP-20260727-01173
2026-07-28 10:44:00,TRK-103,Rute-C,Grogol Hub (Jakbar),644.3,1200,21.08,1.4,12.5,RETURNING,NO,SHP-20260728-01174
2026-07-29 13:55:00,TRK-106,Rute-H,Central Hub (Jakarta),645.2,1400,21.52,1.5,13.1,DELIVERED,YES,SHP-20260729-01175
2026-07-30 17:06:00,TRK-109,Rute-M,Gudang West (Tangerang),646.1,1200,21.96,1.7,13.7,IN_TRANSIT,YES,SHP-20260730-01176
2026-07-31 10:17:00,TRK-112,Rute-R,Cikarang Industrial Hub,647.0,1200,22.4,1.8,14.3,DELAYED,NO,SHP-20260731-01177
2026-07-01 13:28:00,TRK-115,Rute-E,Bogor Transit Hub,647.8,1200,22.84,2.0,15.0,LOADED,YES,SHP-20260701-01178
2026-07-02 15:39:00,TRK-118,Rute-J,Depok Hub,648.7,1200,23.28,2.2,15.6,RETURNING,NO,SHP-20260702-01179
2026-07-03 08:50:00,TRK-121,Rute-O,Bekasi Logistics Hub,649.6,1400,23.72,2.3,16.2,DELIVERED,YES,SHP-20260703-01180
2026-07-04 12:01:00,TRK-124,Rute-B,Petamburan Hub,650.5,1200,24.16,2.5,16.8,IN_TRANSIT,YES,SHP-20260704-01181
2026-07-05 15:12:00,TRK-127,Rute-G,Grogol Hub (Jakbar),651.4,1200,24.6,2.6,17.4,DELAYED,NO,SHP-20260705-01182
2026-07-06 18:23:00,TRK-130,Rute-L,Central Hub (Jakarta),652.2,1200,25.04,2.8,18.1,LOADED,YES,SHP-20260706-01183
2026-07-07 10:34:00,TRK-133,Rute-Q,Gudang West (Tangerang),653.1,1200,25.48,0.4,18.7,RETURNING,NO,SHP-20260707-01184
2026-07-08 13:45:00,TRK-136,Rute-D,Cikarang Industrial Hub,654.0,1400,25.92,0.6,19.3,DELIVERED,YES,SHP-20260708-01185
2026-07-09 16:56:00,TRK-139,Rute-I,Bogor Transit Hub,654.9,1200,26.36,0.7,19.9,IN_TRANSIT,YES,SHP-20260709-01186
2026-07-10 10:07:00,TRK-142,Rute-N,Depok Hub,655.8,1200,26.8,0.9,20.5,DELAYED,NO,SHP-20260710-01187
2026-07-11 13:18:00,TRK-145,Rute-A,Bekasi Logistics Hub,656.6,1200,11.4,1.0,21.2,LOADED,YES,SHP-20260711-01188
2026-07-12 16:29:00,TRK-148,Rute-F,Petamburan Hub,657.5,1200,11.84,1.2,21.8,RETURNING,NO,SHP-20260712-01189
2026-07-13 08:40:00,TRK-151,Rute-K,Grogol Hub (Jakbar),658.4,1400,12.28,1.4,22.4,DELIVERED,YES,SHP-20260713-01190
2026-07-14 11:51:00,TRK-154,Rute-P,Central Hub (Jakarta),659.3,1200,12.72,1.5,23.0,IN_TRANSIT,YES,SHP-20260714-01191
2026-07-15 15:02:00,TRK-157,Rute-C,Gudang West (Tangerang),660.2,1200,13.16,1.7,23.6,DELAYED,NO,SHP-20260715-01192
2026-07-16 18:13:00,TRK-160,Rute-H,Cikarang Industrial Hub,661.0,1200,13.6,1.8,24.3,LOADED,YES,SHP-20260716-01193
2026-07-17 11:24:00,TRK-163,Rute-M,Bogor Transit Hub,661.9,1200,14.04,2.0,24.9,RETURNING,NO,SHP-20260717-01194
2026-07-18 13:35:00,TRK-166,Rute-R,Depok Hub,662.8,1400,14.48,2.2,25.5,DELIVERED,YES,SHP-20260718-01195
2026-07-19 16:46:00,TRK-169,Rute-E,Bekasi Logistics Hub,663.7,1200,14.92,2.3,26.1,IN_TRANSIT,YES,SHP-20260719-01196
2026-07-20 09:57:00,TRK-172,Rute-J,Petamburan Hub,664.6,1200,15.36,2.5,26.7,DELAYED,NO,SHP-20260720-01197
2026-07-21 13:08:00,TRK-175,Rute-O,Grogol Hub (Jakbar),665.4,1200,15.8,2.6,27.4,LOADED,YES,SHP-20260721-01198
2026-07-22 16:19:00,TRK-178,Rute-B,Central Hub (Jakarta),666.3,1200,16.24,2.8,28.0,RETURNING,NO,SHP-20260722-01199
2026-07-23 08:30:00,TRK-001,Rute-G,Gudang West (Tangerang),667.2,1400,16.68,0.4,28.6,DELIVERED,YES,SHP-20260723-01200
2026-07-24 11:41:00,TRK-004,Rute-L,Cikarang Industrial Hub,668.1,1200,17.12,0.6,29.2,IN_TRANSIT,YES,SHP-20260724-01201
2026-07-25 14:52:00,TRK-007,Rute-Q,Bogor Transit Hub,669.0,1200,17.56,0.7,29.8,DELAYED,NO,SHP-20260725-01202
2026-07-26 18:03:00,TRK-010,Rute-D,Depok Hub,669.8,1200,18.0,0.9,30.5,LOADED,YES,SHP-20260726-01203
2026-07-27 11:14:00,TRK-013,Rute-I,Bekasi Logistics Hub,670.7,1200,18.44,1.0,31.1,RETURNING,NO,SHP-20260727-01204
2026-07-28 14:25:00,TRK-016,Rute-N,Petamburan Hub,671.6,1400,18.88,1.2,31.7,DELIVERED,YES,SHP-20260728-01205
2026-07-29 16:36:00,TRK-019,Rute-A,Grogol Hub (Jakbar),672.5,1200,19.32,1.4,32.3,IN_TRANSIT,YES,SHP-20260729-01206
2026-07-30 09:47:00,TRK-022,Rute-F,Central Hub (Jakarta),673.4,1200,19.76,1.5,32.9,DELAYED,NO,SHP-20260730-01207
2026-07-31 12:58:00,TRK-025,Rute-K,Gudang West (Tangerang),674.2,1200,20.2,1.7,33.6,LOADED,YES,SHP-20260731-01208
2026-07-01 16:09:00,TRK-028,Rute-P,Cikarang Industrial Hub,675.1,1200,20.64,1.8,34.2,RETURNING,NO,SHP-20260701-01209
2026-07-02 09:20:00,TRK-031,Rute-C,Bogor Transit Hub,676.0,1400,21.08,2.0,34.8,DELIVERED,YES,SHP-20260702-01210
2026-07-03 11:31:00,TRK-034,Rute-H,Depok Hub,676.9,1200,21.52,2.2,35.4,IN_TRANSIT,YES,SHP-20260703-01211
2026-07-04 14:42:00,TRK-037,Rute-M,Bekasi Logistics Hub,677.8,1200,21.96,2.3,36.0,DELAYED,NO,SHP-20260704-01212
2026-07-05 17:53:00,TRK-040,Rute-R,Petamburan Hub,678.6,1200,22.4,2.5,36.7,LOADED,YES,SHP-20260705-01213
2026-07-06 11:04:00,TRK-043,Rute-E,Grogol Hub (Jakbar),679.5,1200,22.84,2.6,37.3,RETURNING,NO,SHP-20260706-01214
2026-07-07 14:15:00,TRK-046,Rute-J,Central Hub (Jakarta),680.4,1400,23.28,2.8,37.9,DELIVERED,YES,SHP-20260707-01215
2026-07-08 17:26:00,TRK-049,Rute-O,Gudang West (Tangerang),681.3,1200,23.72,0.4,38.5,IN_TRANSIT,YES,SHP-20260708-01216
2026-07-09 09:37:00,TRK-052,Rute-B,Cikarang Industrial Hub,682.2,1200,24.16,0.6,39.1,DELAYED,NO,SHP-20260709-01217
2026-07-10 12:48:00,TRK-055,Rute-G,Bogor Transit Hub,683.0,1200,24.6,0.7,39.8,LOADED,YES,SHP-20260710-01218
2026-07-11 15:59:00,TRK-058,Rute-L,Depok Hub,683.9,1200,25.04,0.9,40.4,RETURNING,NO,SHP-20260711-01219
2026-07-12 09:10:00,TRK-061,Rute-Q,Bekasi Logistics Hub,684.8,1400,25.48,1.0,41.0,DELIVERED,YES,SHP-20260712-01220
2026-07-13 12:21:00,TRK-064,Rute-D,Petamburan Hub,685.7,1200,25.92,1.2,41.6,IN_TRANSIT,YES,SHP-20260713-01221
2026-07-14 14:32:00,TRK-067,Rute-I,Grogol Hub (Jakbar),686.6,1200,26.36,1.4,42.2,DELAYED,NO,SHP-20260714-01222
2026-07-15 17:43:00,TRK-070,Rute-N,Central Hub (Jakarta),687.4,1200,26.8,1.5,42.9,LOADED,YES,SHP-20260715-01223
2026-07-16 10:54:00,TRK-073,Rute-A,Gudang West (Tangerang),688.3,1200,11.4,1.7,43.5,RETURNING,NO,SHP-20260716-01224
2026-07-17 14:05:00,TRK-076,Rute-F,Cikarang Industrial Hub,689.2,1400,11.84,1.8,44.1,DELIVERED,YES,SHP-20260717-01225
2026-07-18 17:16:00,TRK-079,Rute-K,Bogor Transit Hub,690.1,1200,12.28,2.0,44.7,IN_TRANSIT,YES,SHP-20260718-01226
2026-07-19 10:27:00,TRK-082,Rute-P,Depok Hub,691.0,1200,12.72,2.2,45.3,DELAYED,NO,SHP-20260719-01227
2026-07-20 12:38:00,TRK-085,Rute-C,Bekasi Logistics Hub,691.8,1200,13.16,2.3,46.0,LOADED,YES,SHP-20260720-01228
2026-07-21 15:49:00,TRK-088,Rute-H,Petamburan Hub,692.7,1200,13.6,2.5,46.6,RETURNING,NO,SHP-20260721-01229
2026-07-22 09:00:00,TRK-091,Rute-M,Grogol Hub (Jakbar),693.6,1400,14.04,2.6,47.2,DELIVERED,YES,SHP-20260722-01230
2026-07-23 12:11:00,TRK-094,Rute-R,Central Hub (Jakarta),694.5,1200,14.48,2.8,47.8,IN_TRANSIT,YES,SHP-20260723-01231
2026-07-24 15:22:00,TRK-097,Rute-E,Gudang West (Tangerang),695.4,1200,14.92,0.4,48.4,DELAYED,NO,SHP-20260724-01232
2026-07-25 17:33:00,TRK-100,Rute-J,Cikarang Industrial Hub,696.2,1200,15.36,0.6,49.1,LOADED,YES,SHP-20260725-01233
2026-07-26 10:44:00,TRK-103,Rute-O,Bogor Transit Hub,697.1,1200,15.8,0.7,49.7,RETURNING,NO,SHP-20260726-01234
2026-07-27 13:55:00,TRK-106,Rute-B,Depok Hub,698.0,1400,16.24,0.9,50.3,DELIVERED,YES,SHP-20260727-01235
2026-07-28 17:06:00,TRK-109,Rute-G,Bekasi Logistics Hub,698.9,1200,16.68,1.0,50.9,IN_TRANSIT,YES,SHP-20260728-01236
2026-07-29 10:17:00,TRK-112,Rute-L,Petamburan Hub,699.8,1200,17.12,1.2,51.5,DELAYED,NO,SHP-20260729-01237
2026-07-30 13:28:00,TRK-115,Rute-Q,Grogol Hub (Jakbar),700.6,1200,17.56,1.4,52.2,LOADED,YES,SHP-20260730-01238
2026-07-31 15:39:00,TRK-118,Rute-D,Central Hub (Jakarta),701.5,1200,18.0,1.5,52.8,RETURNING,NO,SHP-20260731-01239
2026-07-01 08:50:00,TRK-121,Rute-I,Gudang West (Tangerang),702.4,1400,18.44,1.7,53.4,DELIVERED,YES,SHP-20260701-01240
2026-07-02 12:01:00,TRK-124,Rute-N,Cikarang Industrial Hub,703.3,1200,18.88,1.8,54.0,IN_TRANSIT,YES,SHP-20260702-01241
2026-07-03 15:12:00,TRK-127,Rute-A,Bogor Transit Hub,704.2,1200,19.32,2.0,54.6,DELAYED,NO,SHP-20260703-01242
2026-07-04 18:23:00,TRK-130,Rute-F,Depok Hub,705.0,1200,19.76,2.2,55.3,LOADED,YES,SHP-20260704-01243
2026-07-05 10:34:00,TRK-133,Rute-K,Bekasi Logistics Hub,705.9,1200,20.2,2.3,55.9,RETURNING,NO,SHP-20260705-01244
2026-07-06 13:45:00,TRK-136,Rute-P,Petamburan Hub,706.8,1400,20.64,2.5,56.5,DELIVERED,YES,SHP-20260706-01245
2026-07-07 16:56:00,TRK-139,Rute-C,Grogol Hub (Jakbar),707.7,1200,21.08,2.6,57.1,IN_TRANSIT,YES,SHP-20260707-01246
2026-07-08 10:07:00,TRK-142,Rute-H,Central Hub (Jakarta),708.6,1200,21.52,2.8,57.7,DELAYED,NO,SHP-20260708-01247
2026-07-09 13:18:00,TRK-145,Rute-M,Gudang West (Tangerang),709.4,1200,21.96,0.4,58.4,LOADED,YES,SHP-20260709-01248
2026-07-10 16:29:00,TRK-148,Rute-R,Cikarang Industrial Hub,710.3,1200,22.4,0.6,59.0,RETURNING,NO,SHP-20260710-01249
2026-07-11 08:40:00,TRK-151,Rute-E,Bogor Transit Hub,711.2,1400,22.84,0.7,59.6,DELIVERED,YES,SHP-20260711-01250
2026-07-12 11:51:00,TRK-154,Rute-J,Depok Hub,712.1,1200,23.28,0.9,60.2,IN_TRANSIT,YES,SHP-20260712-01251
2026-07-13 15:02:00,TRK-157,Rute-O,Bekasi Logistics Hub,713.0,1200,23.72,1.0,60.8,DELAYED,NO,SHP-20260713-01252
2026-07-14 18:13:00,TRK-160,Rute-B,Petamburan Hub,713.8,1200,24.16,1.2,61.5,LOADED,YES,SHP-20260714-01253
2026-07-15 11:24:00,TRK-163,Rute-G,Grogol Hub (Jakbar),714.7,1200,24.6,1.4,62.1,RETURNING,NO,SHP-20260715-01254
2026-07-16 13:35:00,TRK-166,Rute-L,Central Hub (Jakarta),715.6,1400,25.04,1.5,62.7,DELIVERED,YES,SHP-20260716-01255
2026-07-17 16:46:00,TRK-169,Rute-Q,Gudang West (Tangerang),716.5,1200,25.48,1.7,63.3,IN_TRANSIT,YES,SHP-20260717-01256
2026-07-18 09:57:00,TRK-172,Rute-D,Cikarang Industrial Hub,717.4,1200,25.92,1.8,63.9,DELAYED,NO,SHP-20260718-01257
2026-07-19 13:08:00,TRK-175,Rute-I,Bogor Transit Hub,718.2,1200,26.36,2.0,64.6,LOADED,YES,SHP-20260719-01258
2026-07-20 16:19:00,TRK-178,Rute-N,Depok Hub,719.1,1200,26.8,2.2,65.2,RETURNING,NO,SHP-20260720-01259
2026-07-21 08:30:00,TRK-001,Rute-A,Bekasi Logistics Hub,720.0,1400,11.4,2.3,65.8,DELIVERED,YES,SHP-20260721-01260
2026-07-22 11:41:00,TRK-004,Rute-F,Petamburan Hub,720.9,1200,11.84,2.5,66.4,IN_TRANSIT,YES,SHP-20260722-01261
2026-07-23 14:52:00,TRK-007,Rute-K,Grogol Hub (Jakbar),721.8,1200,12.28,2.6,67.0,DELAYED,NO,SHP-20260723-01262
2026-07-24 18:03:00,TRK-010,Rute-P,Central Hub (Jakarta),722.6,1200,12.72,2.8,67.7,LOADED,YES,SHP-20260724-01263
2026-07-25 11:14:00,TRK-013,Rute-C,Gudang West (Tangerang),723.5,1200,13.16,0.4,68.3,RETURNING,NO,SHP-20260725-01264
2026-07-26 14:25:00,TRK-016,Rute-H,Cikarang Industrial Hub,724.4,1400,13.6,0.6,68.9,DELIVERED,YES,SHP-20260726-01265
2026-07-27 16:36:00,TRK-019,Rute-M,Bogor Transit Hub,725.3,1200,14.04,0.7,69.5,IN_TRANSIT,YES,SHP-20260727-01266
2026-07-28 09:47:00,TRK-022,Rute-R,Depok Hub,726.2,1200,14.48,0.9,70.1,DELAYED,NO,SHP-20260728-01267
2026-07-29 12:58:00,TRK-025,Rute-E,Bekasi Logistics Hub,727.0,1200,14.92,1.0,70.8,LOADED,YES,SHP-20260729-01268
2026-07-30 16:09:00,TRK-028,Rute-J,Petamburan Hub,727.9,1200,15.36,1.2,71.4,RETURNING,NO,SHP-20260730-01269
2026-07-31 09:20:00,TRK-031,Rute-O,Grogol Hub (Jakbar),728.8,1400,15.8,1.4,72.0,DELIVERED,YES,SHP-20260731-01270
2026-07-01 11:31:00,TRK-034,Rute-B,Central Hub (Jakarta),729.7,1200,16.24,1.5,72.6,IN_TRANSIT,YES,SHP-20260701-01271
2026-07-02 14:42:00,TRK-037,Rute-G,Gudang West (Tangerang),730.6,1200,16.68,1.7,73.2,DELAYED,NO,SHP-20260702-01272
2026-07-03 17:53:00,TRK-040,Rute-L,Cikarang Industrial Hub,731.4,1200,17.12,1.8,73.9,LOADED,YES,SHP-20260703-01273
2026-07-04 11:04:00,TRK-043,Rute-Q,Bogor Transit Hub,732.3,1200,17.56,2.0,74.5,RETURNING,NO,SHP-20260704-01274
2026-07-05 14:15:00,TRK-046,Rute-D,Depok Hub,733.2,1400,18.0,2.2,75.1,DELIVERED,YES,SHP-20260705-01275
2026-07-06 17:26:00,TRK-049,Rute-I,Bekasi Logistics Hub,734.1,1200,18.44,2.3,75.7,IN_TRANSIT,YES,SHP-20260706-01276
2026-07-07 09:37:00,TRK-052,Rute-N,Petamburan Hub,735.0,1200,18.88,2.5,76.3,DELAYED,NO,SHP-20260707-01277
2026-07-08 12:48:00,TRK-055,Rute-A,Grogol Hub (Jakbar),735.8,1200,19.32,2.6,77.0,LOADED,YES,SHP-20260708-01278
2026-07-09 15:59:00,TRK-058,Rute-F,Central Hub (Jakarta),736.7,1200,19.76,2.8,77.6,RETURNING,NO,SHP-20260709-01279
2026-07-10 09:10:00,TRK-061,Rute-K,Gudang West (Tangerang),737.6,1400,20.2,0.4,78.2,DELIVERED,YES,SHP-20260710-01280
2026-07-11 12:21:00,TRK-064,Rute-P,Cikarang Industrial Hub,738.5,1200,20.64,0.6,78.8,IN_TRANSIT,YES,SHP-20260711-01281
2026-07-12 14:32:00,TRK-067,Rute-C,Bogor Transit Hub,739.4,1200,21.08,0.7,79.4,DELAYED,NO,SHP-20260712-01282
2026-07-13 17:43:00,TRK-070,Rute-H,Depok Hub,740.2,1200,21.52,0.9,80.1,LOADED,YES,SHP-20260713-01283
2026-07-14 10:54:00,TRK-073,Rute-M,Bekasi Logistics Hub,741.1,1200,21.96,1.0,80.7,RETURNING,NO,SHP-20260714-01284
2026-07-15 14:05:00,TRK-076,Rute-R,Petamburan Hub,742.0,1400,22.4,1.2,81.3,DELIVERED,YES,SHP-20260715-01285
2026-07-16 17:16:00,TRK-079,Rute-E,Grogol Hub (Jakbar),742.9,1200,22.84,1.4,81.9,IN_TRANSIT,YES,SHP-20260716-01286
2026-07-17 10:27:00,TRK-082,Rute-J,Central Hub (Jakarta),743.8,1200,23.28,1.5,82.5,DELAYED,NO,SHP-20260717-01287
2026-07-18 12:38:00,TRK-085,Rute-O,Gudang West (Tangerang),744.6,1200,23.72,1.7,83.2,LOADED,YES,SHP-20260718-01288
2026-07-19 15:49:00,TRK-088,Rute-B,Cikarang Industrial Hub,745.5,1200,24.16,1.8,83.8,RETURNING,NO,SHP-20260719-01289
2026-07-20 09:00:00,TRK-091,Rute-G,Bogor Transit Hub,746.4,1400,24.6,2.0,84.4,DELIVERED,YES,SHP-20260720-01290
2026-07-21 12:11:00,TRK-094,Rute-L,Depok Hub,747.3,1200,25.04,2.2,85.0,IN_TRANSIT,YES,SHP-20260721-01291
2026-07-22 15:22:00,TRK-097,Rute-Q,Bekasi Logistics Hub,748.2,1200,25.48,2.3,85.6,DELAYED,NO,SHP-20260722-01292
2026-07-23 17:33:00,TRK-100,Rute-D,Petamburan Hub,749.0,1200,25.92,2.5,86.3,LOADED,YES,SHP-20260723-01293
2026-07-24 10:44:00,TRK-103,Rute-I,Grogol Hub (Jakbar),749.9,1200,26.36,2.6,86.9,RETURNING,NO,SHP-20260724-01294
2026-07-25 13:55:00,TRK-106,Rute-N,Central Hub (Jakarta),750.8,1400,26.8,2.8,87.5,DELIVERED,YES,SHP-20260725-01295
2026-07-26 17:06:00,TRK-109,Rute-A,Gudang West (Tangerang),751.7,1200,11.4,0.4,88.1,IN_TRANSIT,YES,SHP-20260726-01296
2026-07-27 10:17:00,TRK-112,Rute-F,Cikarang Industrial Hub,752.6,1200,11.84,0.6,88.7,DELAYED,NO,SHP-20260727-01297
2026-07-28 13:28:00,TRK-115,Rute-K,Bogor Transit Hub,753.4,1200,12.28,0.7,89.4,LOADED,YES,SHP-20260728-01298
2026-07-29 15:39:00,TRK-118,Rute-P,Depok Hub,754.3,1200,12.72,0.9,90.0,RETURNING,NO,SHP-20260729-01299
2026-07-30 08:50:00,TRK-121,Rute-C,Bekasi Logistics Hub,755.2,1400,13.16,1.0,10.0,DELIVERED,YES,SHP-20260730-01300
2026-07-31 12:01:00,TRK-124,Rute-H,Petamburan Hub,756.1,1200,13.6,1.2,10.6,IN_TRANSIT,YES,SHP-20260731-01301
2026-07-01 15:12:00,TRK-127,Rute-M,Grogol Hub (Jakbar),757.0,1200,14.04,1.4,11.2,DELAYED,NO,SHP-20260701-01302
2026-07-02 18:23:00,TRK-130,Rute-R,Central Hub (Jakarta),757.8,1200,14.48,1.5,11.9,LOADED,YES,SHP-20260702-01303
2026-07-03 10:34:00,TRK-133,Rute-E,Gudang West (Tangerang),758.7,1200,14.92,1.7,12.5,RETURNING,NO,SHP-20260703-01304
2026-07-04 13:45:00,TRK-136,Rute-J,Cikarang Industrial Hub,759.6,1400,15.36,1.8,13.1,DELIVERED,YES,SHP-20260704-01305
2026-07-05 16:56:00,TRK-139,Rute-O,Bogor Transit Hub,760.5,1200,15.8,2.0,13.7,IN_TRANSIT,YES,SHP-20260705-01306
2026-07-06 10:07:00,TRK-142,Rute-B,Depok Hub,761.4,1200,16.24,2.2,14.3,DELAYED,NO,SHP-20260706-01307
2026-07-07 13:18:00,TRK-145,Rute-G,Bekasi Logistics Hub,762.2,1200,16.68,2.3,15.0,LOADED,YES,SHP-20260707-01308
2026-07-08 16:29:00,TRK-148,Rute-L,Petamburan Hub,763.1,1200,17.12,2.5,15.6,RETURNING,NO,SHP-20260708-01309
2026-07-09 08:40:00,TRK-151,Rute-Q,Grogol Hub (Jakbar),764.0,1400,17.56,2.6,16.2,DELIVERED,YES,SHP-20260709-01310
2026-07-10 11:51:00,TRK-154,Rute-D,Central Hub (Jakarta),764.9,1200,18.0,2.8,16.8,IN_TRANSIT,YES,SHP-20260710-01311
2026-07-11 15:02:00,TRK-157,Rute-I,Gudang West (Tangerang),765.8,1200,18.44,0.4,17.4,DELAYED,NO,SHP-20260711-01312
2026-07-12 18:13:00,TRK-160,Rute-N,Cikarang Industrial Hub,766.6,1200,18.88,0.6,18.1,LOADED,YES,SHP-20260712-01313
2026-07-13 11:24:00,TRK-163,Rute-A,Bogor Transit Hub,767.5,1200,19.32,0.7,18.7,RETURNING,NO,SHP-20260713-01314
2026-07-14 13:35:00,TRK-166,Rute-F,Depok Hub,768.4,1400,19.76,0.9,19.3,DELIVERED,YES,SHP-20260714-01315
2026-07-15 16:46:00,TRK-169,Rute-K,Bekasi Logistics Hub,769.3,1200,20.2,1.0,19.9,IN_TRANSIT,YES,SHP-20260715-01316
2026-07-16 09:57:00,TRK-172,Rute-P,Petamburan Hub,770.2,1200,20.64,1.2,20.5,DELAYED,NO,SHP-20260716-01317
2026-07-17 13:08:00,TRK-175,Rute-C,Grogol Hub (Jakbar),771.0,1200,21.08,1.4,21.2,LOADED,YES,SHP-20260717-01318
2026-07-18 16:19:00,TRK-178,Rute-H,Central Hub (Jakarta),771.9,1200,21.52,1.5,21.8,RETURNING,NO,SHP-20260718-01319
2026-07-19 08:30:00,TRK-001,Rute-M,Gudang West (Tangerang),772.8,1400,21.96,1.7,22.4,DELIVERED,YES,SHP-20260719-01320
2026-07-20 11:41:00,TRK-004,Rute-R,Cikarang Industrial Hub,773.7,1200,22.4,1.8,23.0,IN_TRANSIT,YES,SHP-20260720-01321
2026-07-21 14:52:00,TRK-007,Rute-E,Bogor Transit Hub,774.6,1200,22.84,2.0,23.6,DELAYED,NO,SHP-20260721-01322
2026-07-22 18:03:00,TRK-010,Rute-J,Depok Hub,775.4,1200,23.28,2.2,24.3,LOADED,YES,SHP-20260722-01323
2026-07-23 11:14:00,TRK-013,Rute-O,Bekasi Logistics Hub,776.3,1200,23.72,2.3,24.9,RETURNING,NO,SHP-20260723-01324
2026-07-24 14:25:00,TRK-016,Rute-B,Petamburan Hub,777.2,1400,24.16,2.5,25.5,DELIVERED,YES,SHP-20260724-01325
2026-07-25 16:36:00,TRK-019,Rute-G,Grogol Hub (Jakbar),778.1,1200,24.6,2.6,26.1,IN_TRANSIT,YES,SHP-20260725-01326
2026-07-26 09:47:00,TRK-022,Rute-L,Central Hub (Jakarta),779.0,1200,25.04,2.8,26.7,DELAYED,NO,SHP-20260726-01327
2026-07-27 12:58:00,TRK-025,Rute-Q,Gudang West (Tangerang),779.8,1200,25.48,0.4,27.4,LOADED,YES,SHP-20260727-01328
2026-07-28 16:09:00,TRK-028,Rute-D,Cikarang Industrial Hub,780.7,1200,25.92,0.6,28.0,RETURNING,NO,SHP-20260728-01329
2026-07-29 09:20:00,TRK-031,Rute-I,Bogor Transit Hub,781.6,1400,26.36,0.7,28.6,DELIVERED,YES,SHP-20260729-01330
2026-07-30 11:31:00,TRK-034,Rute-N,Depok Hub,782.5,1200,26.8,0.9,29.2,IN_TRANSIT,YES,SHP-20260730-01331
2026-07-31 14:42:00,TRK-037,Rute-A,Bekasi Logistics Hub,783.4,1200,11.4,1.0,29.8,DELAYED,NO,SHP-20260731-01332
2026-07-01 17:53:00,TRK-040,Rute-F,Petamburan Hub,784.2,1200,11.84,1.2,30.5,LOADED,YES,SHP-20260701-01333
2026-07-02 11:04:00,TRK-043,Rute-K,Grogol Hub (Jakbar),785.1,1200,12.28,1.4,31.1,RETURNING,NO,SHP-20260702-01334
2026-07-03 14:15:00,TRK-046,Rute-P,Central Hub (Jakarta),786.0,1400,12.72,1.5,31.7,DELIVERED,YES,SHP-20260703-01335
2026-07-04 17:26:00,TRK-049,Rute-C,Gudang West (Tangerang),786.9,1200,13.16,1.7,32.3,IN_TRANSIT,YES,SHP-20260704-01336
2026-07-05 09:37:00,TRK-052,Rute-H,Cikarang Industrial Hub,787.8,1200,13.6,1.8,32.9,DELAYED,NO,SHP-20260705-01337
2026-07-06 12:48:00,TRK-055,Rute-M,Bogor Transit Hub,788.6,1200,14.04,2.0,33.6,LOADED,YES,SHP-20260706-01338
2026-07-07 15:59:00,TRK-058,Rute-R,Depok Hub,789.5,1200,14.48,2.2,34.2,RETURNING,NO,SHP-20260707-01339
2026-07-08 09:10:00,TRK-061,Rute-E,Bekasi Logistics Hub,790.4,1400,14.92,2.3,34.8,DELIVERED,YES,SHP-20260708-01340
2026-07-09 12:21:00,TRK-064,Rute-J,Petamburan Hub,791.3,1200,15.36,2.5,35.4,IN_TRANSIT,YES,SHP-20260709-01341
2026-07-10 14:32:00,TRK-067,Rute-O,Grogol Hub (Jakbar),792.2,1200,15.8,2.6,36.0,DELAYED,NO,SHP-20260710-01342
2026-07-11 17:43:00,TRK-070,Rute-B,Central Hub (Jakarta),793.0,1200,16.24,2.8,36.7,LOADED,YES,SHP-20260711-01343
2026-07-12 10:54:00,TRK-073,Rute-G,Gudang West (Tangerang),793.9,1200,16.68,0.4,37.3,RETURNING,NO,SHP-20260712-01344
2026-07-13 14:05:00,TRK-076,Rute-L,Cikarang Industrial Hub,794.8,1400,17.12,0.6,37.9,DELIVERED,YES,SHP-20260713-01345
2026-07-14 17:16:00,TRK-079,Rute-Q,Bogor Transit Hub,795.7,1200,17.56,0.7,38.5,IN_TRANSIT,YES,SHP-20260714-01346
2026-07-15 10:27:00,TRK-082,Rute-D,Depok Hub,796.6,1200,18.0,0.9,39.1,DELAYED,NO,SHP-20260715-01347
2026-07-16 12:38:00,TRK-085,Rute-I,Bekasi Logistics Hub,797.4,1200,18.44,1.0,39.8,LOADED,YES,SHP-20260716-01348
2026-07-17 15:49:00,TRK-088,Rute-N,Petamburan Hub,798.3,1200,18.88,1.2,40.4,RETURNING,NO,SHP-20260717-01349
2026-07-18 09:00:00,TRK-091,Rute-A,Grogol Hub (Jakbar),799.2,1400,19.32,1.4,41.0,DELIVERED,YES,SHP-20260718-01350
2026-07-19 12:11:00,TRK-094,Rute-F,Central Hub (Jakarta),800.1,1200,19.76,1.5,41.6,IN_TRANSIT,YES,SHP-20260719-01351
2026-07-20 15:22:00,TRK-097,Rute-K,Gudang West (Tangerang),801.0,1200,20.2,1.7,42.2,DELAYED,NO,SHP-20260720-01352
2026-07-21 17:33:00,TRK-100,Rute-P,Cikarang Industrial Hub,801.8,1200,20.64,1.8,42.9,LOADED,YES,SHP-20260721-01353
2026-07-22 10:44:00,TRK-103,Rute-C,Bogor Transit Hub,802.7,1200,21.08,2.0,43.5,RETURNING,NO,SHP-20260722-01354
2026-07-23 13:55:00,TRK-106,Rute-H,Depok Hub,803.6,1400,21.52,2.2,44.1,DELIVERED,YES,SHP-20260723-01355
2026-07-24 17:06:00,TRK-109,Rute-M,Bekasi Logistics Hub,804.5,1200,21.96,2.3,44.7,IN_TRANSIT,YES,SHP-20260724-01356
2026-07-25 10:17:00,TRK-112,Rute-R,Petamburan Hub,805.4,1200,22.4,2.5,45.3,DELAYED,NO,SHP-20260725-01357
2026-07-26 13:28:00,TRK-115,Rute-E,Grogol Hub (Jakbar),806.2,1200,22.84,2.6,46.0,LOADED,YES,SHP-20260726-01358
2026-07-27 15:39:00,TRK-118,Rute-J,Central Hub (Jakarta),807.1,1200,23.28,2.8,46.6,RETURNING,NO,SHP-20260727-01359
2026-07-28 08:50:00,TRK-121,Rute-O,Gudang West (Tangerang),808.0,1400,23.72,0.4,47.2,DELIVERED,YES,SHP-20260728-01360
2026-07-29 12:01:00,TRK-124,Rute-B,Cikarang Industrial Hub,808.9,1200,24.16,0.6,47.8,IN_TRANSIT,YES,SHP-20260729-01361
2026-07-30 15:12:00,TRK-127,Rute-G,Bogor Transit Hub,809.8,1200,24.6,0.7,48.4,DELAYED,NO,SHP-20260730-01362
2026-07-31 18:23:00,TRK-130,Rute-L,Depok Hub,810.6,1200,25.04,0.9,49.1,LOADED,YES,SHP-20260731-01363
2026-07-01 10:34:00,TRK-133,Rute-Q,Bekasi Logistics Hub,811.5,1200,25.48,1.0,49.7,RETURNING,NO,SHP-20260701-01364
2026-07-02 13:45:00,TRK-136,Rute-D,Petamburan Hub,812.4,1400,25.92,1.2,50.3,DELIVERED,YES,SHP-20260702-01365
2026-07-03 16:56:00,TRK-139,Rute-I,Grogol Hub (Jakbar),813.3,1200,26.36,1.4,50.9,IN_TRANSIT,YES,SHP-20260703-01366
2026-07-04 10:07:00,TRK-142,Rute-N,Central Hub (Jakarta),814.2,1200,26.8,1.5,51.5,DELAYED,NO,SHP-20260704-01367
2026-07-05 13:18:00,TRK-145,Rute-A,Gudang West (Tangerang),815.0,1200,11.4,1.7,52.2,LOADED,YES,SHP-20260705-01368
2026-07-06 16:29:00,TRK-148,Rute-F,Cikarang Industrial Hub,815.9,1200,11.84,1.8,52.8,RETURNING,NO,SHP-20260706-01369
2026-07-07 08:40:00,TRK-151,Rute-K,Bogor Transit Hub,816.8,1400,12.28,2.0,53.4,DELIVERED,YES,SHP-20260707-01370
2026-07-08 11:51:00,TRK-154,Rute-P,Depok Hub,817.7,1200,12.72,2.2,54.0,IN_TRANSIT,YES,SHP-20260708-01371
2026-07-09 15:02:00,TRK-157,Rute-C,Bekasi Logistics Hub,818.6,1200,13.16,2.3,54.6,DELAYED,NO,SHP-20260709-01372
2026-07-10 18:13:00,TRK-160,Rute-H,Petamburan Hub,819.4,1200,13.6,2.5,55.3,LOADED,YES,SHP-20260710-01373
2026-07-11 11:24:00,TRK-163,Rute-M,Grogol Hub (Jakbar),820.3,1200,14.04,2.6,55.9,RETURNING,NO,SHP-20260711-01374
2026-07-12 13:35:00,TRK-166,Rute-R,Central Hub (Jakarta),821.2,1400,14.48,2.8,56.5,DELIVERED,YES,SHP-20260712-01375
2026-07-13 16:46:00,TRK-169,Rute-E,Gudang West (Tangerang),822.1,1200,14.92,0.4,57.1,IN_TRANSIT,YES,SHP-20260713-01376
2026-07-14 09:57:00,TRK-172,Rute-J,Cikarang Industrial Hub,823.0,1200,15.36,0.6,57.7,DELAYED,NO,SHP-20260714-01377
2026-07-15 13:08:00,TRK-175,Rute-O,Bogor Transit Hub,823.8,1200,15.8,0.7,58.4,LOADED,YES,SHP-20260715-01378
2026-07-16 16:19:00,TRK-178,Rute-B,Depok Hub,824.7,1200,16.24,0.9,59.0,RETURNING,NO,SHP-20260716-01379
2026-07-17 08:30:00,TRK-001,Rute-G,Bekasi Logistics Hub,825.6,1400,16.68,1.0,59.6,DELIVERED,YES,SHP-20260717-01380
2026-07-18 11:41:00,TRK-004,Rute-L,Petamburan Hub,826.5,1200,17.12,1.2,60.2,IN_TRANSIT,YES,SHP-20260718-01381
2026-07-19 14:52:00,TRK-007,Rute-Q,Grogol Hub (Jakbar),827.4,1200,17.56,1.4,60.8,DELAYED,NO,SHP-20260719-01382
2026-07-20 18:03:00,TRK-010,Rute-D,Central Hub (Jakarta),828.2,1200,18.0,1.5,61.5,LOADED,YES,SHP-20260720-01383
2026-07-21 11:14:00,TRK-013,Rute-I,Gudang West (Tangerang),829.1,1200,18.44,1.7,62.1,RETURNING,NO,SHP-20260721-01384
2026-07-22 14:25:00,TRK-016,Rute-N,Cikarang Industrial Hub,830.0,1400,18.88,1.8,62.7,DELIVERED,YES,SHP-20260722-01385
2026-07-23 16:36:00,TRK-019,Rute-A,Bogor Transit Hub,830.9,1200,19.32,2.0,63.3,IN_TRANSIT,YES,SHP-20260723-01386
2026-07-24 09:47:00,TRK-022,Rute-F,Depok Hub,831.8,1200,19.76,2.2,63.9,DELAYED,NO,SHP-20260724-01387
2026-07-25 12:58:00,TRK-025,Rute-K,Bekasi Logistics Hub,832.6,1200,20.2,2.3,64.6,LOADED,YES,SHP-20260725-01388
2026-07-26 16:09:00,TRK-028,Rute-P,Petamburan Hub,833.5,1200,20.64,2.5,65.2,RETURNING,NO,SHP-20260726-01389
2026-07-27 09:20:00,TRK-031,Rute-C,Grogol Hub (Jakbar),834.4,1400,21.08,2.6,65.8,DELIVERED,YES,SHP-20260727-01390
2026-07-28 11:31:00,TRK-034,Rute-H,Central Hub (Jakarta),835.3,1200,21.52,2.8,66.4,IN_TRANSIT,YES,SHP-20260728-01391
2026-07-29 14:42:00,TRK-037,Rute-M,Gudang West (Tangerang),836.2,1200,21.96,0.4,67.0,DELAYED,NO,SHP-20260729-01392
2026-07-30 17:53:00,TRK-040,Rute-R,Cikarang Industrial Hub,837.0,1200,22.4,0.6,67.7,LOADED,YES,SHP-20260730-01393
2026-07-31 11:04:00,TRK-043,Rute-E,Bogor Transit Hub,837.9,1200,22.84,0.7,68.3,RETURNING,NO,SHP-20260731-01394
2026-07-01 14:15:00,TRK-046,Rute-J,Depok Hub,838.8,1400,23.28,0.9,68.9,DELIVERED,YES,SHP-20260701-01395
2026-07-02 17:26:00,TRK-049,Rute-O,Bekasi Logistics Hub,839.7,1200,23.72,1.0,69.5,IN_TRANSIT,YES,SHP-20260702-01396
2026-07-03 09:37:00,TRK-052,Rute-B,Petamburan Hub,840.6,1200,24.16,1.2,70.1,DELAYED,NO,SHP-20260703-01397
2026-07-04 12:48:00,TRK-055,Rute-G,Grogol Hub (Jakbar),841.4,1200,24.6,1.4,70.8,LOADED,YES,SHP-20260704-01398
2026-07-05 15:59:00,TRK-058,Rute-L,Central Hub (Jakarta),842.3,1200,25.04,1.5,71.4,RETURNING,NO,SHP-20260705-01399
2026-07-06 09:10:00,TRK-061,Rute-Q,Gudang West (Tangerang),843.2,1400,25.48,1.7,72.0,DELIVERED,YES,SHP-20260706-01400
2026-07-07 12:21:00,TRK-064,Rute-D,Cikarang Industrial Hub,844.1,1200,25.92,1.8,72.6,IN_TRANSIT,YES,SHP-20260707-01401
2026-07-08 14:32:00,TRK-067,Rute-I,Bogor Transit Hub,845.0,1200,26.36,2.0,73.2,DELAYED,NO,SHP-20260708-01402
2026-07-09 17:43:00,TRK-070,Rute-N,Depok Hub,845.8,1200,26.8,2.2,73.9,LOADED,YES,SHP-20260709-01403
2026-07-10 10:54:00,TRK-073,Rute-A,Bekasi Logistics Hub,846.7,1200,11.4,2.3,74.5,RETURNING,NO,SHP-20260710-01404
2026-07-11 14:05:00,TRK-076,Rute-F,Petamburan Hub,847.6,1400,11.84,2.5,75.1,DELIVERED,YES,SHP-20260711-01405
2026-07-12 17:16:00,TRK-079,Rute-K,Grogol Hub (Jakbar),848.5,1200,12.28,2.6,75.7,IN_TRANSIT,YES,SHP-20260712-01406
2026-07-13 10:27:00,TRK-082,Rute-P,Central Hub (Jakarta),849.4,1200,12.72,2.8,76.3,DELAYED,NO,SHP-20260713-01407
2026-07-14 12:38:00,TRK-085,Rute-C,Gudang West (Tangerang),850.2,1200,13.16,0.4,77.0,LOADED,YES,SHP-20260714-01408
2026-07-15 15:49:00,TRK-088,Rute-H,Cikarang Industrial Hub,851.1,1200,13.6,0.6,77.6,RETURNING,NO,SHP-20260715-01409
2026-07-16 09:00:00,TRK-091,Rute-M,Bogor Transit Hub,852.0,1400,14.04,0.7,78.2,DELIVERED,YES,SHP-20260716-01410
2026-07-17 12:11:00,TRK-094,Rute-R,Depok Hub,852.9,1200,14.48,0.9,78.8,IN_TRANSIT,YES,SHP-20260717-01411
2026-07-18 15:22:00,TRK-097,Rute-E,Bekasi Logistics Hub,853.8,1200,14.92,1.0,79.4,DELAYED,NO,SHP-20260718-01412
2026-07-19 17:33:00,TRK-100,Rute-J,Petamburan Hub,854.6,1200,15.36,1.2,80.1,LOADED,YES,SHP-20260719-01413
2026-07-20 10:44:00,TRK-103,Rute-O,Grogol Hub (Jakbar),855.5,1200,15.8,1.4,80.7,RETURNING,NO,SHP-20260720-01414
2026-07-21 13:55:00,TRK-106,Rute-B,Central Hub (Jakarta),856.4,1400,16.24,1.5,81.3,DELIVERED,YES,SHP-20260721-01415
2026-07-22 17:06:00,TRK-109,Rute-G,Gudang West (Tangerang),857.3,1200,16.68,1.7,81.9,IN_TRANSIT,YES,SHP-20260722-01416
2026-07-23 10:17:00,TRK-112,Rute-L,Cikarang Industrial Hub,858.2,1200,17.12,1.8,82.5,DELAYED,NO,SHP-20260723-01417
2026-07-24 13:28:00,TRK-115,Rute-Q,Bogor Transit Hub,859.0,1200,17.56,2.0,83.2,LOADED,YES,SHP-20260724-01418
2026-07-25 15:39:00,TRK-118,Rute-D,Depok Hub,859.9,1200,18.0,2.2,83.8,RETURNING,NO,SHP-20260725-01419
2026-07-26 08:50:00,TRK-121,Rute-I,Bekasi Logistics Hub,860.8,1400,18.44,2.3,84.4,DELIVERED,YES,SHP-20260726-01420
2026-07-27 12:01:00,TRK-124,Rute-N,Petamburan Hub,861.7,1200,18.88,2.5,85.0,IN_TRANSIT,YES,SHP-20260727-01421
2026-07-28 15:12:00,TRK-127,Rute-A,Grogol Hub (Jakbar),862.6,1200,19.32,2.6,85.6,DELAYED,NO,SHP-20260728-01422
2026-07-29 18:23:00,TRK-130,Rute-F,Central Hub (Jakarta),863.4,1200,19.76,2.8,86.3,LOADED,YES,SHP-20260729-01423
2026-07-30 10:34:00,TRK-133,Rute-K,Gudang West (Tangerang),864.3,1200,20.2,0.4,86.9,RETURNING,NO,SHP-20260730-01424
2026-07-31 13:45:00,TRK-136,Rute-P,Cikarang Industrial Hub,865.2,1400,20.64,0.6,87.5,DELIVERED,YES,SHP-20260731-01425
2026-07-01 16:56:00,TRK-139,Rute-C,Bogor Transit Hub,866.1,1200,21.08,0.7,88.1,IN_TRANSIT,YES,SHP-20260701-01426
2026-07-02 10:07:00,TRK-142,Rute-H,Depok Hub,867.0,1200,21.52,0.9,88.7,DELAYED,NO,SHP-20260702-01427
2026-07-03 13:18:00,TRK-145,Rute-M,Bekasi Logistics Hub,867.8,1200,21.96,1.0,89.4,LOADED,YES,SHP-20260703-01428
2026-07-04 16:29:00,TRK-148,Rute-R,Petamburan Hub,868.7,1200,22.4,1.2,90.0,RETURNING,NO,SHP-20260704-01429
2026-07-05 08:40:00,TRK-151,Rute-E,Grogol Hub (Jakbar),869.6,1400,22.84,1.4,10.0,DELIVERED,YES,SHP-20260705-01430
2026-07-06 11:51:00,TRK-154,Rute-J,Central Hub (Jakarta),870.5,1200,23.28,1.5,10.6,IN_TRANSIT,YES,SHP-20260706-01431
2026-07-07 15:02:00,TRK-157,Rute-O,Gudang West (Tangerang),871.4,1200,23.72,1.7,11.2,DELAYED,NO,SHP-20260707-01432
2026-07-08 18:13:00,TRK-160,Rute-B,Cikarang Industrial Hub,872.2,1200,24.16,1.8,11.9,LOADED,YES,SHP-20260708-01433
2026-07-09 11:24:00,TRK-163,Rute-G,Bogor Transit Hub,873.1,1200,24.6,2.0,12.5,RETURNING,NO,SHP-20260709-01434
2026-07-10 13:35:00,TRK-166,Rute-L,Depok Hub,874.0,1400,25.04,2.2,13.1,DELIVERED,YES,SHP-20260710-01435
2026-07-11 16:46:00,TRK-169,Rute-Q,Bekasi Logistics Hub,874.9,1200,25.48,2.3,13.7,IN_TRANSIT,YES,SHP-20260711-01436
2026-07-12 09:57:00,TRK-172,Rute-D,Petamburan Hub,875.8,1200,25.92,2.5,14.3,DELAYED,NO,SHP-20260712-01437
2026-07-13 13:08:00,TRK-175,Rute-I,Grogol Hub (Jakbar),876.6,1200,26.36,2.6,15.0,LOADED,YES,SHP-20260713-01438
2026-07-14 16:19:00,TRK-178,Rute-N,Central Hub (Jakarta),877.5,1200,26.8,2.8,15.6,RETURNING,NO,SHP-20260714-01439
2026-07-15 08:30:00,TRK-001,Rute-A,Gudang West (Tangerang),878.4,1400,11.4,0.4,16.2,DELIVERED,YES,SHP-20260715-01440
2026-07-16 11:41:00,TRK-004,Rute-F,Cikarang Industrial Hub,879.3,1200,11.84,0.6,16.8,IN_TRANSIT,YES,SHP-20260716-01441
2026-07-17 14:52:00,TRK-007,Rute-K,Bogor Transit Hub,880.2,1200,12.28,0.7,17.4,DELAYED,NO,SHP-20260717-01442
2026-07-18 18:03:00,TRK-010,Rute-P,Depok Hub,881.0,1200,12.72,0.9,18.1,LOADED,YES,SHP-20260718-01443
2026-07-19 11:14:00,TRK-013,Rute-C,Bekasi Logistics Hub,881.9,1200,13.16,1.0,18.7,RETURNING,NO,SHP-20260719-01444
2026-07-20 14:25:00,TRK-016,Rute-H,Petamburan Hub,882.8,1400,13.6,1.2,19.3,DELIVERED,YES,SHP-20260720-01445
2026-07-21 16:36:00,TRK-019,Rute-M,Grogol Hub (Jakbar),883.7,1200,14.04,1.4,19.9,IN_TRANSIT,YES,SHP-20260721-01446
2026-07-22 09:47:00,TRK-022,Rute-R,Central Hub (Jakarta),884.6,1200,14.48,1.5,20.5,DELAYED,NO,SHP-20260722-01447
2026-07-23 12:58:00,TRK-025,Rute-E,Gudang West (Tangerang),885.4,1200,14.92,1.7,21.2,LOADED,YES,SHP-20260723-01448
2026-07-24 16:09:00,TRK-028,Rute-J,Cikarang Industrial Hub,886.3,1200,15.36,1.8,21.8,RETURNING,NO,SHP-20260724-01449
2026-07-25 09:20:00,TRK-031,Rute-O,Bogor Transit Hub,887.2,1400,15.8,2.0,22.4,DELIVERED,YES,SHP-20260725-01450
2026-07-26 11:31:00,TRK-034,Rute-B,Depok Hub,888.1,1200,16.24,2.2,23.0,IN_TRANSIT,YES,SHP-20260726-01451
2026-07-27 14:42:00,TRK-037,Rute-G,Bekasi Logistics Hub,889.0,1200,16.68,2.3,23.6,DELAYED,NO,SHP-20260727-01452
2026-07-28 17:53:00,TRK-040,Rute-L,Petamburan Hub,889.8,1200,17.12,2.5,24.3,LOADED,YES,SHP-20260728-01453
2026-07-29 11:04:00,TRK-043,Rute-Q,Grogol Hub (Jakbar),890.7,1200,17.56,2.6,24.9,RETURNING,NO,SHP-20260729-01454
2026-07-30 14:15:00,TRK-046,Rute-D,Central Hub (Jakarta),891.6,1400,18.0,2.8,25.5,DELIVERED,YES,SHP-20260730-01455
2026-07-31 17:26:00,TRK-049,Rute-I,Gudang West (Tangerang),892.5,1200,18.44,0.4,26.1,IN_TRANSIT,YES,SHP-20260731-01456
2026-07-01 09:37:00,TRK-052,Rute-N,Cikarang Industrial Hub,893.4,1200,18.88,0.6,26.7,DELAYED,NO,SHP-20260701-01457
2026-07-02 12:48:00,TRK-055,Rute-A,Bogor Transit Hub,894.2,1200,19.32,0.7,27.4,LOADED,YES,SHP-20260702-01458
2026-07-03 15:59:00,TRK-058,Rute-F,Depok Hub,895.1,1200,19.76,0.9,28.0,RETURNING,NO,SHP-20260703-01459
2026-07-04 09:10:00,TRK-061,Rute-K,Bekasi Logistics Hub,896.0,1400,20.2,1.0,28.6,DELIVERED,YES,SHP-20260704-01460
2026-07-05 12:21:00,TRK-064,Rute-P,Petamburan Hub,896.9,1200,20.64,1.2,29.2,IN_TRANSIT,YES,SHP-20260705-01461
2026-07-06 14:32:00,TRK-067,Rute-C,Grogol Hub (Jakbar),897.8,1200,21.08,1.4,29.8,DELAYED,NO,SHP-20260706-01462
2026-07-07 17:43:00,TRK-070,Rute-H,Central Hub (Jakarta),898.6,1200,21.52,1.5,30.5,LOADED,YES,SHP-20260707-01463
2026-07-08 10:54:00,TRK-073,Rute-M,Gudang West (Tangerang),899.5,1200,21.96,1.7,31.1,RETURNING,NO,SHP-20260708-01464
2026-07-09 14:05:00,TRK-076,Rute-R,Cikarang Industrial Hub,900.4,1400,22.4,1.8,31.7,DELIVERED,YES,SHP-20260709-01465
2026-07-10 17:16:00,TRK-079,Rute-E,Bogor Transit Hub,901.3,1200,22.84,2.0,32.3,IN_TRANSIT,YES,SHP-20260710-01466
2026-07-11 10:27:00,TRK-082,Rute-J,Depok Hub,902.2,1200,23.28,2.2,32.9,DELAYED,NO,SHP-20260711-01467
2026-07-12 12:38:00,TRK-085,Rute-O,Bekasi Logistics Hub,903.0,1200,23.72,2.3,33.6,LOADED,YES,SHP-20260712-01468
2026-07-13 15:49:00,TRK-088,Rute-B,Petamburan Hub,903.9,1200,24.16,2.5,34.2,RETURNING,NO,SHP-20260713-01469
2026-07-14 09:00:00,TRK-091,Rute-G,Grogol Hub (Jakbar),904.8,1400,24.6,2.6,34.8,DELIVERED,YES,SHP-20260714-01470
2026-07-15 12:11:00,TRK-094,Rute-L,Central Hub (Jakarta),905.7,1200,25.04,2.8,35.4,IN_TRANSIT,YES,SHP-20260715-01471
2026-07-16 15:22:00,TRK-097,Rute-Q,Gudang West (Tangerang),906.6,1200,25.48,0.4,36.0,DELAYED,NO,SHP-20260716-01472
2026-07-17 17:33:00,TRK-100,Rute-D,Cikarang Industrial Hub,907.4,1200,25.92,0.6,36.7,LOADED,YES,SHP-20260717-01473
2026-07-18 10:44:00,TRK-103,Rute-I,Bogor Transit Hub,908.3,1200,26.36,0.7,37.3,RETURNING,NO,SHP-20260718-01474
2026-07-19 13:55:00,TRK-106,Rute-N,Depok Hub,909.2,1400,26.8,0.9,37.9,DELIVERED,YES,SHP-20260719-01475
2026-07-20 17:06:00,TRK-109,Rute-A,Bekasi Logistics Hub,910.1,1200,11.4,1.0,38.5,IN_TRANSIT,YES,SHP-20260720-01476
2026-07-21 10:17:00,TRK-112,Rute-F,Petamburan Hub,911.0,1200,11.84,1.2,39.1,DELAYED,NO,SHP-20260721-01477
2026-07-22 13:28:00,TRK-115,Rute-K,Grogol Hub (Jakbar),911.8,1200,12.28,1.4,39.8,LOADED,YES,SHP-20260722-01478
2026-07-23 15:39:00,TRK-118,Rute-P,Central Hub (Jakarta),912.7,1200,12.72,1.5,40.4,RETURNING,NO,SHP-20260723-01479
2026-07-24 08:50:00,TRK-121,Rute-C,Gudang West (Tangerang),913.6,1400,13.16,1.7,41.0,DELIVERED,YES,SHP-20260724-01480
2026-07-25 12:01:00,TRK-124,Rute-H,Cikarang Industrial Hub,914.5,1200,13.6,1.8,41.6,IN_TRANSIT,YES,SHP-20260725-01481
2026-07-26 15:12:00,TRK-127,Rute-M,Bogor Transit Hub,915.4,1200,14.04,2.0,42.2,DELAYED,NO,SHP-20260726-01482
2026-07-27 18:23:00,TRK-130,Rute-R,Depok Hub,916.2,1200,14.48,2.2,42.9,LOADED,YES,SHP-20260727-01483
2026-07-28 10:34:00,TRK-133,Rute-E,Bekasi Logistics Hub,917.1,1200,14.92,2.3,43.5,RETURNING,NO,SHP-20260728-01484
2026-07-29 13:45:00,TRK-136,Rute-J,Petamburan Hub,918.0,1400,15.36,2.5,44.1,DELIVERED,YES,SHP-20260729-01485
2026-07-30 16:56:00,TRK-139,Rute-O,Grogol Hub (Jakbar),918.9,1200,15.8,2.6,44.7,IN_TRANSIT,YES,SHP-20260730-01486
2026-07-31 10:07:00,TRK-142,Rute-B,Central Hub (Jakarta),919.8,1200,16.24,2.8,45.3,DELAYED,NO,SHP-20260731-01487
2026-07-01 13:18:00,TRK-145,Rute-G,Gudang West (Tangerang),920.6,1200,16.68,0.4,46.0,LOADED,YES,SHP-20260701-01488
2026-07-02 16:29:00,TRK-148,Rute-L,Cikarang Industrial Hub,921.5,1200,17.12,0.6,46.6,RETURNING,NO,SHP-20260702-01489
2026-07-03 08:40:00,TRK-151,Rute-Q,Bogor Transit Hub,922.4,1400,17.56,0.7,47.2,DELIVERED,YES,SHP-20260703-01490
2026-07-04 11:51:00,TRK-154,Rute-D,Depok Hub,923.3,1200,18.0,0.9,47.8,IN_TRANSIT,YES,SHP-20260704-01491
2026-07-05 15:02:00,TRK-157,Rute-I,Bekasi Logistics Hub,924.2,1200,18.44,1.0,48.4,DELAYED,NO,SHP-20260705-01492
2026-07-06 18:13:00,TRK-160,Rute-N,Petamburan Hub,925.0,1200,18.88,1.2,49.1,LOADED,YES,SHP-20260706-01493
2026-07-07 11:24:00,TRK-163,Rute-A,Grogol Hub (Jakbar),925.9,1200,19.32,1.4,49.7,RETURNING,NO,SHP-20260707-01494
2026-07-08 13:35:00,TRK-166,Rute-F,Central Hub (Jakarta),926.8,1400,19.76,1.5,50.3,DELIVERED,YES,SHP-20260708-01495
2026-07-09 16:46:00,TRK-169,Rute-K,Gudang West (Tangerang),927.7,1200,20.2,1.7,50.9,IN_TRANSIT,YES,SHP-20260709-01496
2026-07-10 09:57:00,TRK-172,Rute-P,Cikarang Industrial Hub,928.6,1200,20.64,1.8,51.5,DELAYED,NO,SHP-20260710-01497
2026-07-11 13:08:00,TRK-175,Rute-C,Bogor Transit Hub,929.4,1200,21.08,2.0,52.2,LOADED,YES,SHP-20260711-01498
2026-07-12 16:19:00,TRK-178,Rute-H,Depok Hub,930.3,1200,21.52,2.2,52.8,RETURNING,NO,SHP-20260712-01499
2026-07-13 08:30:00,TRK-001,Rute-M,Bekasi Logistics Hub,931.2,1400,21.96,2.3,53.4,DELIVERED,YES,SHP-20260713-01500
2026-07-14 11:41:00,TRK-004,Rute-R,Petamburan Hub,932.1,1200,22.4,2.5,54.0,IN_TRANSIT,YES,SHP-20260714-01501
2026-07-15 14:52:00,TRK-007,Rute-E,Grogol Hub (Jakbar),933.0,1200,22.84,2.6,54.6,DELAYED,NO,SHP-20260715-01502
2026-07-16 18:03:00,TRK-010,Rute-J,Central Hub (Jakarta),933.8,1200,23.28,2.8,55.3,LOADED,YES,SHP-20260716-01503
2026-07-17 11:14:00,TRK-013,Rute-O,Gudang West (Tangerang),934.7,1200,23.72,0.4,55.9,RETURNING,NO,SHP-20260717-01504
2026-07-18 14:25:00,TRK-016,Rute-B,Cikarang Industrial Hub,935.6,1400,24.16,0.6,56.5,DELIVERED,YES,SHP-20260718-01505
2026-07-19 16:36:00,TRK-019,Rute-G,Bogor Transit Hub,936.5,1200,24.6,0.7,57.1,IN_TRANSIT,YES,SHP-20260719-01506
2026-07-20 09:47:00,TRK-022,Rute-L,Depok Hub,937.4,1200,25.04,0.9,57.7,DELAYED,NO,SHP-20260720-01507
2026-07-21 12:58:00,TRK-025,Rute-Q,Bekasi Logistics Hub,938.2,1200,25.48,1.0,58.4,LOADED,YES,SHP-20260721-01508
2026-07-22 16:09:00,TRK-028,Rute-D,Petamburan Hub,939.1,1200,25.92,1.2,59.0,RETURNING,NO,SHP-20260722-01509
2026-07-23 09:20:00,TRK-031,Rute-I,Grogol Hub (Jakbar),940.0,1400,26.36,1.4,59.6,DELIVERED,YES,SHP-20260723-01510
2026-07-24 11:31:00,TRK-034,Rute-N,Central Hub (Jakarta),940.9,1200,26.8,1.5,60.2,IN_TRANSIT,YES,SHP-20260724-01511
2026-07-25 14:42:00,TRK-037,Rute-A,Gudang West (Tangerang),941.8,1200,11.4,1.7,60.8,DELAYED,NO,SHP-20260725-01512
2026-07-26 17:53:00,TRK-040,Rute-F,Cikarang Industrial Hub,942.6,1200,11.84,1.8,61.5,LOADED,YES,SHP-20260726-01513
2026-07-27 11:04:00,TRK-043,Rute-K,Bogor Transit Hub,943.5,1200,12.28,2.0,62.1,RETURNING,NO,SHP-20260727-01514
2026-07-28 14:15:00,TRK-046,Rute-P,Depok Hub,944.4,1400,12.72,2.2,62.7,DELIVERED,YES,SHP-20260728-01515
2026-07-29 17:26:00,TRK-049,Rute-C,Bekasi Logistics Hub,945.3,1200,13.16,2.3,63.3,IN_TRANSIT,YES,SHP-20260729-01516
2026-07-30 09:37:00,TRK-052,Rute-H,Petamburan Hub,946.2,1200,13.6,2.5,63.9,DELAYED,NO,SHP-20260730-01517
2026-07-31 12:48:00,TRK-055,Rute-M,Grogol Hub (Jakbar),947.0,1200,14.04,2.6,64.6,LOADED,YES,SHP-20260731-01518
2026-07-01 15:59:00,TRK-058,Rute-R,Central Hub (Jakarta),947.9,1200,14.48,2.8,65.2,RETURNING,NO,SHP-20260701-01519
2026-07-02 09:10:00,TRK-061,Rute-E,Gudang West (Tangerang),280.0,1400,14.92,0.4,65.8,DELIVERED,YES,SHP-20260702-01520
2026-07-03 12:21:00,TRK-064,Rute-J,Cikarang Industrial Hub,280.9,1200,15.36,0.6,66.4,IN_TRANSIT,YES,SHP-20260703-01521
2026-07-04 14:32:00,TRK-067,Rute-O,Bogor Transit Hub,281.8,1200,15.8,0.7,67.0,DELAYED,NO,SHP-20260704-01522
2026-07-05 17:43:00,TRK-070,Rute-B,Depok Hub,282.6,1200,16.24,0.9,67.7,LOADED,YES,SHP-20260705-01523
2026-07-06 10:54:00,TRK-073,Rute-G,Bekasi Logistics Hub,283.5,1200,16.68,1.0,68.3,RETURNING,NO,SHP-20260706-01524
2026-07-07 14:05:00,TRK-076,Rute-L,Petamburan Hub,284.4,1400,17.12,1.2,68.9,DELIVERED,YES,SHP-20260707-01525
2026-07-08 17:16:00,TRK-079,Rute-Q,Grogol Hub (Jakbar),285.3,1200,17.56,1.4,69.5,IN_TRANSIT,YES,SHP-20260708-01526
2026-07-09 10:27:00,TRK-082,Rute-D,Central Hub (Jakarta),286.2,1200,18.0,1.5,70.1,DELAYED,NO,SHP-20260709-01527
2026-07-10 12:38:00,TRK-085,Rute-I,Gudang West (Tangerang),287.0,1200,18.44,1.7,70.8,LOADED,YES,SHP-20260710-01528
2026-07-11 15:49:00,TRK-088,Rute-N,Cikarang Industrial Hub,287.9,1200,18.88,1.8,71.4,RETURNING,NO,SHP-20260711-01529
2026-07-12 09:00:00,TRK-091,Rute-A,Bogor Transit Hub,288.8,1400,19.32,2.0,72.0,DELIVERED,YES,SHP-20260712-01530
2026-07-13 12:11:00,TRK-094,Rute-F,Depok Hub,289.7,1200,19.76,2.2,72.6,IN_TRANSIT,YES,SHP-20260713-01531
2026-07-14 15:22:00,TRK-097,Rute-K,Bekasi Logistics Hub,290.6,1200,20.2,2.3,73.2,DELAYED,NO,SHP-20260714-01532
2026-07-15 17:33:00,TRK-100,Rute-P,Petamburan Hub,291.4,1200,20.64,2.5,73.9,LOADED,YES,SHP-20260715-01533
2026-07-16 10:44:00,TRK-103,Rute-C,Grogol Hub (Jakbar),292.3,1200,21.08,2.6,74.5,RETURNING,NO,SHP-20260716-01534
2026-07-17 13:55:00,TRK-106,Rute-H,Central Hub (Jakarta),293.2,1400,21.52,2.8,75.1,DELIVERED,YES,SHP-20260717-01535
2026-07-18 17:06:00,TRK-109,Rute-M,Gudang West (Tangerang),294.1,1200,21.96,0.4,75.7,IN_TRANSIT,YES,SHP-20260718-01536
2026-07-19 10:17:00,TRK-112,Rute-R,Cikarang Industrial Hub,295.0,1200,22.4,0.6,76.3,DELAYED,NO,SHP-20260719-01537
2026-07-20 13:28:00,TRK-115,Rute-E,Bogor Transit Hub,295.8,1200,22.84,0.7,77.0,LOADED,YES,SHP-20260720-01538
2026-07-21 15:39:00,TRK-118,Rute-J,Depok Hub,296.7,1200,23.28,0.9,77.6,RETURNING,NO,SHP-20260721-01539
2026-07-22 08:50:00,TRK-121,Rute-O,Bekasi Logistics Hub,297.6,1400,23.72,1.0,78.2,DELIVERED,YES,SHP-20260722-01540
2026-07-23 12:01:00,TRK-124,Rute-B,Petamburan Hub,298.5,1200,24.16,1.2,78.8,IN_TRANSIT,YES,SHP-20260723-01541
2026-07-24 15:12:00,TRK-127,Rute-G,Grogol Hub (Jakbar),299.4,1200,24.6,1.4,79.4,DELAYED,NO,SHP-20260724-01542
2026-07-25 18:23:00,TRK-130,Rute-L,Central Hub (Jakarta),300.2,1200,25.04,1.5,80.1,LOADED,YES,SHP-20260725-01543
2026-07-26 10:34:00,TRK-133,Rute-Q,Gudang West (Tangerang),301.1,1200,25.48,1.7,80.7,RETURNING,NO,SHP-20260726-01544
2026-07-27 13:45:00,TRK-136,Rute-D,Cikarang Industrial Hub,302.0,1400,25.92,1.8,81.3,DELIVERED,YES,SHP-20260727-01545
2026-07-28 16:56:00,TRK-139,Rute-I,Bogor Transit Hub,302.9,1200,26.36,2.0,81.9,IN_TRANSIT,YES,SHP-20260728-01546
2026-07-29 10:07:00,TRK-142,Rute-N,Depok Hub,303.8,1200,26.8,2.2,82.5,DELAYED,NO,SHP-20260729-01547
2026-07-30 13:18:00,TRK-145,Rute-A,Bekasi Logistics Hub,304.6,1200,11.4,2.3,83.2,LOADED,YES,SHP-20260730-01548
2026-07-31 16:29:00,TRK-148,Rute-F,Petamburan Hub,305.5,1200,11.84,2.5,83.8,RETURNING,NO,SHP-20260731-01549
2026-07-01 08:40:00,TRK-151,Rute-K,Grogol Hub (Jakbar),306.4,1400,12.28,2.6,84.4,DELIVERED,YES,SHP-20260701-01550
2026-07-02 11:51:00,TRK-154,Rute-P,Central Hub (Jakarta),307.3,1200,12.72,2.8,85.0,IN_TRANSIT,YES,SHP-20260702-01551
2026-07-03 15:02:00,TRK-157,Rute-C,Gudang West (Tangerang),308.2,1200,13.16,0.4,85.6,DELAYED,NO,SHP-20260703-01552
2026-07-04 18:13:00,TRK-160,Rute-H,Cikarang Industrial Hub,309.0,1200,13.6,0.6,86.3,LOADED,YES,SHP-20260704-01553
2026-07-05 11:24:00,TRK-163,Rute-M,Bogor Transit Hub,309.9,1200,14.04,0.7,86.9,RETURNING,NO,SHP-20260705-01554
2026-07-06 13:35:00,TRK-166,Rute-R,Depok Hub,310.8,1400,14.48,0.9,87.5,DELIVERED,YES,SHP-20260706-01555
2026-07-07 16:46:00,TRK-169,Rute-E,Bekasi Logistics Hub,311.7,1200,14.92,1.0,88.1,IN_TRANSIT,YES,SHP-20260707-01556
2026-07-08 09:57:00,TRK-172,Rute-J,Petamburan Hub,312.6,1200,15.36,1.2,88.7,DELAYED,NO,SHP-20260708-01557
2026-07-09 13:08:00,TRK-175,Rute-O,Grogol Hub (Jakbar),313.4,1200,15.8,1.4,89.4,LOADED,YES,SHP-20260709-01558
2026-07-10 16:19:00,TRK-178,Rute-B,Central Hub (Jakarta),314.3,1200,16.24,1.5,90.0,RETURNING,NO,SHP-20260710-01559
2026-07-11 08:30:00,TRK-001,Rute-G,Gudang West (Tangerang),315.2,1400,16.68,1.7,10.0,DELIVERED,YES,SHP-20260711-01560
2026-07-12 11:41:00,TRK-004,Rute-L,Cikarang Industrial Hub,316.1,1200,17.12,1.8,10.6,IN_TRANSIT,YES,SHP-20260712-01561
2026-07-13 14:52:00,TRK-007,Rute-Q,Bogor Transit Hub,317.0,1200,17.56,2.0,11.2,DELAYED,NO,SHP-20260713-01562
2026-07-14 18:03:00,TRK-010,Rute-D,Depok Hub,317.8,1200,18.0,2.2,11.9,LOADED,YES,SHP-20260714-01563
2026-07-15 11:14:00,TRK-013,Rute-I,Bekasi Logistics Hub,318.7,1200,18.44,2.3,12.5,RETURNING,NO,SHP-20260715-01564
2026-07-16 14:25:00,TRK-016,Rute-N,Petamburan Hub,319.6,1400,18.88,2.5,13.1,DELIVERED,YES,SHP-20260716-01565
2026-07-17 16:36:00,TRK-019,Rute-A,Grogol Hub (Jakbar),320.5,1200,19.32,2.6,13.7,IN_TRANSIT,YES,SHP-20260717-01566
2026-07-18 09:47:00,TRK-022,Rute-F,Central Hub (Jakarta),321.4,1200,19.76,2.8,14.3,DELAYED,NO,SHP-20260718-01567
2026-07-19 12:58:00,TRK-025,Rute-K,Gudang West (Tangerang),322.2,1200,20.2,0.4,15.0,LOADED,YES,SHP-20260719-01568
2026-07-20 16:09:00,TRK-028,Rute-P,Cikarang Industrial Hub,323.1,1200,20.64,0.6,15.6,RETURNING,NO,SHP-20260720-01569
2026-07-21 09:20:00,TRK-031,Rute-C,Bogor Transit Hub,324.0,1400,21.08,0.7,16.2,DELIVERED,YES,SHP-20260721-01570
2026-07-22 11:31:00,TRK-034,Rute-H,Depok Hub,324.9,1200,21.52,0.9,16.8,IN_TRANSIT,YES,SHP-20260722-01571
2026-07-23 14:42:00,TRK-037,Rute-M,Bekasi Logistics Hub,325.8,1200,21.96,1.0,17.4,DELAYED,NO,SHP-20260723-01572
2026-07-24 17:53:00,TRK-040,Rute-R,Petamburan Hub,326.6,1200,22.4,1.2,18.1,LOADED,YES,SHP-20260724-01573
2026-07-25 11:04:00,TRK-043,Rute-E,Grogol Hub (Jakbar),327.5,1200,22.84,1.4,18.7,RETURNING,NO,SHP-20260725-01574
2026-07-26 14:15:00,TRK-046,Rute-J,Central Hub (Jakarta),328.4,1400,23.28,1.5,19.3,DELIVERED,YES,SHP-20260726-01575
2026-07-27 17:26:00,TRK-049,Rute-O,Gudang West (Tangerang),329.3,1200,23.72,1.7,19.9,IN_TRANSIT,YES,SHP-20260727-01576
2026-07-28 09:37:00,TRK-052,Rute-B,Cikarang Industrial Hub,330.2,1200,24.16,1.8,20.5,DELAYED,NO,SHP-20260728-01577
2026-07-29 12:48:00,TRK-055,Rute-G,Bogor Transit Hub,331.0,1200,24.6,2.0,21.2,LOADED,YES,SHP-20260729-01578
2026-07-30 15:59:00,TRK-058,Rute-L,Depok Hub,331.9,1200,25.04,2.2,21.8,RETURNING,NO,SHP-20260730-01579
2026-07-31 09:10:00,TRK-061,Rute-Q,Bekasi Logistics Hub,332.8,1400,25.48,2.3,22.4,DELIVERED,YES,SHP-20260731-01580
2026-07-01 12:21:00,TRK-064,Rute-D,Petamburan Hub,333.7,1200,25.92,2.5,23.0,IN_TRANSIT,YES,SHP-20260701-01581
2026-07-02 14:32:00,TRK-067,Rute-I,Grogol Hub (Jakbar),334.6,1200,26.36,2.6,23.6,DELAYED,NO,SHP-20260702-01582
2026-07-03 17:43:00,TRK-070,Rute-N,Central Hub (Jakarta),335.4,1200,26.8,2.8,24.3,LOADED,YES,SHP-20260703-01583
2026-07-04 10:54:00,TRK-073,Rute-A,Gudang West (Tangerang),336.3,1200,11.4,0.4,24.9,RETURNING,NO,SHP-20260704-01584
2026-07-05 14:05:00,TRK-076,Rute-F,Cikarang Industrial Hub,337.2,1400,11.84,0.6,25.5,DELIVERED,YES,SHP-20260705-01585
2026-07-06 17:16:00,TRK-079,Rute-K,Bogor Transit Hub,338.1,1200,12.28,0.7,26.1,IN_TRANSIT,YES,SHP-20260706-01586
2026-07-07 10:27:00,TRK-082,Rute-P,Depok Hub,339.0,1200,12.72,0.9,26.7,DELAYED,NO,SHP-20260707-01587
2026-07-08 12:38:00,TRK-085,Rute-C,Bekasi Logistics Hub,339.8,1200,13.16,1.0,27.4,LOADED,YES,SHP-20260708-01588
2026-07-09 15:49:00,TRK-088,Rute-H,Petamburan Hub,340.7,1200,13.6,1.2,28.0,RETURNING,NO,SHP-20260709-01589
2026-07-10 09:00:00,TRK-091,Rute-M,Grogol Hub (Jakbar),341.6,1400,14.04,1.4,28.6,DELIVERED,YES,SHP-20260710-01590
2026-07-11 12:11:00,TRK-094,Rute-R,Central Hub (Jakarta),342.5,1200,14.48,1.5,29.2,IN_TRANSIT,YES,SHP-20260711-01591
2026-07-12 15:22:00,TRK-097,Rute-E,Gudang West (Tangerang),343.4,1200,14.92,1.7,29.8,DELAYED,NO,SHP-20260712-01592
2026-07-13 17:33:00,TRK-100,Rute-J,Cikarang Industrial Hub,344.2,1200,15.36,1.8,30.5,LOADED,YES,SHP-20260713-01593
2026-07-14 10:44:00,TRK-103,Rute-O,Bogor Transit Hub,345.1,1200,15.8,2.0,31.1,RETURNING,NO,SHP-20260714-01594
2026-07-15 13:55:00,TRK-106,Rute-B,Depok Hub,346.0,1400,16.24,2.2,31.7,DELIVERED,YES,SHP-20260715-01595
2026-07-16 17:06:00,TRK-109,Rute-G,Bekasi Logistics Hub,346.9,1200,16.68,2.3,32.3,IN_TRANSIT,YES,SHP-20260716-01596
2026-07-17 10:17:00,TRK-112,Rute-L,Petamburan Hub,347.8,1200,17.12,2.5,32.9,DELAYED,NO,SHP-20260717-01597
2026-07-18 13:28:00,TRK-115,Rute-Q,Grogol Hub (Jakbar),348.6,1200,17.56,2.6,33.6,LOADED,YES,SHP-20260718-01598
2026-07-19 15:39:00,TRK-118,Rute-D,Central Hub (Jakarta),349.5,1200,18.0,2.8,34.2,RETURNING,NO,SHP-20260719-01599
2026-07-20 08:50:00,TRK-121,Rute-I,Gudang West (Tangerang),350.4,1400,18.44,0.4,34.8,DELIVERED,YES,SHP-20260720-01600
2026-07-21 12:01:00,TRK-124,Rute-N,Cikarang Industrial Hub,351.3,1200,18.88,0.6,35.4,IN_TRANSIT,YES,SHP-20260721-01601
2026-07-22 15:12:00,TRK-127,Rute-A,Bogor Transit Hub,352.2,1200,19.32,0.7,36.0,DELAYED,NO,SHP-20260722-01602
2026-07-23 18:23:00,TRK-130,Rute-F,Depok Hub,353.0,1200,19.76,0.9,36.7,LOADED,YES,SHP-20260723-01603
2026-07-24 10:34:00,TRK-133,Rute-K,Bekasi Logistics Hub,353.9,1200,20.2,1.0,37.3,RETURNING,NO,SHP-20260724-01604
2026-07-25 13:45:00,TRK-136,Rute-P,Petamburan Hub,354.8,1400,20.64,1.2,37.9,DELIVERED,YES,SHP-20260725-01605
2026-07-26 16:56:00,TRK-139,Rute-C,Grogol Hub (Jakbar),355.7,1200,21.08,1.4,38.5,IN_TRANSIT,YES,SHP-20260726-01606
2026-07-27 10:07:00,TRK-142,Rute-H,Central Hub (Jakarta),356.6,1200,21.52,1.5,39.1,DELAYED,NO,SHP-20260727-01607
2026-07-28 13:18:00,TRK-145,Rute-M,Gudang West (Tangerang),357.4,1200,21.96,1.7,39.8,LOADED,YES,SHP-20260728-01608
2026-07-29 16:29:00,TRK-148,Rute-R,Cikarang Industrial Hub,358.3,1200,22.4,1.8,40.4,RETURNING,NO,SHP-20260729-01609
2026-07-30 08:40:00,TRK-151,Rute-E,Bogor Transit Hub,359.2,1400,22.84,2.0,41.0,DELIVERED,YES,SHP-20260730-01610
2026-07-31 11:51:00,TRK-154,Rute-J,Depok Hub,360.1,1200,23.28,2.2,41.6,IN_TRANSIT,YES,SHP-20260731-01611
2026-07-01 15:02:00,TRK-157,Rute-O,Bekasi Logistics Hub,361.0,1200,23.72,2.3,42.2,DELAYED,NO,SHP-20260701-01612
2026-07-02 18:13:00,TRK-160,Rute-B,Petamburan Hub,361.8,1200,24.16,2.5,42.9,LOADED,YES,SHP-20260702-01613
2026-07-03 11:24:00,TRK-163,Rute-G,Grogol Hub (Jakbar),362.7,1200,24.6,2.6,43.5,RETURNING,NO,SHP-20260703-01614
2026-07-04 13:35:00,TRK-166,Rute-L,Central Hub (Jakarta),363.6,1400,25.04,2.8,44.1,DELIVERED,YES,SHP-20260704-01615
2026-07-05 16:46:00,TRK-169,Rute-Q,Gudang West (Tangerang),364.5,1200,25.48,0.4,44.7,IN_TRANSIT,YES,SHP-20260705-01616
2026-07-06 09:57:00,TRK-172,Rute-D,Cikarang Industrial Hub,365.4,1200,25.92,0.6,45.3,DELAYED,NO,SHP-20260706-01617
2026-07-07 13:08:00,TRK-175,Rute-I,Bogor Transit Hub,366.2,1200,26.36,0.7,46.0,LOADED,YES,SHP-20260707-01618
2026-07-08 16:19:00,TRK-178,Rute-N,Depok Hub,367.1,1200,26.8,0.9,46.6,RETURNING,NO,SHP-20260708-01619
2026-07-09 08:30:00,TRK-001,Rute-A,Bekasi Logistics Hub,368.0,1400,11.4,1.0,47.2,DELIVERED,YES,SHP-20260709-01620
2026-07-10 11:41:00,TRK-004,Rute-F,Petamburan Hub,368.9,1200,11.84,1.2,47.8,IN_TRANSIT,YES,SHP-20260710-01621
2026-07-11 14:52:00,TRK-007,Rute-K,Grogol Hub (Jakbar),369.8,1200,12.28,1.4,48.4,DELAYED,NO,SHP-20260711-01622
2026-07-12 18:03:00,TRK-010,Rute-P,Central Hub (Jakarta),370.6,1200,12.72,1.5,49.1,LOADED,YES,SHP-20260712-01623
2026-07-13 11:14:00,TRK-013,Rute-C,Gudang West (Tangerang),371.5,1200,13.16,1.7,49.7,RETURNING,NO,SHP-20260713-01624
2026-07-14 14:25:00,TRK-016,Rute-H,Cikarang Industrial Hub,372.4,1400,13.6,1.8,50.3,DELIVERED,YES,SHP-20260714-01625
2026-07-15 16:36:00,TRK-019,Rute-M,Bogor Transit Hub,373.3,1200,14.04,2.0,50.9,IN_TRANSIT,YES,SHP-20260715-01626
2026-07-16 09:47:00,TRK-022,Rute-R,Depok Hub,374.2,1200,14.48,2.2,51.5,DELAYED,NO,SHP-20260716-01627
2026-07-17 12:58:00,TRK-025,Rute-E,Bekasi Logistics Hub,375.0,1200,14.92,2.3,52.2,LOADED,YES,SHP-20260717-01628
2026-07-18 16:09:00,TRK-028,Rute-J,Petamburan Hub,375.9,1200,15.36,2.5,52.8,RETURNING,NO,SHP-20260718-01629
2026-07-19 09:20:00,TRK-031,Rute-O,Grogol Hub (Jakbar),376.8,1400,15.8,2.6,53.4,DELIVERED,YES,SHP-20260719-01630
2026-07-20 11:31:00,TRK-034,Rute-B,Central Hub (Jakarta),377.7,1200,16.24,2.8,54.0,IN_TRANSIT,YES,SHP-20260720-01631
2026-07-21 14:42:00,TRK-037,Rute-G,Gudang West (Tangerang),378.6,1200,16.68,0.4,54.6,DELAYED,NO,SHP-20260721-01632
2026-07-22 17:53:00,TRK-040,Rute-L,Cikarang Industrial Hub,379.4,1200,17.12,0.6,55.3,LOADED,YES,SHP-20260722-01633
2026-07-23 11:04:00,TRK-043,Rute-Q,Bogor Transit Hub,380.3,1200,17.56,0.7,55.9,RETURNING,NO,SHP-20260723-01634
2026-07-24 14:15:00,TRK-046,Rute-D,Depok Hub,381.2,1400,18.0,0.9,56.5,DELIVERED,YES,SHP-20260724-01635
2026-07-25 17:26:00,TRK-049,Rute-I,Bekasi Logistics Hub,382.1,1200,18.44,1.0,57.1,IN_TRANSIT,YES,SHP-20260725-01636
2026-07-26 09:37:00,TRK-052,Rute-N,Petamburan Hub,383.0,1200,18.88,1.2,57.7,DELAYED,NO,SHP-20260726-01637
2026-07-27 12:48:00,TRK-055,Rute-A,Grogol Hub (Jakbar),383.8,1200,19.32,1.4,58.4,LOADED,YES,SHP-20260727-01638
2026-07-28 15:59:00,TRK-058,Rute-F,Central Hub (Jakarta),384.7,1200,19.76,1.5,59.0,RETURNING,NO,SHP-20260728-01639
2026-07-29 09:10:00,TRK-061,Rute-K,Gudang West (Tangerang),385.6,1400,20.2,1.7,59.6,DELIVERED,YES,SHP-20260729-01640
2026-07-30 12:21:00,TRK-064,Rute-P,Cikarang Industrial Hub,386.5,1200,20.64,1.8,60.2,IN_TRANSIT,YES,SHP-20260730-01641
2026-07-31 14:32:00,TRK-067,Rute-C,Bogor Transit Hub,387.4,1200,21.08,2.0,60.8,DELAYED,NO,SHP-20260731-01642
2026-07-01 17:43:00,TRK-070,Rute-H,Depok Hub,388.2,1200,21.52,2.2,61.5,LOADED,YES,SHP-20260701-01643
2026-07-02 10:54:00,TRK-073,Rute-M,Bekasi Logistics Hub,389.1,1200,21.96,2.3,62.1,RETURNING,NO,SHP-20260702-01644
2026-07-03 14:05:00,TRK-076,Rute-R,Petamburan Hub,390.0,1400,22.4,2.5,62.7,DELIVERED,YES,SHP-20260703-01645
2026-07-04 17:16:00,TRK-079,Rute-E,Grogol Hub (Jakbar),390.9,1200,22.84,2.6,63.3,IN_TRANSIT,YES,SHP-20260704-01646
2026-07-05 10:27:00,TRK-082,Rute-J,Central Hub (Jakarta),391.8,1200,23.28,2.8,63.9,DELAYED,NO,SHP-20260705-01647
2026-07-06 12:38:00,TRK-085,Rute-O,Gudang West (Tangerang),392.6,1200,23.72,0.4,64.6,LOADED,YES,SHP-20260706-01648
2026-07-07 15:49:00,TRK-088,Rute-B,Cikarang Industrial Hub,393.5,1200,24.16,0.6,65.2,RETURNING,NO,SHP-20260707-01649
2026-07-08 09:00:00,TRK-091,Rute-G,Bogor Transit Hub,394.4,1400,24.6,0.7,65.8,DELIVERED,YES,SHP-20260708-01650
2026-07-09 12:11:00,TRK-094,Rute-L,Depok Hub,395.3,1200,25.04,0.9,66.4,IN_TRANSIT,YES,SHP-20260709-01651
2026-07-10 15:22:00,TRK-097,Rute-Q,Bekasi Logistics Hub,396.2,1200,25.48,1.0,67.0,DELAYED,NO,SHP-20260710-01652
2026-07-11 17:33:00,TRK-100,Rute-D,Petamburan Hub,397.0,1200,25.92,1.2,67.7,LOADED,YES,SHP-20260711-01653
2026-07-12 10:44:00,TRK-103,Rute-I,Grogol Hub (Jakbar),397.9,1200,26.36,1.4,68.3,RETURNING,NO,SHP-20260712-01654
2026-07-13 13:55:00,TRK-106,Rute-N,Central Hub (Jakarta),398.8,1400,26.8,1.5,68.9,DELIVERED,YES,SHP-20260713-01655
2026-07-14 17:06:00,TRK-109,Rute-A,Gudang West (Tangerang),399.7,1200,11.4,1.7,69.5,IN_TRANSIT,YES,SHP-20260714-01656
2026-07-15 10:17:00,TRK-112,Rute-F,Cikarang Industrial Hub,400.6,1200,11.84,1.8,70.1,DELAYED,NO,SHP-20260715-01657
2026-07-16 13:28:00,TRK-115,Rute-K,Bogor Transit Hub,401.4,1200,12.28,2.0,70.8,LOADED,YES,SHP-20260716-01658
2026-07-17 15:39:00,TRK-118,Rute-P,Depok Hub,402.3,1200,12.72,2.2,71.4,RETURNING,NO,SHP-20260717-01659
2026-07-18 08:50:00,TRK-121,Rute-C,Bekasi Logistics Hub,403.2,1400,13.16,2.3,72.0,DELIVERED,YES,SHP-20260718-01660
2026-07-19 12:01:00,TRK-124,Rute-H,Petamburan Hub,404.1,1200,13.6,2.5,72.6,IN_TRANSIT,YES,SHP-20260719-01661
2026-07-20 15:12:00,TRK-127,Rute-M,Grogol Hub (Jakbar),405.0,1200,14.04,2.6,73.2,DELAYED,NO,SHP-20260720-01662
2026-07-21 18:23:00,TRK-130,Rute-R,Central Hub (Jakarta),405.8,1200,14.48,2.8,73.9,LOADED,YES,SHP-20260721-01663
2026-07-22 10:34:00,TRK-133,Rute-E,Gudang West (Tangerang),406.7,1200,14.92,0.4,74.5,RETURNING,NO,SHP-20260722-01664
2026-07-23 13:45:00,TRK-136,Rute-J,Cikarang Industrial Hub,407.6,1400,15.36,0.6,75.1,DELIVERED,YES,SHP-20260723-01665
2026-07-24 16:56:00,TRK-139,Rute-O,Bogor Transit Hub,408.5,1200,15.8,0.7,75.7,IN_TRANSIT,YES,SHP-20260724-01666
2026-07-25 10:07:00,TRK-142,Rute-B,Depok Hub,409.4,1200,16.24,0.9,76.3,DELAYED,NO,SHP-20260725-01667
2026-07-26 13:18:00,TRK-145,Rute-G,Bekasi Logistics Hub,410.2,1200,16.68,1.0,77.0,LOADED,YES,SHP-20260726-01668
2026-07-27 16:29:00,TRK-148,Rute-L,Petamburan Hub,411.1,1200,17.12,1.2,77.6,RETURNING,NO,SHP-20260727-01669
2026-07-28 08:40:00,TRK-151,Rute-Q,Grogol Hub (Jakbar),412.0,1400,17.56,1.4,78.2,DELIVERED,YES,SHP-20260728-01670
2026-07-29 11:51:00,TRK-154,Rute-D,Central Hub (Jakarta),412.9,1200,18.0,1.5,78.8,IN_TRANSIT,YES,SHP-20260729-01671
2026-07-30 15:02:00,TRK-157,Rute-I,Gudang West (Tangerang),413.8,1200,18.44,1.7,79.4,DELAYED,NO,SHP-20260730-01672
2026-07-31 18:13:00,TRK-160,Rute-N,Cikarang Industrial Hub,414.6,1200,18.88,1.8,80.1,LOADED,YES,SHP-20260731-01673
2026-07-01 11:24:00,TRK-163,Rute-A,Bogor Transit Hub,415.5,1200,19.32,2.0,80.7,RETURNING,NO,SHP-20260701-01674
2026-07-02 13:35:00,TRK-166,Rute-F,Depok Hub,416.4,1400,19.76,2.2,81.3,DELIVERED,YES,SHP-20260702-01675
2026-07-03 16:46:00,TRK-169,Rute-K,Bekasi Logistics Hub,417.3,1200,20.2,2.3,81.9,IN_TRANSIT,YES,SHP-20260703-01676
2026-07-04 09:57:00,TRK-172,Rute-P,Petamburan Hub,418.2,1200,20.64,2.5,82.5,DELAYED,NO,SHP-20260704-01677
2026-07-05 13:08:00,TRK-175,Rute-C,Grogol Hub (Jakbar),419.0,1200,21.08,2.6,83.2,LOADED,YES,SHP-20260705-01678
2026-07-06 16:19:00,TRK-178,Rute-H,Central Hub (Jakarta),419.9,1200,21.52,2.8,83.8,RETURNING,NO,SHP-20260706-01679
2026-07-07 08:30:00,TRK-001,Rute-M,Gudang West (Tangerang),420.8,1400,21.96,0.4,84.4,DELIVERED,YES,SHP-20260707-01680
2026-07-08 11:41:00,TRK-004,Rute-R,Cikarang Industrial Hub,421.7,1200,22.4,0.6,85.0,IN_TRANSIT,YES,SHP-20260708-01681
2026-07-09 14:52:00,TRK-007,Rute-E,Bogor Transit Hub,422.6,1200,22.84,0.7,85.6,DELAYED,NO,SHP-20260709-01682
2026-07-10 18:03:00,TRK-010,Rute-J,Depok Hub,423.4,1200,23.28,0.9,86.3,LOADED,YES,SHP-20260710-01683
2026-07-11 11:14:00,TRK-013,Rute-O,Bekasi Logistics Hub,424.3,1200,23.72,1.0,86.9,RETURNING,NO,SHP-20260711-01684
2026-07-12 14:25:00,TRK-016,Rute-B,Petamburan Hub,425.2,1400,24.16,1.2,87.5,DELIVERED,YES,SHP-20260712-01685
2026-07-13 16:36:00,TRK-019,Rute-G,Grogol Hub (Jakbar),426.1,1200,24.6,1.4,88.1,IN_TRANSIT,YES,SHP-20260713-01686
2026-07-14 09:47:00,TRK-022,Rute-L,Central Hub (Jakarta),427.0,1200,25.04,1.5,88.7,DELAYED,NO,SHP-20260714-01687
2026-07-15 12:58:00,TRK-025,Rute-Q,Gudang West (Tangerang),427.8,1200,25.48,1.7,89.4,LOADED,YES,SHP-20260715-01688
2026-07-16 16:09:00,TRK-028,Rute-D,Cikarang Industrial Hub,428.7,1200,25.92,1.8,90.0,RETURNING,NO,SHP-20260716-01689
2026-07-17 09:20:00,TRK-031,Rute-I,Bogor Transit Hub,429.6,1400,26.36,2.0,10.0,DELIVERED,YES,SHP-20260717-01690
2026-07-18 11:31:00,TRK-034,Rute-N,Depok Hub,430.5,1200,26.8,2.2,10.6,IN_TRANSIT,YES,SHP-20260718-01691
2026-07-19 14:42:00,TRK-037,Rute-A,Bekasi Logistics Hub,431.4,1200,11.4,2.3,11.2,DELAYED,NO,SHP-20260719-01692
2026-07-20 17:53:00,TRK-040,Rute-F,Petamburan Hub,432.2,1200,11.84,2.5,11.9,LOADED,YES,SHP-20260720-01693
2026-07-21 11:04:00,TRK-043,Rute-K,Grogol Hub (Jakbar),433.1,1200,12.28,2.6,12.5,RETURNING,NO,SHP-20260721-01694
2026-07-22 14:15:00,TRK-046,Rute-P,Central Hub (Jakarta),434.0,1400,12.72,2.8,13.1,DELIVERED,YES,SHP-20260722-01695
2026-07-23 17:26:00,TRK-049,Rute-C,Gudang West (Tangerang),434.9,1200,13.16,0.4,13.7,IN_TRANSIT,YES,SHP-20260723-01696
2026-07-24 09:37:00,TRK-052,Rute-H,Cikarang Industrial Hub,435.8,1200,13.6,0.6,14.3,DELAYED,NO,SHP-20260724-01697
2026-07-25 12:48:00,TRK-055,Rute-M,Bogor Transit Hub,436.6,1200,14.04,0.7,15.0,LOADED,YES,SHP-20260725-01698
2026-07-26 15:59:00,TRK-058,Rute-R,Depok Hub,437.5,1200,14.48,0.9,15.6,RETURNING,NO,SHP-20260726-01699
2026-07-27 09:10:00,TRK-061,Rute-E,Bekasi Logistics Hub,438.4,1400,14.92,1.0,16.2,DELIVERED,YES,SHP-20260727-01700
2026-07-28 12:21:00,TRK-064,Rute-J,Petamburan Hub,439.3,1200,15.36,1.2,16.8,IN_TRANSIT,YES,SHP-20260728-01701
2026-07-29 14:32:00,TRK-067,Rute-O,Grogol Hub (Jakbar),440.2,1200,15.8,1.4,17.4,DELAYED,NO,SHP-20260729-01702
2026-07-30 17:43:00,TRK-070,Rute-B,Central Hub (Jakarta),441.0,1200,16.24,1.5,18.1,LOADED,YES,SHP-20260730-01703
2026-07-31 10:54:00,TRK-073,Rute-G,Gudang West (Tangerang),441.9,1200,16.68,1.7,18.7,RETURNING,NO,SHP-20260731-01704
2026-07-01 14:05:00,TRK-076,Rute-L,Cikarang Industrial Hub,442.8,1400,17.12,1.8,19.3,DELIVERED,YES,SHP-20260701-01705
2026-07-02 17:16:00,TRK-079,Rute-Q,Bogor Transit Hub,443.7,1200,17.56,2.0,19.9,IN_TRANSIT,YES,SHP-20260702-01706
2026-07-03 10:27:00,TRK-082,Rute-D,Depok Hub,444.6,1200,18.0,2.2,20.5,DELAYED,NO,SHP-20260703-01707
2026-07-04 12:38:00,TRK-085,Rute-I,Bekasi Logistics Hub,445.4,1200,18.44,2.3,21.2,LOADED,YES,SHP-20260704-01708
2026-07-05 15:49:00,TRK-088,Rute-N,Petamburan Hub,446.3,1200,18.88,2.5,21.8,RETURNING,NO,SHP-20260705-01709
2026-07-06 09:00:00,TRK-091,Rute-A,Grogol Hub (Jakbar),447.2,1400,19.32,2.6,22.4,DELIVERED,YES,SHP-20260706-01710
2026-07-07 12:11:00,TRK-094,Rute-F,Central Hub (Jakarta),448.1,1200,19.76,2.8,23.0,IN_TRANSIT,YES,SHP-20260707-01711
2026-07-08 15:22:00,TRK-097,Rute-K,Gudang West (Tangerang),449.0,1200,20.2,0.4,23.6,DELAYED,NO,SHP-20260708-01712
2026-07-09 17:33:00,TRK-100,Rute-P,Cikarang Industrial Hub,449.8,1200,20.64,0.6,24.3,LOADED,YES,SHP-20260709-01713
2026-07-10 10:44:00,TRK-103,Rute-C,Bogor Transit Hub,450.7,1200,21.08,0.7,24.9,RETURNING,NO,SHP-20260710-01714
2026-07-11 13:55:00,TRK-106,Rute-H,Depok Hub,451.6,1400,21.52,0.9,25.5,DELIVERED,YES,SHP-20260711-01715
2026-07-12 17:06:00,TRK-109,Rute-M,Bekasi Logistics Hub,452.5,1200,21.96,1.0,26.1,IN_TRANSIT,YES,SHP-20260712-01716
2026-07-13 10:17:00,TRK-112,Rute-R,Petamburan Hub,453.4,1200,22.4,1.2,26.7,DELAYED,NO,SHP-20260713-01717
2026-07-14 13:28:00,TRK-115,Rute-E,Grogol Hub (Jakbar),454.2,1200,22.84,1.4,27.4,LOADED,YES,SHP-20260714-01718
2026-07-15 15:39:00,TRK-118,Rute-J,Central Hub (Jakarta),455.1,1200,23.28,1.5,28.0,RETURNING,NO,SHP-20260715-01719
2026-07-16 08:50:00,TRK-121,Rute-O,Gudang West (Tangerang),456.0,1400,23.72,1.7,28.6,DELIVERED,YES,SHP-20260716-01720
2026-07-17 12:01:00,TRK-124,Rute-B,Cikarang Industrial Hub,456.9,1200,24.16,1.8,29.2,IN_TRANSIT,YES,SHP-20260717-01721
2026-07-18 15:12:00,TRK-127,Rute-G,Bogor Transit Hub,457.8,1200,24.6,2.0,29.8,DELAYED,NO,SHP-20260718-01722
2026-07-19 18:23:00,TRK-130,Rute-L,Depok Hub,458.6,1200,25.04,2.2,30.5,LOADED,YES,SHP-20260719-01723
2026-07-20 10:34:00,TRK-133,Rute-Q,Bekasi Logistics Hub,459.5,1200,25.48,2.3,31.1,RETURNING,NO,SHP-20260720-01724
2026-07-21 13:45:00,TRK-136,Rute-D,Petamburan Hub,460.4,1400,25.92,2.5,31.7,DELIVERED,YES,SHP-20260721-01725
2026-07-22 16:56:00,TRK-139,Rute-I,Grogol Hub (Jakbar),461.3,1200,26.36,2.6,32.3,IN_TRANSIT,YES,SHP-20260722-01726
2026-07-23 10:07:00,TRK-142,Rute-N,Central Hub (Jakarta),462.2,1200,26.8,2.8,32.9,DELAYED,NO,SHP-20260723-01727
2026-07-24 13:18:00,TRK-145,Rute-A,Gudang West (Tangerang),463.0,1200,11.4,0.4,33.6,LOADED,YES,SHP-20260724-01728
2026-07-25 16:29:00,TRK-148,Rute-F,Cikarang Industrial Hub,463.9,1200,11.84,0.6,34.2,RETURNING,NO,SHP-20260725-01729
2026-07-26 08:40:00,TRK-151,Rute-K,Bogor Transit Hub,464.8,1400,12.28,0.7,34.8,DELIVERED,YES,SHP-20260726-01730
2026-07-27 11:51:00,TRK-154,Rute-P,Depok Hub,465.7,1200,12.72,0.9,35.4,IN_TRANSIT,YES,SHP-20260727-01731
2026-07-28 15:02:00,TRK-157,Rute-C,Bekasi Logistics Hub,466.6,1200,13.16,1.0,36.0,DELAYED,NO,SHP-20260728-01732
2026-07-29 18:13:00,TRK-160,Rute-H,Petamburan Hub,467.4,1200,13.6,1.2,36.7,LOADED,YES,SHP-20260729-01733
2026-07-30 11:24:00,TRK-163,Rute-M,Grogol Hub (Jakbar),468.3,1200,14.04,1.4,37.3,RETURNING,NO,SHP-20260730-01734
2026-07-31 13:35:00,TRK-166,Rute-R,Central Hub (Jakarta),469.2,1400,14.48,1.5,37.9,DELIVERED,YES,SHP-20260731-01735
2026-07-01 16:46:00,TRK-169,Rute-E,Gudang West (Tangerang),470.1,1200,14.92,1.7,38.5,IN_TRANSIT,YES,SHP-20260701-01736
2026-07-02 09:57:00,TRK-172,Rute-J,Cikarang Industrial Hub,471.0,1200,15.36,1.8,39.1,DELAYED,NO,SHP-20260702-01737
2026-07-03 13:08:00,TRK-175,Rute-O,Bogor Transit Hub,471.8,1200,15.8,2.0,39.8,LOADED,YES,SHP-20260703-01738
2026-07-04 16:19:00,TRK-178,Rute-B,Depok Hub,472.7,1200,16.24,2.2,40.4,RETURNING,NO,SHP-20260704-01739
2026-07-05 08:30:00,TRK-001,Rute-G,Bekasi Logistics Hub,473.6,1400,16.68,2.3,41.0,DELIVERED,YES,SHP-20260705-01740
2026-07-06 11:41:00,TRK-004,Rute-L,Petamburan Hub,474.5,1200,17.12,2.5,41.6,IN_TRANSIT,YES,SHP-20260706-01741
2026-07-07 14:52:00,TRK-007,Rute-Q,Grogol Hub (Jakbar),475.4,1200,17.56,2.6,42.2,DELAYED,NO,SHP-20260707-01742
2026-07-08 18:03:00,TRK-010,Rute-D,Central Hub (Jakarta),476.2,1200,18.0,2.8,42.9,LOADED,YES,SHP-20260708-01743
2026-07-09 11:14:00,TRK-013,Rute-I,Gudang West (Tangerang),477.1,1200,18.44,0.4,43.5,RETURNING,NO,SHP-20260709-01744
2026-07-10 14:25:00,TRK-016,Rute-N,Cikarang Industrial Hub,478.0,1400,18.88,0.6,44.1,DELIVERED,YES,SHP-20260710-01745
2026-07-11 16:36:00,TRK-019,Rute-A,Bogor Transit Hub,478.9,1200,19.32,0.7,44.7,IN_TRANSIT,YES,SHP-20260711-01746
2026-07-12 09:47:00,TRK-022,Rute-F,Depok Hub,479.8,1200,19.76,0.9,45.3,DELAYED,NO,SHP-20260712-01747
2026-07-13 12:58:00,TRK-025,Rute-K,Bekasi Logistics Hub,480.6,1200,20.2,1.0,46.0,LOADED,YES,SHP-20260713-01748
2026-07-14 16:09:00,TRK-028,Rute-P,Petamburan Hub,481.5,1200,20.64,1.2,46.6,RETURNING,NO,SHP-20260714-01749
2026-07-15 09:20:00,TRK-031,Rute-C,Grogol Hub (Jakbar),482.4,1400,21.08,1.4,47.2,DELIVERED,YES,SHP-20260715-01750
2026-07-16 11:31:00,TRK-034,Rute-H,Central Hub (Jakarta),483.3,1200,21.52,1.5,47.8,IN_TRANSIT,YES,SHP-20260716-01751
2026-07-17 14:42:00,TRK-037,Rute-M,Gudang West (Tangerang),484.2,1200,21.96,1.7,48.4,DELAYED,NO,SHP-20260717-01752
2026-07-18 17:53:00,TRK-040,Rute-R,Cikarang Industrial Hub,485.0,1200,22.4,1.8,49.1,LOADED,YES,SHP-20260718-01753
2026-07-19 11:04:00,TRK-043,Rute-E,Bogor Transit Hub,485.9,1200,22.84,2.0,49.7,RETURNING,NO,SHP-20260719-01754
2026-07-20 14:15:00,TRK-046,Rute-J,Depok Hub,486.8,1400,23.28,2.2,50.3,DELIVERED,YES,SHP-20260720-01755
2026-07-21 17:26:00,TRK-049,Rute-O,Bekasi Logistics Hub,487.7,1200,23.72,2.3,50.9,IN_TRANSIT,YES,SHP-20260721-01756
2026-07-22 09:37:00,TRK-052,Rute-B,Petamburan Hub,488.6,1200,24.16,2.5,51.5,DELAYED,NO,SHP-20260722-01757
2026-07-23 12:48:00,TRK-055,Rute-G,Grogol Hub (Jakbar),489.4,1200,24.6,2.6,52.2,LOADED,YES,SHP-20260723-01758
2026-07-24 15:59:00,TRK-058,Rute-L,Central Hub (Jakarta),490.3,1200,25.04,2.8,52.8,RETURNING,NO,SHP-20260724-01759
2026-07-25 09:10:00,TRK-061,Rute-Q,Gudang West (Tangerang),491.2,1400,25.48,0.4,53.4,DELIVERED,YES,SHP-20260725-01760
2026-07-26 12:21:00,TRK-064,Rute-D,Cikarang Industrial Hub,492.1,1200,25.92,0.6,54.0,IN_TRANSIT,YES,SHP-20260726-01761
2026-07-27 14:32:00,TRK-067,Rute-I,Bogor Transit Hub,493.0,1200,26.36,0.7,54.6,DELAYED,NO,SHP-20260727-01762
2026-07-28 17:43:00,TRK-070,Rute-N,Depok Hub,493.8,1200,26.8,0.9,55.3,LOADED,YES,SHP-20260728-01763
2026-07-29 10:54:00,TRK-073,Rute-A,Bekasi Logistics Hub,494.7,1200,11.4,1.0,55.9,RETURNING,NO,SHP-20260729-01764
2026-07-30 14:05:00,TRK-076,Rute-F,Petamburan Hub,495.6,1400,11.84,1.2,56.5,DELIVERED,YES,SHP-20260730-01765
2026-07-31 17:16:00,TRK-079,Rute-K,Grogol Hub (Jakbar),496.5,1200,12.28,1.4,57.1,IN_TRANSIT,YES,SHP-20260731-01766
2026-07-01 10:27:00,TRK-082,Rute-P,Central Hub (Jakarta),497.4,1200,12.72,1.5,57.7,DELAYED,NO,SHP-20260701-01767
2026-07-02 12:38:00,TRK-085,Rute-C,Gudang West (Tangerang),498.2,1200,13.16,1.7,58.4,LOADED,YES,SHP-20260702-01768
2026-07-03 15:49:00,TRK-088,Rute-H,Cikarang Industrial Hub,499.1,1200,13.6,1.8,59.0,RETURNING,NO,SHP-20260703-01769
2026-07-04 09:00:00,TRK-091,Rute-M,Bogor Transit Hub,500.0,1400,14.04,2.0,59.6,DELIVERED,YES,SHP-20260704-01770
2026-07-05 12:11:00,TRK-094,Rute-R,Depok Hub,500.9,1200,14.48,2.2,60.2,IN_TRANSIT,YES,SHP-20260705-01771
2026-07-06 15:22:00,TRK-097,Rute-E,Bekasi Logistics Hub,501.8,1200,14.92,2.3,60.8,DELAYED,NO,SHP-20260706-01772
2026-07-07 17:33:00,TRK-100,Rute-J,Petamburan Hub,502.6,1200,15.36,2.5,61.5,LOADED,YES,SHP-20260707-01773
2026-07-08 10:44:00,TRK-103,Rute-O,Grogol Hub (Jakbar),503.5,1200,15.8,2.6,62.1,RETURNING,NO,SHP-20260708-01774
2026-07-09 13:55:00,TRK-106,Rute-B,Central Hub (Jakarta),504.4,1400,16.24,2.8,62.7,DELIVERED,YES,SHP-20260709-01775
2026-07-10 17:06:00,TRK-109,Rute-G,Gudang West (Tangerang),505.3,1200,16.68,0.4,63.3,IN_TRANSIT,YES,SHP-20260710-01776
2026-07-11 10:17:00,TRK-112,Rute-L,Cikarang Industrial Hub,506.2,1200,17.12,0.6,63.9,DELAYED,NO,SHP-20260711-01777
2026-07-12 13:28:00,TRK-115,Rute-Q,Bogor Transit Hub,507.0,1200,17.56,0.7,64.6,LOADED,YES,SHP-20260712-01778
2026-07-13 15:39:00,TRK-118,Rute-D,Depok Hub,507.9,1200,18.0,0.9,65.2,RETURNING,NO,SHP-20260713-01779
2026-07-14 08:50:00,TRK-121,Rute-I,Bekasi Logistics Hub,508.8,1400,18.44,1.0,65.8,DELIVERED,YES,SHP-20260714-01780
2026-07-15 12:01:00,TRK-124,Rute-N,Petamburan Hub,509.7,1200,18.88,1.2,66.4,IN_TRANSIT,YES,SHP-20260715-01781
2026-07-16 15:12:00,TRK-127,Rute-A,Grogol Hub (Jakbar),510.6,1200,19.32,1.4,67.0,DELAYED,NO,SHP-20260716-01782
2026-07-17 18:23:00,TRK-130,Rute-F,Central Hub (Jakarta),511.4,1200,19.76,1.5,67.7,LOADED,YES,SHP-20260717-01783
2026-07-18 10:34:00,TRK-133,Rute-K,Gudang West (Tangerang),512.3,1200,20.2,1.7,68.3,RETURNING,NO,SHP-20260718-01784
2026-07-19 13:45:00,TRK-136,Rute-P,Cikarang Industrial Hub,513.2,1400,20.64,1.8,68.9,DELIVERED,YES,SHP-20260719-01785
2026-07-20 16:56:00,TRK-139,Rute-C,Bogor Transit Hub,514.1,1200,21.08,2.0,69.5,IN_TRANSIT,YES,SHP-20260720-01786
2026-07-21 10:07:00,TRK-142,Rute-H,Depok Hub,515.0,1200,21.52,2.2,70.1,DELAYED,NO,SHP-20260721-01787
2026-07-22 13:18:00,TRK-145,Rute-M,Bekasi Logistics Hub,515.8,1200,21.96,2.3,70.8,LOADED,YES,SHP-20260722-01788
2026-07-23 16:29:00,TRK-148,Rute-R,Petamburan Hub,516.7,1200,22.4,2.5,71.4,RETURNING,NO,SHP-20260723-01789
2026-07-24 08:40:00,TRK-151,Rute-E,Grogol Hub (Jakbar),517.6,1400,22.84,2.6,72.0,DELIVERED,YES,SHP-20260724-01790
2026-07-25 11:51:00,TRK-154,Rute-J,Central Hub (Jakarta),518.5,1200,23.28,2.8,72.6,IN_TRANSIT,YES,SHP-20260725-01791
2026-07-26 15:02:00,TRK-157,Rute-O,Gudang West (Tangerang),519.4,1200,23.72,0.4,73.2,DELAYED,NO,SHP-20260726-01792
2026-07-27 18:13:00,TRK-160,Rute-B,Cikarang Industrial Hub,520.2,1200,24.16,0.6,73.9,LOADED,YES,SHP-20260727-01793
2026-07-28 11:24:00,TRK-163,Rute-G,Bogor Transit Hub,521.1,1200,24.6,0.7,74.5,RETURNING,NO,SHP-20260728-01794
2026-07-29 13:35:00,TRK-166,Rute-L,Depok Hub,522.0,1400,25.04,0.9,75.1,DELIVERED,YES,SHP-20260729-01795
2026-07-30 16:46:00,TRK-169,Rute-Q,Bekasi Logistics Hub,522.9,1200,25.48,1.0,75.7,IN_TRANSIT,YES,SHP-20260730-01796
2026-07-31 09:57:00,TRK-172,Rute-D,Petamburan Hub,523.8,1200,25.92,1.2,76.3,DELAYED,NO,SHP-20260731-01797
2026-07-01 13:08:00,TRK-175,Rute-I,Grogol Hub (Jakbar),524.6,1200,26.36,1.4,77.0,LOADED,YES,SHP-20260701-01798
2026-07-02 16:19:00,TRK-178,Rute-N,Central Hub (Jakarta),525.5,1200,26.8,1.5,77.6,RETURNING,NO,SHP-20260702-01799
2026-07-03 08:30:00,TRK-001,Rute-A,Gudang West (Tangerang),526.4,1400,11.4,1.7,78.2,DELIVERED,YES,SHP-20260703-01800
2026-07-04 11:41:00,TRK-004,Rute-F,Cikarang Industrial Hub,527.3,1200,11.84,1.8,78.8,IN_TRANSIT,YES,SHP-20260704-01801
2026-07-05 14:52:00,TRK-007,Rute-K,Bogor Transit Hub,528.2,1200,12.28,2.0,79.4,DELAYED,NO,SHP-20260705-01802
2026-07-06 18:03:00,TRK-010,Rute-P,Depok Hub,529.0,1200,12.72,2.2,80.1,LOADED,YES,SHP-20260706-01803
2026-07-07 11:14:00,TRK-013,Rute-C,Bekasi Logistics Hub,529.9,1200,13.16,2.3,80.7,RETURNING,NO,SHP-20260707-01804
2026-07-08 14:25:00,TRK-016,Rute-H,Petamburan Hub,530.8,1400,13.6,2.5,81.3,DELIVERED,YES,SHP-20260708-01805
2026-07-09 16:36:00,TRK-019,Rute-M,Grogol Hub (Jakbar),531.7,1200,14.04,2.6,81.9,IN_TRANSIT,YES,SHP-20260709-01806
2026-07-10 09:47:00,TRK-022,Rute-R,Central Hub (Jakarta),532.6,1200,14.48,2.8,82.5,DELAYED,NO,SHP-20260710-01807
2026-07-11 12:58:00,TRK-025,Rute-E,Gudang West (Tangerang),533.4,1200,14.92,0.4,83.2,LOADED,YES,SHP-20260711-01808
2026-07-12 16:09:00,TRK-028,Rute-J,Cikarang Industrial Hub,534.3,1200,15.36,0.6,83.8,RETURNING,NO,SHP-20260712-01809
2026-07-13 09:20:00,TRK-031,Rute-O,Bogor Transit Hub,535.2,1400,15.8,0.7,84.4,DELIVERED,YES,SHP-20260713-01810
2026-07-14 11:31:00,TRK-034,Rute-B,Depok Hub,536.1,1200,16.24,0.9,85.0,IN_TRANSIT,YES,SHP-20260714-01811
2026-07-15 14:42:00,TRK-037,Rute-G,Bekasi Logistics Hub,537.0,1200,16.68,1.0,85.6,DELAYED,NO,SHP-20260715-01812
2026-07-16 17:53:00,TRK-040,Rute-L,Petamburan Hub,537.8,1200,17.12,1.2,86.3,LOADED,YES,SHP-20260716-01813
2026-07-17 11:04:00,TRK-043,Rute-Q,Grogol Hub (Jakbar),538.7,1200,17.56,1.4,86.9,RETURNING,NO,SHP-20260717-01814
2026-07-18 14:15:00,TRK-046,Rute-D,Central Hub (Jakarta),539.6,1400,18.0,1.5,87.5,DELIVERED,YES,SHP-20260718-01815
2026-07-19 17:26:00,TRK-049,Rute-I,Gudang West (Tangerang),540.5,1200,18.44,1.7,88.1,IN_TRANSIT,YES,SHP-20260719-01816
2026-07-20 09:37:00,TRK-052,Rute-N,Cikarang Industrial Hub,541.4,1200,18.88,1.8,88.7,DELAYED,NO,SHP-20260720-01817
2026-07-21 12:48:00,TRK-055,Rute-A,Bogor Transit Hub,542.2,1200,19.32,2.0,89.4,LOADED,YES,SHP-20260721-01818
2026-07-22 15:59:00,TRK-058,Rute-F,Depok Hub,543.1,1200,19.76,2.2,90.0,RETURNING,NO,SHP-20260722-01819
2026-07-23 09:10:00,TRK-061,Rute-K,Bekasi Logistics Hub,544.0,1400,20.2,2.3,10.0,DELIVERED,YES,SHP-20260723-01820
2026-07-24 12:21:00,TRK-064,Rute-P,Petamburan Hub,544.9,1200,20.64,2.5,10.6,IN_TRANSIT,YES,SHP-20260724-01821
2026-07-25 14:32:00,TRK-067,Rute-C,Grogol Hub (Jakbar),545.8,1200,21.08,2.6,11.2,DELAYED,NO,SHP-20260725-01822
2026-07-26 17:43:00,TRK-070,Rute-H,Central Hub (Jakarta),546.6,1200,21.52,2.8,11.9,LOADED,YES,SHP-20260726-01823
2026-07-27 10:54:00,TRK-073,Rute-M,Gudang West (Tangerang),547.5,1200,21.96,0.4,12.5,RETURNING,NO,SHP-20260727-01824
2026-07-28 14:05:00,TRK-076,Rute-R,Cikarang Industrial Hub,548.4,1400,22.4,0.6,13.1,DELIVERED,YES,SHP-20260728-01825
2026-07-29 17:16:00,TRK-079,Rute-E,Bogor Transit Hub,549.3,1200,22.84,0.7,13.7,IN_TRANSIT,YES,SHP-20260729-01826
2026-07-30 10:27:00,TRK-082,Rute-J,Depok Hub,550.2,1200,23.28,0.9,14.3,DELAYED,NO,SHP-20260730-01827
2026-07-31 12:38:00,TRK-085,Rute-O,Bekasi Logistics Hub,551.0,1200,23.72,1.0,15.0,LOADED,YES,SHP-20260731-01828
2026-07-01 15:49:00,TRK-088,Rute-B,Petamburan Hub,551.9,1200,24.16,1.2,15.6,RETURNING,NO,SHP-20260701-01829
2026-07-02 09:00:00,TRK-091,Rute-G,Grogol Hub (Jakbar),552.8,1400,24.6,1.4,16.2,DELIVERED,YES,SHP-20260702-01830
2026-07-03 12:11:00,TRK-094,Rute-L,Central Hub (Jakarta),553.7,1200,25.04,1.5,16.8,IN_TRANSIT,YES,SHP-20260703-01831
2026-07-04 15:22:00,TRK-097,Rute-Q,Gudang West (Tangerang),554.6,1200,25.48,1.7,17.4,DELAYED,NO,SHP-20260704-01832
2026-07-05 17:33:00,TRK-100,Rute-D,Cikarang Industrial Hub,555.4,1200,25.92,1.8,18.1,LOADED,YES,SHP-20260705-01833
2026-07-06 10:44:00,TRK-103,Rute-I,Bogor Transit Hub,556.3,1200,26.36,2.0,18.7,RETURNING,NO,SHP-20260706-01834
2026-07-07 13:55:00,TRK-106,Rute-N,Depok Hub,557.2,1400,26.8,2.2,19.3,DELIVERED,YES,SHP-20260707-01835
2026-07-08 17:06:00,TRK-109,Rute-A,Bekasi Logistics Hub,558.1,1200,11.4,2.3,19.9,IN_TRANSIT,YES,SHP-20260708-01836
2026-07-09 10:17:00,TRK-112,Rute-F,Petamburan Hub,559.0,1200,11.84,2.5,20.5,DELAYED,NO,SHP-20260709-01837
2026-07-10 13:28:00,TRK-115,Rute-K,Grogol Hub (Jakbar),559.8,1200,12.28,2.6,21.2,LOADED,YES,SHP-20260710-01838
2026-07-11 15:39:00,TRK-118,Rute-P,Central Hub (Jakarta),560.7,1200,12.72,2.8,21.8,RETURNING,NO,SHP-20260711-01839
2026-07-12 08:50:00,TRK-121,Rute-C,Gudang West (Tangerang),561.6,1400,13.16,0.4,22.4,DELIVERED,YES,SHP-20260712-01840
2026-07-13 12:01:00,TRK-124,Rute-H,Cikarang Industrial Hub,562.5,1200,13.6,0.6,23.0,IN_TRANSIT,YES,SHP-20260713-01841
2026-07-14 15:12:00,TRK-127,Rute-M,Bogor Transit Hub,563.4,1200,14.04,0.7,23.6,DELAYED,NO,SHP-20260714-01842
2026-07-15 18:23:00,TRK-130,Rute-R,Depok Hub,564.2,1200,14.48,0.9,24.3,LOADED,YES,SHP-20260715-01843
2026-07-16 10:34:00,TRK-133,Rute-E,Bekasi Logistics Hub,565.1,1200,14.92,1.0,24.9,RETURNING,NO,SHP-20260716-01844
2026-07-17 13:45:00,TRK-136,Rute-J,Petamburan Hub,566.0,1400,15.36,1.2,25.5,DELIVERED,YES,SHP-20260717-01845
2026-07-18 16:56:00,TRK-139,Rute-O,Grogol Hub (Jakbar),566.9,1200,15.8,1.4,26.1,IN_TRANSIT,YES,SHP-20260718-01846
2026-07-19 10:07:00,TRK-142,Rute-B,Central Hub (Jakarta),567.8,1200,16.24,1.5,26.7,DELAYED,NO,SHP-20260719-01847
2026-07-20 13:18:00,TRK-145,Rute-G,Gudang West (Tangerang),568.6,1200,16.68,1.7,27.4,LOADED,YES,SHP-20260720-01848
2026-07-21 16:29:00,TRK-148,Rute-L,Cikarang Industrial Hub,569.5,1200,17.12,1.8,28.0,RETURNING,NO,SHP-20260721-01849
2026-07-22 08:40:00,TRK-151,Rute-Q,Bogor Transit Hub,570.4,1400,17.56,2.0,28.6,DELIVERED,YES,SHP-20260722-01850
2026-07-23 11:51:00,TRK-154,Rute-D,Depok Hub,571.3,1200,18.0,2.2,29.2,IN_TRANSIT,YES,SHP-20260723-01851
2026-07-24 15:02:00,TRK-157,Rute-I,Bekasi Logistics Hub,572.2,1200,18.44,2.3,29.8,DELAYED,NO,SHP-20260724-01852
2026-07-25 18:13:00,TRK-160,Rute-N,Petamburan Hub,573.0,1200,18.88,2.5,30.5,LOADED,YES,SHP-20260725-01853
2026-07-26 11:24:00,TRK-163,Rute-A,Grogol Hub (Jakbar),573.9,1200,19.32,2.6,31.1,RETURNING,NO,SHP-20260726-01854
2026-07-27 13:35:00,TRK-166,Rute-F,Central Hub (Jakarta),574.8,1400,19.76,2.8,31.7,DELIVERED,YES,SHP-20260727-01855
2026-07-28 16:46:00,TRK-169,Rute-K,Gudang West (Tangerang),575.7,1200,20.2,0.4,32.3,IN_TRANSIT,YES,SHP-20260728-01856
2026-07-29 09:57:00,TRK-172,Rute-P,Cikarang Industrial Hub,576.6,1200,20.64,0.6,32.9,DELAYED,NO,SHP-20260729-01857
2026-07-30 13:08:00,TRK-175,Rute-C,Bogor Transit Hub,577.4,1200,21.08,0.7,33.6,LOADED,YES,SHP-20260730-01858
2026-07-31 16:19:00,TRK-178,Rute-H,Depok Hub,578.3,1200,21.52,0.9,34.2,RETURNING,NO,SHP-20260731-01859
2026-07-01 08:30:00,TRK-001,Rute-M,Bekasi Logistics Hub,579.2,1400,21.96,1.0,34.8,DELIVERED,YES,SHP-20260701-01860
2026-07-02 11:41:00,TRK-004,Rute-R,Petamburan Hub,580.1,1200,22.4,1.2,35.4,IN_TRANSIT,YES,SHP-20260702-01861
2026-07-03 14:52:00,TRK-007,Rute-E,Grogol Hub (Jakbar),581.0,1200,22.84,1.4,36.0,DELAYED,NO,SHP-20260703-01862
2026-07-04 18:03:00,TRK-010,Rute-J,Central Hub (Jakarta),581.8,1200,23.28,1.5,36.7,LOADED,YES,SHP-20260704-01863
2026-07-05 11:14:00,TRK-013,Rute-O,Gudang West (Tangerang),582.7,1200,23.72,1.7,37.3,RETURNING,NO,SHP-20260705-01864
2026-07-06 14:25:00,TRK-016,Rute-B,Cikarang Industrial Hub,583.6,1400,24.16,1.8,37.9,DELIVERED,YES,SHP-20260706-01865
2026-07-07 16:36:00,TRK-019,Rute-G,Bogor Transit Hub,584.5,1200,24.6,2.0,38.5,IN_TRANSIT,YES,SHP-20260707-01866
2026-07-08 09:47:00,TRK-022,Rute-L,Depok Hub,585.4,1200,25.04,2.2,39.1,DELAYED,NO,SHP-20260708-01867
2026-07-09 12:58:00,TRK-025,Rute-Q,Bekasi Logistics Hub,586.2,1200,25.48,2.3,39.8,LOADED,YES,SHP-20260709-01868
2026-07-10 16:09:00,TRK-028,Rute-D,Petamburan Hub,587.1,1200,25.92,2.5,40.4,RETURNING,NO,SHP-20260710-01869
2026-07-11 09:20:00,TRK-031,Rute-I,Grogol Hub (Jakbar),588.0,1400,26.36,2.6,41.0,DELIVERED,YES,SHP-20260711-01870
2026-07-12 11:31:00,TRK-034,Rute-N,Central Hub (Jakarta),588.9,1200,26.8,2.8,41.6,IN_TRANSIT,YES,SHP-20260712-01871
2026-07-13 14:42:00,TRK-037,Rute-A,Gudang West (Tangerang),589.8,1200,11.4,0.4,42.2,DELAYED,NO,SHP-20260713-01872
2026-07-14 17:53:00,TRK-040,Rute-F,Cikarang Industrial Hub,590.6,1200,11.84,0.6,42.9,LOADED,YES,SHP-20260714-01873
2026-07-15 11:04:00,TRK-043,Rute-K,Bogor Transit Hub,591.5,1200,12.28,0.7,43.5,RETURNING,NO,SHP-20260715-01874
2026-07-16 14:15:00,TRK-046,Rute-P,Depok Hub,592.4,1400,12.72,0.9,44.1,DELIVERED,YES,SHP-20260716-01875
2026-07-17 17:26:00,TRK-049,Rute-C,Bekasi Logistics Hub,593.3,1200,13.16,1.0,44.7,IN_TRANSIT,YES,SHP-20260717-01876
2026-07-18 09:37:00,TRK-052,Rute-H,Petamburan Hub,594.2,1200,13.6,1.2,45.3,DELAYED,NO,SHP-20260718-01877
2026-07-19 12:48:00,TRK-055,Rute-M,Grogol Hub (Jakbar),595.0,1200,14.04,1.4,46.0,LOADED,YES,SHP-20260719-01878
2026-07-20 15:59:00,TRK-058,Rute-R,Central Hub (Jakarta),595.9,1200,14.48,1.5,46.6,RETURNING,NO,SHP-20260720-01879
2026-07-21 09:10:00,TRK-061,Rute-E,Gudang West (Tangerang),596.8,1400,14.92,1.7,47.2,DELIVERED,YES,SHP-20260721-01880
2026-07-22 12:21:00,TRK-064,Rute-J,Cikarang Industrial Hub,597.7,1200,15.36,1.8,47.8,IN_TRANSIT,YES,SHP-20260722-01881
2026-07-23 14:32:00,TRK-067,Rute-O,Bogor Transit Hub,598.6,1200,15.8,2.0,48.4,DELAYED,NO,SHP-20260723-01882
2026-07-24 17:43:00,TRK-070,Rute-B,Depok Hub,599.4,1200,16.24,2.2,49.1,LOADED,YES,SHP-20260724-01883
2026-07-25 10:54:00,TRK-073,Rute-G,Bekasi Logistics Hub,600.3,1200,16.68,2.3,49.7,RETURNING,NO,SHP-20260725-01884
2026-07-26 14:05:00,TRK-076,Rute-L,Petamburan Hub,601.2,1400,17.12,2.5,50.3,DELIVERED,YES,SHP-20260726-01885
2026-07-27 17:16:00,TRK-079,Rute-Q,Grogol Hub (Jakbar),602.1,1200,17.56,2.6,50.9,IN_TRANSIT,YES,SHP-20260727-01886
2026-07-28 10:27:00,TRK-082,Rute-D,Central Hub (Jakarta),603.0,1200,18.0,2.8,51.5,DELAYED,NO,SHP-20260728-01887
2026-07-29 12:38:00,TRK-085,Rute-I,Gudang West (Tangerang),603.8,1200,18.44,0.4,52.2,LOADED,YES,SHP-20260729-01888
2026-07-30 15:49:00,TRK-088,Rute-N,Cikarang Industrial Hub,604.7,1200,18.88,0.6,52.8,RETURNING,NO,SHP-20260730-01889
2026-07-31 09:00:00,TRK-091,Rute-A,Bogor Transit Hub,605.6,1400,19.32,0.7,53.4,DELIVERED,YES,SHP-20260731-01890
2026-07-01 12:11:00,TRK-094,Rute-F,Depok Hub,606.5,1200,19.76,0.9,54.0,IN_TRANSIT,YES,SHP-20260701-01891
2026-07-02 15:22:00,TRK-097,Rute-K,Bekasi Logistics Hub,607.4,1200,20.2,1.0,54.6,DELAYED,NO,SHP-20260702-01892
2026-07-03 17:33:00,TRK-100,Rute-P,Petamburan Hub,608.2,1200,20.64,1.2,55.3,LOADED,YES,SHP-20260703-01893
2026-07-04 10:44:00,TRK-103,Rute-C,Grogol Hub (Jakbar),609.1,1200,21.08,1.4,55.9,RETURNING,NO,SHP-20260704-01894
2026-07-05 13:55:00,TRK-106,Rute-H,Central Hub (Jakarta),610.0,1400,21.52,1.5,56.5,DELIVERED,YES,SHP-20260705-01895
2026-07-06 17:06:00,TRK-109,Rute-M,Gudang West (Tangerang),610.9,1200,21.96,1.7,57.1,IN_TRANSIT,YES,SHP-20260706-01896
2026-07-07 10:17:00,TRK-112,Rute-R,Cikarang Industrial Hub,611.8,1200,22.4,1.8,57.7,DELAYED,NO,SHP-20260707-01897
2026-07-08 13:28:00,TRK-115,Rute-E,Bogor Transit Hub,612.6,1200,22.84,2.0,58.4,LOADED,YES,SHP-20260708-01898
2026-07-09 15:39:00,TRK-118,Rute-J,Depok Hub,613.5,1200,23.28,2.2,59.0,RETURNING,NO,SHP-20260709-01899
2026-07-10 08:50:00,TRK-121,Rute-O,Bekasi Logistics Hub,614.4,1400,23.72,2.3,59.6,DELIVERED,YES,SHP-20260710-01900
2026-07-11 12:01:00,TRK-124,Rute-B,Petamburan Hub,615.3,1200,24.16,2.5,60.2,IN_TRANSIT,YES,SHP-20260711-01901
2026-07-12 15:12:00,TRK-127,Rute-G,Grogol Hub (Jakbar),616.2,1200,24.6,2.6,60.8,DELAYED,NO,SHP-20260712-01902
2026-07-13 18:23:00,TRK-130,Rute-L,Central Hub (Jakarta),617.0,1200,25.04,2.8,61.5,LOADED,YES,SHP-20260713-01903
2026-07-14 10:34:00,TRK-133,Rute-Q,Gudang West (Tangerang),617.9,1200,25.48,0.4,62.1,RETURNING,NO,SHP-20260714-01904
2026-07-15 13:45:00,TRK-136,Rute-D,Cikarang Industrial Hub,618.8,1400,25.92,0.6,62.7,DELIVERED,YES,SHP-20260715-01905
2026-07-16 16:56:00,TRK-139,Rute-I,Bogor Transit Hub,619.7,1200,26.36,0.7,63.3,IN_TRANSIT,YES,SHP-20260716-01906
2026-07-17 10:07:00,TRK-142,Rute-N,Depok Hub,620.6,1200,26.8,0.9,63.9,DELAYED,NO,SHP-20260717-01907
2026-07-18 13:18:00,TRK-145,Rute-A,Bekasi Logistics Hub,621.4,1200,11.4,1.0,64.6,LOADED,YES,SHP-20260718-01908
2026-07-19 16:29:00,TRK-148,Rute-F,Petamburan Hub,622.3,1200,11.84,1.2,65.2,RETURNING,NO,SHP-20260719-01909
2026-07-20 08:40:00,TRK-151,Rute-K,Grogol Hub (Jakbar),623.2,1400,12.28,1.4,65.8,DELIVERED,YES,SHP-20260720-01910
2026-07-21 11:51:00,TRK-154,Rute-P,Central Hub (Jakarta),624.1,1200,12.72,1.5,66.4,IN_TRANSIT,YES,SHP-20260721-01911
2026-07-22 15:02:00,TRK-157,Rute-C,Gudang West (Tangerang),625.0,1200,13.16,1.7,67.0,DELAYED,NO,SHP-20260722-01912
2026-07-23 18:13:00,TRK-160,Rute-H,Cikarang Industrial Hub,625.8,1200,13.6,1.8,67.7,LOADED,YES,SHP-20260723-01913
2026-07-24 11:24:00,TRK-163,Rute-M,Bogor Transit Hub,626.7,1200,14.04,2.0,68.3,RETURNING,NO,SHP-20260724-01914
2026-07-25 13:35:00,TRK-166,Rute-R,Depok Hub,627.6,1400,14.48,2.2,68.9,DELIVERED,YES,SHP-20260725-01915
2026-07-26 16:46:00,TRK-169,Rute-E,Bekasi Logistics Hub,628.5,1200,14.92,2.3,69.5,IN_TRANSIT,YES,SHP-20260726-01916
2026-07-27 09:57:00,TRK-172,Rute-J,Petamburan Hub,629.4,1200,15.36,2.5,70.1,DELAYED,NO,SHP-20260727-01917
2026-07-28 13:08:00,TRK-175,Rute-O,Grogol Hub (Jakbar),630.2,1200,15.8,2.6,70.8,LOADED,YES,SHP-20260728-01918
2026-07-29 16:19:00,TRK-178,Rute-B,Central Hub (Jakarta),631.1,1200,16.24,2.8,71.4,RETURNING,NO,SHP-20260729-01919
2026-07-30 08:30:00,TRK-001,Rute-G,Gudang West (Tangerang),632.0,1400,16.68,0.4,72.0,DELIVERED,YES,SHP-20260730-01920
2026-07-31 11:41:00,TRK-004,Rute-L,Cikarang Industrial Hub,632.9,1200,17.12,0.6,72.6,IN_TRANSIT,YES,SHP-20260731-01921
2026-07-01 14:52:00,TRK-007,Rute-Q,Bogor Transit Hub,633.8,1200,17.56,0.7,73.2,DELAYED,NO,SHP-20260701-01922
2026-07-02 18:03:00,TRK-010,Rute-D,Depok Hub,634.6,1200,18.0,0.9,73.9,LOADED,YES,SHP-20260702-01923
2026-07-03 11:14:00,TRK-013,Rute-I,Bekasi Logistics Hub,635.5,1200,18.44,1.0,74.5,RETURNING,NO,SHP-20260703-01924
2026-07-04 14:25:00,TRK-016,Rute-N,Petamburan Hub,636.4,1400,18.88,1.2,75.1,DELIVERED,YES,SHP-20260704-01925
2026-07-05 16:36:00,TRK-019,Rute-A,Grogol Hub (Jakbar),637.3,1200,19.32,1.4,75.7,IN_TRANSIT,YES,SHP-20260705-01926
2026-07-06 09:47:00,TRK-022,Rute-F,Central Hub (Jakarta),638.2,1200,19.76,1.5,76.3,DELAYED,NO,SHP-20260706-01927
2026-07-07 12:58:00,TRK-025,Rute-K,Gudang West (Tangerang),639.0,1200,20.2,1.7,77.0,LOADED,YES,SHP-20260707-01928
2026-07-08 16:09:00,TRK-028,Rute-P,Cikarang Industrial Hub,639.9,1200,20.64,1.8,77.6,RETURNING,NO,SHP-20260708-01929
2026-07-09 09:20:00,TRK-031,Rute-C,Bogor Transit Hub,640.8,1400,21.08,2.0,78.2,DELIVERED,YES,SHP-20260709-01930
2026-07-10 11:31:00,TRK-034,Rute-H,Depok Hub,641.7,1200,21.52,2.2,78.8,IN_TRANSIT,YES,SHP-20260710-01931
2026-07-11 14:42:00,TRK-037,Rute-M,Bekasi Logistics Hub,642.6,1200,21.96,2.3,79.4,DELAYED,NO,SHP-20260711-01932
2026-07-12 17:53:00,TRK-040,Rute-R,Petamburan Hub,643.4,1200,22.4,2.5,80.1,LOADED,YES,SHP-20260712-01933
2026-07-13 11:04:00,TRK-043,Rute-E,Grogol Hub (Jakbar),644.3,1200,22.84,2.6,80.7,RETURNING,NO,SHP-20260713-01934
2026-07-14 14:15:00,TRK-046,Rute-J,Central Hub (Jakarta),645.2,1400,23.28,2.8,81.3,DELIVERED,YES,SHP-20260714-01935
2026-07-15 17:26:00,TRK-049,Rute-O,Gudang West (Tangerang),646.1,1200,23.72,0.4,81.9,IN_TRANSIT,YES,SHP-20260715-01936
2026-07-16 09:37:00,TRK-052,Rute-B,Cikarang Industrial Hub,647.0,1200,24.16,0.6,82.5,DELAYED,NO,SHP-20260716-01937
2026-07-17 12:48:00,TRK-055,Rute-G,Bogor Transit Hub,647.8,1200,24.6,0.7,83.2,LOADED,YES,SHP-20260717-01938
2026-07-18 15:59:00,TRK-058,Rute-L,Depok Hub,648.7,1200,25.04,0.9,83.8,RETURNING,NO,SHP-20260718-01939
2026-07-19 09:10:00,TRK-061,Rute-Q,Bekasi Logistics Hub,649.6,1400,25.48,1.0,84.4,DELIVERED,YES,SHP-20260719-01940
2026-07-20 12:21:00,TRK-064,Rute-D,Petamburan Hub,650.5,1200,25.92,1.2,85.0,IN_TRANSIT,YES,SHP-20260720-01941
2026-07-21 14:32:00,TRK-067,Rute-I,Grogol Hub (Jakbar),651.4,1200,26.36,1.4,85.6,DELAYED,NO,SHP-20260721-01942
2026-07-22 17:43:00,TRK-070,Rute-N,Central Hub (Jakarta),652.2,1200,26.8,1.5,86.3,LOADED,YES,SHP-20260722-01943
2026-07-23 10:54:00,TRK-073,Rute-A,Gudang West (Tangerang),653.1,1200,11.4,1.7,86.9,RETURNING,NO,SHP-20260723-01944
2026-07-24 14:05:00,TRK-076,Rute-F,Cikarang Industrial Hub,654.0,1400,11.84,1.8,87.5,DELIVERED,YES,SHP-20260724-01945
2026-07-25 17:16:00,TRK-079,Rute-K,Bogor Transit Hub,654.9,1200,12.28,2.0,88.1,IN_TRANSIT,YES,SHP-20260725-01946
2026-07-26 10:27:00,TRK-082,Rute-P,Depok Hub,655.8,1200,12.72,2.2,88.7,DELAYED,NO,SHP-20260726-01947
2026-07-27 12:38:00,TRK-085,Rute-C,Bekasi Logistics Hub,656.6,1200,13.16,2.3,89.4,LOADED,YES,SHP-20260727-01948
2026-07-28 15:49:00,TRK-088,Rute-H,Petamburan Hub,657.5,1200,13.6,2.5,90.0,RETURNING,NO,SHP-20260728-01949
2026-07-29 09:00:00,TRK-091,Rute-M,Grogol Hub (Jakbar),658.4,1400,14.04,2.6,10.0,DELIVERED,YES,SHP-20260729-01950
2026-07-30 12:11:00,TRK-094,Rute-R,Central Hub (Jakarta),659.3,1200,14.48,2.8,10.6,IN_TRANSIT,YES,SHP-20260730-01951
2026-07-31 15:22:00,TRK-097,Rute-E,Gudang West (Tangerang),660.2,1200,14.92,0.4,11.2,DELAYED,NO,SHP-20260731-01952
2026-07-01 17:33:00,TRK-100,Rute-J,Cikarang Industrial Hub,661.0,1200,15.36,0.6,11.9,LOADED,YES,SHP-20260701-01953
2026-07-02 10:44:00,TRK-103,Rute-O,Bogor Transit Hub,661.9,1200,15.8,0.7,12.5,RETURNING,NO,SHP-20260702-01954
2026-07-03 13:55:00,TRK-106,Rute-B,Depok Hub,662.8,1400,16.24,0.9,13.1,DELIVERED,YES,SHP-20260703-01955
2026-07-04 17:06:00,TRK-109,Rute-G,Bekasi Logistics Hub,663.7,1200,16.68,1.0,13.7,IN_TRANSIT,YES,SHP-20260704-01956
2026-07-05 10:17:00,TRK-112,Rute-L,Petamburan Hub,664.6,1200,17.12,1.2,14.3,DELAYED,NO,SHP-20260705-01957
2026-07-06 13:28:00,TRK-115,Rute-Q,Grogol Hub (Jakbar),665.4,1200,17.56,1.4,15.0,LOADED,YES,SHP-20260706-01958
2026-07-07 15:39:00,TRK-118,Rute-D,Central Hub (Jakarta),666.3,1200,18.0,1.5,15.6,RETURNING,NO,SHP-20260707-01959
2026-07-08 08:50:00,TRK-121,Rute-I,Gudang West (Tangerang),667.2,1400,18.44,1.7,16.2,DELIVERED,YES,SHP-20260708-01960
2026-07-09 12:01:00,TRK-124,Rute-N,Cikarang Industrial Hub,668.1,1200,18.88,1.8,16.8,IN_TRANSIT,YES,SHP-20260709-01961
2026-07-10 15:12:00,TRK-127,Rute-A,Bogor Transit Hub,669.0,1200,19.32,2.0,17.4,DELAYED,NO,SHP-20260710-01962
2026-07-11 18:23:00,TRK-130,Rute-F,Depok Hub,669.8,1200,19.76,2.2,18.1,LOADED,YES,SHP-20260711-01963
2026-07-12 10:34:00,TRK-133,Rute-K,Bekasi Logistics Hub,670.7,1200,20.2,2.3,18.7,RETURNING,NO,SHP-20260712-01964
2026-07-13 13:45:00,TRK-136,Rute-P,Petamburan Hub,671.6,1400,20.64,2.5,19.3,DELIVERED,YES,SHP-20260713-01965
2026-07-14 16:56:00,TRK-139,Rute-C,Grogol Hub (Jakbar),672.5,1200,21.08,2.6,19.9,IN_TRANSIT,YES,SHP-20260714-01966
2026-07-15 10:07:00,TRK-142,Rute-H,Central Hub (Jakarta),673.4,1200,21.52,2.8,20.5,DELAYED,NO,SHP-20260715-01967
2026-07-16 13:18:00,TRK-145,Rute-M,Gudang West (Tangerang),674.2,1200,21.96,0.4,21.2,LOADED,YES,SHP-20260716-01968
2026-07-17 16:29:00,TRK-148,Rute-R,Cikarang Industrial Hub,675.1,1200,22.4,0.6,21.8,RETURNING,NO,SHP-20260717-01969
2026-07-18 08:40:00,TRK-151,Rute-E,Bogor Transit Hub,676.0,1400,22.84,0.7,22.4,DELIVERED,YES,SHP-20260718-01970
2026-07-19 11:51:00,TRK-154,Rute-J,Depok Hub,676.9,1200,23.28,0.9,23.0,IN_TRANSIT,YES,SHP-20260719-01971
2026-07-20 15:02:00,TRK-157,Rute-O,Bekasi Logistics Hub,677.8,1200,23.72,1.0,23.6,DELAYED,NO,SHP-20260720-01972
2026-07-21 18:13:00,TRK-160,Rute-B,Petamburan Hub,678.6,1200,24.16,1.2,24.3,LOADED,YES,SHP-20260721-01973
2026-07-22 11:24:00,TRK-163,Rute-G,Grogol Hub (Jakbar),679.5,1200,24.6,1.4,24.9,RETURNING,NO,SHP-20260722-01974
2026-07-23 13:35:00,TRK-166,Rute-L,Central Hub (Jakarta),680.4,1400,25.04,1.5,25.5,DELIVERED,YES,SHP-20260723-01975
2026-07-24 16:46:00,TRK-169,Rute-Q,Gudang West (Tangerang),681.3,1200,25.48,1.7,26.1,IN_TRANSIT,YES,SHP-20260724-01976
2026-07-25 09:57:00,TRK-172,Rute-D,Cikarang Industrial Hub,682.2,1200,25.92,1.8,26.7,DELAYED,NO,SHP-20260725-01977
2026-07-26 13:08:00,TRK-175,Rute-I,Bogor Transit Hub,683.0,1200,26.36,2.0,27.4,LOADED,YES,SHP-20260726-01978
2026-07-27 16:19:00,TRK-178,Rute-N,Depok Hub,683.9,1200,26.8,2.2,28.0,RETURNING,NO,SHP-20260727-01979
2026-07-28 08:30:00,TRK-001,Rute-A,Bekasi Logistics Hub,684.8,1400,11.4,2.3,28.6,DELIVERED,YES,SHP-20260728-01980
2026-07-29 11:41:00,TRK-004,Rute-F,Petamburan Hub,685.7,1200,11.84,2.5,29.2,IN_TRANSIT,YES,SHP-20260729-01981
2026-07-30 14:52:00,TRK-007,Rute-K,Grogol Hub (Jakbar),686.6,1200,12.28,2.6,29.8,DELAYED,NO,SHP-20260730-01982
2026-07-31 18:03:00,TRK-010,Rute-P,Central Hub (Jakarta),687.4,1200,12.72,2.8,30.5,LOADED,YES,SHP-20260731-01983
2026-07-01 11:14:00,TRK-013,Rute-C,Gudang West (Tangerang),688.3,1200,13.16,0.4,31.1,RETURNING,NO,SHP-20260701-01984
2026-07-02 14:25:00,TRK-016,Rute-H,Cikarang Industrial Hub,689.2,1400,13.6,0.6,31.7,DELIVERED,YES,SHP-20260702-01985
2026-07-03 16:36:00,TRK-019,Rute-M,Bogor Transit Hub,690.1,1200,14.04,0.7,32.3,IN_TRANSIT,YES,SHP-20260703-01986
2026-07-04 09:47:00,TRK-022,Rute-R,Depok Hub,691.0,1200,14.48,0.9,32.9,DELAYED,NO,SHP-20260704-01987
2026-07-05 12:58:00,TRK-025,Rute-E,Bekasi Logistics Hub,691.8,1200,14.92,1.0,33.6,LOADED,YES,SHP-20260705-01988
2026-07-06 16:09:00,TRK-028,Rute-J,Petamburan Hub,692.7,1200,15.36,1.2,34.2,RETURNING,NO,SHP-20260706-01989
2026-07-07 09:20:00,TRK-031,Rute-O,Grogol Hub (Jakbar),693.6,1400,15.8,1.4,34.8,DELIVERED,YES,SHP-20260707-01990
2026-07-08 11:31:00,TRK-034,Rute-B,Central Hub (Jakarta),694.5,1200,16.24,1.5,35.4,IN_TRANSIT,YES,SHP-20260708-01991
2026-07-09 14:42:00,TRK-037,Rute-G,Gudang West (Tangerang),695.4,1200,16.68,1.7,36.0,DELAYED,NO,SHP-20260709-01992
2026-07-10 17:53:00,TRK-040,Rute-L,Cikarang Industrial Hub,696.2,1200,17.12,1.8,36.7,LOADED,YES,SHP-20260710-01993
2026-07-11 11:04:00,TRK-043,Rute-Q,Bogor Transit Hub,697.1,1200,17.56,2.0,37.3,RETURNING,NO,SHP-20260711-01994
2026-07-12 14:15:00,TRK-046,Rute-D,Depok Hub,698.0,1400,18.0,2.2,37.9,DELIVERED,YES,SHP-20260712-01995
2026-07-13 17:26:00,TRK-049,Rute-I,Bekasi Logistics Hub,698.9,1200,18.44,2.3,38.5,IN_TRANSIT,YES,SHP-20260713-01996
2026-07-14 09:37:00,TRK-052,Rute-N,Petamburan Hub,699.8,1200,18.88,2.5,39.1,DELAYED,NO,SHP-20260714-01997
2026-07-15 12:48:00,TRK-055,Rute-A,Grogol Hub (Jakbar),700.6,1200,19.32,2.6,39.8,LOADED,YES,SHP-20260715-01998
2026-07-16 15:59:00,TRK-058,Rute-F,Central Hub (Jakarta),701.5,1200,19.76,2.8,40.4,RETURNING,NO,SHP-20260716-01999
2026-07-17 09:10:00,TRK-061,Rute-K,Gudang West (Tangerang),702.4,1400,20.2,0.4,41.0,DELIVERED,YES,SHP-20260717-02000
2026-07-18 12:21:00,TRK-064,Rute-P,Cikarang Industrial Hub,703.3,1200,20.64,0.6,41.6,IN_TRANSIT,YES,SHP-20260718-02001
2026-07-19 14:32:00,TRK-067,Rute-C,Bogor Transit Hub,704.2,1200,21.08,0.7,42.2,DELAYED,NO,SHP-20260719-02002
2026-07-20 17:43:00,TRK-070,Rute-H,Depok Hub,705.0,1200,21.52,0.9,42.9,LOADED,YES,SHP-20260720-02003
2026-07-21 10:54:00,TRK-073,Rute-M,Bekasi Logistics Hub,705.9,1200,21.96,1.0,43.5,RETURNING,NO,SHP-20260721-02004
2026-07-22 14:05:00,TRK-076,Rute-R,Petamburan Hub,706.8,1400,22.4,1.2,44.1,DELIVERED,YES,SHP-20260722-02005
2026-07-23 17:16:00,TRK-079,Rute-E,Grogol Hub (Jakbar),707.7,1200,22.84,1.4,44.7,IN_TRANSIT,YES,SHP-20260723-02006
2026-07-24 10:27:00,TRK-082,Rute-J,Central Hub (Jakarta),708.6,1200,23.28,1.5,45.3,DELAYED,NO,SHP-20260724-02007
2026-07-25 12:38:00,TRK-085,Rute-O,Gudang West (Tangerang),709.4,1200,23.72,1.7,46.0,LOADED,YES,SHP-20260725-02008
2026-07-26 15:49:00,TRK-088,Rute-B,Cikarang Industrial Hub,710.3,1200,24.16,1.8,46.6,RETURNING,NO,SHP-20260726-02009
2026-07-27 09:00:00,TRK-091,Rute-G,Bogor Transit Hub,711.2,1400,24.6,2.0,47.2,DELIVERED,YES,SHP-20260727-02010
2026-07-28 12:11:00,TRK-094,Rute-L,Depok Hub,712.1,1200,25.04,2.2,47.8,IN_TRANSIT,YES,SHP-20260728-02011
2026-07-29 15:22:00,TRK-097,Rute-Q,Bekasi Logistics Hub,713.0,1200,25.48,2.3,48.4,DELAYED,NO,SHP-20260729-02012
2026-07-30 17:33:00,TRK-100,Rute-D,Petamburan Hub,713.8,1200,25.92,2.5,49.1,LOADED,YES,SHP-20260730-02013
2026-07-31 10:44:00,TRK-103,Rute-I,Grogol Hub (Jakbar),714.7,1200,26.36,2.6,49.7,RETURNING,NO,SHP-20260731-02014
2026-07-01 13:55:00,TRK-106,Rute-N,Central Hub (Jakarta),715.6,1400,26.8,2.8,50.3,DELIVERED,YES,SHP-20260701-02015
2026-07-02 17:06:00,TRK-109,Rute-A,Gudang West (Tangerang),716.5,1200,11.4,0.4,50.9,IN_TRANSIT,YES,SHP-20260702-02016
2026-07-03 10:17:00,TRK-112,Rute-F,Cikarang Industrial Hub,717.4,1200,11.84,0.6,51.5,DELAYED,NO,SHP-20260703-02017
2026-07-04 13:28:00,TRK-115,Rute-K,Bogor Transit Hub,718.2,1200,12.28,0.7,52.2,LOADED,YES,SHP-20260704-02018
2026-07-05 15:39:00,TRK-118,Rute-P,Depok Hub,719.1,1200,12.72,0.9,52.8,RETURNING,NO,SHP-20260705-02019
2026-07-06 08:50:00,TRK-121,Rute-C,Bekasi Logistics Hub,720.0,1400,13.16,1.0,53.4,DELIVERED,YES,SHP-20260706-02020
2026-07-07 12:01:00,TRK-124,Rute-H,Petamburan Hub,720.9,1200,13.6,1.2,54.0,IN_TRANSIT,YES,SHP-20260707-02021
2026-07-08 15:12:00,TRK-127,Rute-M,Grogol Hub (Jakbar),721.8,1200,14.04,1.4,54.6,DELAYED,NO,SHP-20260708-02022
2026-07-09 18:23:00,TRK-130,Rute-R,Central Hub (Jakarta),722.6,1200,14.48,1.5,55.3,LOADED,YES,SHP-20260709-02023
2026-07-10 10:34:00,TRK-133,Rute-E,Gudang West (Tangerang),723.5,1200,14.92,1.7,55.9,RETURNING,NO,SHP-20260710-02024
2026-07-11 13:45:00,TRK-136,Rute-J,Cikarang Industrial Hub,724.4,1400,15.36,1.8,56.5,DELIVERED,YES,SHP-20260711-02025
2026-07-12 16:56:00,TRK-139,Rute-O,Bogor Transit Hub,725.3,1200,15.8,2.0,57.1,IN_TRANSIT,YES,SHP-20260712-02026
2026-07-13 10:07:00,TRK-142,Rute-B,Depok Hub,726.2,1200,16.24,2.2,57.7,DELAYED,NO,SHP-20260713-02027
2026-07-14 13:18:00,TRK-145,Rute-G,Bekasi Logistics Hub,727.0,1200,16.68,2.3,58.4,LOADED,YES,SHP-20260714-02028
2026-07-15 16:29:00,TRK-148,Rute-L,Petamburan Hub,727.9,1200,17.12,2.5,59.0,RETURNING,NO,SHP-20260715-02029
2026-07-16 08:40:00,TRK-151,Rute-Q,Grogol Hub (Jakbar),728.8,1400,17.56,2.6,59.6,DELIVERED,YES,SHP-20260716-02030
2026-07-17 11:51:00,TRK-154,Rute-D,Central Hub (Jakarta),729.7,1200,18.0,2.8,60.2,IN_TRANSIT,YES,SHP-20260717-02031
2026-07-18 15:02:00,TRK-157,Rute-I,Gudang West (Tangerang),730.6,1200,18.44,0.4,60.8,DELAYED,NO,SHP-20260718-02032
2026-07-19 18:13:00,TRK-160,Rute-N,Cikarang Industrial Hub,731.4,1200,18.88,0.6,61.5,LOADED,YES,SHP-20260719-02033
2026-07-20 11:24:00,TRK-163,Rute-A,Bogor Transit Hub,732.3,1200,19.32,0.7,62.1,RETURNING,NO,SHP-20260720-02034
2026-07-21 13:35:00,TRK-166,Rute-F,Depok Hub,733.2,1400,19.76,0.9,62.7,DELIVERED,YES,SHP-20260721-02035
2026-07-22 16:46:00,TRK-169,Rute-K,Bekasi Logistics Hub,734.1,1200,20.2,1.0,63.3,IN_TRANSIT,YES,SHP-20260722-02036
2026-07-23 09:57:00,TRK-172,Rute-P,Petamburan Hub,735.0,1200,20.64,1.2,63.9,DELAYED,NO,SHP-20260723-02037
2026-07-24 13:08:00,TRK-175,Rute-C,Grogol Hub (Jakbar),735.8,1200,21.08,1.4,64.6,LOADED,YES,SHP-20260724-02038
2026-07-25 16:19:00,TRK-178,Rute-H,Central Hub (Jakarta),736.7,1200,21.52,1.5,65.2,RETURNING,NO,SHP-20260725-02039
2026-07-26 08:30:00,TRK-001,Rute-M,Gudang West (Tangerang),737.6,1400,21.96,1.7,65.8,DELIVERED,YES,SHP-20260726-02040
2026-07-27 11:41:00,TRK-004,Rute-R,Cikarang Industrial Hub,738.5,1200,22.4,1.8,66.4,IN_TRANSIT,YES,SHP-20260727-02041
2026-07-28 14:52:00,TRK-007,Rute-E,Bogor Transit Hub,739.4,1200,22.84,2.0,67.0,DELAYED,NO,SHP-20260728-02042
2026-07-29 18:03:00,TRK-010,Rute-J,Depok Hub,740.2,1200,23.28,2.2,67.7,LOADED,YES,SHP-20260729-02043
2026-07-30 11:14:00,TRK-013,Rute-O,Bekasi Logistics Hub,741.1,1200,23.72,2.3,68.3,RETURNING,NO,SHP-20260730-02044
2026-07-31 14:25:00,TRK-016,Rute-B,Petamburan Hub,742.0,1400,24.16,2.5,68.9,DELIVERED,YES,SHP-20260731-02045
2026-07-01 16:36:00,TRK-019,Rute-G,Grogol Hub (Jakbar),742.9,1200,24.6,2.6,69.5,IN_TRANSIT,YES,SHP-20260701-02046
2026-07-02 09:47:00,TRK-022,Rute-L,Central Hub (Jakarta),743.8,1200,25.04,2.8,70.1,DELAYED,NO,SHP-20260702-02047
2026-07-03 12:58:00,TRK-025,Rute-Q,Gudang West (Tangerang),744.6,1200,25.48,0.4,70.8,LOADED,YES,SHP-20260703-02048
2026-07-04 16:09:00,TRK-028,Rute-D,Cikarang Industrial Hub,745.5,1200,25.92,0.6,71.4,RETURNING,NO,SHP-20260704-02049
2026-07-05 09:20:00,TRK-031,Rute-I,Bogor Transit Hub,746.4,1400,26.36,0.7,72.0,DELIVERED,YES,SHP-20260705-02050
2026-07-06 11:31:00,TRK-034,Rute-N,Depok Hub,747.3,1200,26.8,0.9,72.6,IN_TRANSIT,YES,SHP-20260706-02051
2026-07-07 14:42:00,TRK-037,Rute-A,Bekasi Logistics Hub,748.2,1200,11.4,1.0,73.2,DELAYED,NO,SHP-20260707-02052
2026-07-08 17:53:00,TRK-040,Rute-F,Petamburan Hub,749.0,1200,11.84,1.2,73.9,LOADED,YES,SHP-20260708-02053
2026-07-09 11:04:00,TRK-043,Rute-K,Grogol Hub (Jakbar),749.9,1200,12.28,1.4,74.5,RETURNING,NO,SHP-20260709-02054
2026-07-10 14:15:00,TRK-046,Rute-P,Central Hub (Jakarta),750.8,1400,12.72,1.5,75.1,DELIVERED,YES,SHP-20260710-02055
2026-07-11 17:26:00,TRK-049,Rute-C,Gudang West (Tangerang),751.7,1200,13.16,1.7,75.7,IN_TRANSIT,YES,SHP-20260711-02056
2026-07-12 09:37:00,TRK-052,Rute-H,Cikarang Industrial Hub,752.6,1200,13.6,1.8,76.3,DELAYED,NO,SHP-20260712-02057
2026-07-13 12:48:00,TRK-055,Rute-M,Bogor Transit Hub,753.4,1200,14.04,2.0,77.0,LOADED,YES,SHP-20260713-02058
2026-07-14 15:59:00,TRK-058,Rute-R,Depok Hub,754.3,1200,14.48,2.2,77.6,RETURNING,NO,SHP-20260714-02059
2026-07-15 09:10:00,TRK-061,Rute-E,Bekasi Logistics Hub,755.2,1400,14.92,2.3,78.2,DELIVERED,YES,SHP-20260715-02060
2026-07-16 12:21:00,TRK-064,Rute-J,Petamburan Hub,756.1,1200,15.36,2.5,78.8,IN_TRANSIT,YES,SHP-20260716-02061
2026-07-17 14:32:00,TRK-067,Rute-O,Grogol Hub (Jakbar),757.0,1200,15.8,2.6,79.4,DELAYED,NO,SHP-20260717-02062
2026-07-18 17:43:00,TRK-070,Rute-B,Central Hub (Jakarta),757.8,1200,16.24,2.8,80.1,LOADED,YES,SHP-20260718-02063
2026-07-19 10:54:00,TRK-073,Rute-G,Gudang West (Tangerang),758.7,1200,16.68,0.4,80.7,RETURNING,NO,SHP-20260719-02064
2026-07-20 14:05:00,TRK-076,Rute-L,Cikarang Industrial Hub,759.6,1400,17.12,0.6,81.3,DELIVERED,YES,SHP-20260720-02065
2026-07-21 17:16:00,TRK-079,Rute-Q,Bogor Transit Hub,760.5,1200,17.56,0.7,81.9,IN_TRANSIT,YES,SHP-20260721-02066
2026-07-22 10:27:00,TRK-082,Rute-D,Depok Hub,761.4,1200,18.0,0.9,82.5,DELAYED,NO,SHP-20260722-02067
2026-07-23 12:38:00,TRK-085,Rute-I,Bekasi Logistics Hub,762.2,1200,18.44,1.0,83.2,LOADED,YES,SHP-20260723-02068
2026-07-24 15:49:00,TRK-088,Rute-N,Petamburan Hub,763.1,1200,18.88,1.2,83.8,RETURNING,NO,SHP-20260724-02069
2026-07-25 09:00:00,TRK-091,Rute-A,Grogol Hub (Jakbar),764.0,1400,19.32,1.4,84.4,DELIVERED,YES,SHP-20260725-02070
2026-07-26 12:11:00,TRK-094,Rute-F,Central Hub (Jakarta),764.9,1200,19.76,1.5,85.0,IN_TRANSIT,YES,SHP-20260726-02071
2026-07-27 15:22:00,TRK-097,Rute-K,Gudang West (Tangerang),765.8,1200,20.2,1.7,85.6,DELAYED,NO,SHP-20260727-02072
2026-07-28 17:33:00,TRK-100,Rute-P,Cikarang Industrial Hub,766.6,1200,20.64,1.8,86.3,LOADED,YES,SHP-20260728-02073
2026-07-29 10:44:00,TRK-103,Rute-C,Bogor Transit Hub,767.5,1200,21.08,2.0,86.9,RETURNING,NO,SHP-20260729-02074
2026-07-30 13:55:00,TRK-106,Rute-H,Depok Hub,768.4,1400,21.52,2.2,87.5,DELIVERED,YES,SHP-20260730-02075
2026-07-31 17:06:00,TRK-109,Rute-M,Bekasi Logistics Hub,769.3,1200,21.96,2.3,88.1,IN_TRANSIT,YES,SHP-20260731-02076
2026-07-01 10:17:00,TRK-112,Rute-R,Petamburan Hub,770.2,1200,22.4,2.5,88.7,DELAYED,NO,SHP-20260701-02077
2026-07-02 13:28:00,TRK-115,Rute-E,Grogol Hub (Jakbar),771.0,1200,22.84,2.6,89.4,LOADED,YES,SHP-20260702-02078
2026-07-03 15:39:00,TRK-118,Rute-J,Central Hub (Jakarta),771.9,1200,23.28,2.8,90.0,RETURNING,NO,SHP-20260703-02079
2026-07-04 08:50:00,TRK-121,Rute-O,Gudang West (Tangerang),772.8,1400,23.72,0.4,10.0,DELIVERED,YES,SHP-20260704-02080
2026-07-05 12:01:00,TRK-124,Rute-B,Cikarang Industrial Hub,773.7,1200,24.16,0.6,10.6,IN_TRANSIT,YES,SHP-20260705-02081
2026-07-06 15:12:00,TRK-127,Rute-G,Bogor Transit Hub,774.6,1200,24.6,0.7,11.2,DELAYED,NO,SHP-20260706-02082
2026-07-07 18:23:00,TRK-130,Rute-L,Depok Hub,775.4,1200,25.04,0.9,11.9,LOADED,YES,SHP-20260707-02083
2026-07-08 10:34:00,TRK-133,Rute-Q,Bekasi Logistics Hub,776.3,1200,25.48,1.0,12.5,RETURNING,NO,SHP-20260708-02084
2026-07-09 13:45:00,TRK-136,Rute-D,Petamburan Hub,777.2,1400,25.92,1.2,13.1,DELIVERED,YES,SHP-20260709-02085
2026-07-10 16:56:00,TRK-139,Rute-I,Grogol Hub (Jakbar),778.1,1200,26.36,1.4,13.7,IN_TRANSIT,YES,SHP-20260710-02086
2026-07-11 10:07:00,TRK-142,Rute-N,Central Hub (Jakarta),779.0,1200,26.8,1.5,14.3,DELAYED,NO,SHP-20260711-02087
2026-07-12 13:18:00,TRK-145,Rute-A,Gudang West (Tangerang),779.8,1200,11.4,1.7,15.0,LOADED,YES,SHP-20260712-02088
2026-07-13 16:29:00,TRK-148,Rute-F,Cikarang Industrial Hub,780.7,1200,11.84,1.8,15.6,RETURNING,NO,SHP-20260713-02089
2026-07-14 08:40:00,TRK-151,Rute-K,Bogor Transit Hub,781.6,1400,12.28,2.0,16.2,DELIVERED,YES,SHP-20260714-02090
2026-07-15 11:51:00,TRK-154,Rute-P,Depok Hub,782.5,1200,12.72,2.2,16.8,IN_TRANSIT,YES,SHP-20260715-02091
2026-07-16 15:02:00,TRK-157,Rute-C,Bekasi Logistics Hub,783.4,1200,13.16,2.3,17.4,DELAYED,NO,SHP-20260716-02092
2026-07-17 18:13:00,TRK-160,Rute-H,Petamburan Hub,784.2,1200,13.6,2.5,18.1,LOADED,YES,SHP-20260717-02093
2026-07-18 11:24:00,TRK-163,Rute-M,Grogol Hub (Jakbar),785.1,1200,14.04,2.6,18.7,RETURNING,NO,SHP-20260718-02094
2026-07-19 13:35:00,TRK-166,Rute-R,Central Hub (Jakarta),786.0,1400,14.48,2.8,19.3,DELIVERED,YES,SHP-20260719-02095
2026-07-20 16:46:00,TRK-169,Rute-E,Gudang West (Tangerang),786.9,1200,14.92,0.4,19.9,IN_TRANSIT,YES,SHP-20260720-02096
2026-07-21 09:57:00,TRK-172,Rute-J,Cikarang Industrial Hub,787.8,1200,15.36,0.6,20.5,DELAYED,NO,SHP-20260721-02097
2026-07-22 13:08:00,TRK-175,Rute-O,Bogor Transit Hub,788.6,1200,15.8,0.7,21.2,LOADED,YES,SHP-20260722-02098
2026-07-23 16:19:00,TRK-178,Rute-B,Depok Hub,789.5,1200,16.24,0.9,21.8,RETURNING,NO,SHP-20260723-02099
2026-07-24 08:30:00,TRK-001,Rute-G,Bekasi Logistics Hub,790.4,1400,16.68,1.0,22.4,DELIVERED,YES,SHP-20260724-02100
2026-07-25 11:41:00,TRK-004,Rute-L,Petamburan Hub,791.3,1200,17.12,1.2,23.0,IN_TRANSIT,YES,SHP-20260725-02101
2026-07-26 14:52:00,TRK-007,Rute-Q,Grogol Hub (Jakbar),792.2,1200,17.56,1.4,23.6,DELAYED,NO,SHP-20260726-02102
2026-07-27 18:03:00,TRK-010,Rute-D,Central Hub (Jakarta),793.0,1200,18.0,1.5,24.3,LOADED,YES,SHP-20260727-02103
2026-07-28 11:14:00,TRK-013,Rute-I,Gudang West (Tangerang),793.9,1200,18.44,1.7,24.9,RETURNING,NO,SHP-20260728-02104
2026-07-29 14:25:00,TRK-016,Rute-N,Cikarang Industrial Hub,794.8,1400,18.88,1.8,25.5,DELIVERED,YES,SHP-20260729-02105
2026-07-30 16:36:00,TRK-019,Rute-A,Bogor Transit Hub,795.7,1200,19.32,2.0,26.1,IN_TRANSIT,YES,SHP-20260730-02106
2026-07-31 09:47:00,TRK-022,Rute-F,Depok Hub,796.6,1200,19.76,2.2,26.7,DELAYED,NO,SHP-20260731-02107
2026-07-01 12:58:00,TRK-025,Rute-K,Bekasi Logistics Hub,797.4,1200,20.2,2.3,27.4,LOADED,YES,SHP-20260701-02108
2026-07-02 16:09:00,TRK-028,Rute-P,Petamburan Hub,798.3,1200,20.64,2.5,28.0,RETURNING,NO,SHP-20260702-02109
2026-07-03 09:20:00,TRK-031,Rute-C,Grogol Hub (Jakbar),799.2,1400,21.08,2.6,28.6,DELIVERED,YES,SHP-20260703-02110
2026-07-04 11:31:00,TRK-034,Rute-H,Central Hub (Jakarta),800.1,1200,21.52,2.8,29.2,IN_TRANSIT,YES,SHP-20260704-02111
2026-07-05 14:42:00,TRK-037,Rute-M,Gudang West (Tangerang),801.0,1200,21.96,0.4,29.8,DELAYED,NO,SHP-20260705-02112
2026-07-06 17:53:00,TRK-040,Rute-R,Cikarang Industrial Hub,801.8,1200,22.4,0.6,30.5,LOADED,YES,SHP-20260706-02113
2026-07-07 11:04:00,TRK-043,Rute-E,Bogor Transit Hub,802.7,1200,22.84,0.7,31.1,RETURNING,NO,SHP-20260707-02114
2026-07-08 14:15:00,TRK-046,Rute-J,Depok Hub,803.6,1400,23.28,0.9,31.7,DELIVERED,YES,SHP-20260708-02115
2026-07-09 17:26:00,TRK-049,Rute-O,Bekasi Logistics Hub,804.5,1200,23.72,1.0,32.3,IN_TRANSIT,YES,SHP-20260709-02116
2026-07-10 09:37:00,TRK-052,Rute-B,Petamburan Hub,805.4,1200,24.16,1.2,32.9,DELAYED,NO,SHP-20260710-02117
2026-07-11 12:48:00,TRK-055,Rute-G,Grogol Hub (Jakbar),806.2,1200,24.6,1.4,33.6,LOADED,YES,SHP-20260711-02118
2026-07-12 15:59:00,TRK-058,Rute-L,Central Hub (Jakarta),807.1,1200,25.04,1.5,34.2,RETURNING,NO,SHP-20260712-02119
2026-07-13 09:10:00,TRK-061,Rute-Q,Gudang West (Tangerang),808.0,1400,25.48,1.7,34.8,DELIVERED,YES,SHP-20260713-02120
2026-07-14 12:21:00,TRK-064,Rute-D,Cikarang Industrial Hub,808.9,1200,25.92,1.8,35.4,IN_TRANSIT,YES,SHP-20260714-02121
2026-07-15 14:32:00,TRK-067,Rute-I,Bogor Transit Hub,809.8,1200,26.36,2.0,36.0,DELAYED,NO,SHP-20260715-02122
2026-07-16 17:43:00,TRK-070,Rute-N,Depok Hub,810.6,1200,26.8,2.2,36.7,LOADED,YES,SHP-20260716-02123
2026-07-17 10:54:00,TRK-073,Rute-A,Bekasi Logistics Hub,811.5,1200,11.4,2.3,37.3,RETURNING,NO,SHP-20260717-02124
2026-07-18 14:05:00,TRK-076,Rute-F,Petamburan Hub,812.4,1400,11.84,2.5,37.9,DELIVERED,YES,SHP-20260718-02125
2026-07-19 17:16:00,TRK-079,Rute-K,Grogol Hub (Jakbar),813.3,1200,12.28,2.6,38.5,IN_TRANSIT,YES,SHP-20260719-02126
2026-07-20 10:27:00,TRK-082,Rute-P,Central Hub (Jakarta),814.2,1200,12.72,2.8,39.1,DELAYED,NO,SHP-20260720-02127
2026-07-21 12:38:00,TRK-085,Rute-C,Gudang West (Tangerang),815.0,1200,13.16,0.4,39.8,LOADED,YES,SHP-20260721-02128
2026-07-22 15:49:00,TRK-088,Rute-H,Cikarang Industrial Hub,815.9,1200,13.6,0.6,40.4,RETURNING,NO,SHP-20260722-02129
2026-07-23 09:00:00,TRK-091,Rute-M,Bogor Transit Hub,816.8,1400,14.04,0.7,41.0,DELIVERED,YES,SHP-20260723-02130
2026-07-24 12:11:00,TRK-094,Rute-R,Depok Hub,817.7,1200,14.48,0.9,41.6,IN_TRANSIT,YES,SHP-20260724-02131
2026-07-25 15:22:00,TRK-097,Rute-E,Bekasi Logistics Hub,818.6,1200,14.92,1.0,42.2,DELAYED,NO,SHP-20260725-02132
2026-07-26 17:33:00,TRK-100,Rute-J,Petamburan Hub,819.4,1200,15.36,1.2,42.9,LOADED,YES,SHP-20260726-02133
2026-07-27 10:44:00,TRK-103,Rute-O,Grogol Hub (Jakbar),820.3,1200,15.8,1.4,43.5,RETURNING,NO,SHP-20260727-02134
2026-07-28 13:55:00,TRK-106,Rute-B,Central Hub (Jakarta),821.2,1400,16.24,1.5,44.1,DELIVERED,YES,SHP-20260728-02135
2026-07-29 17:06:00,TRK-109,Rute-G,Gudang West (Tangerang),822.1,1200,16.68,1.7,44.7,IN_TRANSIT,YES,SHP-20260729-02136
2026-07-30 10:17:00,TRK-112,Rute-L,Cikarang Industrial Hub,823.0,1200,17.12,1.8,45.3,DELAYED,NO,SHP-20260730-02137
2026-07-31 13:28:00,TRK-115,Rute-Q,Bogor Transit Hub,823.8,1200,17.56,2.0,46.0,LOADED,YES,SHP-20260731-02138
2026-07-01 15:39:00,TRK-118,Rute-D,Depok Hub,824.7,1200,18.0,2.2,46.6,RETURNING,NO,SHP-20260701-02139
2026-07-02 08:50:00,TRK-121,Rute-I,Bekasi Logistics Hub,825.6,1400,18.44,2.3,47.2,DELIVERED,YES,SHP-20260702-02140
2026-07-03 12:01:00,TRK-124,Rute-N,Petamburan Hub,826.5,1200,18.88,2.5,47.8,IN_TRANSIT,YES,SHP-20260703-02141
2026-07-04 15:12:00,TRK-127,Rute-A,Grogol Hub (Jakbar),827.4,1200,19.32,2.6,48.4,DELAYED,NO,SHP-20260704-02142
2026-07-05 18:23:00,TRK-130,Rute-F,Central Hub (Jakarta),828.2,1200,19.76,2.8,49.1,LOADED,YES,SHP-20260705-02143
2026-07-06 10:34:00,TRK-133,Rute-K,Gudang West (Tangerang),829.1,1200,20.2,0.4,49.7,RETURNING,NO,SHP-20260706-02144
2026-07-07 13:45:00,TRK-136,Rute-P,Cikarang Industrial Hub,830.0,1400,20.64,0.6,50.3,DELIVERED,YES,SHP-20260707-02145
2026-07-08 16:56:00,TRK-139,Rute-C,Bogor Transit Hub,830.9,1200,21.08,0.7,50.9,IN_TRANSIT,YES,SHP-20260708-02146
2026-07-09 10:07:00,TRK-142,Rute-H,Depok Hub,831.8,1200,21.52,0.9,51.5,DELAYED,NO,SHP-20260709-02147
2026-07-10 13:18:00,TRK-145,Rute-M,Bekasi Logistics Hub,832.6,1200,21.96,1.0,52.2,LOADED,YES,SHP-20260710-02148
2026-07-11 16:29:00,TRK-148,Rute-R,Petamburan Hub,833.5,1200,22.4,1.2,52.8,RETURNING,NO,SHP-20260711-02149
2026-07-12 08:40:00,TRK-151,Rute-E,Grogol Hub (Jakbar),834.4,1400,22.84,1.4,53.4,DELIVERED,YES,SHP-20260712-02150
2026-07-13 11:51:00,TRK-154,Rute-J,Central Hub (Jakarta),835.3,1200,23.28,1.5,54.0,IN_TRANSIT,YES,SHP-20260713-02151
2026-07-14 15:02:00,TRK-157,Rute-O,Gudang West (Tangerang),836.2,1200,23.72,1.7,54.6,DELAYED,NO,SHP-20260714-02152
2026-07-15 18:13:00,TRK-160,Rute-B,Cikarang Industrial Hub,837.0,1200,24.16,1.8,55.3,LOADED,YES,SHP-20260715-02153
2026-07-16 11:24:00,TRK-163,Rute-G,Bogor Transit Hub,837.9,1200,24.6,2.0,55.9,RETURNING,NO,SHP-20260716-02154
2026-07-17 13:35:00,TRK-166,Rute-L,Depok Hub,838.8,1400,25.04,2.2,56.5,DELIVERED,YES,SHP-20260717-02155
2026-07-18 16:46:00,TRK-169,Rute-Q,Bekasi Logistics Hub,839.7,1200,25.48,2.3,57.1,IN_TRANSIT,YES,SHP-20260718-02156
2026-07-19 09:57:00,TRK-172,Rute-D,Petamburan Hub,840.6,1200,25.92,2.5,57.7,DELAYED,NO,SHP-20260719-02157
2026-07-20 13:08:00,TRK-175,Rute-I,Grogol Hub (Jakbar),841.4,1200,26.36,2.6,58.4,LOADED,YES,SHP-20260720-02158
2026-07-21 16:19:00,TRK-178,Rute-N,Central Hub (Jakarta),842.3,1200,26.8,2.8,59.0,RETURNING,NO,SHP-20260721-02159
2026-07-22 08:30:00,TRK-001,Rute-A,Gudang West (Tangerang),843.2,1400,11.4,0.4,59.6,DELIVERED,YES,SHP-20260722-02160
2026-07-23 11:41:00,TRK-004,Rute-F,Cikarang Industrial Hub,844.1,1200,11.84,0.6,60.2,IN_TRANSIT,YES,SHP-20260723-02161
2026-07-24 14:52:00,TRK-007,Rute-K,Bogor Transit Hub,845.0,1200,12.28,0.7,60.8,DELAYED,NO,SHP-20260724-02162
2026-07-25 18:03:00,TRK-010,Rute-P,Depok Hub,845.8,1200,12.72,0.9,61.5,LOADED,YES,SHP-20260725-02163
2026-07-26 11:14:00,TRK-013,Rute-C,Bekasi Logistics Hub,846.7,1200,13.16,1.0,62.1,RETURNING,NO,SHP-20260726-02164
2026-07-27 14:25:00,TRK-016,Rute-H,Petamburan Hub,847.6,1400,13.6,1.2,62.7,DELIVERED,YES,SHP-20260727-02165
2026-07-28 16:36:00,TRK-019,Rute-M,Grogol Hub (Jakbar),848.5,1200,14.04,1.4,63.3,IN_TRANSIT,YES,SHP-20260728-02166
2026-07-29 09:47:00,TRK-022,Rute-R,Central Hub (Jakarta),849.4,1200,14.48,1.5,63.9,DELAYED,NO,SHP-20260729-02167
2026-07-30 12:58:00,TRK-025,Rute-E,Gudang West (Tangerang),850.2,1200,14.92,1.7,64.6,LOADED,YES,SHP-20260730-02168
2026-07-31 16:09:00,TRK-028,Rute-J,Cikarang Industrial Hub,851.1,1200,15.36,1.8,65.2,RETURNING,NO,SHP-20260731-02169
2026-07-01 09:20:00,TRK-031,Rute-O,Bogor Transit Hub,852.0,1400,15.8,2.0,65.8,DELIVERED,YES,SHP-20260701-02170
2026-07-02 11:31:00,TRK-034,Rute-B,Depok Hub,852.9,1200,16.24,2.2,66.4,IN_TRANSIT,YES,SHP-20260702-02171
2026-07-03 14:42:00,TRK-037,Rute-G,Bekasi Logistics Hub,853.8,1200,16.68,2.3,67.0,DELAYED,NO,SHP-20260703-02172
2026-07-04 17:53:00,TRK-040,Rute-L,Petamburan Hub,854.6,1200,17.12,2.5,67.7,LOADED,YES,SHP-20260704-02173
2026-07-05 11:04:00,TRK-043,Rute-Q,Grogol Hub (Jakbar),855.5,1200,17.56,2.6,68.3,RETURNING,NO,SHP-20260705-02174
2026-07-06 14:15:00,TRK-046,Rute-D,Central Hub (Jakarta),856.4,1400,18.0,2.8,68.9,DELIVERED,YES,SHP-20260706-02175
2026-07-07 17:26:00,TRK-049,Rute-I,Gudang West (Tangerang),857.3,1200,18.44,0.4,69.5,IN_TRANSIT,YES,SHP-20260707-02176
2026-07-08 09:37:00,TRK-052,Rute-N,Cikarang Industrial Hub,858.2,1200,18.88,0.6,70.1,DELAYED,NO,SHP-20260708-02177
2026-07-09 12:48:00,TRK-055,Rute-A,Bogor Transit Hub,859.0,1200,19.32,0.7,70.8,LOADED,YES,SHP-20260709-02178
2026-07-10 15:59:00,TRK-058,Rute-F,Depok Hub,859.9,1200,19.76,0.9,71.4,RETURNING,NO,SHP-20260710-02179
2026-07-11 09:10:00,TRK-061,Rute-K,Bekasi Logistics Hub,860.8,1400,20.2,1.0,72.0,DELIVERED,YES,SHP-20260711-02180
2026-07-12 12:21:00,TRK-064,Rute-P,Petamburan Hub,861.7,1200,20.64,1.2,72.6,IN_TRANSIT,YES,SHP-20260712-02181
2026-07-13 14:32:00,TRK-067,Rute-C,Grogol Hub (Jakbar),862.6,1200,21.08,1.4,73.2,DELAYED,NO,SHP-20260713-02182
2026-07-14 17:43:00,TRK-070,Rute-H,Central Hub (Jakarta),863.4,1200,21.52,1.5,73.9,LOADED,YES,SHP-20260714-02183
2026-07-15 10:54:00,TRK-073,Rute-M,Gudang West (Tangerang),864.3,1200,21.96,1.7,74.5,RETURNING,NO,SHP-20260715-02184
2026-07-16 14:05:00,TRK-076,Rute-R,Cikarang Industrial Hub,865.2,1400,22.4,1.8,75.1,DELIVERED,YES,SHP-20260716-02185
2026-07-17 17:16:00,TRK-079,Rute-E,Bogor Transit Hub,866.1,1200,22.84,2.0,75.7,IN_TRANSIT,YES,SHP-20260717-02186
2026-07-18 10:27:00,TRK-082,Rute-J,Depok Hub,867.0,1200,23.28,2.2,76.3,DELAYED,NO,SHP-20260718-02187
2026-07-19 12:38:00,TRK-085,Rute-O,Bekasi Logistics Hub,867.8,1200,23.72,2.3,77.0,LOADED,YES,SHP-20260719-02188
2026-07-20 15:49:00,TRK-088,Rute-B,Petamburan Hub,868.7,1200,24.16,2.5,77.6,RETURNING,NO,SHP-20260720-02189
2026-07-21 09:00:00,TRK-091,Rute-G,Grogol Hub (Jakbar),869.6,1400,24.6,2.6,78.2,DELIVERED,YES,SHP-20260721-02190
2026-07-22 12:11:00,TRK-094,Rute-L,Central Hub (Jakarta),870.5,1200,25.04,2.8,78.8,IN_TRANSIT,YES,SHP-20260722-02191
2026-07-23 15:22:00,TRK-097,Rute-Q,Gudang West (Tangerang),871.4,1200,25.48,0.4,79.4,DELAYED,NO,SHP-20260723-02192
2026-07-24 17:33:00,TRK-100,Rute-D,Cikarang Industrial Hub,872.2,1200,25.92,0.6,80.1,LOADED,YES,SHP-20260724-02193
2026-07-25 10:44:00,TRK-103,Rute-I,Bogor Transit Hub,873.1,1200,26.36,0.7,80.7,RETURNING,NO,SHP-20260725-02194
2026-07-26 13:55:00,TRK-106,Rute-N,Depok Hub,874.0,1400,26.8,0.9,81.3,DELIVERED,YES,SHP-20260726-02195
2026-07-27 17:06:00,TRK-109,Rute-A,Bekasi Logistics Hub,874.9,1200,11.4,1.0,81.9,IN_TRANSIT,YES,SHP-20260727-02196
2026-07-28 10:17:00,TRK-112,Rute-F,Petamburan Hub,875.8,1200,11.84,1.2,82.5,DELAYED,NO,SHP-20260728-02197
2026-07-29 13:28:00,TRK-115,Rute-K,Grogol Hub (Jakbar),876.6,1200,12.28,1.4,83.2,LOADED,YES,SHP-20260729-02198
2026-07-30 15:39:00,TRK-118,Rute-P,Central Hub (Jakarta),877.5,1200,12.72,1.5,83.8,RETURNING,NO,SHP-20260730-02199
2026-07-31 08:50:00,TRK-121,Rute-C,Gudang West (Tangerang),878.4,1400,13.16,1.7,84.4,DELIVERED,YES,SHP-20260731-02200
2026-07-01 12:01:00,TRK-124,Rute-H,Cikarang Industrial Hub,879.3,1200,13.6,1.8,85.0,IN_TRANSIT,YES,SHP-20260701-02201
2026-07-02 15:12:00,TRK-127,Rute-M,Bogor Transit Hub,880.2,1200,14.04,2.0,85.6,DELAYED,NO,SHP-20260702-02202
2026-07-03 18:23:00,TRK-130,Rute-R,Depok Hub,881.0,1200,14.48,2.2,86.3,LOADED,YES,SHP-20260703-02203
2026-07-04 10:34:00,TRK-133,Rute-E,Bekasi Logistics Hub,881.9,1200,14.92,2.3,86.9,RETURNING,NO,SHP-20260704-02204
2026-07-05 13:45:00,TRK-136,Rute-J,Petamburan Hub,882.8,1400,15.36,2.5,87.5,DELIVERED,YES,SHP-20260705-02205
2026-07-06 16:56:00,TRK-139,Rute-O,Grogol Hub (Jakbar),883.7,1200,15.8,2.6,88.1,IN_TRANSIT,YES,SHP-20260706-02206
2026-07-07 10:07:00,TRK-142,Rute-B,Central Hub (Jakarta),884.6,1200,16.24,2.8,88.7,DELAYED,NO,SHP-20260707-02207
2026-07-08 13:18:00,TRK-145,Rute-G,Gudang West (Tangerang),885.4,1200,16.68,0.4,89.4,LOADED,YES,SHP-20260708-02208
2026-07-09 16:29:00,TRK-148,Rute-L,Cikarang Industrial Hub,886.3,1200,17.12,0.6,90.0,RETURNING,NO,SHP-20260709-02209
2026-07-10 08:40:00,TRK-151,Rute-Q,Bogor Transit Hub,887.2,1400,17.56,0.7,10.0,DELIVERED,YES,SHP-20260710-02210
2026-07-11 11:51:00,TRK-154,Rute-D,Depok Hub,888.1,1200,18.0,0.9,10.6,IN_TRANSIT,YES,SHP-20260711-02211
2026-07-12 15:02:00,TRK-157,Rute-I,Bekasi Logistics Hub,889.0,1200,18.44,1.0,11.2,DELAYED,NO,SHP-20260712-02212
2026-07-13 18:13:00,TRK-160,Rute-N,Petamburan Hub,889.8,1200,18.88,1.2,11.9,LOADED,YES,SHP-20260713-02213
2026-07-14 11:24:00,TRK-163,Rute-A,Grogol Hub (Jakbar),890.7,1200,19.32,1.4,12.5,RETURNING,NO,SHP-20260714-02214
2026-07-15 13:35:00,TRK-166,Rute-F,Central Hub (Jakarta),891.6,1400,19.76,1.5,13.1,DELIVERED,YES,SHP-20260715-02215
2026-07-16 16:46:00,TRK-169,Rute-K,Gudang West (Tangerang),892.5,1200,20.2,1.7,13.7,IN_TRANSIT,YES,SHP-20260716-02216
2026-07-17 09:57:00,TRK-172,Rute-P,Cikarang Industrial Hub,893.4,1200,20.64,1.8,14.3,DELAYED,NO,SHP-20260717-02217
2026-07-18 13:08:00,TRK-175,Rute-C,Bogor Transit Hub,894.2,1200,21.08,2.0,15.0,LOADED,YES,SHP-20260718-02218
2026-07-19 16:19:00,TRK-178,Rute-H,Depok Hub,895.1,1200,21.52,2.2,15.6,RETURNING,NO,SHP-20260719-02219
2026-07-20 08:30:00,TRK-001,Rute-M,Bekasi Logistics Hub,896.0,1400,21.96,2.3,16.2,DELIVERED,YES,SHP-20260720-02220
2026-07-21 11:41:00,TRK-004,Rute-R,Petamburan Hub,896.9,1200,22.4,2.5,16.8,IN_TRANSIT,YES,SHP-20260721-02221
2026-07-22 14:52:00,TRK-007,Rute-E,Grogol Hub (Jakbar),897.8,1200,22.84,2.6,17.4,DELAYED,NO,SHP-20260722-02222
2026-07-23 18:03:00,TRK-010,Rute-J,Central Hub (Jakarta),898.6,1200,23.28,2.8,18.1,LOADED,YES,SHP-20260723-02223
2026-07-24 11:14:00,TRK-013,Rute-O,Gudang West (Tangerang),899.5,1200,23.72,0.4,18.7,RETURNING,NO,SHP-20260724-02224
2026-07-25 14:25:00,TRK-016,Rute-B,Cikarang Industrial Hub,900.4,1400,24.16,0.6,19.3,DELIVERED,YES,SHP-20260725-02225
2026-07-26 16:36:00,TRK-019,Rute-G,Bogor Transit Hub,901.3,1200,24.6,0.7,19.9,IN_TRANSIT,YES,SHP-20260726-02226
2026-07-27 09:47:00,TRK-022,Rute-L,Depok Hub,902.2,1200,25.04,0.9,20.5,DELAYED,NO,SHP-20260727-02227
2026-07-28 12:58:00,TRK-025,Rute-Q,Bekasi Logistics Hub,903.0,1200,25.48,1.0,21.2,LOADED,YES,SHP-20260728-02228
2026-07-29 16:09:00,TRK-028,Rute-D,Petamburan Hub,903.9,1200,25.92,1.2,21.8,RETURNING,NO,SHP-20260729-02229
2026-07-30 09:20:00,TRK-031,Rute-I,Grogol Hub (Jakbar),904.8,1400,26.36,1.4,22.4,DELIVERED,YES,SHP-20260730-02230
2026-07-31 11:31:00,TRK-034,Rute-N,Central Hub (Jakarta),905.7,1200,26.8,1.5,23.0,IN_TRANSIT,YES,SHP-20260731-02231
2026-07-01 14:42:00,TRK-037,Rute-A,Gudang West (Tangerang),906.6,1200,11.4,1.7,23.6,DELAYED,NO,SHP-20260701-02232
2026-07-02 17:53:00,TRK-040,Rute-F,Cikarang Industrial Hub,907.4,1200,11.84,1.8,24.3,LOADED,YES,SHP-20260702-02233
2026-07-03 11:04:00,TRK-043,Rute-K,Bogor Transit Hub,908.3,1200,12.28,2.0,24.9,RETURNING,NO,SHP-20260703-02234
2026-07-04 14:15:00,TRK-046,Rute-P,Depok Hub,909.2,1400,12.72,2.2,25.5,DELIVERED,YES,SHP-20260704-02235
2026-07-05 17:26:00,TRK-049,Rute-C,Bekasi Logistics Hub,910.1,1200,13.16,2.3,26.1,IN_TRANSIT,YES,SHP-20260705-02236
2026-07-06 09:37:00,TRK-052,Rute-H,Petamburan Hub,911.0,1200,13.6,2.5,26.7,DELAYED,NO,SHP-20260706-02237
2026-07-07 12:48:00,TRK-055,Rute-M,Grogol Hub (Jakbar),911.8,1200,14.04,2.6,27.4,LOADED,YES,SHP-20260707-02238
2026-07-08 15:59:00,TRK-058,Rute-R,Central Hub (Jakarta),912.7,1200,14.48,2.8,28.0,RETURNING,NO,SHP-20260708-02239
2026-07-09 09:10:00,TRK-061,Rute-E,Gudang West (Tangerang),913.6,1400,14.92,0.4,28.6,DELIVERED,YES,SHP-20260709-02240
2026-07-10 12:21:00,TRK-064,Rute-J,Cikarang Industrial Hub,914.5,1200,15.36,0.6,29.2,IN_TRANSIT,YES,SHP-20260710-02241
2026-07-11 14:32:00,TRK-067,Rute-O,Bogor Transit Hub,915.4,1200,15.8,0.7,29.8,DELAYED,NO,SHP-20260711-02242
2026-07-12 17:43:00,TRK-070,Rute-B,Depok Hub,916.2,1200,16.24,0.9,30.5,LOADED,YES,SHP-20260712-02243
2026-07-13 10:54:00,TRK-073,Rute-G,Bekasi Logistics Hub,917.1,1200,16.68,1.0,31.1,RETURNING,NO,SHP-20260713-02244
2026-07-14 14:05:00,TRK-076,Rute-L,Petamburan Hub,918.0,1400,17.12,1.2,31.7,DELIVERED,YES,SHP-20260714-02245
2026-07-15 17:16:00,TRK-079,Rute-Q,Grogol Hub (Jakbar),918.9,1200,17.56,1.4,32.3,IN_TRANSIT,YES,SHP-20260715-02246
2026-07-16 10:27:00,TRK-082,Rute-D,Central Hub (Jakarta),919.8,1200,18.0,1.5,32.9,DELAYED,NO,SHP-20260716-02247
2026-07-17 12:38:00,TRK-085,Rute-I,Gudang West (Tangerang),920.6,1200,18.44,1.7,33.6,LOADED,YES,SHP-20260717-02248
2026-07-18 15:49:00,TRK-088,Rute-N,Cikarang Industrial Hub,921.5,1200,18.88,1.8,34.2,RETURNING,NO,SHP-20260718-02249
2026-07-19 09:00:00,TRK-091,Rute-A,Bogor Transit Hub,922.4,1400,19.32,2.0,34.8,DELIVERED,YES,SHP-20260719-02250
2026-07-20 12:11:00,TRK-094,Rute-F,Depok Hub,923.3,1200,19.76,2.2,35.4,IN_TRANSIT,YES,SHP-20260720-02251
2026-07-21 15:22:00,TRK-097,Rute-K,Bekasi Logistics Hub,924.2,1200,20.2,2.3,36.0,DELAYED,NO,SHP-20260721-02252
2026-07-22 17:33:00,TRK-100,Rute-P,Petamburan Hub,925.0,1200,20.64,2.5,36.7,LOADED,YES,SHP-20260722-02253
2026-07-23 10:44:00,TRK-103,Rute-C,Grogol Hub (Jakbar),925.9,1200,21.08,2.6,37.3,RETURNING,NO,SHP-20260723-02254
2026-07-24 13:55:00,TRK-106,Rute-H,Central Hub (Jakarta),926.8,1400,21.52,2.8,37.9,DELIVERED,YES,SHP-20260724-02255
2026-07-25 17:06:00,TRK-109,Rute-M,Gudang West (Tangerang),927.7,1200,21.96,0.4,38.5,IN_TRANSIT,YES,SHP-20260725-02256
2026-07-26 10:17:00,TRK-112,Rute-R,Cikarang Industrial Hub,928.6,1200,22.4,0.6,39.1,DELAYED,NO,SHP-20260726-02257
2026-07-27 13:28:00,TRK-115,Rute-E,Bogor Transit Hub,929.4,1200,22.84,0.7,39.8,LOADED,YES,SHP-20260727-02258
2026-07-28 15:39:00,TRK-118,Rute-J,Depok Hub,930.3,1200,23.28,0.9,40.4,RETURNING,NO,SHP-20260728-02259
2026-07-29 08:50:00,TRK-121,Rute-O,Bekasi Logistics Hub,931.2,1400,23.72,1.0,41.0,DELIVERED,YES,SHP-20260729-02260
2026-07-30 12:01:00,TRK-124,Rute-B,Petamburan Hub,932.1,1200,24.16,1.2,41.6,IN_TRANSIT,YES,SHP-20260730-02261
2026-07-31 15:12:00,TRK-127,Rute-G,Grogol Hub (Jakbar),933.0,1200,24.6,1.4,42.2,DELAYED,NO,SHP-20260731-02262
2026-07-01 18:23:00,TRK-130,Rute-L,Central Hub (Jakarta),933.8,1200,25.04,1.5,42.9,LOADED,YES,SHP-20260701-02263
2026-07-02 10:34:00,TRK-133,Rute-Q,Gudang West (Tangerang),934.7,1200,25.48,1.7,43.5,RETURNING,NO,SHP-20260702-02264
2026-07-03 13:45:00,TRK-136,Rute-D,Cikarang Industrial Hub,935.6,1400,25.92,1.8,44.1,DELIVERED,YES,SHP-20260703-02265
2026-07-04 16:56:00,TRK-139,Rute-I,Bogor Transit Hub,936.5,1200,26.36,2.0,44.7,IN_TRANSIT,YES,SHP-20260704-02266
2026-07-05 10:07:00,TRK-142,Rute-N,Depok Hub,937.4,1200,26.8,2.2,45.3,DELAYED,NO,SHP-20260705-02267
2026-07-06 13:18:00,TRK-145,Rute-A,Bekasi Logistics Hub,938.2,1200,11.4,2.3,46.0,LOADED,YES,SHP-20260706-02268
2026-07-07 16:29:00,TRK-148,Rute-F,Petamburan Hub,939.1,1200,11.84,2.5,46.6,RETURNING,NO,SHP-20260707-02269
2026-07-08 08:40:00,TRK-151,Rute-K,Grogol Hub (Jakbar),940.0,1400,12.28,2.6,47.2,DELIVERED,YES,SHP-20260708-02270
2026-07-09 11:51:00,TRK-154,Rute-P,Central Hub (Jakarta),940.9,1200,12.72,2.8,47.8,IN_TRANSIT,YES,SHP-20260709-02271
2026-07-10 15:02:00,TRK-157,Rute-C,Gudang West (Tangerang),941.8,1200,13.16,0.4,48.4,DELAYED,NO,SHP-20260710-02272
2026-07-11 18:13:00,TRK-160,Rute-H,Cikarang Industrial Hub,942.6,1200,13.6,0.6,49.1,LOADED,YES,SHP-20260711-02273
2026-07-12 11:24:00,TRK-163,Rute-M,Bogor Transit Hub,943.5,1200,14.04,0.7,49.7,RETURNING,NO,SHP-20260712-02274
2026-07-13 13:35:00,TRK-166,Rute-R,Depok Hub,944.4,1400,14.48,0.9,50.3,DELIVERED,YES,SHP-20260713-02275
2026-07-14 16:46:00,TRK-169,Rute-E,Bekasi Logistics Hub,945.3,1200,14.92,1.0,50.9,IN_TRANSIT,YES,SHP-20260714-02276
2026-07-15 09:57:00,TRK-172,Rute-J,Petamburan Hub,946.2,1200,15.36,1.2,51.5,DELAYED,NO,SHP-20260715-02277
2026-07-16 13:08:00,TRK-175,Rute-O,Grogol Hub (Jakbar),947.0,1200,15.8,1.4,52.2,LOADED,YES,SHP-20260716-02278
2026-07-17 16:19:00,TRK-178,Rute-B,Central Hub (Jakarta),947.9,1200,16.24,1.5,52.8,RETURNING,NO,SHP-20260717-02279
2026-07-18 08:30:00,TRK-001,Rute-G,Gudang West (Tangerang),280.0,1400,16.68,1.7,53.4,DELIVERED,YES,SHP-20260718-02280
2026-07-19 11:41:00,TRK-004,Rute-L,Cikarang Industrial Hub,280.9,1200,17.12,1.8,54.0,IN_TRANSIT,YES,SHP-20260719-02281
2026-07-20 14:52:00,TRK-007,Rute-Q,Bogor Transit Hub,281.8,1200,17.56,2.0,54.6,DELAYED,NO,SHP-20260720-02282
2026-07-21 18:03:00,TRK-010,Rute-D,Depok Hub,282.6,1200,18.0,2.2,55.3,LOADED,YES,SHP-20260721-02283
2026-07-22 11:14:00,TRK-013,Rute-I,Bekasi Logistics Hub,283.5,1200,18.44,2.3,55.9,RETURNING,NO,SHP-20260722-02284
2026-07-23 14:25:00,TRK-016,Rute-N,Petamburan Hub,284.4,1400,18.88,2.5,56.5,DELIVERED,YES,SHP-20260723-02285
2026-07-24 16:36:00,TRK-019,Rute-A,Grogol Hub (Jakbar),285.3,1200,19.32,2.6,57.1,IN_TRANSIT,YES,SHP-20260724-02286
2026-07-25 09:47:00,TRK-022,Rute-F,Central Hub (Jakarta),286.2,1200,19.76,2.8,57.7,DELAYED,NO,SHP-20260725-02287
2026-07-26 12:58:00,TRK-025,Rute-K,Gudang West (Tangerang),287.0,1200,20.2,0.4,58.4,LOADED,YES,SHP-20260726-02288
2026-07-27 16:09:00,TRK-028,Rute-P,Cikarang Industrial Hub,287.9,1200,20.64,0.6,59.0,RETURNING,NO,SHP-20260727-02289
2026-07-28 09:20:00,TRK-031,Rute-C,Bogor Transit Hub,288.8,1400,21.08,0.7,59.6,DELIVERED,YES,SHP-20260728-02290
2026-07-29 11:31:00,TRK-034,Rute-H,Depok Hub,289.7,1200,21.52,0.9,60.2,IN_TRANSIT,YES,SHP-20260729-02291
2026-07-30 14:42:00,TRK-037,Rute-M,Bekasi Logistics Hub,290.6,1200,21.96,1.0,60.8,DELAYED,NO,SHP-20260730-02292
2026-07-31 17:53:00,TRK-040,Rute-R,Petamburan Hub,291.4,1200,22.4,1.2,61.5,LOADED,YES,SHP-20260731-02293
2026-07-01 11:04:00,TRK-043,Rute-E,Grogol Hub (Jakbar),292.3,1200,22.84,1.4,62.1,RETURNING,NO,SHP-20260701-02294
2026-07-02 14:15:00,TRK-046,Rute-J,Central Hub (Jakarta),293.2,1400,23.28,1.5,62.7,DELIVERED,YES,SHP-20260702-02295
2026-07-03 17:26:00,TRK-049,Rute-O,Gudang West (Tangerang),294.1,1200,23.72,1.7,63.3,IN_TRANSIT,YES,SHP-20260703-02296
2026-07-04 09:37:00,TRK-052,Rute-B,Cikarang Industrial Hub,295.0,1200,24.16,1.8,63.9,DELAYED,NO,SHP-20260704-02297
2026-07-05 12:48:00,TRK-055,Rute-G,Bogor Transit Hub,295.8,1200,24.6,2.0,64.6,LOADED,YES,SHP-20260705-02298
2026-07-06 15:59:00,TRK-058,Rute-L,Depok Hub,296.7,1200,25.04,2.2,65.2,RETURNING,NO,SHP-20260706-02299
2026-07-07 09:10:00,TRK-061,Rute-Q,Bekasi Logistics Hub,297.6,1400,25.48,2.3,65.8,DELIVERED,YES,SHP-20260707-02300
2026-07-08 12:21:00,TRK-064,Rute-D,Petamburan Hub,298.5,1200,25.92,2.5,66.4,IN_TRANSIT,YES,SHP-20260708-02301
2026-07-09 14:32:00,TRK-067,Rute-I,Grogol Hub (Jakbar),299.4,1200,26.36,2.6,67.0,DELAYED,NO,SHP-20260709-02302
2026-07-10 17:43:00,TRK-070,Rute-N,Central Hub (Jakarta),300.2,1200,26.8,2.8,67.7,LOADED,YES,SHP-20260710-02303
2026-07-11 10:54:00,TRK-073,Rute-A,Gudang West (Tangerang),301.1,1200,11.4,0.4,68.3,RETURNING,NO,SHP-20260711-02304
2026-07-12 14:05:00,TRK-076,Rute-F,Cikarang Industrial Hub,302.0,1400,11.84,0.6,68.9,DELIVERED,YES,SHP-20260712-02305
2026-07-13 17:16:00,TRK-079,Rute-K,Bogor Transit Hub,302.9,1200,12.28,0.7,69.5,IN_TRANSIT,YES,SHP-20260713-02306
2026-07-14 10:27:00,TRK-082,Rute-P,Depok Hub,303.8,1200,12.72,0.9,70.1,DELAYED,NO,SHP-20260714-02307
2026-07-15 12:38:00,TRK-085,Rute-C,Bekasi Logistics Hub,304.6,1200,13.16,1.0,70.8,LOADED,YES,SHP-20260715-02308
2026-07-16 15:49:00,TRK-088,Rute-H,Petamburan Hub,305.5,1200,13.6,1.2,71.4,RETURNING,NO,SHP-20260716-02309
2026-07-17 09:00:00,TRK-091,Rute-M,Grogol Hub (Jakbar),306.4,1400,14.04,1.4,72.0,DELIVERED,YES,SHP-20260717-02310
2026-07-18 12:11:00,TRK-094,Rute-R,Central Hub (Jakarta),307.3,1200,14.48,1.5,72.6,IN_TRANSIT,YES,SHP-20260718-02311
2026-07-19 15:22:00,TRK-097,Rute-E,Gudang West (Tangerang),308.2,1200,14.92,1.7,73.2,DELAYED,NO,SHP-20260719-02312
2026-07-20 17:33:00,TRK-100,Rute-J,Cikarang Industrial Hub,309.0,1200,15.36,1.8,73.9,LOADED,YES,SHP-20260720-02313
2026-07-21 10:44:00,TRK-103,Rute-O,Bogor Transit Hub,309.9,1200,15.8,2.0,74.5,RETURNING,NO,SHP-20260721-02314
2026-07-22 13:55:00,TRK-106,Rute-B,Depok Hub,310.8,1400,16.24,2.2,75.1,DELIVERED,YES,SHP-20260722-02315
2026-07-23 17:06:00,TRK-109,Rute-G,Bekasi Logistics Hub,311.7,1200,16.68,2.3,75.7,IN_TRANSIT,YES,SHP-20260723-02316
2026-07-24 10:17:00,TRK-112,Rute-L,Petamburan Hub,312.6,1200,17.12,2.5,76.3,DELAYED,NO,SHP-20260724-02317
2026-07-25 13:28:00,TRK-115,Rute-Q,Grogol Hub (Jakbar),313.4,1200,17.56,2.6,77.0,LOADED,YES,SHP-20260725-02318
2026-07-26 15:39:00,TRK-118,Rute-D,Central Hub (Jakarta),314.3,1200,18.0,2.8,77.6,RETURNING,NO,SHP-20260726-02319
2026-07-27 08:50:00,TRK-121,Rute-I,Gudang West (Tangerang),315.2,1400,18.44,0.4,78.2,DELIVERED,YES,SHP-20260727-02320
2026-07-28 12:01:00,TRK-124,Rute-N,Cikarang Industrial Hub,316.1,1200,18.88,0.6,78.8,IN_TRANSIT,YES,SHP-20260728-02321
2026-07-29 15:12:00,TRK-127,Rute-A,Bogor Transit Hub,317.0,1200,19.32,0.7,79.4,DELAYED,NO,SHP-20260729-02322
2026-07-30 18:23:00,TRK-130,Rute-F,Depok Hub,317.8,1200,19.76,0.9,80.1,LOADED,YES,SHP-20260730-02323
2026-07-31 10:34:00,TRK-133,Rute-K,Bekasi Logistics Hub,318.7,1200,20.2,1.0,80.7,RETURNING,NO,SHP-20260731-02324
2026-07-01 13:45:00,TRK-136,Rute-P,Petamburan Hub,319.6,1400,20.64,1.2,81.3,DELIVERED,YES,SHP-20260701-02325
2026-07-02 16:56:00,TRK-139,Rute-C,Grogol Hub (Jakbar),320.5,1200,21.08,1.4,81.9,IN_TRANSIT,YES,SHP-20260702-02326
2026-07-03 10:07:00,TRK-142,Rute-H,Central Hub (Jakarta),321.4,1200,21.52,1.5,82.5,DELAYED,NO,SHP-20260703-02327
2026-07-04 13:18:00,TRK-145,Rute-M,Gudang West (Tangerang),322.2,1200,21.96,1.7,83.2,LOADED,YES,SHP-20260704-02328
2026-07-05 16:29:00,TRK-148,Rute-R,Cikarang Industrial Hub,323.1,1200,22.4,1.8,83.8,RETURNING,NO,SHP-20260705-02329
2026-07-06 08:40:00,TRK-151,Rute-E,Bogor Transit Hub,324.0,1400,22.84,2.0,84.4,DELIVERED,YES,SHP-20260706-02330
2026-07-07 11:51:00,TRK-154,Rute-J,Depok Hub,324.9,1200,23.28,2.2,85.0,IN_TRANSIT,YES,SHP-20260707-02331
2026-07-08 15:02:00,TRK-157,Rute-O,Bekasi Logistics Hub,325.8,1200,23.72,2.3,85.6,DELAYED,NO,SHP-20260708-02332
2026-07-09 18:13:00,TRK-160,Rute-B,Petamburan Hub,326.6,1200,24.16,2.5,86.3,LOADED,YES,SHP-20260709-02333
2026-07-10 11:24:00,TRK-163,Rute-G,Grogol Hub (Jakbar),327.5,1200,24.6,2.6,86.9,RETURNING,NO,SHP-20260710-02334
2026-07-11 13:35:00,TRK-166,Rute-L,Central Hub (Jakarta),328.4,1400,25.04,2.8,87.5,DELIVERED,YES,SHP-20260711-02335
2026-07-12 16:46:00,TRK-169,Rute-Q,Gudang West (Tangerang),329.3,1200,25.48,0.4,88.1,IN_TRANSIT,YES,SHP-20260712-02336
2026-07-13 09:57:00,TRK-172,Rute-D,Cikarang Industrial Hub,330.2,1200,25.92,0.6,88.7,DELAYED,NO,SHP-20260713-02337
2026-07-14 13:08:00,TRK-175,Rute-I,Bogor Transit Hub,331.0,1200,26.36,0.7,89.4,LOADED,YES,SHP-20260714-02338
2026-07-15 16:19:00,TRK-178,Rute-N,Depok Hub,331.9,1200,26.8,0.9,90.0,RETURNING,NO,SHP-20260715-02339
2026-07-16 08:30:00,TRK-001,Rute-A,Bekasi Logistics Hub,332.8,1400,11.4,1.0,10.0,DELIVERED,YES,SHP-20260716-02340
2026-07-17 11:41:00,TRK-004,Rute-F,Petamburan Hub,333.7,1200,11.84,1.2,10.6,IN_TRANSIT,YES,SHP-20260717-02341
2026-07-18 14:52:00,TRK-007,Rute-K,Grogol Hub (Jakbar),334.6,1200,12.28,1.4,11.2,DELAYED,NO,SHP-20260718-02342
2026-07-19 18:03:00,TRK-010,Rute-P,Central Hub (Jakarta),335.4,1200,12.72,1.5,11.9,LOADED,YES,SHP-20260719-02343
2026-07-20 11:14:00,TRK-013,Rute-C,Gudang West (Tangerang),336.3,1200,13.16,1.7,12.5,RETURNING,NO,SHP-20260720-02344
2026-07-21 14:25:00,TRK-016,Rute-H,Cikarang Industrial Hub,337.2,1400,13.6,1.8,13.1,DELIVERED,YES,SHP-20260721-02345
2026-07-22 16:36:00,TRK-019,Rute-M,Bogor Transit Hub,338.1,1200,14.04,2.0,13.7,IN_TRANSIT,YES,SHP-20260722-02346
2026-07-23 09:47:00,TRK-022,Rute-R,Depok Hub,339.0,1200,14.48,2.2,14.3,DELAYED,NO,SHP-20260723-02347
2026-07-24 12:58:00,TRK-025,Rute-E,Bekasi Logistics Hub,339.8,1200,14.92,2.3,15.0,LOADED,YES,SHP-20260724-02348
2026-07-25 16:09:00,TRK-028,Rute-J,Petamburan Hub,340.7,1200,15.36,2.5,15.6,RETURNING,NO,SHP-20260725-02349
2026-07-26 09:20:00,TRK-031,Rute-O,Grogol Hub (Jakbar),341.6,1400,15.8,2.6,16.2,DELIVERED,YES,SHP-20260726-02350
2026-07-27 11:31:00,TRK-034,Rute-B,Central Hub (Jakarta),342.5,1200,16.24,2.8,16.8,IN_TRANSIT,YES,SHP-20260727-02351
2026-07-28 14:42:00,TRK-037,Rute-G,Gudang West (Tangerang),343.4,1200,16.68,0.4,17.4,DELAYED,NO,SHP-20260728-02352
2026-07-29 17:53:00,TRK-040,Rute-L,Cikarang Industrial Hub,344.2,1200,17.12,0.6,18.1,LOADED,YES,SHP-20260729-02353
2026-07-30 11:04:00,TRK-043,Rute-Q,Bogor Transit Hub,345.1,1200,17.56,0.7,18.7,RETURNING,NO,SHP-20260730-02354
2026-07-31 14:15:00,TRK-046,Rute-D,Depok Hub,346.0,1400,18.0,0.9,19.3,DELIVERED,YES,SHP-20260731-02355
2026-07-01 17:26:00,TRK-049,Rute-I,Bekasi Logistics Hub,346.9,1200,18.44,1.0,19.9,IN_TRANSIT,YES,SHP-20260701-02356
2026-07-02 09:37:00,TRK-052,Rute-N,Petamburan Hub,347.8,1200,18.88,1.2,20.5,DELAYED,NO,SHP-20260702-02357
2026-07-03 12:48:00,TRK-055,Rute-A,Grogol Hub (Jakbar),348.6,1200,19.32,1.4,21.2,LOADED,YES,SHP-20260703-02358
2026-07-04 15:59:00,TRK-058,Rute-F,Central Hub (Jakarta),349.5,1200,19.76,1.5,21.8,RETURNING,NO,SHP-20260704-02359
2026-07-05 09:10:00,TRK-061,Rute-K,Gudang West (Tangerang),350.4,1400,20.2,1.7,22.4,DELIVERED,YES,SHP-20260705-02360
2026-07-06 12:21:00,TRK-064,Rute-P,Cikarang Industrial Hub,351.3,1200,20.64,1.8,23.0,IN_TRANSIT,YES,SHP-20260706-02361
2026-07-07 14:32:00,TRK-067,Rute-C,Bogor Transit Hub,352.2,1200,21.08,2.0,23.6,DELAYED,NO,SHP-20260707-02362
2026-07-08 17:43:00,TRK-070,Rute-H,Depok Hub,353.0,1200,21.52,2.2,24.3,LOADED,YES,SHP-20260708-02363
2026-07-09 10:54:00,TRK-073,Rute-M,Bekasi Logistics Hub,353.9,1200,21.96,2.3,24.9,RETURNING,NO,SHP-20260709-02364
2026-07-10 14:05:00,TRK-076,Rute-R,Petamburan Hub,354.8,1400,22.4,2.5,25.5,DELIVERED,YES,SHP-20260710-02365
2026-07-11 17:16:00,TRK-079,Rute-E,Grogol Hub (Jakbar),355.7,1200,22.84,2.6,26.1,IN_TRANSIT,YES,SHP-20260711-02366
2026-07-12 10:27:00,TRK-082,Rute-J,Central Hub (Jakarta),356.6,1200,23.28,2.8,26.7,DELAYED,NO,SHP-20260712-02367
2026-07-13 12:38:00,TRK-085,Rute-O,Gudang West (Tangerang),357.4,1200,23.72,0.4,27.4,LOADED,YES,SHP-20260713-02368
2026-07-14 15:49:00,TRK-088,Rute-B,Cikarang Industrial Hub,358.3,1200,24.16,0.6,28.0,RETURNING,NO,SHP-20260714-02369
2026-07-15 09:00:00,TRK-091,Rute-G,Bogor Transit Hub,359.2,1400,24.6,0.7,28.6,DELIVERED,YES,SHP-20260715-02370
2026-07-16 12:11:00,TRK-094,Rute-L,Depok Hub,360.1,1200,25.04,0.9,29.2,IN_TRANSIT,YES,SHP-20260716-02371
2026-07-17 15:22:00,TRK-097,Rute-Q,Bekasi Logistics Hub,361.0,1200,25.48,1.0,29.8,DELAYED,NO,SHP-20260717-02372
2026-07-18 17:33:00,TRK-100,Rute-D,Petamburan Hub,361.8,1200,25.92,1.2,30.5,LOADED,YES,SHP-20260718-02373
2026-07-19 10:44:00,TRK-103,Rute-I,Grogol Hub (Jakbar),362.7,1200,26.36,1.4,31.1,RETURNING,NO,SHP-20260719-02374
2026-07-20 13:55:00,TRK-106,Rute-N,Central Hub (Jakarta),363.6,1400,26.8,1.5,31.7,DELIVERED,YES,SHP-20260720-02375
2026-07-21 17:06:00,TRK-109,Rute-A,Gudang West (Tangerang),364.5,1200,11.4,1.7,32.3,IN_TRANSIT,YES,SHP-20260721-02376
2026-07-22 10:17:00,TRK-112,Rute-F,Cikarang Industrial Hub,365.4,1200,11.84,1.8,32.9,DELAYED,NO,SHP-20260722-02377
2026-07-23 13:28:00,TRK-115,Rute-K,Bogor Transit Hub,366.2,1200,12.28,2.0,33.6,LOADED,YES,SHP-20260723-02378
2026-07-24 15:39:00,TRK-118,Rute-P,Depok Hub,367.1,1200,12.72,2.2,34.2,RETURNING,NO,SHP-20260724-02379
2026-07-25 08:50:00,TRK-121,Rute-C,Bekasi Logistics Hub,368.0,1400,13.16,2.3,34.8,DELIVERED,YES,SHP-20260725-02380
2026-07-26 12:01:00,TRK-124,Rute-H,Petamburan Hub,368.9,1200,13.6,2.5,35.4,IN_TRANSIT,YES,SHP-20260726-02381
2026-07-27 15:12:00,TRK-127,Rute-M,Grogol Hub (Jakbar),369.8,1200,14.04,2.6,36.0,DELAYED,NO,SHP-20260727-02382
2026-07-28 18:23:00,TRK-130,Rute-R,Central Hub (Jakarta),370.6,1200,14.48,2.8,36.7,LOADED,YES,SHP-20260728-02383
2026-07-29 10:34:00,TRK-133,Rute-E,Gudang West (Tangerang),371.5,1200,14.92,0.4,37.3,RETURNING,NO,SHP-20260729-02384
2026-07-30 13:45:00,TRK-136,Rute-J,Cikarang Industrial Hub,372.4,1400,15.36,0.6,37.9,DELIVERED,YES,SHP-20260730-02385
2026-07-31 16:56:00,TRK-139,Rute-O,Bogor Transit Hub,373.3,1200,15.8,0.7,38.5,IN_TRANSIT,YES,SHP-20260731-02386
2026-07-01 10:07:00,TRK-142,Rute-B,Depok Hub,374.2,1200,16.24,0.9,39.1,DELAYED,NO,SHP-20260701-02387
2026-07-02 13:18:00,TRK-145,Rute-G,Bekasi Logistics Hub,375.0,1200,16.68,1.0,39.8,LOADED,YES,SHP-20260702-02388
2026-07-03 16:29:00,TRK-148,Rute-L,Petamburan Hub,375.9,1200,17.12,1.2,40.4,RETURNING,NO,SHP-20260703-02389
2026-07-04 08:40:00,TRK-151,Rute-Q,Grogol Hub (Jakbar),376.8,1400,17.56,1.4,41.0,DELIVERED,YES,SHP-20260704-02390
2026-07-05 11:51:00,TRK-154,Rute-D,Central Hub (Jakarta),377.7,1200,18.0,1.5,41.6,IN_TRANSIT,YES,SHP-20260705-02391
2026-07-06 15:02:00,TRK-157,Rute-I,Gudang West (Tangerang),378.6,1200,18.44,1.7,42.2,DELAYED,NO,SHP-20260706-02392
2026-07-07 18:13:00,TRK-160,Rute-N,Cikarang Industrial Hub,379.4,1200,18.88,1.8,42.9,LOADED,YES,SHP-20260707-02393
2026-07-08 11:24:00,TRK-163,Rute-A,Bogor Transit Hub,380.3,1200,19.32,2.0,43.5,RETURNING,NO,SHP-20260708-02394
2026-07-09 13:35:00,TRK-166,Rute-F,Depok Hub,381.2,1400,19.76,2.2,44.1,DELIVERED,YES,SHP-20260709-02395
2026-07-10 16:46:00,TRK-169,Rute-K,Bekasi Logistics Hub,382.1,1200,20.2,2.3,44.7,IN_TRANSIT,YES,SHP-20260710-02396
2026-07-11 09:57:00,TRK-172,Rute-P,Petamburan Hub,383.0,1200,20.64,2.5,45.3,DELAYED,NO,SHP-20260711-02397
2026-07-12 13:08:00,TRK-175,Rute-C,Grogol Hub (Jakbar),383.8,1200,21.08,2.6,46.0,LOADED,YES,SHP-20260712-02398
2026-07-13 16:19:00,TRK-178,Rute-H,Central Hub (Jakarta),384.7,1200,21.52,2.8,46.6,RETURNING,NO,SHP-20260713-02399
2026-07-14 08:30:00,TRK-001,Rute-M,Gudang West (Tangerang),385.6,1400,21.96,0.4,47.2,DELIVERED,YES,SHP-20260714-02400
2026-07-15 11:41:00,TRK-004,Rute-R,Cikarang Industrial Hub,386.5,1200,22.4,0.6,47.8,IN_TRANSIT,YES,SHP-20260715-02401
2026-07-16 14:52:00,TRK-007,Rute-E,Bogor Transit Hub,387.4,1200,22.84,0.7,48.4,DELAYED,NO,SHP-20260716-02402
2026-07-17 18:03:00,TRK-010,Rute-J,Depok Hub,388.2,1200,23.28,0.9,49.1,LOADED,YES,SHP-20260717-02403
2026-07-18 11:14:00,TRK-013,Rute-O,Bekasi Logistics Hub,389.1,1200,23.72,1.0,49.7,RETURNING,NO,SHP-20260718-02404
2026-07-19 14:25:00,TRK-016,Rute-B,Petamburan Hub,390.0,1400,24.16,1.2,50.3,DELIVERED,YES,SHP-20260719-02405
2026-07-20 16:36:00,TRK-019,Rute-G,Grogol Hub (Jakbar),390.9,1200,24.6,1.4,50.9,IN_TRANSIT,YES,SHP-20260720-02406
2026-07-21 09:47:00,TRK-022,Rute-L,Central Hub (Jakarta),391.8,1200,25.04,1.5,51.5,DELAYED,NO,SHP-20260721-02407
2026-07-22 12:58:00,TRK-025,Rute-Q,Gudang West (Tangerang),392.6,1200,25.48,1.7,52.2,LOADED,YES,SHP-20260722-02408
2026-07-23 16:09:00,TRK-028,Rute-D,Cikarang Industrial Hub,393.5,1200,25.92,1.8,52.8,RETURNING,NO,SHP-20260723-02409
2026-07-24 09:20:00,TRK-031,Rute-I,Bogor Transit Hub,394.4,1400,26.36,2.0,53.4,DELIVERED,YES,SHP-20260724-02410
2026-07-25 11:31:00,TRK-034,Rute-N,Depok Hub,395.3,1200,26.8,2.2,54.0,IN_TRANSIT,YES,SHP-20260725-02411
2026-07-26 14:42:00,TRK-037,Rute-A,Bekasi Logistics Hub,396.2,1200,11.4,2.3,54.6,DELAYED,NO,SHP-20260726-02412
2026-07-27 17:53:00,TRK-040,Rute-F,Petamburan Hub,397.0,1200,11.84,2.5,55.3,LOADED,YES,SHP-20260727-02413
2026-07-28 11:04:00,TRK-043,Rute-K,Grogol Hub (Jakbar),397.9,1200,12.28,2.6,55.9,RETURNING,NO,SHP-20260728-02414
2026-07-29 14:15:00,TRK-046,Rute-P,Central Hub (Jakarta),398.8,1400,12.72,2.8,56.5,DELIVERED,YES,SHP-20260729-02415
2026-07-30 17:26:00,TRK-049,Rute-C,Gudang West (Tangerang),399.7,1200,13.16,0.4,57.1,IN_TRANSIT,YES,SHP-20260730-02416
2026-07-31 09:37:00,TRK-052,Rute-H,Cikarang Industrial Hub,400.6,1200,13.6,0.6,57.7,DELAYED,NO,SHP-20260731-02417
2026-07-01 12:48:00,TRK-055,Rute-M,Bogor Transit Hub,401.4,1200,14.04,0.7,58.4,LOADED,YES,SHP-20260701-02418
2026-07-02 15:59:00,TRK-058,Rute-R,Depok Hub,402.3,1200,14.48,0.9,59.0,RETURNING,NO,SHP-20260702-02419
2026-07-03 09:10:00,TRK-061,Rute-E,Bekasi Logistics Hub,403.2,1400,14.92,1.0,59.6,DELIVERED,YES,SHP-20260703-02420
2026-07-04 12:21:00,TRK-064,Rute-J,Petamburan Hub,404.1,1200,15.36,1.2,60.2,IN_TRANSIT,YES,SHP-20260704-02421
2026-07-05 14:32:00,TRK-067,Rute-O,Grogol Hub (Jakbar),405.0,1200,15.8,1.4,60.8,DELAYED,NO,SHP-20260705-02422
2026-07-06 17:43:00,TRK-070,Rute-B,Central Hub (Jakarta),405.8,1200,16.24,1.5,61.5,LOADED,YES,SHP-20260706-02423
2026-07-07 10:54:00,TRK-073,Rute-G,Gudang West (Tangerang),406.7,1200,16.68,1.7,62.1,RETURNING,NO,SHP-20260707-02424
2026-07-08 14:05:00,TRK-076,Rute-L,Cikarang Industrial Hub,407.6,1400,17.12,1.8,62.7,DELIVERED,YES,SHP-20260708-02425
2026-07-09 17:16:00,TRK-079,Rute-Q,Bogor Transit Hub,408.5,1200,17.56,2.0,63.3,IN_TRANSIT,YES,SHP-20260709-02426
2026-07-10 10:27:00,TRK-082,Rute-D,Depok Hub,409.4,1200,18.0,2.2,63.9,DELAYED,NO,SHP-20260710-02427
2026-07-11 12:38:00,TRK-085,Rute-I,Bekasi Logistics Hub,410.2,1200,18.44,2.3,64.6,LOADED,YES,SHP-20260711-02428
2026-07-12 15:49:00,TRK-088,Rute-N,Petamburan Hub,411.1,1200,18.88,2.5,65.2,RETURNING,NO,SHP-20260712-02429
2026-07-13 09:00:00,TRK-091,Rute-A,Grogol Hub (Jakbar),412.0,1400,19.32,2.6,65.8,DELIVERED,YES,SHP-20260713-02430
2026-07-14 12:11:00,TRK-094,Rute-F,Central Hub (Jakarta),412.9,1200,19.76,2.8,66.4,IN_TRANSIT,YES,SHP-20260714-02431
2026-07-15 15:22:00,TRK-097,Rute-K,Gudang West (Tangerang),413.8,1200,20.2,0.4,67.0,DELAYED,NO,SHP-20260715-02432
2026-07-16 17:33:00,TRK-100,Rute-P,Cikarang Industrial Hub,414.6,1200,20.64,0.6,67.7,LOADED,YES,SHP-20260716-02433
2026-07-17 10:44:00,TRK-103,Rute-C,Bogor Transit Hub,415.5,1200,21.08,0.7,68.3,RETURNING,NO,SHP-20260717-02434
2026-07-18 13:55:00,TRK-106,Rute-H,Depok Hub,416.4,1400,21.52,0.9,68.9,DELIVERED,YES,SHP-20260718-02435
2026-07-19 17:06:00,TRK-109,Rute-M,Bekasi Logistics Hub,417.3,1200,21.96,1.0,69.5,IN_TRANSIT,YES,SHP-20260719-02436
2026-07-20 10:17:00,TRK-112,Rute-R,Petamburan Hub,418.2,1200,22.4,1.2,70.1,DELAYED,NO,SHP-20260720-02437
2026-07-21 13:28:00,TRK-115,Rute-E,Grogol Hub (Jakbar),419.0,1200,22.84,1.4,70.8,LOADED,YES,SHP-20260721-02438
2026-07-22 15:39:00,TRK-118,Rute-J,Central Hub (Jakarta),419.9,1200,23.28,1.5,71.4,RETURNING,NO,SHP-20260722-02439
2026-07-23 08:50:00,TRK-121,Rute-O,Gudang West (Tangerang),420.8,1400,23.72,1.7,72.0,DELIVERED,YES,SHP-20260723-02440
2026-07-24 12:01:00,TRK-124,Rute-B,Cikarang Industrial Hub,421.7,1200,24.16,1.8,72.6,IN_TRANSIT,YES,SHP-20260724-02441
2026-07-25 15:12:00,TRK-127,Rute-G,Bogor Transit Hub,422.6,1200,24.6,2.0,73.2,DELAYED,NO,SHP-20260725-02442
2026-07-26 18:23:00,TRK-130,Rute-L,Depok Hub,423.4,1200,25.04,2.2,73.9,LOADED,YES,SHP-20260726-02443
2026-07-27 10:34:00,TRK-133,Rute-Q,Bekasi Logistics Hub,424.3,1200,25.48,2.3,74.5,RETURNING,NO,SHP-20260727-02444
2026-07-28 13:45:00,TRK-136,Rute-D,Petamburan Hub,425.2,1400,25.92,2.5,75.1,DELIVERED,YES,SHP-20260728-02445
2026-07-29 16:56:00,TRK-139,Rute-I,Grogol Hub (Jakbar),426.1,1200,26.36,2.6,75.7,IN_TRANSIT,YES,SHP-20260729-02446
2026-07-30 10:07:00,TRK-142,Rute-N,Central Hub (Jakarta),427.0,1200,26.8,2.8,76.3,DELAYED,NO,SHP-20260730-02447
2026-07-31 13:18:00,TRK-145,Rute-A,Gudang West (Tangerang),427.8,1200,11.4,0.4,77.0,LOADED,YES,SHP-20260731-02448
2026-07-01 16:29:00,TRK-148,Rute-F,Cikarang Industrial Hub,428.7,1200,11.84,0.6,77.6,RETURNING,NO,SHP-20260701-02449
2026-07-02 08:40:00,TRK-151,Rute-K,Bogor Transit Hub,429.6,1400,12.28,0.7,78.2,DELIVERED,YES,SHP-20260702-02450
2026-07-03 11:51:00,TRK-154,Rute-P,Depok Hub,430.5,1200,12.72,0.9,78.8,IN_TRANSIT,YES,SHP-20260703-02451
2026-07-04 15:02:00,TRK-157,Rute-C,Bekasi Logistics Hub,431.4,1200,13.16,1.0,79.4,DELAYED,NO,SHP-20260704-02452
2026-07-05 18:13:00,TRK-160,Rute-H,Petamburan Hub,432.2,1200,13.6,1.2,80.1,LOADED,YES,SHP-20260705-02453
2026-07-06 11:24:00,TRK-163,Rute-M,Grogol Hub (Jakbar),433.1,1200,14.04,1.4,80.7,RETURNING,NO,SHP-20260706-02454
2026-07-07 13:35:00,TRK-166,Rute-R,Central Hub (Jakarta),434.0,1400,14.48,1.5,81.3,DELIVERED,YES,SHP-20260707-02455
2026-07-08 16:46:00,TRK-169,Rute-E,Gudang West (Tangerang),434.9,1200,14.92,1.7,81.9,IN_TRANSIT,YES,SHP-20260708-02456
2026-07-09 09:57:00,TRK-172,Rute-J,Cikarang Industrial Hub,435.8,1200,15.36,1.8,82.5,DELAYED,NO,SHP-20260709-02457
2026-07-10 13:08:00,TRK-175,Rute-O,Bogor Transit Hub,436.6,1200,15.8,2.0,83.2,LOADED,YES,SHP-20260710-02458
2026-07-11 16:19:00,TRK-178,Rute-B,Depok Hub,437.5,1200,16.24,2.2,83.8,RETURNING,NO,SHP-20260711-02459
2026-07-12 08:30:00,TRK-001,Rute-G,Bekasi Logistics Hub,438.4,1400,16.68,2.3,84.4,DELIVERED,YES,SHP-20260712-02460
2026-07-13 11:41:00,TRK-004,Rute-L,Petamburan Hub,439.3,1200,17.12,2.5,85.0,IN_TRANSIT,YES,SHP-20260713-02461
2026-07-14 14:52:00,TRK-007,Rute-Q,Grogol Hub (Jakbar),440.2,1200,17.56,2.6,85.6,DELAYED,NO,SHP-20260714-02462
2026-07-15 18:03:00,TRK-010,Rute-D,Central Hub (Jakarta),441.0,1200,18.0,2.8,86.3,LOADED,YES,SHP-20260715-02463
2026-07-16 11:14:00,TRK-013,Rute-I,Gudang West (Tangerang),441.9,1200,18.44,0.4,86.9,RETURNING,NO,SHP-20260716-02464
2026-07-17 14:25:00,TRK-016,Rute-N,Cikarang Industrial Hub,442.8,1400,18.88,0.6,87.5,DELIVERED,YES,SHP-20260717-02465
2026-07-18 16:36:00,TRK-019,Rute-A,Bogor Transit Hub,443.7,1200,19.32,0.7,88.1,IN_TRANSIT,YES,SHP-20260718-02466
2026-07-19 09:47:00,TRK-022,Rute-F,Depok Hub,444.6,1200,19.76,0.9,88.7,DELAYED,NO,SHP-20260719-02467
2026-07-20 12:58:00,TRK-025,Rute-K,Bekasi Logistics Hub,445.4,1200,20.2,1.0,89.4,LOADED,YES,SHP-20260720-02468
2026-07-21 16:09:00,TRK-028,Rute-P,Petamburan Hub,446.3,1200,20.64,1.2,90.0,RETURNING,NO,SHP-20260721-02469
2026-07-22 09:20:00,TRK-031,Rute-C,Grogol Hub (Jakbar),447.2,1400,21.08,1.4,10.0,DELIVERED,YES,SHP-20260722-02470
2026-07-23 11:31:00,TRK-034,Rute-H,Central Hub (Jakarta),448.1,1200,21.52,1.5,10.6,IN_TRANSIT,YES,SHP-20260723-02471
2026-07-24 14:42:00,TRK-037,Rute-M,Gudang West (Tangerang),449.0,1200,21.96,1.7,11.2,DELAYED,NO,SHP-20260724-02472
2026-07-25 17:53:00,TRK-040,Rute-R,Cikarang Industrial Hub,449.8,1200,22.4,1.8,11.9,LOADED,YES,SHP-20260725-02473
2026-07-26 11:04:00,TRK-043,Rute-E,Bogor Transit Hub,450.7,1200,22.84,2.0,12.5,RETURNING,NO,SHP-20260726-02474
2026-07-27 14:15:00,TRK-046,Rute-J,Depok Hub,451.6,1400,23.28,2.2,13.1,DELIVERED,YES,SHP-20260727-02475
2026-07-28 17:26:00,TRK-049,Rute-O,Bekasi Logistics Hub,452.5,1200,23.72,2.3,13.7,IN_TRANSIT,YES,SHP-20260728-02476
2026-07-29 09:37:00,TRK-052,Rute-B,Petamburan Hub,453.4,1200,24.16,2.5,14.3,DELAYED,NO,SHP-20260729-02477
2026-07-30 12:48:00,TRK-055,Rute-G,Grogol Hub (Jakbar),454.2,1200,24.6,2.6,15.0,LOADED,YES,SHP-20260730-02478
2026-07-31 15:59:00,TRK-058,Rute-L,Central Hub (Jakarta),455.1,1200,25.04,2.8,15.6,RETURNING,NO,SHP-20260731-02479
2026-07-01 09:10:00,TRK-061,Rute-Q,Gudang West (Tangerang),456.0,1400,25.48,0.4,16.2,DELIVERED,YES,SHP-20260701-02480
2026-07-02 12:21:00,TRK-064,Rute-D,Cikarang Industrial Hub,456.9,1200,25.92,0.6,16.8,IN_TRANSIT,YES,SHP-20260702-02481
2026-07-03 14:32:00,TRK-067,Rute-I,Bogor Transit Hub,457.8,1200,26.36,0.7,17.4,DELAYED,NO,SHP-20260703-02482
2026-07-04 17:43:00,TRK-070,Rute-N,Depok Hub,458.6,1200,26.8,0.9,18.1,LOADED,YES,SHP-20260704-02483
2026-07-05 10:54:00,TRK-073,Rute-A,Bekasi Logistics Hub,459.5,1200,11.4,1.0,18.7,RETURNING,NO,SHP-20260705-02484
2026-07-06 14:05:00,TRK-076,Rute-F,Petamburan Hub,460.4,1400,11.84,1.2,19.3,DELIVERED,YES,SHP-20260706-02485
2026-07-07 17:16:00,TRK-079,Rute-K,Grogol Hub (Jakbar),461.3,1200,12.28,1.4,19.9,IN_TRANSIT,YES,SHP-20260707-02486
2026-07-08 10:27:00,TRK-082,Rute-P,Central Hub (Jakarta),462.2,1200,12.72,1.5,20.5,DELAYED,NO,SHP-20260708-02487
2026-07-09 12:38:00,TRK-085,Rute-C,Gudang West (Tangerang),463.0,1200,13.16,1.7,21.2,LOADED,YES,SHP-20260709-02488
2026-07-10 15:49:00,TRK-088,Rute-H,Cikarang Industrial Hub,463.9,1200,13.6,1.8,21.8,RETURNING,NO,SHP-20260710-02489
2026-07-11 09:00:00,TRK-091,Rute-M,Bogor Transit Hub,464.8,1400,14.04,2.0,22.4,DELIVERED,YES,SHP-20260711-02490
2026-07-12 12:11:00,TRK-094,Rute-R,Depok Hub,465.7,1200,14.48,2.2,23.0,IN_TRANSIT,YES,SHP-20260712-02491
2026-07-13 15:22:00,TRK-097,Rute-E,Bekasi Logistics Hub,466.6,1200,14.92,2.3,23.6,DELAYED,NO,SHP-20260713-02492
2026-07-14 17:33:00,TRK-100,Rute-J,Petamburan Hub,467.4,1200,15.36,2.5,24.3,LOADED,YES,SHP-20260714-02493
2026-07-15 10:44:00,TRK-103,Rute-O,Grogol Hub (Jakbar),468.3,1200,15.8,2.6,24.9,RETURNING,NO,SHP-20260715-02494
2026-07-16 13:55:00,TRK-106,Rute-B,Central Hub (Jakarta),469.2,1400,16.24,2.8,25.5,DELIVERED,YES,SHP-20260716-02495
2026-07-17 17:06:00,TRK-109,Rute-G,Gudang West (Tangerang),470.1,1200,16.68,0.4,26.1,IN_TRANSIT,YES,SHP-20260717-02496
2026-07-18 10:17:00,TRK-112,Rute-L,Cikarang Industrial Hub,471.0,1200,17.12,0.6,26.7,DELAYED,NO,SHP-20260718-02497
2026-07-19 13:28:00,TRK-115,Rute-Q,Bogor Transit Hub,471.8,1200,17.56,0.7,27.4,LOADED,YES,SHP-20260719-02498
2026-07-20 15:39:00,TRK-118,Rute-D,Depok Hub,472.7,1200,18.0,0.9,28.0,RETURNING,NO,SHP-20260720-02499
2026-07-21 08:50:00,TRK-121,Rute-I,Bekasi Logistics Hub,473.6,1400,18.44,1.0,28.6,DELIVERED,YES,SHP-20260721-02500
2026-07-22 12:01:00,TRK-124,Rute-N,Petamburan Hub,474.5,1200,18.88,1.2,29.2,IN_TRANSIT,YES,SHP-20260722-02501
2026-07-23 15:12:00,TRK-127,Rute-A,Grogol Hub (Jakbar),475.4,1200,19.32,1.4,29.8,DELAYED,NO,SHP-20260723-02502
2026-07-24 18:23:00,TRK-130,Rute-F,Central Hub (Jakarta),476.2,1200,19.76,1.5,30.5,LOADED,YES,SHP-20260724-02503
2026-07-25 10:34:00,TRK-133,Rute-K,Gudang West (Tangerang),477.1,1200,20.2,1.7,31.1,RETURNING,NO,SHP-20260725-02504
2026-07-26 13:45:00,TRK-136,Rute-P,Cikarang Industrial Hub,478.0,1400,20.64,1.8,31.7,DELIVERED,YES,SHP-20260726-02505
2026-07-27 16:56:00,TRK-139,Rute-C,Bogor Transit Hub,478.9,1200,21.08,2.0,32.3,IN_TRANSIT,YES,SHP-20260727-02506
2026-07-28 10:07:00,TRK-142,Rute-H,Depok Hub,479.8,1200,21.52,2.2,32.9,DELAYED,NO,SHP-20260728-02507
2026-07-29 13:18:00,TRK-145,Rute-M,Bekasi Logistics Hub,480.6,1200,21.96,2.3,33.6,LOADED,YES,SHP-20260729-02508
2026-07-30 16:29:00,TRK-148,Rute-R,Petamburan Hub,481.5,1200,22.4,2.5,34.2,RETURNING,NO,SHP-20260730-02509
2026-07-31 08:40:00,TRK-151,Rute-E,Grogol Hub (Jakbar),482.4,1400,22.84,2.6,34.8,DELIVERED,YES,SHP-20260731-02510
2026-07-01 11:51:00,TRK-154,Rute-J,Central Hub (Jakarta),483.3,1200,23.28,2.8,35.4,IN_TRANSIT,YES,SHP-20260701-02511
2026-07-02 15:02:00,TRK-157,Rute-O,Gudang West (Tangerang),484.2,1200,23.72,0.4,36.0,DELAYED,NO,SHP-20260702-02512
2026-07-03 18:13:00,TRK-160,Rute-B,Cikarang Industrial Hub,485.0,1200,24.16,0.6,36.7,LOADED,YES,SHP-20260703-02513
2026-07-04 11:24:00,TRK-163,Rute-G,Bogor Transit Hub,485.9,1200,24.6,0.7,37.3,RETURNING,NO,SHP-20260704-02514
2026-07-05 13:35:00,TRK-166,Rute-L,Depok Hub,486.8,1400,25.04,0.9,37.9,DELIVERED,YES,SHP-20260705-02515
2026-07-06 16:46:00,TRK-169,Rute-Q,Bekasi Logistics Hub,487.7,1200,25.48,1.0,38.5,IN_TRANSIT,YES,SHP-20260706-02516
2026-07-07 09:57:00,TRK-172,Rute-D,Petamburan Hub,488.6,1200,25.92,1.2,39.1,DELAYED,NO,SHP-20260707-02517
2026-07-08 13:08:00,TRK-175,Rute-I,Grogol Hub (Jakbar),489.4,1200,26.36,1.4,39.8,LOADED,YES,SHP-20260708-02518
2026-07-09 16:19:00,TRK-178,Rute-N,Central Hub (Jakarta),490.3,1200,26.8,1.5,40.4,RETURNING,NO,SHP-20260709-02519
2026-07-10 08:30:00,TRK-001,Rute-A,Gudang West (Tangerang),491.2,1400,11.4,1.7,41.0,DELIVERED,YES,SHP-20260710-02520
2026-07-11 11:41:00,TRK-004,Rute-F,Cikarang Industrial Hub,492.1,1200,11.84,1.8,41.6,IN_TRANSIT,YES,SHP-20260711-02521
2026-07-12 14:52:00,TRK-007,Rute-K,Bogor Transit Hub,493.0,1200,12.28,2.0,42.2,DELAYED,NO,SHP-20260712-02522
2026-07-13 18:03:00,TRK-010,Rute-P,Depok Hub,493.8,1200,12.72,2.2,42.9,LOADED,YES,SHP-20260713-02523
2026-07-14 11:14:00,TRK-013,Rute-C,Bekasi Logistics Hub,494.7,1200,13.16,2.3,43.5,RETURNING,NO,SHP-20260714-02524
2026-07-15 14:25:00,TRK-016,Rute-H,Petamburan Hub,495.6,1400,13.6,2.5,44.1,DELIVERED,YES,SHP-20260715-02525
2026-07-16 16:36:00,TRK-019,Rute-M,Grogol Hub (Jakbar),496.5,1200,14.04,2.6,44.7,IN_TRANSIT,YES,SHP-20260716-02526
2026-07-17 09:47:00,TRK-022,Rute-R,Central Hub (Jakarta),497.4,1200,14.48,2.8,45.3,DELAYED,NO,SHP-20260717-02527
2026-07-18 12:58:00,TRK-025,Rute-E,Gudang West (Tangerang),498.2,1200,14.92,0.4,46.0,LOADED,YES,SHP-20260718-02528
2026-07-19 16:09:00,TRK-028,Rute-J,Cikarang Industrial Hub,499.1,1200,15.36,0.6,46.6,RETURNING,NO,SHP-20260719-02529
2026-07-20 09:20:00,TRK-031,Rute-O,Bogor Transit Hub,500.0,1400,15.8,0.7,47.2,DELIVERED,YES,SHP-20260720-02530
2026-07-21 11:31:00,TRK-034,Rute-B,Depok Hub,500.9,1200,16.24,0.9,47.8,IN_TRANSIT,YES,SHP-20260721-02531
2026-07-22 14:42:00,TRK-037,Rute-G,Bekasi Logistics Hub,501.8,1200,16.68,1.0,48.4,DELAYED,NO,SHP-20260722-02532
2026-07-23 17:53:00,TRK-040,Rute-L,Petamburan Hub,502.6,1200,17.12,1.2,49.1,LOADED,YES,SHP-20260723-02533
2026-07-24 11:04:00,TRK-043,Rute-Q,Grogol Hub (Jakbar),503.5,1200,17.56,1.4,49.7,RETURNING,NO,SHP-20260724-02534
2026-07-25 14:15:00,TRK-046,Rute-D,Central Hub (Jakarta),504.4,1400,18.0,1.5,50.3,DELIVERED,YES,SHP-20260725-02535
2026-07-26 17:26:00,TRK-049,Rute-I,Gudang West (Tangerang),505.3,1200,18.44,1.7,50.9,IN_TRANSIT,YES,SHP-20260726-02536
2026-07-27 09:37:00,TRK-052,Rute-N,Cikarang Industrial Hub,506.2,1200,18.88,1.8,51.5,DELAYED,NO,SHP-20260727-02537
2026-07-28 12:48:00,TRK-055,Rute-A,Bogor Transit Hub,507.0,1200,19.32,2.0,52.2,LOADED,YES,SHP-20260728-02538
2026-07-29 15:59:00,TRK-058,Rute-F,Depok Hub,507.9,1200,19.76,2.2,52.8,RETURNING,NO,SHP-20260729-02539
2026-07-30 09:10:00,TRK-061,Rute-K,Bekasi Logistics Hub,508.8,1400,20.2,2.3,53.4,DELIVERED,YES,SHP-20260730-02540
2026-07-31 12:21:00,TRK-064,Rute-P,Petamburan Hub,509.7,1200,20.64,2.5,54.0,IN_TRANSIT,YES,SHP-20260731-02541
2026-07-01 14:32:00,TRK-067,Rute-C,Grogol Hub (Jakbar),510.6,1200,21.08,2.6,54.6,DELAYED,NO,SHP-20260701-02542
2026-07-02 17:43:00,TRK-070,Rute-H,Central Hub (Jakarta),511.4,1200,21.52,2.8,55.3,LOADED,YES,SHP-20260702-02543
2026-07-03 10:54:00,TRK-073,Rute-M,Gudang West (Tangerang),512.3,1200,21.96,0.4,55.9,RETURNING,NO,SHP-20260703-02544
2026-07-04 14:05:00,TRK-076,Rute-R,Cikarang Industrial Hub,513.2,1400,22.4,0.6,56.5,DELIVERED,YES,SHP-20260704-02545
2026-07-05 17:16:00,TRK-079,Rute-E,Bogor Transit Hub,514.1,1200,22.84,0.7,57.1,IN_TRANSIT,YES,SHP-20260705-02546
2026-07-06 10:27:00,TRK-082,Rute-J,Depok Hub,515.0,1200,23.28,0.9,57.7,DELAYED,NO,SHP-20260706-02547
2026-07-07 12:38:00,TRK-085,Rute-O,Bekasi Logistics Hub,515.8,1200,23.72,1.0,58.4,LOADED,YES,SHP-20260707-02548
2026-07-08 15:49:00,TRK-088,Rute-B,Petamburan Hub,516.7,1200,24.16,1.2,59.0,RETURNING,NO,SHP-20260708-02549
2026-07-09 09:00:00,TRK-091,Rute-G,Grogol Hub (Jakbar),517.6,1400,24.6,1.4,59.6,DELIVERED,YES,SHP-20260709-02550
2026-07-10 12:11:00,TRK-094,Rute-L,Central Hub (Jakarta),518.5,1200,25.04,1.5,60.2,IN_TRANSIT,YES,SHP-20260710-02551
2026-07-11 15:22:00,TRK-097,Rute-Q,Gudang West (Tangerang),519.4,1200,25.48,1.7,60.8,DELAYED,NO,SHP-20260711-02552
2026-07-12 17:33:00,TRK-100,Rute-D,Cikarang Industrial Hub,520.2,1200,25.92,1.8,61.5,LOADED,YES,SHP-20260712-02553
2026-07-13 10:44:00,TRK-103,Rute-I,Bogor Transit Hub,521.1,1200,26.36,2.0,62.1,RETURNING,NO,SHP-20260713-02554
2026-07-14 13:55:00,TRK-106,Rute-N,Depok Hub,522.0,1400,26.8,2.2,62.7,DELIVERED,YES,SHP-20260714-02555
2026-07-15 17:06:00,TRK-109,Rute-A,Bekasi Logistics Hub,522.9,1200,11.4,2.3,63.3,IN_TRANSIT,YES,SHP-20260715-02556
2026-07-16 10:17:00,TRK-112,Rute-F,Petamburan Hub,523.8,1200,11.84,2.5,63.9,DELAYED,NO,SHP-20260716-02557
2026-07-17 13:28:00,TRK-115,Rute-K,Grogol Hub (Jakbar),524.6,1200,12.28,2.6,64.6,LOADED,YES,SHP-20260717-02558
2026-07-18 15:39:00,TRK-118,Rute-P,Central Hub (Jakarta),525.5,1200,12.72,2.8,65.2,RETURNING,NO,SHP-20260718-02559
2026-07-19 08:50:00,TRK-121,Rute-C,Gudang West (Tangerang),526.4,1400,13.16,0.4,65.8,DELIVERED,YES,SHP-20260719-02560
2026-07-20 12:01:00,TRK-124,Rute-H,Cikarang Industrial Hub,527.3,1200,13.6,0.6,66.4,IN_TRANSIT,YES,SHP-20260720-02561
2026-07-21 15:12:00,TRK-127,Rute-M,Bogor Transit Hub,528.2,1200,14.04,0.7,67.0,DELAYED,NO,SHP-20260721-02562
2026-07-22 18:23:00,TRK-130,Rute-R,Depok Hub,529.0,1200,14.48,0.9,67.7,LOADED,YES,SHP-20260722-02563
2026-07-23 10:34:00,TRK-133,Rute-E,Bekasi Logistics Hub,529.9,1200,14.92,1.0,68.3,RETURNING,NO,SHP-20260723-02564
2026-07-24 13:45:00,TRK-136,Rute-J,Petamburan Hub,530.8,1400,15.36,1.2,68.9,DELIVERED,YES,SHP-20260724-02565
2026-07-25 16:56:00,TRK-139,Rute-O,Grogol Hub (Jakbar),531.7,1200,15.8,1.4,69.5,IN_TRANSIT,YES,SHP-20260725-02566
2026-07-26 10:07:00,TRK-142,Rute-B,Central Hub (Jakarta),532.6,1200,16.24,1.5,70.1,DELAYED,NO,SHP-20260726-02567
2026-07-27 13:18:00,TRK-145,Rute-G,Gudang West (Tangerang),533.4,1200,16.68,1.7,70.8,LOADED,YES,SHP-20260727-02568
2026-07-28 16:29:00,TRK-148,Rute-L,Cikarang Industrial Hub,534.3,1200,17.12,1.8,71.4,RETURNING,NO,SHP-20260728-02569
2026-07-29 08:40:00,TRK-151,Rute-Q,Bogor Transit Hub,535.2,1400,17.56,2.0,72.0,DELIVERED,YES,SHP-20260729-02570
2026-07-30 11:51:00,TRK-154,Rute-D,Depok Hub,536.1,1200,18.0,2.2,72.6,IN_TRANSIT,YES,SHP-20260730-02571
2026-07-31 15:02:00,TRK-157,Rute-I,Bekasi Logistics Hub,537.0,1200,18.44,2.3,73.2,DELAYED,NO,SHP-20260731-02572
2026-07-01 18:13:00,TRK-160,Rute-N,Petamburan Hub,537.8,1200,18.88,2.5,73.9,LOADED,YES,SHP-20260701-02573
2026-07-02 11:24:00,TRK-163,Rute-A,Grogol Hub (Jakbar),538.7,1200,19.32,2.6,74.5,RETURNING,NO,SHP-20260702-02574
2026-07-03 13:35:00,TRK-166,Rute-F,Central Hub (Jakarta),539.6,1400,19.76,2.8,75.1,DELIVERED,YES,SHP-20260703-02575
2026-07-04 16:46:00,TRK-169,Rute-K,Gudang West (Tangerang),540.5,1200,20.2,0.4,75.7,IN_TRANSIT,YES,SHP-20260704-02576
2026-07-05 09:57:00,TRK-172,Rute-P,Cikarang Industrial Hub,541.4,1200,20.64,0.6,76.3,DELAYED,NO,SHP-20260705-02577
2026-07-06 13:08:00,TRK-175,Rute-C,Bogor Transit Hub,542.2,1200,21.08,0.7,77.0,LOADED,YES,SHP-20260706-02578
2026-07-07 16:19:00,TRK-178,Rute-H,Depok Hub,543.1,1200,21.52,0.9,77.6,RETURNING,NO,SHP-20260707-02579
2026-07-08 08:30:00,TRK-001,Rute-M,Bekasi Logistics Hub,544.0,1400,21.96,1.0,78.2,DELIVERED,YES,SHP-20260708-02580
2026-07-09 11:41:00,TRK-004,Rute-R,Petamburan Hub,544.9,1200,22.4,1.2,78.8,IN_TRANSIT,YES,SHP-20260709-02581
2026-07-10 14:52:00,TRK-007,Rute-E,Grogol Hub (Jakbar),545.8,1200,22.84,1.4,79.4,DELAYED,NO,SHP-20260710-02582
2026-07-11 18:03:00,TRK-010,Rute-J,Central Hub (Jakarta),546.6,1200,23.28,1.5,80.1,LOADED,YES,SHP-20260711-02583
2026-07-12 11:14:00,TRK-013,Rute-O,Gudang West (Tangerang),547.5,1200,23.72,1.7,80.7,RETURNING,NO,SHP-20260712-02584
2026-07-13 14:25:00,TRK-016,Rute-B,Cikarang Industrial Hub,548.4,1400,24.16,1.8,81.3,DELIVERED,YES,SHP-20260713-02585
2026-07-14 16:36:00,TRK-019,Rute-G,Bogor Transit Hub,549.3,1200,24.6,2.0,81.9,IN_TRANSIT,YES,SHP-20260714-02586
2026-07-15 09:47:00,TRK-022,Rute-L,Depok Hub,550.2,1200,25.04,2.2,82.5,DELAYED,NO,SHP-20260715-02587
2026-07-16 12:58:00,TRK-025,Rute-Q,Bekasi Logistics Hub,551.0,1200,25.48,2.3,83.2,LOADED,YES,SHP-20260716-02588
2026-07-17 16:09:00,TRK-028,Rute-D,Petamburan Hub,551.9,1200,25.92,2.5,83.8,RETURNING,NO,SHP-20260717-02589
2026-07-18 09:20:00,TRK-031,Rute-I,Grogol Hub (Jakbar),552.8,1400,26.36,2.6,84.4,DELIVERED,YES,SHP-20260718-02590
2026-07-19 11:31:00,TRK-034,Rute-N,Central Hub (Jakarta),553.7,1200,26.8,2.8,85.0,IN_TRANSIT,YES,SHP-20260719-02591
2026-07-20 14:42:00,TRK-037,Rute-A,Gudang West (Tangerang),554.6,1200,11.4,0.4,85.6,DELAYED,NO,SHP-20260720-02592
2026-07-21 17:53:00,TRK-040,Rute-F,Cikarang Industrial Hub,555.4,1200,11.84,0.6,86.3,LOADED,YES,SHP-20260721-02593
2026-07-22 11:04:00,TRK-043,Rute-K,Bogor Transit Hub,556.3,1200,12.28,0.7,86.9,RETURNING,NO,SHP-20260722-02594
2026-07-23 14:15:00,TRK-046,Rute-P,Depok Hub,557.2,1400,12.72,0.9,87.5,DELIVERED,YES,SHP-20260723-02595
2026-07-24 17:26:00,TRK-049,Rute-C,Bekasi Logistics Hub,558.1,1200,13.16,1.0,88.1,IN_TRANSIT,YES,SHP-20260724-02596
2026-07-25 09:37:00,TRK-052,Rute-H,Petamburan Hub,559.0,1200,13.6,1.2,88.7,DELAYED,NO,SHP-20260725-02597
2026-07-26 12:48:00,TRK-055,Rute-M,Grogol Hub (Jakbar),559.8,1200,14.04,1.4,89.4,LOADED,YES,SHP-20260726-02598
2026-07-27 15:59:00,TRK-058,Rute-R,Central Hub (Jakarta),560.7,1200,14.48,1.5,90.0,RETURNING,NO,SHP-20260727-02599
2026-07-28 09:10:00,TRK-061,Rute-E,Gudang West (Tangerang),561.6,1400,14.92,1.7,10.0,DELIVERED,YES,SHP-20260728-02600
2026-07-29 12:21:00,TRK-064,Rute-J,Cikarang Industrial Hub,562.5,1200,15.36,1.8,10.6,IN_TRANSIT,YES,SHP-20260729-02601
2026-07-30 14:32:00,TRK-067,Rute-O,Bogor Transit Hub,563.4,1200,15.8,2.0,11.2,DELAYED,NO,SHP-20260730-02602
2026-07-31 17:43:00,TRK-070,Rute-B,Depok Hub,564.2,1200,16.24,2.2,11.9,LOADED,YES,SHP-20260731-02603
2026-07-01 10:54:00,TRK-073,Rute-G,Bekasi Logistics Hub,565.1,1200,16.68,2.3,12.5,RETURNING,NO,SHP-20260701-02604
2026-07-02 14:05:00,TRK-076,Rute-L,Petamburan Hub,566.0,1400,17.12,2.5,13.1,DELIVERED,YES,SHP-20260702-02605
2026-07-03 17:16:00,TRK-079,Rute-Q,Grogol Hub (Jakbar),566.9,1200,17.56,2.6,13.7,IN_TRANSIT,YES,SHP-20260703-02606
2026-07-04 10:27:00,TRK-082,Rute-D,Central Hub (Jakarta),567.8,1200,18.0,2.8,14.3,DELAYED,NO,SHP-20260704-02607
2026-07-05 12:38:00,TRK-085,Rute-I,Gudang West (Tangerang),568.6,1200,18.44,0.4,15.0,LOADED,YES,SHP-20260705-02608
2026-07-06 15:49:00,TRK-088,Rute-N,Cikarang Industrial Hub,569.5,1200,18.88,0.6,15.6,RETURNING,NO,SHP-20260706-02609
2026-07-07 09:00:00,TRK-091,Rute-A,Bogor Transit Hub,570.4,1400,19.32,0.7,16.2,DELIVERED,YES,SHP-20260707-02610
2026-07-08 12:11:00,TRK-094,Rute-F,Depok Hub,571.3,1200,19.76,0.9,16.8,IN_TRANSIT,YES,SHP-20260708-02611
2026-07-09 15:22:00,TRK-097,Rute-K,Bekasi Logistics Hub,572.2,1200,20.2,1.0,17.4,DELAYED,NO,SHP-20260709-02612
2026-07-10 17:33:00,TRK-100,Rute-P,Petamburan Hub,573.0,1200,20.64,1.2,18.1,LOADED,YES,SHP-20260710-02613
2026-07-11 10:44:00,TRK-103,Rute-C,Grogol Hub (Jakbar),573.9,1200,21.08,1.4,18.7,RETURNING,NO,SHP-20260711-02614
2026-07-12 13:55:00,TRK-106,Rute-H,Central Hub (Jakarta),574.8,1400,21.52,1.5,19.3,DELIVERED,YES,SHP-20260712-02615
2026-07-13 17:06:00,TRK-109,Rute-M,Gudang West (Tangerang),575.7,1200,21.96,1.7,19.9,IN_TRANSIT,YES,SHP-20260713-02616
2026-07-14 10:17:00,TRK-112,Rute-R,Cikarang Industrial Hub,576.6,1200,22.4,1.8,20.5,DELAYED,NO,SHP-20260714-02617
2026-07-15 13:28:00,TRK-115,Rute-E,Bogor Transit Hub,577.4,1200,22.84,2.0,21.2,LOADED,YES,SHP-20260715-02618
2026-07-16 15:39:00,TRK-118,Rute-J,Depok Hub,578.3,1200,23.28,2.2,21.8,RETURNING,NO,SHP-20260716-02619
2026-07-17 08:50:00,TRK-121,Rute-O,Bekasi Logistics Hub,579.2,1400,23.72,2.3,22.4,DELIVERED,YES,SHP-20260717-02620
2026-07-18 12:01:00,TRK-124,Rute-B,Petamburan Hub,580.1,1200,24.16,2.5,23.0,IN_TRANSIT,YES,SHP-20260718-02621
2026-07-19 15:12:00,TRK-127,Rute-G,Grogol Hub (Jakbar),581.0,1200,24.6,2.6,23.6,DELAYED,NO,SHP-20260719-02622
2026-07-20 18:23:00,TRK-130,Rute-L,Central Hub (Jakarta),581.8,1200,25.04,2.8,24.3,LOADED,YES,SHP-20260720-02623
2026-07-21 10:34:00,TRK-133,Rute-Q,Gudang West (Tangerang),582.7,1200,25.48,0.4,24.9,RETURNING,NO,SHP-20260721-02624
2026-07-22 13:45:00,TRK-136,Rute-D,Cikarang Industrial Hub,583.6,1400,25.92,0.6,25.5,DELIVERED,YES,SHP-20260722-02625
2026-07-23 16:56:00,TRK-139,Rute-I,Bogor Transit Hub,584.5,1200,26.36,0.7,26.1,IN_TRANSIT,YES,SHP-20260723-02626
2026-07-24 10:07:00,TRK-142,Rute-N,Depok Hub,585.4,1200,26.8,0.9,26.7,DELAYED,NO,SHP-20260724-02627
2026-07-25 13:18:00,TRK-145,Rute-A,Bekasi Logistics Hub,586.2,1200,11.4,1.0,27.4,LOADED,YES,SHP-20260725-02628
2026-07-26 16:29:00,TRK-148,Rute-F,Petamburan Hub,587.1,1200,11.84,1.2,28.0,RETURNING,NO,SHP-20260726-02629
2026-07-27 08:40:00,TRK-151,Rute-K,Grogol Hub (Jakbar),588.0,1400,12.28,1.4,28.6,DELIVERED,YES,SHP-20260727-02630
2026-07-28 11:51:00,TRK-154,Rute-P,Central Hub (Jakarta),588.9,1200,12.72,1.5,29.2,IN_TRANSIT,YES,SHP-20260728-02631
2026-07-29 15:02:00,TRK-157,Rute-C,Gudang West (Tangerang),589.8,1200,13.16,1.7,29.8,DELAYED,NO,SHP-20260729-02632
2026-07-30 18:13:00,TRK-160,Rute-H,Cikarang Industrial Hub,590.6,1200,13.6,1.8,30.5,LOADED,YES,SHP-20260730-02633
2026-07-31 11:24:00,TRK-163,Rute-M,Bogor Transit Hub,591.5,1200,14.04,2.0,31.1,RETURNING,NO,SHP-20260731-02634
2026-07-01 13:35:00,TRK-166,Rute-R,Depok Hub,592.4,1400,14.48,2.2,31.7,DELIVERED,YES,SHP-20260701-02635
2026-07-02 16:46:00,TRK-169,Rute-E,Bekasi Logistics Hub,593.3,1200,14.92,2.3,32.3,IN_TRANSIT,YES,SHP-20260702-02636
2026-07-03 09:57:00,TRK-172,Rute-J,Petamburan Hub,594.2,1200,15.36,2.5,32.9,DELAYED,NO,SHP-20260703-02637
2026-07-04 13:08:00,TRK-175,Rute-O,Grogol Hub (Jakbar),595.0,1200,15.8,2.6,33.6,LOADED,YES,SHP-20260704-02638
2026-07-05 16:19:00,TRK-178,Rute-B,Central Hub (Jakarta),595.9,1200,16.24,2.8,34.2,RETURNING,NO,SHP-20260705-02639
2026-07-06 08:30:00,TRK-001,Rute-G,Gudang West (Tangerang),596.8,1400,16.68,0.4,34.8,DELIVERED,YES,SHP-20260706-02640
2026-07-07 11:41:00,TRK-004,Rute-L,Cikarang Industrial Hub,597.7,1200,17.12,0.6,35.4,IN_TRANSIT,YES,SHP-20260707-02641
2026-07-08 14:52:00,TRK-007,Rute-Q,Bogor Transit Hub,598.6,1200,17.56,0.7,36.0,DELAYED,NO,SHP-20260708-02642
2026-07-09 18:03:00,TRK-010,Rute-D,Depok Hub,599.4,1200,18.0,0.9,36.7,LOADED,YES,SHP-20260709-02643
2026-07-10 11:14:00,TRK-013,Rute-I,Bekasi Logistics Hub,600.3,1200,18.44,1.0,37.3,RETURNING,NO,SHP-20260710-02644
2026-07-11 14:25:00,TRK-016,Rute-N,Petamburan Hub,601.2,1400,18.88,1.2,37.9,DELIVERED,YES,SHP-20260711-02645
2026-07-12 16:36:00,TRK-019,Rute-A,Grogol Hub (Jakbar),602.1,1200,19.32,1.4,38.5,IN_TRANSIT,YES,SHP-20260712-02646
2026-07-13 09:47:00,TRK-022,Rute-F,Central Hub (Jakarta),603.0,1200,19.76,1.5,39.1,DELAYED,NO,SHP-20260713-02647
2026-07-14 12:58:00,TRK-025,Rute-K,Gudang West (Tangerang),603.8,1200,20.2,1.7,39.8,LOADED,YES,SHP-20260714-02648
2026-07-15 16:09:00,TRK-028,Rute-P,Cikarang Industrial Hub,604.7,1200,20.64,1.8,40.4,RETURNING,NO,SHP-20260715-02649
2026-07-16 09:20:00,TRK-031,Rute-C,Bogor Transit Hub,605.6,1400,21.08,2.0,41.0,DELIVERED,YES,SHP-20260716-02650
2026-07-17 11:31:00,TRK-034,Rute-H,Depok Hub,606.5,1200,21.52,2.2,41.6,IN_TRANSIT,YES,SHP-20260717-02651
2026-07-18 14:42:00,TRK-037,Rute-M,Bekasi Logistics Hub,607.4,1200,21.96,2.3,42.2,DELAYED,NO,SHP-20260718-02652
2026-07-19 17:53:00,TRK-040,Rute-R,Petamburan Hub,608.2,1200,22.4,2.5,42.9,LOADED,YES,SHP-20260719-02653
2026-07-20 11:04:00,TRK-043,Rute-E,Grogol Hub (Jakbar),609.1,1200,22.84,2.6,43.5,RETURNING,NO,SHP-20260720-02654
2026-07-21 14:15:00,TRK-046,Rute-J,Central Hub (Jakarta),610.0,1400,23.28,2.8,44.1,DELIVERED,YES,SHP-20260721-02655
2026-07-22 17:26:00,TRK-049,Rute-O,Gudang West (Tangerang),610.9,1200,23.72,0.4,44.7,IN_TRANSIT,YES,SHP-20260722-02656
2026-07-23 09:37:00,TRK-052,Rute-B,Cikarang Industrial Hub,611.8,1200,24.16,0.6,45.3,DELAYED,NO,SHP-20260723-02657
2026-07-24 12:48:00,TRK-055,Rute-G,Bogor Transit Hub,612.6,1200,24.6,0.7,46.0,LOADED,YES,SHP-20260724-02658
2026-07-25 15:59:00,TRK-058,Rute-L,Depok Hub,613.5,1200,25.04,0.9,46.6,RETURNING,NO,SHP-20260725-02659
2026-07-26 09:10:00,TRK-061,Rute-Q,Bekasi Logistics Hub,614.4,1400,25.48,1.0,47.2,DELIVERED,YES,SHP-20260726-02660
2026-07-27 12:21:00,TRK-064,Rute-D,Petamburan Hub,615.3,1200,25.92,1.2,47.8,IN_TRANSIT,YES,SHP-20260727-02661
2026-07-28 14:32:00,TRK-067,Rute-I,Grogol Hub (Jakbar),616.2,1200,26.36,1.4,48.4,DELAYED,NO,SHP-20260728-02662
2026-07-29 17:43:00,TRK-070,Rute-N,Central Hub (Jakarta),617.0,1200,26.8,1.5,49.1,LOADED,YES,SHP-20260729-02663
2026-07-30 10:54:00,TRK-073,Rute-A,Gudang West (Tangerang),617.9,1200,11.4,1.7,49.7,RETURNING,NO,SHP-20260730-02664
2026-07-31 14:05:00,TRK-076,Rute-F,Cikarang Industrial Hub,618.8,1400,11.84,1.8,50.3,DELIVERED,YES,SHP-20260731-02665
2026-07-01 17:16:00,TRK-079,Rute-K,Bogor Transit Hub,619.7,1200,12.28,2.0,50.9,IN_TRANSIT,YES,SHP-20260701-02666
2026-07-02 10:27:00,TRK-082,Rute-P,Depok Hub,620.6,1200,12.72,2.2,51.5,DELAYED,NO,SHP-20260702-02667
2026-07-03 12:38:00,TRK-085,Rute-C,Bekasi Logistics Hub,621.4,1200,13.16,2.3,52.2,LOADED,YES,SHP-20260703-02668
2026-07-04 15:49:00,TRK-088,Rute-H,Petamburan Hub,622.3,1200,13.6,2.5,52.8,RETURNING,NO,SHP-20260704-02669
2026-07-05 09:00:00,TRK-091,Rute-M,Grogol Hub (Jakbar),623.2,1400,14.04,2.6,53.4,DELIVERED,YES,SHP-20260705-02670
2026-07-06 12:11:00,TRK-094,Rute-R,Central Hub (Jakarta),624.1,1200,14.48,2.8,54.0,IN_TRANSIT,YES,SHP-20260706-02671
2026-07-07 15:22:00,TRK-097,Rute-E,Gudang West (Tangerang),625.0,1200,14.92,0.4,54.6,DELAYED,NO,SHP-20260707-02672
2026-07-08 17:33:00,TRK-100,Rute-J,Cikarang Industrial Hub,625.8,1200,15.36,0.6,55.3,LOADED,YES,SHP-20260708-02673
2026-07-09 10:44:00,TRK-103,Rute-O,Bogor Transit Hub,626.7,1200,15.8,0.7,55.9,RETURNING,NO,SHP-20260709-02674
2026-07-10 13:55:00,TRK-106,Rute-B,Depok Hub,627.6,1400,16.24,0.9,56.5,DELIVERED,YES,SHP-20260710-02675
2026-07-11 17:06:00,TRK-109,Rute-G,Bekasi Logistics Hub,628.5,1200,16.68,1.0,57.1,IN_TRANSIT,YES,SHP-20260711-02676
2026-07-12 10:17:00,TRK-112,Rute-L,Petamburan Hub,629.4,1200,17.12,1.2,57.7,DELAYED,NO,SHP-20260712-02677
2026-07-13 13:28:00,TRK-115,Rute-Q,Grogol Hub (Jakbar),630.2,1200,17.56,1.4,58.4,LOADED,YES,SHP-20260713-02678
2026-07-14 15:39:00,TRK-118,Rute-D,Central Hub (Jakarta),631.1,1200,18.0,1.5,59.0,RETURNING,NO,SHP-20260714-02679
2026-07-15 08:50:00,TRK-121,Rute-I,Gudang West (Tangerang),632.0,1400,18.44,1.7,59.6,DELIVERED,YES,SHP-20260715-02680
2026-07-16 12:01:00,TRK-124,Rute-N,Cikarang Industrial Hub,632.9,1200,18.88,1.8,60.2,IN_TRANSIT,YES,SHP-20260716-02681
2026-07-17 15:12:00,TRK-127,Rute-A,Bogor Transit Hub,633.8,1200,19.32,2.0,60.8,DELAYED,NO,SHP-20260717-02682
2026-07-18 18:23:00,TRK-130,Rute-F,Depok Hub,634.6,1200,19.76,2.2,61.5,LOADED,YES,SHP-20260718-02683
2026-07-19 10:34:00,TRK-133,Rute-K,Bekasi Logistics Hub,635.5,1200,20.2,2.3,62.1,RETURNING,NO,SHP-20260719-02684
2026-07-20 13:45:00,TRK-136,Rute-P,Petamburan Hub,636.4,1400,20.64,2.5,62.7,DELIVERED,YES,SHP-20260720-02685
2026-07-21 16:56:00,TRK-139,Rute-C,Grogol Hub (Jakbar),637.3,1200,21.08,2.6,63.3,IN_TRANSIT,YES,SHP-20260721-02686
2026-07-22 10:07:00,TRK-142,Rute-H,Central Hub (Jakarta),638.2,1200,21.52,2.8,63.9,DELAYED,NO,SHP-20260722-02687
2026-07-23 13:18:00,TRK-145,Rute-M,Gudang West (Tangerang),639.0,1200,21.96,0.4,64.6,LOADED,YES,SHP-20260723-02688
2026-07-24 16:29:00,TRK-148,Rute-R,Cikarang Industrial Hub,639.9,1200,22.4,0.6,65.2,RETURNING,NO,SHP-20260724-02689
2026-07-25 08:40:00,TRK-151,Rute-E,Bogor Transit Hub,640.8,1400,22.84,0.7,65.8,DELIVERED,YES,SHP-20260725-02690
2026-07-26 11:51:00,TRK-154,Rute-J,Depok Hub,641.7,1200,23.28,0.9,66.4,IN_TRANSIT,YES,SHP-20260726-02691
2026-07-27 15:02:00,TRK-157,Rute-O,Bekasi Logistics Hub,642.6,1200,23.72,1.0,67.0,DELAYED,NO,SHP-20260727-02692
2026-07-28 18:13:00,TRK-160,Rute-B,Petamburan Hub,643.4,1200,24.16,1.2,67.7,LOADED,YES,SHP-20260728-02693
2026-07-29 11:24:00,TRK-163,Rute-G,Grogol Hub (Jakbar),644.3,1200,24.6,1.4,68.3,RETURNING,NO,SHP-20260729-02694
2026-07-30 13:35:00,TRK-166,Rute-L,Central Hub (Jakarta),645.2,1400,25.04,1.5,68.9,DELIVERED,YES,SHP-20260730-02695
2026-07-31 16:46:00,TRK-169,Rute-Q,Gudang West (Tangerang),646.1,1200,25.48,1.7,69.5,IN_TRANSIT,YES,SHP-20260731-02696
2026-07-01 09:57:00,TRK-172,Rute-D,Cikarang Industrial Hub,647.0,1200,25.92,1.8,70.1,DELAYED,NO,SHP-20260701-02697
2026-07-02 13:08:00,TRK-175,Rute-I,Bogor Transit Hub,647.8,1200,26.36,2.0,70.8,LOADED,YES,SHP-20260702-02698
2026-07-03 16:19:00,TRK-178,Rute-N,Depok Hub,648.7,1200,26.8,2.2,71.4,RETURNING,NO,SHP-20260703-02699
2026-07-04 08:30:00,TRK-001,Rute-A,Bekasi Logistics Hub,649.6,1400,11.4,2.3,72.0,DELIVERED,YES,SHP-20260704-02700
2026-07-05 11:41:00,TRK-004,Rute-F,Petamburan Hub,650.5,1200,11.84,2.5,72.6,IN_TRANSIT,YES,SHP-20260705-02701
2026-07-06 14:52:00,TRK-007,Rute-K,Grogol Hub (Jakbar),651.4,1200,12.28,2.6,73.2,DELAYED,NO,SHP-20260706-02702
2026-07-07 18:03:00,TRK-010,Rute-P,Central Hub (Jakarta),652.2,1200,12.72,2.8,73.9,LOADED,YES,SHP-20260707-02703
2026-07-08 11:14:00,TRK-013,Rute-C,Gudang West (Tangerang),653.1,1200,13.16,0.4,74.5,RETURNING,NO,SHP-20260708-02704
2026-07-09 14:25:00,TRK-016,Rute-H,Cikarang Industrial Hub,654.0,1400,13.6,0.6,75.1,DELIVERED,YES,SHP-20260709-02705
2026-07-10 16:36:00,TRK-019,Rute-M,Bogor Transit Hub,654.9,1200,14.04,0.7,75.7,IN_TRANSIT,YES,SHP-20260710-02706
2026-07-11 09:47:00,TRK-022,Rute-R,Depok Hub,655.8,1200,14.48,0.9,76.3,DELAYED,NO,SHP-20260711-02707
2026-07-12 12:58:00,TRK-025,Rute-E,Bekasi Logistics Hub,656.6,1200,14.92,1.0,77.0,LOADED,YES,SHP-20260712-02708
2026-07-13 16:09:00,TRK-028,Rute-J,Petamburan Hub,657.5,1200,15.36,1.2,77.6,RETURNING,NO,SHP-20260713-02709
2026-07-14 09:20:00,TRK-031,Rute-O,Grogol Hub (Jakbar),658.4,1400,15.8,1.4,78.2,DELIVERED,YES,SHP-20260714-02710
2026-07-15 11:31:00,TRK-034,Rute-B,Central Hub (Jakarta),659.3,1200,16.24,1.5,78.8,IN_TRANSIT,YES,SHP-20260715-02711
2026-07-16 14:42:00,TRK-037,Rute-G,Gudang West (Tangerang),660.2,1200,16.68,1.7,79.4,DELAYED,NO,SHP-20260716-02712
2026-07-17 17:53:00,TRK-040,Rute-L,Cikarang Industrial Hub,661.0,1200,17.12,1.8,80.1,LOADED,YES,SHP-20260717-02713
2026-07-18 11:04:00,TRK-043,Rute-Q,Bogor Transit Hub,661.9,1200,17.56,2.0,80.7,RETURNING,NO,SHP-20260718-02714
2026-07-19 14:15:00,TRK-046,Rute-D,Depok Hub,662.8,1400,18.0,2.2,81.3,DELIVERED,YES,SHP-20260719-02715
2026-07-20 17:26:00,TRK-049,Rute-I,Bekasi Logistics Hub,663.7,1200,18.44,2.3,81.9,IN_TRANSIT,YES,SHP-20260720-02716
2026-07-21 09:37:00,TRK-052,Rute-N,Petamburan Hub,664.6,1200,18.88,2.5,82.5,DELAYED,NO,SHP-20260721-02717
2026-07-22 12:48:00,TRK-055,Rute-A,Grogol Hub (Jakbar),665.4,1200,19.32,2.6,83.2,LOADED,YES,SHP-20260722-02718
2026-07-23 15:59:00,TRK-058,Rute-F,Central Hub (Jakarta),666.3,1200,19.76,2.8,83.8,RETURNING,NO,SHP-20260723-02719
2026-07-24 09:10:00,TRK-061,Rute-K,Gudang West (Tangerang),667.2,1400,20.2,0.4,84.4,DELIVERED,YES,SHP-20260724-02720
2026-07-25 12:21:00,TRK-064,Rute-P,Cikarang Industrial Hub,668.1,1200,20.64,0.6,85.0,IN_TRANSIT,YES,SHP-20260725-02721
2026-07-26 14:32:00,TRK-067,Rute-C,Bogor Transit Hub,669.0,1200,21.08,0.7,85.6,DELAYED,NO,SHP-20260726-02722
2026-07-27 17:43:00,TRK-070,Rute-H,Depok Hub,669.8,1200,21.52,0.9,86.3,LOADED,YES,SHP-20260727-02723
2026-07-28 10:54:00,TRK-073,Rute-M,Bekasi Logistics Hub,670.7,1200,21.96,1.0,86.9,RETURNING,NO,SHP-20260728-02724
2026-07-29 14:05:00,TRK-076,Rute-R,Petamburan Hub,671.6,1400,22.4,1.2,87.5,DELIVERED,YES,SHP-20260729-02725
2026-07-30 17:16:00,TRK-079,Rute-E,Grogol Hub (Jakbar),672.5,1200,22.84,1.4,88.1,IN_TRANSIT,YES,SHP-20260730-02726
2026-07-31 10:27:00,TRK-082,Rute-J,Central Hub (Jakarta),673.4,1200,23.28,1.5,88.7,DELAYED,NO,SHP-20260731-02727
2026-07-01 12:38:00,TRK-085,Rute-O,Gudang West (Tangerang),674.2,1200,23.72,1.7,89.4,LOADED,YES,SHP-20260701-02728
2026-07-02 15:49:00,TRK-088,Rute-B,Cikarang Industrial Hub,675.1,1200,24.16,1.8,90.0,RETURNING,NO,SHP-20260702-02729
2026-07-03 09:00:00,TRK-091,Rute-G,Bogor Transit Hub,676.0,1400,24.6,2.0,10.0,DELIVERED,YES,SHP-20260703-02730
2026-07-04 12:11:00,TRK-094,Rute-L,Depok Hub,676.9,1200,25.04,2.2,10.6,IN_TRANSIT,YES,SHP-20260704-02731
2026-07-05 15:22:00,TRK-097,Rute-Q,Bekasi Logistics Hub,677.8,1200,25.48,2.3,11.2,DELAYED,NO,SHP-20260705-02732
2026-07-06 17:33:00,TRK-100,Rute-D,Petamburan Hub,678.6,1200,25.92,2.5,11.9,LOADED,YES,SHP-20260706-02733
2026-07-07 10:44:00,TRK-103,Rute-I,Grogol Hub (Jakbar),679.5,1200,26.36,2.6,12.5,RETURNING,NO,SHP-20260707-02734
2026-07-08 13:55:00,TRK-106,Rute-N,Central Hub (Jakarta),680.4,1400,26.8,2.8,13.1,DELIVERED,YES,SHP-20260708-02735
2026-07-09 17:06:00,TRK-109,Rute-A,Gudang West (Tangerang),681.3,1200,11.4,0.4,13.7,IN_TRANSIT,YES,SHP-20260709-02736
2026-07-10 10:17:00,TRK-112,Rute-F,Cikarang Industrial Hub,682.2,1200,11.84,0.6,14.3,DELAYED,NO,SHP-20260710-02737
2026-07-11 13:28:00,TRK-115,Rute-K,Bogor Transit Hub,683.0,1200,12.28,0.7,15.0,LOADED,YES,SHP-20260711-02738
2026-07-12 15:39:00,TRK-118,Rute-P,Depok Hub,683.9,1200,12.72,0.9,15.6,RETURNING,NO,SHP-20260712-02739
2026-07-13 08:50:00,TRK-121,Rute-C,Bekasi Logistics Hub,684.8,1400,13.16,1.0,16.2,DELIVERED,YES,SHP-20260713-02740
2026-07-14 12:01:00,TRK-124,Rute-H,Petamburan Hub,685.7,1200,13.6,1.2,16.8,IN_TRANSIT,YES,SHP-20260714-02741
2026-07-15 15:12:00,TRK-127,Rute-M,Grogol Hub (Jakbar),686.6,1200,14.04,1.4,17.4,DELAYED,NO,SHP-20260715-02742
2026-07-16 18:23:00,TRK-130,Rute-R,Central Hub (Jakarta),687.4,1200,14.48,1.5,18.1,LOADED,YES,SHP-20260716-02743
2026-07-17 10:34:00,TRK-133,Rute-E,Gudang West (Tangerang),688.3,1200,14.92,1.7,18.7,RETURNING,NO,SHP-20260717-02744
2026-07-18 13:45:00,TRK-136,Rute-J,Cikarang Industrial Hub,689.2,1400,15.36,1.8,19.3,DELIVERED,YES,SHP-20260718-02745
2026-07-19 16:56:00,TRK-139,Rute-O,Bogor Transit Hub,690.1,1200,15.8,2.0,19.9,IN_TRANSIT,YES,SHP-20260719-02746
2026-07-20 10:07:00,TRK-142,Rute-B,Depok Hub,691.0,1200,16.24,2.2,20.5,DELAYED,NO,SHP-20260720-02747
2026-07-21 13:18:00,TRK-145,Rute-G,Bekasi Logistics Hub,691.8,1200,16.68,2.3,21.2,LOADED,YES,SHP-20260721-02748
2026-07-22 16:29:00,TRK-148,Rute-L,Petamburan Hub,692.7,1200,17.12,2.5,21.8,RETURNING,NO,SHP-20260722-02749
2026-07-23 08:40:00,TRK-151,Rute-Q,Grogol Hub (Jakbar),693.6,1400,17.56,2.6,22.4,DELIVERED,YES,SHP-20260723-02750
2026-07-24 11:51:00,TRK-154,Rute-D,Central Hub (Jakarta),694.5,1200,18.0,2.8,23.0,IN_TRANSIT,YES,SHP-20260724-02751
2026-07-25 15:02:00,TRK-157,Rute-I,Gudang West (Tangerang),695.4,1200,18.44,0.4,23.6,DELAYED,NO,SHP-20260725-02752
2026-07-26 18:13:00,TRK-160,Rute-N,Cikarang Industrial Hub,696.2,1200,18.88,0.6,24.3,LOADED,YES,SHP-20260726-02753
2026-07-27 11:24:00,TRK-163,Rute-A,Bogor Transit Hub,697.1,1200,19.32,0.7,24.9,RETURNING,NO,SHP-20260727-02754
2026-07-28 13:35:00,TRK-166,Rute-F,Depok Hub,698.0,1400,19.76,0.9,25.5,DELIVERED,YES,SHP-20260728-02755
2026-07-29 16:46:00,TRK-169,Rute-K,Bekasi Logistics Hub,698.9,1200,20.2,1.0,26.1,IN_TRANSIT,YES,SHP-20260729-02756
2026-07-30 09:57:00,TRK-172,Rute-P,Petamburan Hub,699.8,1200,20.64,1.2,26.7,DELAYED,NO,SHP-20260730-02757
2026-07-31 13:08:00,TRK-175,Rute-C,Grogol Hub (Jakbar),700.6,1200,21.08,1.4,27.4,LOADED,YES,SHP-20260731-02758
2026-07-01 16:19:00,TRK-178,Rute-H,Central Hub (Jakarta),701.5,1200,21.52,1.5,28.0,RETURNING,NO,SHP-20260701-02759
2026-07-02 08:30:00,TRK-001,Rute-M,Gudang West (Tangerang),702.4,1400,21.96,1.7,28.6,DELIVERED,YES,SHP-20260702-02760
2026-07-03 11:41:00,TRK-004,Rute-R,Cikarang Industrial Hub,703.3,1200,22.4,1.8,29.2,IN_TRANSIT,YES,SHP-20260703-02761
2026-07-04 14:52:00,TRK-007,Rute-E,Bogor Transit Hub,704.2,1200,22.84,2.0,29.8,DELAYED,NO,SHP-20260704-02762
2026-07-05 18:03:00,TRK-010,Rute-J,Depok Hub,705.0,1200,23.28,2.2,30.5,LOADED,YES,SHP-20260705-02763
2026-07-06 11:14:00,TRK-013,Rute-O,Bekasi Logistics Hub,705.9,1200,23.72,2.3,31.1,RETURNING,NO,SHP-20260706-02764
2026-07-07 14:25:00,TRK-016,Rute-B,Petamburan Hub,706.8,1400,24.16,2.5,31.7,DELIVERED,YES,SHP-20260707-02765
2026-07-08 16:36:00,TRK-019,Rute-G,Grogol Hub (Jakbar),707.7,1200,24.6,2.6,32.3,IN_TRANSIT,YES,SHP-20260708-02766
2026-07-09 09:47:00,TRK-022,Rute-L,Central Hub (Jakarta),708.6,1200,25.04,2.8,32.9,DELAYED,NO,SHP-20260709-02767
2026-07-10 12:58:00,TRK-025,Rute-Q,Gudang West (Tangerang),709.4,1200,25.48,0.4,33.6,LOADED,YES,SHP-20260710-02768
2026-07-11 16:09:00,TRK-028,Rute-D,Cikarang Industrial Hub,710.3,1200,25.92,0.6,34.2,RETURNING,NO,SHP-20260711-02769
2026-07-12 09:20:00,TRK-031,Rute-I,Bogor Transit Hub,711.2,1400,26.36,0.7,34.8,DELIVERED,YES,SHP-20260712-02770
2026-07-13 11:31:00,TRK-034,Rute-N,Depok Hub,712.1,1200,26.8,0.9,35.4,IN_TRANSIT,YES,SHP-20260713-02771
2026-07-14 14:42:00,TRK-037,Rute-A,Bekasi Logistics Hub,713.0,1200,11.4,1.0,36.0,DELAYED,NO,SHP-20260714-02772
2026-07-15 17:53:00,TRK-040,Rute-F,Petamburan Hub,713.8,1200,11.84,1.2,36.7,LOADED,YES,SHP-20260715-02773
2026-07-16 11:04:00,TRK-043,Rute-K,Grogol Hub (Jakbar),714.7,1200,12.28,1.4,37.3,RETURNING,NO,SHP-20260716-02774
2026-07-17 14:15:00,TRK-046,Rute-P,Central Hub (Jakarta),715.6,1400,12.72,1.5,37.9,DELIVERED,YES,SHP-20260717-02775
2026-07-18 17:26:00,TRK-049,Rute-C,Gudang West (Tangerang),716.5,1200,13.16,1.7,38.5,IN_TRANSIT,YES,SHP-20260718-02776
2026-07-19 09:37:00,TRK-052,Rute-H,Cikarang Industrial Hub,717.4,1200,13.6,1.8,39.1,DELAYED,NO,SHP-20260719-02777
2026-07-20 12:48:00,TRK-055,Rute-M,Bogor Transit Hub,718.2,1200,14.04,2.0,39.8,LOADED,YES,SHP-20260720-02778
2026-07-21 15:59:00,TRK-058,Rute-R,Depok Hub,719.1,1200,14.48,2.2,40.4,RETURNING,NO,SHP-20260721-02779
2026-07-22 09:10:00,TRK-061,Rute-E,Bekasi Logistics Hub,720.0,1400,14.92,2.3,41.0,DELIVERED,YES,SHP-20260722-02780
2026-07-23 12:21:00,TRK-064,Rute-J,Petamburan Hub,720.9,1200,15.36,2.5,41.6,IN_TRANSIT,YES,SHP-20260723-02781
2026-07-24 14:32:00,TRK-067,Rute-O,Grogol Hub (Jakbar),721.8,1200,15.8,2.6,42.2,DELAYED,NO,SHP-20260724-02782
2026-07-25 17:43:00,TRK-070,Rute-B,Central Hub (Jakarta),722.6,1200,16.24,2.8,42.9,LOADED,YES,SHP-20260725-02783
2026-07-26 10:54:00,TRK-073,Rute-G,Gudang West (Tangerang),723.5,1200,16.68,0.4,43.5,RETURNING,NO,SHP-20260726-02784
2026-07-27 14:05:00,TRK-076,Rute-L,Cikarang Industrial Hub,724.4,1400,17.12,0.6,44.1,DELIVERED,YES,SHP-20260727-02785
2026-07-28 17:16:00,TRK-079,Rute-Q,Bogor Transit Hub,725.3,1200,17.56,0.7,44.7,IN_TRANSIT,YES,SHP-20260728-02786
2026-07-29 10:27:00,TRK-082,Rute-D,Depok Hub,726.2,1200,18.0,0.9,45.3,DELAYED,NO,SHP-20260729-02787
2026-07-30 12:38:00,TRK-085,Rute-I,Bekasi Logistics Hub,727.0,1200,18.44,1.0,46.0,LOADED,YES,SHP-20260730-02788
2026-07-31 15:49:00,TRK-088,Rute-N,Petamburan Hub,727.9,1200,18.88,1.2,46.6,RETURNING,NO,SHP-20260731-02789
2026-07-01 09:00:00,TRK-091,Rute-A,Grogol Hub (Jakbar),728.8,1400,19.32,1.4,47.2,DELIVERED,YES,SHP-20260701-02790
2026-07-02 12:11:00,TRK-094,Rute-F,Central Hub (Jakarta),729.7,1200,19.76,1.5,47.8,IN_TRANSIT,YES,SHP-20260702-02791
2026-07-03 15:22:00,TRK-097,Rute-K,Gudang West (Tangerang),730.6,1200,20.2,1.7,48.4,DELAYED,NO,SHP-20260703-02792
2026-07-04 17:33:00,TRK-100,Rute-P,Cikarang Industrial Hub,731.4,1200,20.64,1.8,49.1,LOADED,YES,SHP-20260704-02793
2026-07-05 10:44:00,TRK-103,Rute-C,Bogor Transit Hub,732.3,1200,21.08,2.0,49.7,RETURNING,NO,SHP-20260705-02794
2026-07-06 13:55:00,TRK-106,Rute-H,Depok Hub,733.2,1400,21.52,2.2,50.3,DELIVERED,YES,SHP-20260706-02795
2026-07-07 17:06:00,TRK-109,Rute-M,Bekasi Logistics Hub,734.1,1200,21.96,2.3,50.9,IN_TRANSIT,YES,SHP-20260707-02796
2026-07-08 10:17:00,TRK-112,Rute-R,Petamburan Hub,735.0,1200,22.4,2.5,51.5,DELAYED,NO,SHP-20260708-02797
2026-07-09 13:28:00,TRK-115,Rute-E,Grogol Hub (Jakbar),735.8,1200,22.84,2.6,52.2,LOADED,YES,SHP-20260709-02798
2026-07-10 15:39:00,TRK-118,Rute-J,Central Hub (Jakarta),736.7,1200,23.28,2.8,52.8,RETURNING,NO,SHP-20260710-02799
2026-07-11 08:50:00,TRK-121,Rute-O,Gudang West (Tangerang),737.6,1400,23.72,0.4,53.4,DELIVERED,YES,SHP-20260711-02800
2026-07-12 12:01:00,TRK-124,Rute-B,Cikarang Industrial Hub,738.5,1200,24.16,0.6,54.0,IN_TRANSIT,YES,SHP-20260712-02801
2026-07-13 15:12:00,TRK-127,Rute-G,Bogor Transit Hub,739.4,1200,24.6,0.7,54.6,DELAYED,NO,SHP-20260713-02802
2026-07-14 18:23:00,TRK-130,Rute-L,Depok Hub,740.2,1200,25.04,0.9,55.3,LOADED,YES,SHP-20260714-02803
2026-07-15 10:34:00,TRK-133,Rute-Q,Bekasi Logistics Hub,741.1,1200,25.48,1.0,55.9,RETURNING,NO,SHP-20260715-02804
2026-07-16 13:45:00,TRK-136,Rute-D,Petamburan Hub,742.0,1400,25.92,1.2,56.5,DELIVERED,YES,SHP-20260716-02805
2026-07-17 16:56:00,TRK-139,Rute-I,Grogol Hub (Jakbar),742.9,1200,26.36,1.4,57.1,IN_TRANSIT,YES,SHP-20260717-02806
2026-07-18 10:07:00,TRK-142,Rute-N,Central Hub (Jakarta),743.8,1200,26.8,1.5,57.7,DELAYED,NO,SHP-20260718-02807
2026-07-19 13:18:00,TRK-145,Rute-A,Gudang West (Tangerang),744.6,1200,11.4,1.7,58.4,LOADED,YES,SHP-20260719-02808
2026-07-20 16:29:00,TRK-148,Rute-F,Cikarang Industrial Hub,745.5,1200,11.84,1.8,59.0,RETURNING,NO,SHP-20260720-02809
2026-07-21 08:40:00,TRK-151,Rute-K,Bogor Transit Hub,746.4,1400,12.28,2.0,59.6,DELIVERED,YES,SHP-20260721-02810
2026-07-22 11:51:00,TRK-154,Rute-P,Depok Hub,747.3,1200,12.72,2.2,60.2,IN_TRANSIT,YES,SHP-20260722-02811
2026-07-23 15:02:00,TRK-157,Rute-C,Bekasi Logistics Hub,748.2,1200,13.16,2.3,60.8,DELAYED,NO,SHP-20260723-02812
2026-07-24 18:13:00,TRK-160,Rute-H,Petamburan Hub,749.0,1200,13.6,2.5,61.5,LOADED,YES,SHP-20260724-02813
2026-07-25 11:24:00,TRK-163,Rute-M,Grogol Hub (Jakbar),749.9,1200,14.04,2.6,62.1,RETURNING,NO,SHP-20260725-02814
2026-07-26 13:35:00,TRK-166,Rute-R,Central Hub (Jakarta),750.8,1400,14.48,2.8,62.7,DELIVERED,YES,SHP-20260726-02815
2026-07-27 16:46:00,TRK-169,Rute-E,Gudang West (Tangerang),751.7,1200,14.92,0.4,63.3,IN_TRANSIT,YES,SHP-20260727-02816
2026-07-28 09:57:00,TRK-172,Rute-J,Cikarang Industrial Hub,752.6,1200,15.36,0.6,63.9,DELAYED,NO,SHP-20260728-02817
2026-07-29 13:08:00,TRK-175,Rute-O,Bogor Transit Hub,753.4,1200,15.8,0.7,64.6,LOADED,YES,SHP-20260729-02818
2026-07-30 16:19:00,TRK-178,Rute-B,Depok Hub,754.3,1200,16.24,0.9,65.2,RETURNING,NO,SHP-20260730-02819
2026-07-31 08:30:00,TRK-001,Rute-G,Bekasi Logistics Hub,755.2,1400,16.68,1.0,65.8,DELIVERED,YES,SHP-20260731-02820
2026-07-01 11:41:00,TRK-004,Rute-L,Petamburan Hub,756.1,1200,17.12,1.2,66.4,IN_TRANSIT,YES,SHP-20260701-02821
2026-07-02 14:52:00,TRK-007,Rute-Q,Grogol Hub (Jakbar),757.0,1200,17.56,1.4,67.0,DELAYED,NO,SHP-20260702-02822
2026-07-03 18:03:00,TRK-010,Rute-D,Central Hub (Jakarta),757.8,1200,18.0,1.5,67.7,LOADED,YES,SHP-20260703-02823
2026-07-04 11:14:00,TRK-013,Rute-I,Gudang West (Tangerang),758.7,1200,18.44,1.7,68.3,RETURNING,NO,SHP-20260704-02824
2026-07-05 14:25:00,TRK-016,Rute-N,Cikarang Industrial Hub,759.6,1400,18.88,1.8,68.9,DELIVERED,YES,SHP-20260705-02825
2026-07-06 16:36:00,TRK-019,Rute-A,Bogor Transit Hub,760.5,1200,19.32,2.0,69.5,IN_TRANSIT,YES,SHP-20260706-02826
2026-07-07 09:47:00,TRK-022,Rute-F,Depok Hub,761.4,1200,19.76,2.2,70.1,DELAYED,NO,SHP-20260707-02827
2026-07-08 12:58:00,TRK-025,Rute-K,Bekasi Logistics Hub,762.2,1200,20.2,2.3,70.8,LOADED,YES,SHP-20260708-02828
2026-07-09 16:09:00,TRK-028,Rute-P,Petamburan Hub,763.1,1200,20.64,2.5,71.4,RETURNING,NO,SHP-20260709-02829
2026-07-10 09:20:00,TRK-031,Rute-C,Grogol Hub (Jakbar),764.0,1400,21.08,2.6,72.0,DELIVERED,YES,SHP-20260710-02830
2026-07-11 11:31:00,TRK-034,Rute-H,Central Hub (Jakarta),764.9,1200,21.52,2.8,72.6,IN_TRANSIT,YES,SHP-20260711-02831
2026-07-12 14:42:00,TRK-037,Rute-M,Gudang West (Tangerang),765.8,1200,21.96,0.4,73.2,DELAYED,NO,SHP-20260712-02832
2026-07-13 17:53:00,TRK-040,Rute-R,Cikarang Industrial Hub,766.6,1200,22.4,0.6,73.9,LOADED,YES,SHP-20260713-02833
2026-07-14 11:04:00,TRK-043,Rute-E,Bogor Transit Hub,767.5,1200,22.84,0.7,74.5,RETURNING,NO,SHP-20260714-02834
2026-07-15 14:15:00,TRK-046,Rute-J,Depok Hub,768.4,1400,23.28,0.9,75.1,DELIVERED,YES,SHP-20260715-02835
2026-07-16 17:26:00,TRK-049,Rute-O,Bekasi Logistics Hub,769.3,1200,23.72,1.0,75.7,IN_TRANSIT,YES,SHP-20260716-02836
2026-07-17 09:37:00,TRK-052,Rute-B,Petamburan Hub,770.2,1200,24.16,1.2,76.3,DELAYED,NO,SHP-20260717-02837
2026-07-18 12:48:00,TRK-055,Rute-G,Grogol Hub (Jakbar),771.0,1200,24.6,1.4,77.0,LOADED,YES,SHP-20260718-02838
2026-07-19 15:59:00,TRK-058,Rute-L,Central Hub (Jakarta),771.9,1200,25.04,1.5,77.6,RETURNING,NO,SHP-20260719-02839
2026-07-20 09:10:00,TRK-061,Rute-Q,Gudang West (Tangerang),772.8,1400,25.48,1.7,78.2,DELIVERED,YES,SHP-20260720-02840
2026-07-21 12:21:00,TRK-064,Rute-D,Cikarang Industrial Hub,773.7,1200,25.92,1.8,78.8,IN_TRANSIT,YES,SHP-20260721-02841
2026-07-22 14:32:00,TRK-067,Rute-I,Bogor Transit Hub,774.6,1200,26.36,2.0,79.4,DELAYED,NO,SHP-20260722-02842
2026-07-23 17:43:00,TRK-070,Rute-N,Depok Hub,775.4,1200,26.8,2.2,80.1,LOADED,YES,SHP-20260723-02843
2026-07-24 10:54:00,TRK-073,Rute-A,Bekasi Logistics Hub,776.3,1200,11.4,2.3,80.7,RETURNING,NO,SHP-20260724-02844
2026-07-25 14:05:00,TRK-076,Rute-F,Petamburan Hub,777.2,1400,11.84,2.5,81.3,DELIVERED,YES,SHP-20260725-02845
2026-07-26 17:16:00,TRK-079,Rute-K,Grogol Hub (Jakbar),778.1,1200,12.28,2.6,81.9,IN_TRANSIT,YES,SHP-20260726-02846
2026-07-27 10:27:00,TRK-082,Rute-P,Central Hub (Jakarta),779.0,1200,12.72,2.8,82.5,DELAYED,NO,SHP-20260727-02847
2026-07-28 12:38:00,TRK-085,Rute-C,Gudang West (Tangerang),779.8,1200,13.16,0.4,83.2,LOADED,YES,SHP-20260728-02848
2026-07-29 15:49:00,TRK-088,Rute-H,Cikarang Industrial Hub,780.7,1200,13.6,0.6,83.8,RETURNING,NO,SHP-20260729-02849
2026-07-30 09:00:00,TRK-091,Rute-M,Bogor Transit Hub,781.6,1400,14.04,0.7,84.4,DELIVERED,YES,SHP-20260730-02850
2026-07-31 12:11:00,TRK-094,Rute-R,Depok Hub,782.5,1200,14.48,0.9,85.0,IN_TRANSIT,YES,SHP-20260731-02851
2026-07-01 15:22:00,TRK-097,Rute-E,Bekasi Logistics Hub,783.4,1200,14.92,1.0,85.6,DELAYED,NO,SHP-20260701-02852
2026-07-02 17:33:00,TRK-100,Rute-J,Petamburan Hub,784.2,1200,15.36,1.2,86.3,LOADED,YES,SHP-20260702-02853
2026-07-03 10:44:00,TRK-103,Rute-O,Grogol Hub (Jakbar),785.1,1200,15.8,1.4,86.9,RETURNING,NO,SHP-20260703-02854
2026-07-04 13:55:00,TRK-106,Rute-B,Central Hub (Jakarta),786.0,1400,16.24,1.5,87.5,DELIVERED,YES,SHP-20260704-02855
2026-07-05 17:06:00,TRK-109,Rute-G,Gudang West (Tangerang),786.9,1200,16.68,1.7,88.1,IN_TRANSIT,YES,SHP-20260705-02856
2026-07-06 10:17:00,TRK-112,Rute-L,Cikarang Industrial Hub,787.8,1200,17.12,1.8,88.7,DELAYED,NO,SHP-20260706-02857
2026-07-07 13:28:00,TRK-115,Rute-Q,Bogor Transit Hub,788.6,1200,17.56,2.0,89.4,LOADED,YES,SHP-20260707-02858
2026-07-08 15:39:00,TRK-118,Rute-D,Depok Hub,789.5,1200,18.0,2.2,90.0,RETURNING,NO,SHP-20260708-02859
2026-07-09 08:50:00,TRK-121,Rute-I,Bekasi Logistics Hub,790.4,1400,18.44,2.3,10.0,DELIVERED,YES,SHP-20260709-02860
2026-07-10 12:01:00,TRK-124,Rute-N,Petamburan Hub,791.3,1200,18.88,2.5,10.6,IN_TRANSIT,YES,SHP-20260710-02861
2026-07-11 15:12:00,TRK-127,Rute-A,Grogol Hub (Jakbar),792.2,1200,19.32,2.6,11.2,DELAYED,NO,SHP-20260711-02862
2026-07-12 18:23:00,TRK-130,Rute-F,Central Hub (Jakarta),793.0,1200,19.76,2.8,11.9,LOADED,YES,SHP-20260712-02863
2026-07-13 10:34:00,TRK-133,Rute-K,Gudang West (Tangerang),793.9,1200,20.2,0.4,12.5,RETURNING,NO,SHP-20260713-02864
2026-07-14 13:45:00,TRK-136,Rute-P,Cikarang Industrial Hub,794.8,1400,20.64,0.6,13.1,DELIVERED,YES,SHP-20260714-02865
2026-07-15 16:56:00,TRK-139,Rute-C,Bogor Transit Hub,795.7,1200,21.08,0.7,13.7,IN_TRANSIT,YES,SHP-20260715-02866
2026-07-16 10:07:00,TRK-142,Rute-H,Depok Hub,796.6,1200,21.52,0.9,14.3,DELAYED,NO,SHP-20260716-02867
2026-07-17 13:18:00,TRK-145,Rute-M,Bekasi Logistics Hub,797.4,1200,21.96,1.0,15.0,LOADED,YES,SHP-20260717-02868
2026-07-18 16:29:00,TRK-148,Rute-R,Petamburan Hub,798.3,1200,22.4,1.2,15.6,RETURNING,NO,SHP-20260718-02869
2026-07-19 08:40:00,TRK-151,Rute-E,Grogol Hub (Jakbar),799.2,1400,22.84,1.4,16.2,DELIVERED,YES,SHP-20260719-02870
2026-07-20 11:51:00,TRK-154,Rute-J,Central Hub (Jakarta),800.1,1200,23.28,1.5,16.8,IN_TRANSIT,YES,SHP-20260720-02871
2026-07-21 15:02:00,TRK-157,Rute-O,Gudang West (Tangerang),801.0,1200,23.72,1.7,17.4,DELAYED,NO,SHP-20260721-02872
2026-07-22 18:13:00,TRK-160,Rute-B,Cikarang Industrial Hub,801.8,1200,24.16,1.8,18.1,LOADED,YES,SHP-20260722-02873
2026-07-23 11:24:00,TRK-163,Rute-G,Bogor Transit Hub,802.7,1200,24.6,2.0,18.7,RETURNING,NO,SHP-20260723-02874
2026-07-24 13:35:00,TRK-166,Rute-L,Depok Hub,803.6,1400,25.04,2.2,19.3,DELIVERED,YES,SHP-20260724-02875
2026-07-25 16:46:00,TRK-169,Rute-Q,Bekasi Logistics Hub,804.5,1200,25.48,2.3,19.9,IN_TRANSIT,YES,SHP-20260725-02876
2026-07-26 09:57:00,TRK-172,Rute-D,Petamburan Hub,805.4,1200,25.92,2.5,20.5,DELAYED,NO,SHP-20260726-02877
2026-07-27 13:08:00,TRK-175,Rute-I,Grogol Hub (Jakbar),806.2,1200,26.36,2.6,21.2,LOADED,YES,SHP-20260727-02878
2026-07-28 16:19:00,TRK-178,Rute-N,Central Hub (Jakarta),807.1,1200,26.8,2.8,21.8,RETURNING,NO,SHP-20260728-02879
2026-07-29 08:30:00,TRK-001,Rute-A,Gudang West (Tangerang),808.0,1400,11.4,0.4,22.4,DELIVERED,YES,SHP-20260729-02880
2026-07-30 11:41:00,TRK-004,Rute-F,Cikarang Industrial Hub,808.9,1200,11.84,0.6,23.0,IN_TRANSIT,YES,SHP-20260730-02881
2026-07-31 14:52:00,TRK-007,Rute-K,Bogor Transit Hub,809.8,1200,12.28,0.7,23.6,DELAYED,NO,SHP-20260731-02882
2026-07-01 18:03:00,TRK-010,Rute-P,Depok Hub,810.6,1200,12.72,0.9,24.3,LOADED,YES,SHP-20260701-02883
2026-07-02 11:14:00,TRK-013,Rute-C,Bekasi Logistics Hub,811.5,1200,13.16,1.0,24.9,RETURNING,NO,SHP-20260702-02884
2026-07-03 14:25:00,TRK-016,Rute-H,Petamburan Hub,812.4,1400,13.6,1.2,25.5,DELIVERED,YES,SHP-20260703-02885
2026-07-04 16:36:00,TRK-019,Rute-M,Grogol Hub (Jakbar),813.3,1200,14.04,1.4,26.1,IN_TRANSIT,YES,SHP-20260704-02886
2026-07-05 09:47:00,TRK-022,Rute-R,Central Hub (Jakarta),814.2,1200,14.48,1.5,26.7,DELAYED,NO,SHP-20260705-02887
2026-07-06 12:58:00,TRK-025,Rute-E,Gudang West (Tangerang),815.0,1200,14.92,1.7,27.4,LOADED,YES,SHP-20260706-02888
2026-07-07 16:09:00,TRK-028,Rute-J,Cikarang Industrial Hub,815.9,1200,15.36,1.8,28.0,RETURNING,NO,SHP-20260707-02889
2026-07-08 09:20:00,TRK-031,Rute-O,Bogor Transit Hub,816.8,1400,15.8,2.0,28.6,DELIVERED,YES,SHP-20260708-02890
2026-07-09 11:31:00,TRK-034,Rute-B,Depok Hub,817.7,1200,16.24,2.2,29.2,IN_TRANSIT,YES,SHP-20260709-02891
2026-07-10 14:42:00,TRK-037,Rute-G,Bekasi Logistics Hub,818.6,1200,16.68,2.3,29.8,DELAYED,NO,SHP-20260710-02892
2026-07-11 17:53:00,TRK-040,Rute-L,Petamburan Hub,819.4,1200,17.12,2.5,30.5,LOADED,YES,SHP-20260711-02893
2026-07-12 11:04:00,TRK-043,Rute-Q,Grogol Hub (Jakbar),820.3,1200,17.56,2.6,31.1,RETURNING,NO,SHP-20260712-02894
2026-07-13 14:15:00,TRK-046,Rute-D,Central Hub (Jakarta),821.2,1400,18.0,2.8,31.7,DELIVERED,YES,SHP-20260713-02895
2026-07-14 17:26:00,TRK-049,Rute-I,Gudang West (Tangerang),822.1,1200,18.44,0.4,32.3,IN_TRANSIT,YES,SHP-20260714-02896
2026-07-15 09:37:00,TRK-052,Rute-N,Cikarang Industrial Hub,823.0,1200,18.88,0.6,32.9,DELAYED,NO,SHP-20260715-02897
2026-07-16 12:48:00,TRK-055,Rute-A,Bogor Transit Hub,823.8,1200,19.32,0.7,33.6,LOADED,YES,SHP-20260716-02898
2026-07-17 15:59:00,TRK-058,Rute-F,Depok Hub,824.7,1200,19.76,0.9,34.2,RETURNING,NO,SHP-20260717-02899
2026-07-18 09:10:00,TRK-061,Rute-K,Bekasi Logistics Hub,825.6,1400,20.2,1.0,34.8,DELIVERED,YES,SHP-20260718-02900
2026-07-19 12:21:00,TRK-064,Rute-P,Petamburan Hub,826.5,1200,20.64,1.2,35.4,IN_TRANSIT,YES,SHP-20260719-02901
2026-07-20 14:32:00,TRK-067,Rute-C,Grogol Hub (Jakbar),827.4,1200,21.08,1.4,36.0,DELAYED,NO,SHP-20260720-02902
2026-07-21 17:43:00,TRK-070,Rute-H,Central Hub (Jakarta),828.2,1200,21.52,1.5,36.7,LOADED,YES,SHP-20260721-02903
2026-07-22 10:54:00,TRK-073,Rute-M,Gudang West (Tangerang),829.1,1200,21.96,1.7,37.3,RETURNING,NO,SHP-20260722-02904
2026-07-23 14:05:00,TRK-076,Rute-R,Cikarang Industrial Hub,830.0,1400,22.4,1.8,37.9,DELIVERED,YES,SHP-20260723-02905
2026-07-24 17:16:00,TRK-079,Rute-E,Bogor Transit Hub,830.9,1200,22.84,2.0,38.5,IN_TRANSIT,YES,SHP-20260724-02906
2026-07-25 10:27:00,TRK-082,Rute-J,Depok Hub,831.8,1200,23.28,2.2,39.1,DELAYED,NO,SHP-20260725-02907
2026-07-26 12:38:00,TRK-085,Rute-O,Bekasi Logistics Hub,832.6,1200,23.72,2.3,39.8,LOADED,YES,SHP-20260726-02908
2026-07-27 15:49:00,TRK-088,Rute-B,Petamburan Hub,833.5,1200,24.16,2.5,40.4,RETURNING,NO,SHP-20260727-02909
2026-07-28 09:00:00,TRK-091,Rute-G,Grogol Hub (Jakbar),834.4,1400,24.6,2.6,41.0,DELIVERED,YES,SHP-20260728-02910
2026-07-29 12:11:00,TRK-094,Rute-L,Central Hub (Jakarta),835.3,1200,25.04,2.8,41.6,IN_TRANSIT,YES,SHP-20260729-02911
2026-07-30 15:22:00,TRK-097,Rute-Q,Gudang West (Tangerang),836.2,1200,25.48,0.4,42.2,DELAYED,NO,SHP-20260730-02912
2026-07-31 17:33:00,TRK-100,Rute-D,Cikarang Industrial Hub,837.0,1200,25.92,0.6,42.9,LOADED,YES,SHP-20260731-02913
2026-07-01 10:44:00,TRK-103,Rute-I,Bogor Transit Hub,837.9,1200,26.36,0.7,43.5,RETURNING,NO,SHP-20260701-02914
2026-07-02 13:55:00,TRK-106,Rute-N,Depok Hub,838.8,1400,26.8,0.9,44.1,DELIVERED,YES,SHP-20260702-02915
2026-07-03 17:06:00,TRK-109,Rute-A,Bekasi Logistics Hub,839.7,1200,11.4,1.0,44.7,IN_TRANSIT,YES,SHP-20260703-02916
2026-07-04 10:17:00,TRK-112,Rute-F,Petamburan Hub,840.6,1200,11.84,1.2,45.3,DELAYED,NO,SHP-20260704-02917
2026-07-05 13:28:00,TRK-115,Rute-K,Grogol Hub (Jakbar),841.4,1200,12.28,1.4,46.0,LOADED,YES,SHP-20260705-02918
2026-07-06 15:39:00,TRK-118,Rute-P,Central Hub (Jakarta),842.3,1200,12.72,1.5,46.6,RETURNING,NO,SHP-20260706-02919
2026-07-07 08:50:00,TRK-121,Rute-C,Gudang West (Tangerang),843.2,1400,13.16,1.7,47.2,DELIVERED,YES,SHP-20260707-02920
2026-07-08 12:01:00,TRK-124,Rute-H,Cikarang Industrial Hub,844.1,1200,13.6,1.8,47.8,IN_TRANSIT,YES,SHP-20260708-02921
2026-07-09 15:12:00,TRK-127,Rute-M,Bogor Transit Hub,845.0,1200,14.04,2.0,48.4,DELAYED,NO,SHP-20260709-02922
2026-07-10 18:23:00,TRK-130,Rute-R,Depok Hub,845.8,1200,14.48,2.2,49.1,LOADED,YES,SHP-20260710-02923
2026-07-11 10:34:00,TRK-133,Rute-E,Bekasi Logistics Hub,846.7,1200,14.92,2.3,49.7,RETURNING,NO,SHP-20260711-02924
2026-07-12 13:45:00,TRK-136,Rute-J,Petamburan Hub,847.6,1400,15.36,2.5,50.3,DELIVERED,YES,SHP-20260712-02925
2026-07-13 16:56:00,TRK-139,Rute-O,Grogol Hub (Jakbar),848.5,1200,15.8,2.6,50.9,IN_TRANSIT,YES,SHP-20260713-02926
2026-07-14 10:07:00,TRK-142,Rute-B,Central Hub (Jakarta),849.4,1200,16.24,2.8,51.5,DELAYED,NO,SHP-20260714-02927
2026-07-15 13:18:00,TRK-145,Rute-G,Gudang West (Tangerang),850.2,1200,16.68,0.4,52.2,LOADED,YES,SHP-20260715-02928
2026-07-16 16:29:00,TRK-148,Rute-L,Cikarang Industrial Hub,851.1,1200,17.12,0.6,52.8,RETURNING,NO,SHP-20260716-02929
2026-07-17 08:40:00,TRK-151,Rute-Q,Bogor Transit Hub,852.0,1400,17.56,0.7,53.4,DELIVERED,YES,SHP-20260717-02930
2026-07-18 11:51:00,TRK-154,Rute-D,Depok Hub,852.9,1200,18.0,0.9,54.0,IN_TRANSIT,YES,SHP-20260718-02931
2026-07-19 15:02:00,TRK-157,Rute-I,Bekasi Logistics Hub,853.8,1200,18.44,1.0,54.6,DELAYED,NO,SHP-20260719-02932
2026-07-20 18:13:00,TRK-160,Rute-N,Petamburan Hub,854.6,1200,18.88,1.2,55.3,LOADED,YES,SHP-20260720-02933
2026-07-21 11:24:00,TRK-163,Rute-A,Grogol Hub (Jakbar),855.5,1200,19.32,1.4,55.9,RETURNING,NO,SHP-20260721-02934
2026-07-22 13:35:00,TRK-166,Rute-F,Central Hub (Jakarta),856.4,1400,19.76,1.5,56.5,DELIVERED,YES,SHP-20260722-02935
2026-07-23 16:46:00,TRK-169,Rute-K,Gudang West (Tangerang),857.3,1200,20.2,1.7,57.1,IN_TRANSIT,YES,SHP-20260723-02936
2026-07-24 09:57:00,TRK-172,Rute-P,Cikarang Industrial Hub,858.2,1200,20.64,1.8,57.7,DELAYED,NO,SHP-20260724-02937
2026-07-25 13:08:00,TRK-175,Rute-C,Bogor Transit Hub,859.0,1200,21.08,2.0,58.4,LOADED,YES,SHP-20260725-02938
2026-07-26 16:19:00,TRK-178,Rute-H,Depok Hub,859.9,1200,21.52,2.2,59.0,RETURNING,NO,SHP-20260726-02939
2026-07-27 08:30:00,TRK-001,Rute-M,Bekasi Logistics Hub,860.8,1400,21.96,2.3,59.6,DELIVERED,YES,SHP-20260727-02940
2026-07-28 11:41:00,TRK-004,Rute-R,Petamburan Hub,861.7,1200,22.4,2.5,60.2,IN_TRANSIT,YES,SHP-20260728-02941
2026-07-29 14:52:00,TRK-007,Rute-E,Grogol Hub (Jakbar),862.6,1200,22.84,2.6,60.8,DELAYED,NO,SHP-20260729-02942
2026-07-30 18:03:00,TRK-010,Rute-J,Central Hub (Jakarta),863.4,1200,23.28,2.8,61.5,LOADED,YES,SHP-20260730-02943
2026-07-31 11:14:00,TRK-013,Rute-O,Gudang West (Tangerang),864.3,1200,23.72,0.4,62.1,RETURNING,NO,SHP-20260731-02944
2026-07-01 14:25:00,TRK-016,Rute-B,Cikarang Industrial Hub,865.2,1400,24.16,0.6,62.7,DELIVERED,YES,SHP-20260701-02945
2026-07-02 16:36:00,TRK-019,Rute-G,Bogor Transit Hub,866.1,1200,24.6,0.7,63.3,IN_TRANSIT,YES,SHP-20260702-02946
2026-07-03 09:47:00,TRK-022,Rute-L,Depok Hub,867.0,1200,25.04,0.9,63.9,DELAYED,NO,SHP-20260703-02947
2026-07-04 12:58:00,TRK-025,Rute-Q,Bekasi Logistics Hub,867.8,1200,25.48,1.0,64.6,LOADED,YES,SHP-20260704-02948
2026-07-05 16:09:00,TRK-028,Rute-D,Petamburan Hub,868.7,1200,25.92,1.2,65.2,RETURNING,NO,SHP-20260705-02949
2026-07-06 09:20:00,TRK-031,Rute-I,Grogol Hub (Jakbar),869.6,1400,26.36,1.4,65.8,DELIVERED,YES,SHP-20260706-02950
2026-07-07 11:31:00,TRK-034,Rute-N,Central Hub (Jakarta),870.5,1200,26.8,1.5,66.4,IN_TRANSIT,YES,SHP-20260707-02951
2026-07-08 14:42:00,TRK-037,Rute-A,Gudang West (Tangerang),871.4,1200,11.4,1.7,67.0,DELAYED,NO,SHP-20260708-02952
2026-07-09 17:53:00,TRK-040,Rute-F,Cikarang Industrial Hub,872.2,1200,11.84,1.8,67.7,LOADED,YES,SHP-20260709-02953
2026-07-10 11:04:00,TRK-043,Rute-K,Bogor Transit Hub,873.1,1200,12.28,2.0,68.3,RETURNING,NO,SHP-20260710-02954
2026-07-11 14:15:00,TRK-046,Rute-P,Depok Hub,874.0,1400,12.72,2.2,68.9,DELIVERED,YES,SHP-20260711-02955
2026-07-12 17:26:00,TRK-049,Rute-C,Bekasi Logistics Hub,874.9,1200,13.16,2.3,69.5,IN_TRANSIT,YES,SHP-20260712-02956
2026-07-13 09:37:00,TRK-052,Rute-H,Petamburan Hub,875.8,1200,13.6,2.5,70.1,DELAYED,NO,SHP-20260713-02957
2026-07-14 12:48:00,TRK-055,Rute-M,Grogol Hub (Jakbar),876.6,1200,14.04,2.6,70.8,LOADED,YES,SHP-20260714-02958
2026-07-15 15:59:00,TRK-058,Rute-R,Central Hub (Jakarta),877.5,1200,14.48,2.8,71.4,RETURNING,NO,SHP-20260715-02959
2026-07-16 09:10:00,TRK-061,Rute-E,Gudang West (Tangerang),878.4,1400,14.92,0.4,72.0,DELIVERED,YES,SHP-20260716-02960
2026-07-17 12:21:00,TRK-064,Rute-J,Cikarang Industrial Hub,879.3,1200,15.36,0.6,72.6,IN_TRANSIT,YES,SHP-20260717-02961
2026-07-18 14:32:00,TRK-067,Rute-O,Bogor Transit Hub,880.2,1200,15.8,0.7,73.2,DELAYED,NO,SHP-20260718-02962
2026-07-19 17:43:00,TRK-070,Rute-B,Depok Hub,881.0,1200,16.24,0.9,73.9,LOADED,YES,SHP-20260719-02963
2026-07-20 10:54:00,TRK-073,Rute-G,Bekasi Logistics Hub,881.9,1200,16.68,1.0,74.5,RETURNING,NO,SHP-20260720-02964
2026-07-21 14:05:00,TRK-076,Rute-L,Petamburan Hub,882.8,1400,17.12,1.2,75.1,DELIVERED,YES,SHP-20260721-02965
2026-07-22 17:16:00,TRK-079,Rute-Q,Grogol Hub (Jakbar),883.7,1200,17.56,1.4,75.7,IN_TRANSIT,YES,SHP-20260722-02966
2026-07-23 10:27:00,TRK-082,Rute-D,Central Hub (Jakarta),884.6,1200,18.0,1.5,76.3,DELAYED,NO,SHP-20260723-02967
2026-07-24 12:38:00,TRK-085,Rute-I,Gudang West (Tangerang),885.4,1200,18.44,1.7,77.0,LOADED,YES,SHP-20260724-02968
2026-07-25 15:49:00,TRK-088,Rute-N,Cikarang Industrial Hub,886.3,1200,18.88,1.8,77.6,RETURNING,NO,SHP-20260725-02969
2026-07-26 09:00:00,TRK-091,Rute-A,Bogor Transit Hub,887.2,1400,19.32,2.0,78.2,DELIVERED,YES,SHP-20260726-02970
2026-07-27 12:11:00,TRK-094,Rute-F,Depok Hub,888.1,1200,19.76,2.2,78.8,IN_TRANSIT,YES,SHP-20260727-02971
2026-07-28 15:22:00,TRK-097,Rute-K,Bekasi Logistics Hub,889.0,1200,20.2,2.3,79.4,DELAYED,NO,SHP-20260728-02972
2026-07-29 17:33:00,TRK-100,Rute-P,Petamburan Hub,889.8,1200,20.64,2.5,80.1,LOADED,YES,SHP-20260729-02973
2026-07-30 10:44:00,TRK-103,Rute-C,Grogol Hub (Jakbar),890.7,1200,21.08,2.6,80.7,RETURNING,NO,SHP-20260730-02974
2026-07-31 13:55:00,TRK-106,Rute-H,Central Hub (Jakarta),891.6,1400,21.52,2.8,81.3,DELIVERED,YES,SHP-20260731-02975
2026-07-01 17:06:00,TRK-109,Rute-M,Gudang West (Tangerang),892.5,1200,21.96,0.4,81.9,IN_TRANSIT,YES,SHP-20260701-02976
2026-07-02 10:17:00,TRK-112,Rute-R,Cikarang Industrial Hub,893.4,1200,22.4,0.6,82.5,DELAYED,NO,SHP-20260702-02977
2026-07-03 13:28:00,TRK-115,Rute-E,Bogor Transit Hub,894.2,1200,22.84,0.7,83.2,LOADED,YES,SHP-20260703-02978
2026-07-04 15:39:00,TRK-118,Rute-J,Depok Hub,895.1,1200,23.28,0.9,83.8,RETURNING,NO,SHP-20260704-02979
2026-07-05 08:50:00,TRK-121,Rute-O,Bekasi Logistics Hub,896.0,1400,23.72,1.0,84.4,DELIVERED,YES,SHP-20260705-02980
2026-07-06 12:01:00,TRK-124,Rute-B,Petamburan Hub,896.9,1200,24.16,1.2,85.0,IN_TRANSIT,YES,SHP-20260706-02981
2026-07-07 15:12:00,TRK-127,Rute-G,Grogol Hub (Jakbar),897.8,1200,24.6,1.4,85.6,DELAYED,NO,SHP-20260707-02982
2026-07-08 18:23:00,TRK-130,Rute-L,Central Hub (Jakarta),898.6,1200,25.04,1.5,86.3,LOADED,YES,SHP-20260708-02983
2026-07-09 10:34:00,TRK-133,Rute-Q,Gudang West (Tangerang),899.5,1200,25.48,1.7,86.9,RETURNING,NO,SHP-20260709-02984
2026-07-10 13:45:00,TRK-136,Rute-D,Cikarang Industrial Hub,900.4,1400,25.92,1.8,87.5,DELIVERED,YES,SHP-20260710-02985
2026-07-11 16:56:00,TRK-139,Rute-I,Bogor Transit Hub,901.3,1200,26.36,2.0,88.1,IN_TRANSIT,YES,SHP-20260711-02986
2026-07-12 10:07:00,TRK-142,Rute-N,Depok Hub,902.2,1200,26.8,2.2,88.7,DELAYED,NO,SHP-20260712-02987
2026-07-13 13:18:00,TRK-145,Rute-A,Bekasi Logistics Hub,903.0,1200,11.4,2.3,89.4,LOADED,YES,SHP-20260713-02988
2026-07-14 16:29:00,TRK-148,Rute-F,Petamburan Hub,903.9,1200,11.84,2.5,90.0,RETURNING,NO,SHP-20260714-02989
2026-07-15 08:40:00,TRK-151,Rute-K,Grogol Hub (Jakbar),904.8,1400,12.28,2.6,10.0,DELIVERED,YES,SHP-20260715-02990
2026-07-16 11:51:00,TRK-154,Rute-P,Central Hub (Jakarta),905.7,1200,12.72,2.8,10.6,IN_TRANSIT,YES,SHP-20260716-02991
2026-07-17 15:02:00,TRK-157,Rute-C,Gudang West (Tangerang),906.6,1200,13.16,0.4,11.2,DELAYED,NO,SHP-20260717-02992
2026-07-18 18:13:00,TRK-160,Rute-H,Cikarang Industrial Hub,907.4,1200,13.6,0.6,11.9,LOADED,YES,SHP-20260718-02993
2026-07-19 11:24:00,TRK-163,Rute-M,Bogor Transit Hub,908.3,1200,14.04,0.7,12.5,RETURNING,NO,SHP-20260719-02994
2026-07-20 13:35:00,TRK-166,Rute-R,Depok Hub,909.2,1400,14.48,0.9,13.1,DELIVERED,YES,SHP-20260720-02995
2026-07-21 16:46:00,TRK-169,Rute-E,Bekasi Logistics Hub,910.1,1200,14.92,1.0,13.7,IN_TRANSIT,YES,SHP-20260721-02996
2026-07-22 09:57:00,TRK-172,Rute-J,Petamburan Hub,911.0,1200,15.36,1.2,14.3,DELAYED,NO,SHP-20260722-02997
2026-07-23 13:08:00,TRK-175,Rute-O,Grogol Hub (Jakbar),911.8,1200,15.8,1.4,15.0,LOADED,YES,SHP-20260723-02998
2026-07-24 16:19:00,TRK-178,Rute-B,Central Hub (Jakarta),912.7,1200,16.24,1.5,15.6,RETURNING,NO,SHP-20260724-02999
2026-07-25 08:30:00,TRK-001,Rute-G,Gudang West (Tangerang),913.6,1400,16.68,1.7,16.2,DELIVERED,YES,SHP-20260725-03000
2026-07-26 11:41:00,TRK-004,Rute-L,Cikarang Industrial Hub,914.5,1200,17.12,1.8,16.8,IN_TRANSIT,YES,SHP-20260726-03001
2026-07-27 14:52:00,TRK-007,Rute-Q,Bogor Transit Hub,915.4,1200,17.56,2.0,17.4,DELAYED,NO,SHP-20260727-03002
2026-07-28 18:03:00,TRK-010,Rute-D,Depok Hub,916.2,1200,18.0,2.2,18.1,LOADED,YES,SHP-20260728-03003
2026-07-29 11:14:00,TRK-013,Rute-I,Bekasi Logistics Hub,917.1,1200,18.44,2.3,18.7,RETURNING,NO,SHP-20260729-03004
2026-07-30 14:25:00,TRK-016,Rute-N,Petamburan Hub,918.0,1400,18.88,2.5,19.3,DELIVERED,YES,SHP-20260730-03005
2026-07-31 16:36:00,TRK-019,Rute-A,Grogol Hub (Jakbar),918.9,1200,19.32,2.6,19.9,IN_TRANSIT,YES,SHP-20260731-03006
2026-07-01 09:47:00,TRK-022,Rute-F,Central Hub (Jakarta),919.8,1200,19.76,2.8,20.5,DELAYED,NO,SHP-20260701-03007
2026-07-02 12:58:00,TRK-025,Rute-K,Gudang West (Tangerang),920.6,1200,20.2,0.4,21.2,LOADED,YES,SHP-20260702-03008
2026-07-03 16:09:00,TRK-028,Rute-P,Cikarang Industrial Hub,921.5,1200,20.64,0.6,21.8,RETURNING,NO,SHP-20260703-03009
2026-07-04 09:20:00,TRK-031,Rute-C,Bogor Transit Hub,922.4,1400,21.08,0.7,22.4,DELIVERED,YES,SHP-20260704-03010
2026-07-05 11:31:00,TRK-034,Rute-H,Depok Hub,923.3,1200,21.52,0.9,23.0,IN_TRANSIT,YES,SHP-20260705-03011
2026-07-06 14:42:00,TRK-037,Rute-M,Bekasi Logistics Hub,924.2,1200,21.96,1.0,23.6,DELAYED,NO,SHP-20260706-03012
2026-07-07 17:53:00,TRK-040,Rute-R,Petamburan Hub,925.0,1200,22.4,1.2,24.3,LOADED,YES,SHP-20260707-03013
2026-07-08 11:04:00,TRK-043,Rute-E,Grogol Hub (Jakbar),925.9,1200,22.84,1.4,24.9,RETURNING,NO,SHP-20260708-03014
2026-07-09 14:15:00,TRK-046,Rute-J,Central Hub (Jakarta),926.8,1400,23.28,1.5,25.5,DELIVERED,YES,SHP-20260709-03015
2026-07-10 17:26:00,TRK-049,Rute-O,Gudang West (Tangerang),927.7,1200,23.72,1.7,26.1,IN_TRANSIT,YES,SHP-20260710-03016
2026-07-11 09:37:00,TRK-052,Rute-B,Cikarang Industrial Hub,928.6,1200,24.16,1.8,26.7,DELAYED,NO,SHP-20260711-03017
2026-07-12 12:48:00,TRK-055,Rute-G,Bogor Transit Hub,929.4,1200,24.6,2.0,27.4,LOADED,YES,SHP-20260712-03018
2026-07-13 15:59:00,TRK-058,Rute-L,Depok Hub,930.3,1200,25.04,2.2,28.0,RETURNING,NO,SHP-20260713-03019
2026-07-14 09:10:00,TRK-061,Rute-Q,Bekasi Logistics Hub,931.2,1400,25.48,2.3,28.6,DELIVERED,YES,SHP-20260714-03020
2026-07-15 12:21:00,TRK-064,Rute-D,Petamburan Hub,932.1,1200,25.92,2.5,29.2,IN_TRANSIT,YES,SHP-20260715-03021
2026-07-16 14:32:00,TRK-067,Rute-I,Grogol Hub (Jakbar),933.0,1200,26.36,2.6,29.8,DELAYED,NO,SHP-20260716-03022
2026-07-17 17:43:00,TRK-070,Rute-N,Central Hub (Jakarta),933.8,1200,26.8,2.8,30.5,LOADED,YES,SHP-20260717-03023
2026-07-18 10:54:00,TRK-073,Rute-A,Gudang West (Tangerang),934.7,1200,11.4,0.4,31.1,RETURNING,NO,SHP-20260718-03024
2026-07-19 14:05:00,TRK-076,Rute-F,Cikarang Industrial Hub,935.6,1400,11.84,0.6,31.7,DELIVERED,YES,SHP-20260719-03025
2026-07-20 17:16:00,TRK-079,Rute-K,Bogor Transit Hub,936.5,1200,12.28,0.7,32.3,IN_TRANSIT,YES,SHP-20260720-03026
2026-07-21 10:27:00,TRK-082,Rute-P,Depok Hub,937.4,1200,12.72,0.9,32.9,DELAYED,NO,SHP-20260721-03027
2026-07-22 12:38:00,TRK-085,Rute-C,Bekasi Logistics Hub,938.2,1200,13.16,1.0,33.6,LOADED,YES,SHP-20260722-03028
2026-07-23 15:49:00,TRK-088,Rute-H,Petamburan Hub,939.1,1200,13.6,1.2,34.2,RETURNING,NO,SHP-20260723-03029
2026-07-24 09:00:00,TRK-091,Rute-M,Grogol Hub (Jakbar),940.0,1400,14.04,1.4,34.8,DELIVERED,YES,SHP-20260724-03030
2026-07-25 12:11:00,TRK-094,Rute-R,Central Hub (Jakarta),940.9,1200,14.48,1.5,35.4,IN_TRANSIT,YES,SHP-20260725-03031
2026-07-26 15:22:00,TRK-097,Rute-E,Gudang West (Tangerang),941.8,1200,14.92,1.7,36.0,DELAYED,NO,SHP-20260726-03032
2026-07-27 17:33:00,TRK-100,Rute-J,Cikarang Industrial Hub,942.6,1200,15.36,1.8,36.7,LOADED,YES,SHP-20260727-03033
2026-07-28 10:44:00,TRK-103,Rute-O,Bogor Transit Hub,943.5,1200,15.8,2.0,37.3,RETURNING,NO,SHP-20260728-03034
2026-07-29 13:55:00,TRK-106,Rute-B,Depok Hub,944.4,1400,16.24,2.2,37.9,DELIVERED,YES,SHP-20260729-03035
2026-07-30 17:06:00,TRK-109,Rute-G,Bekasi Logistics Hub,945.3,1200,16.68,2.3,38.5,IN_TRANSIT,YES,SHP-20260730-03036
2026-07-31 10:17:00,TRK-112,Rute-L,Petamburan Hub,946.2,1200,17.12,2.5,39.1,DELAYED,NO,SHP-20260731-03037
2026-07-01 13:28:00,TRK-115,Rute-Q,Grogol Hub (Jakbar),947.0,1200,17.56,2.6,39.8,LOADED,YES,SHP-20260701-03038
2026-07-02 15:39:00,TRK-118,Rute-D,Central Hub (Jakarta),947.9,1200,18.0,2.8,40.4,RETURNING,NO,SHP-20260702-03039
2026-07-03 08:50:00,TRK-121,Rute-I,Gudang West (Tangerang),280.0,1400,18.44,0.4,41.0,DELIVERED,YES,SHP-20260703-03040
2026-07-04 12:01:00,TRK-124,Rute-N,Cikarang Industrial Hub,280.9,1200,18.88,0.6,41.6,IN_TRANSIT,YES,SHP-20260704-03041
2026-07-05 15:12:00,TRK-127,Rute-A,Bogor Transit Hub,281.8,1200,19.32,0.7,42.2,DELAYED,NO,SHP-20260705-03042
2026-07-06 18:23:00,TRK-130,Rute-F,Depok Hub,282.6,1200,19.76,0.9,42.9,LOADED,YES,SHP-20260706-03043
2026-07-07 10:34:00,TRK-133,Rute-K,Bekasi Logistics Hub,283.5,1200,20.2,1.0,43.5,RETURNING,NO,SHP-20260707-03044
2026-07-08 13:45:00,TRK-136,Rute-P,Petamburan Hub,284.4,1400,20.64,1.2,44.1,DELIVERED,YES,SHP-20260708-03045
2026-07-09 16:56:00,TRK-139,Rute-C,Grogol Hub (Jakbar),285.3,1200,21.08,1.4,44.7,IN_TRANSIT,YES,SHP-20260709-03046
2026-07-10 10:07:00,TRK-142,Rute-H,Central Hub (Jakarta),286.2,1200,21.52,1.5,45.3,DELAYED,NO,SHP-20260710-03047
2026-07-11 13:18:00,TRK-145,Rute-M,Gudang West (Tangerang),287.0,1200,21.96,1.7,46.0,LOADED,YES,SHP-20260711-03048
2026-07-12 16:29:00,TRK-148,Rute-R,Cikarang Industrial Hub,287.9,1200,22.4,1.8,46.6,RETURNING,NO,SHP-20260712-03049
2026-07-13 08:40:00,TRK-151,Rute-E,Bogor Transit Hub,288.8,1400,22.84,2.0,47.2,DELIVERED,YES,SHP-20260713-03050
2026-07-14 11:51:00,TRK-154,Rute-J,Depok Hub,289.7,1200,23.28,2.2,47.8,IN_TRANSIT,YES,SHP-20260714-03051
2026-07-15 15:02:00,TRK-157,Rute-O,Bekasi Logistics Hub,290.6,1200,23.72,2.3,48.4,DELAYED,NO,SHP-20260715-03052
2026-07-16 18:13:00,TRK-160,Rute-B,Petamburan Hub,291.4,1200,24.16,2.5,49.1,LOADED,YES,SHP-20260716-03053
2026-07-17 11:24:00,TRK-163,Rute-G,Grogol Hub (Jakbar),292.3,1200,24.6,2.6,49.7,RETURNING,NO,SHP-20260717-03054
2026-07-18 13:35:00,TRK-166,Rute-L,Central Hub (Jakarta),293.2,1400,25.04,2.8,50.3,DELIVERED,YES,SHP-20260718-03055
2026-07-19 16:46:00,TRK-169,Rute-Q,Gudang West (Tangerang),294.1,1200,25.48,0.4,50.9,IN_TRANSIT,YES,SHP-20260719-03056
2026-07-20 09:57:00,TRK-172,Rute-D,Cikarang Industrial Hub,295.0,1200,25.92,0.6,51.5,DELAYED,NO,SHP-20260720-03057
2026-07-21 13:08:00,TRK-175,Rute-I,Bogor Transit Hub,295.8,1200,26.36,0.7,52.2,LOADED,YES,SHP-20260721-03058
2026-07-22 16:19:00,TRK-178,Rute-N,Depok Hub,296.7,1200,26.8,0.9,52.8,RETURNING,NO,SHP-20260722-03059
2026-07-23 08:30:00,TRK-001,Rute-A,Bekasi Logistics Hub,297.6,1400,11.4,1.0,53.4,DELIVERED,YES,SHP-20260723-03060
2026-07-24 11:41:00,TRK-004,Rute-F,Petamburan Hub,298.5,1200,11.84,1.2,54.0,IN_TRANSIT,YES,SHP-20260724-03061
2026-07-25 14:52:00,TRK-007,Rute-K,Grogol Hub (Jakbar),299.4,1200,12.28,1.4,54.6,DELAYED,NO,SHP-20260725-03062
2026-07-26 18:03:00,TRK-010,Rute-P,Central Hub (Jakarta),300.2,1200,12.72,1.5,55.3,LOADED,YES,SHP-20260726-03063
2026-07-27 11:14:00,TRK-013,Rute-C,Gudang West (Tangerang),301.1,1200,13.16,1.7,55.9,RETURNING,NO,SHP-20260727-03064
2026-07-28 14:25:00,TRK-016,Rute-H,Cikarang Industrial Hub,302.0,1400,13.6,1.8,56.5,DELIVERED,YES,SHP-20260728-03065
2026-07-29 16:36:00,TRK-019,Rute-M,Bogor Transit Hub,302.9,1200,14.04,2.0,57.1,IN_TRANSIT,YES,SHP-20260729-03066
2026-07-30 09:47:00,TRK-022,Rute-R,Depok Hub,303.8,1200,14.48,2.2,57.7,DELAYED,NO,SHP-20260730-03067
2026-07-31 12:58:00,TRK-025,Rute-E,Bekasi Logistics Hub,304.6,1200,14.92,2.3,58.4,LOADED,YES,SHP-20260731-03068
2026-07-01 16:09:00,TRK-028,Rute-J,Petamburan Hub,305.5,1200,15.36,2.5,59.0,RETURNING,NO,SHP-20260701-03069
2026-07-02 09:20:00,TRK-031,Rute-O,Grogol Hub (Jakbar),306.4,1400,15.8,2.6,59.6,DELIVERED,YES,SHP-20260702-03070
2026-07-03 11:31:00,TRK-034,Rute-B,Central Hub (Jakarta),307.3,1200,16.24,2.8,60.2,IN_TRANSIT,YES,SHP-20260703-03071
2026-07-04 14:42:00,TRK-037,Rute-G,Gudang West (Tangerang),308.2,1200,16.68,0.4,60.8,DELAYED,NO,SHP-20260704-03072
2026-07-05 17:53:00,TRK-040,Rute-L,Cikarang Industrial Hub,309.0,1200,17.12,0.6,61.5,LOADED,YES,SHP-20260705-03073
2026-07-06 11:04:00,TRK-043,Rute-Q,Bogor Transit Hub,309.9,1200,17.56,0.7,62.1,RETURNING,NO,SHP-20260706-03074
2026-07-07 14:15:00,TRK-046,Rute-D,Depok Hub,310.8,1400,18.0,0.9,62.7,DELIVERED,YES,SHP-20260707-03075
2026-07-08 17:26:00,TRK-049,Rute-I,Bekasi Logistics Hub,311.7,1200,18.44,1.0,63.3,IN_TRANSIT,YES,SHP-20260708-03076
2026-07-09 09:37:00,TRK-052,Rute-N,Petamburan Hub,312.6,1200,18.88,1.2,63.9,DELAYED,NO,SHP-20260709-03077
2026-07-10 12:48:00,TRK-055,Rute-A,Grogol Hub (Jakbar),313.4,1200,19.32,1.4,64.6,LOADED,YES,SHP-20260710-03078
2026-07-11 15:59:00,TRK-058,Rute-F,Central Hub (Jakarta),314.3,1200,19.76,1.5,65.2,RETURNING,NO,SHP-20260711-03079
2026-07-12 09:10:00,TRK-061,Rute-K,Gudang West (Tangerang),315.2,1400,20.2,1.7,65.8,DELIVERED,YES,SHP-20260712-03080
2026-07-13 12:21:00,TRK-064,Rute-P,Cikarang Industrial Hub,316.1,1200,20.64,1.8,66.4,IN_TRANSIT,YES,SHP-20260713-03081
2026-07-14 14:32:00,TRK-067,Rute-C,Bogor Transit Hub,317.0,1200,21.08,2.0,67.0,DELAYED,NO,SHP-20260714-03082
2026-07-15 17:43:00,TRK-070,Rute-H,Depok Hub,317.8,1200,21.52,2.2,67.7,LOADED,YES,SHP-20260715-03083
2026-07-16 10:54:00,TRK-073,Rute-M,Bekasi Logistics Hub,318.7,1200,21.96,2.3,68.3,RETURNING,NO,SHP-20260716-03084
2026-07-17 14:05:00,TRK-076,Rute-R,Petamburan Hub,319.6,1400,22.4,2.5,68.9,DELIVERED,YES,SHP-20260717-03085
2026-07-18 17:16:00,TRK-079,Rute-E,Grogol Hub (Jakbar),320.5,1200,22.84,2.6,69.5,IN_TRANSIT,YES,SHP-20260718-03086
2026-07-19 10:27:00,TRK-082,Rute-J,Central Hub (Jakarta),321.4,1200,23.28,2.8,70.1,DELAYED,NO,SHP-20260719-03087
2026-07-20 12:38:00,TRK-085,Rute-O,Gudang West (Tangerang),322.2,1200,23.72,0.4,70.8,LOADED,YES,SHP-20260720-03088
2026-07-21 15:49:00,TRK-088,Rute-B,Cikarang Industrial Hub,323.1,1200,24.16,0.6,71.4,RETURNING,NO,SHP-20260721-03089
2026-07-22 09:00:00,TRK-091,Rute-G,Bogor Transit Hub,324.0,1400,24.6,0.7,72.0,DELIVERED,YES,SHP-20260722-03090
2026-07-23 12:11:00,TRK-094,Rute-L,Depok Hub,324.9,1200,25.04,0.9,72.6,IN_TRANSIT,YES,SHP-20260723-03091
2026-07-24 15:22:00,TRK-097,Rute-Q,Bekasi Logistics Hub,325.8,1200,25.48,1.0,73.2,DELAYED,NO,SHP-20260724-03092
2026-07-25 17:33:00,TRK-100,Rute-D,Petamburan Hub,326.6,1200,25.92,1.2,73.9,LOADED,YES,SHP-20260725-03093
2026-07-26 10:44:00,TRK-103,Rute-I,Grogol Hub (Jakbar),327.5,1200,26.36,1.4,74.5,RETURNING,NO,SHP-20260726-03094
2026-07-27 13:55:00,TRK-106,Rute-N,Central Hub (Jakarta),328.4,1400,26.8,1.5,75.1,DELIVERED,YES,SHP-20260727-03095
2026-07-28 17:06:00,TRK-109,Rute-A,Gudang West (Tangerang),329.3,1200,11.4,1.7,75.7,IN_TRANSIT,YES,SHP-20260728-03096
2026-07-29 10:17:00,TRK-112,Rute-F,Cikarang Industrial Hub,330.2,1200,11.84,1.8,76.3,DELAYED,NO,SHP-20260729-03097
2026-07-30 13:28:00,TRK-115,Rute-K,Bogor Transit Hub,331.0,1200,12.28,2.0,77.0,LOADED,YES,SHP-20260730-03098
2026-07-31 15:39:00,TRK-118,Rute-P,Depok Hub,331.9,1200,12.72,2.2,77.6,RETURNING,NO,SHP-20260731-03099
2026-07-01 08:50:00,TRK-121,Rute-C,Bekasi Logistics Hub,332.8,1400,13.16,2.3,78.2,DELIVERED,YES,SHP-20260701-03100
2026-07-02 12:01:00,TRK-124,Rute-H,Petamburan Hub,333.7,1200,13.6,2.5,78.8,IN_TRANSIT,YES,SHP-20260702-03101
2026-07-03 15:12:00,TRK-127,Rute-M,Grogol Hub (Jakbar),334.6,1200,14.04,2.6,79.4,DELAYED,NO,SHP-20260703-03102
2026-07-04 18:23:00,TRK-130,Rute-R,Central Hub (Jakarta),335.4,1200,14.48,2.8,80.1,LOADED,YES,SHP-20260704-03103
2026-07-05 10:34:00,TRK-133,Rute-E,Gudang West (Tangerang),336.3,1200,14.92,0.4,80.7,RETURNING,NO,SHP-20260705-03104
2026-07-06 13:45:00,TRK-136,Rute-J,Cikarang Industrial Hub,337.2,1400,15.36,0.6,81.3,DELIVERED,YES,SHP-20260706-03105
2026-07-07 16:56:00,TRK-139,Rute-O,Bogor Transit Hub,338.1,1200,15.8,0.7,81.9,IN_TRANSIT,YES,SHP-20260707-03106
2026-07-08 10:07:00,TRK-142,Rute-B,Depok Hub,339.0,1200,16.24,0.9,82.5,DELAYED,NO,SHP-20260708-03107
2026-07-09 13:18:00,TRK-145,Rute-G,Bekasi Logistics Hub,339.8,1200,16.68,1.0,83.2,LOADED,YES,SHP-20260709-03108
2026-07-10 16:29:00,TRK-148,Rute-L,Petamburan Hub,340.7,1200,17.12,1.2,83.8,RETURNING,NO,SHP-20260710-03109
2026-07-11 08:40:00,TRK-151,Rute-Q,Grogol Hub (Jakbar),341.6,1400,17.56,1.4,84.4,DELIVERED,YES,SHP-20260711-03110
2026-07-12 11:51:00,TRK-154,Rute-D,Central Hub (Jakarta),342.5,1200,18.0,1.5,85.0,IN_TRANSIT,YES,SHP-20260712-03111
2026-07-13 15:02:00,TRK-157,Rute-I,Gudang West (Tangerang),343.4,1200,18.44,1.7,85.6,DELAYED,NO,SHP-20260713-03112
2026-07-14 18:13:00,TRK-160,Rute-N,Cikarang Industrial Hub,344.2,1200,18.88,1.8,86.3,LOADED,YES,SHP-20260714-03113
2026-07-15 11:24:00,TRK-163,Rute-A,Bogor Transit Hub,345.1,1200,19.32,2.0,86.9,RETURNING,NO,SHP-20260715-03114
2026-07-16 13:35:00,TRK-166,Rute-F,Depok Hub,346.0,1400,19.76,2.2,87.5,DELIVERED,YES,SHP-20260716-03115
2026-07-17 16:46:00,TRK-169,Rute-K,Bekasi Logistics Hub,346.9,1200,20.2,2.3,88.1,IN_TRANSIT,YES,SHP-20260717-03116
2026-07-18 09:57:00,TRK-172,Rute-P,Petamburan Hub,347.8,1200,20.64,2.5,88.7,DELAYED,NO,SHP-20260718-03117
2026-07-19 13:08:00,TRK-175,Rute-C,Grogol Hub (Jakbar),348.6,1200,21.08,2.6,89.4,LOADED,YES,SHP-20260719-03118
2026-07-20 16:19:00,TRK-178,Rute-H,Central Hub (Jakarta),349.5,1200,21.52,2.8,90.0,RETURNING,NO,SHP-20260720-03119
2026-07-21 08:30:00,TRK-001,Rute-M,Gudang West (Tangerang),350.4,1400,21.96,0.4,10.0,DELIVERED,YES,SHP-20260721-03120
2026-07-22 11:41:00,TRK-004,Rute-R,Cikarang Industrial Hub,351.3,1200,22.4,0.6,10.6,IN_TRANSIT,YES,SHP-20260722-03121
2026-07-23 14:52:00,TRK-007,Rute-E,Bogor Transit Hub,352.2,1200,22.84,0.7,11.2,DELAYED,NO,SHP-20260723-03122
2026-07-24 18:03:00,TRK-010,Rute-J,Depok Hub,353.0,1200,23.28,0.9,11.9,LOADED,YES,SHP-20260724-03123
2026-07-25 11:14:00,TRK-013,Rute-O,Bekasi Logistics Hub,353.9,1200,23.72,1.0,12.5,RETURNING,NO,SHP-20260725-03124
2026-07-26 14:25:00,TRK-016,Rute-B,Petamburan Hub,354.8,1400,24.16,1.2,13.1,DELIVERED,YES,SHP-20260726-03125
2026-07-27 16:36:00,TRK-019,Rute-G,Grogol Hub (Jakbar),355.7,1200,24.6,1.4,13.7,IN_TRANSIT,YES,SHP-20260727-03126
2026-07-28 09:47:00,TRK-022,Rute-L,Central Hub (Jakarta),356.6,1200,25.04,1.5,14.3,DELAYED,NO,SHP-20260728-03127
2026-07-29 12:58:00,TRK-025,Rute-Q,Gudang West (Tangerang),357.4,1200,25.48,1.7,15.0,LOADED,YES,SHP-20260729-03128
2026-07-30 16:09:00,TRK-028,Rute-D,Cikarang Industrial Hub,358.3,1200,25.92,1.8,15.6,RETURNING,NO,SHP-20260730-03129
2026-07-31 09:20:00,TRK-031,Rute-I,Bogor Transit Hub,359.2,1400,26.36,2.0,16.2,DELIVERED,YES,SHP-20260731-03130
2026-07-01 11:31:00,TRK-034,Rute-N,Depok Hub,360.1,1200,26.8,2.2,16.8,IN_TRANSIT,YES,SHP-20260701-03131
2026-07-02 14:42:00,TRK-037,Rute-A,Bekasi Logistics Hub,361.0,1200,11.4,2.3,17.4,DELAYED,NO,SHP-20260702-03132
2026-07-03 17:53:00,TRK-040,Rute-F,Petamburan Hub,361.8,1200,11.84,2.5,18.1,LOADED,YES,SHP-20260703-03133
2026-07-04 11:04:00,TRK-043,Rute-K,Grogol Hub (Jakbar),362.7,1200,12.28,2.6,18.7,RETURNING,NO,SHP-20260704-03134
2026-07-05 14:15:00,TRK-046,Rute-P,Central Hub (Jakarta),363.6,1400,12.72,2.8,19.3,DELIVERED,YES,SHP-20260705-03135
2026-07-06 17:26:00,TRK-049,Rute-C,Gudang West (Tangerang),364.5,1200,13.16,0.4,19.9,IN_TRANSIT,YES,SHP-20260706-03136
2026-07-07 09:37:00,TRK-052,Rute-H,Cikarang Industrial Hub,365.4,1200,13.6,0.6,20.5,DELAYED,NO,SHP-20260707-03137
2026-07-08 12:48:00,TRK-055,Rute-M,Bogor Transit Hub,366.2,1200,14.04,0.7,21.2,LOADED,YES,SHP-20260708-03138
2026-07-09 15:59:00,TRK-058,Rute-R,Depok Hub,367.1,1200,14.48,0.9,21.8,RETURNING,NO,SHP-20260709-03139
2026-07-10 09:10:00,TRK-061,Rute-E,Bekasi Logistics Hub,368.0,1400,14.92,1.0,22.4,DELIVERED,YES,SHP-20260710-03140
2026-07-11 12:21:00,TRK-064,Rute-J,Petamburan Hub,368.9,1200,15.36,1.2,23.0,IN_TRANSIT,YES,SHP-20260711-03141
2026-07-12 14:32:00,TRK-067,Rute-O,Grogol Hub (Jakbar),369.8,1200,15.8,1.4,23.6,DELAYED,NO,SHP-20260712-03142
2026-07-13 17:43:00,TRK-070,Rute-B,Central Hub (Jakarta),370.6,1200,16.24,1.5,24.3,LOADED,YES,SHP-20260713-03143
2026-07-14 10:54:00,TRK-073,Rute-G,Gudang West (Tangerang),371.5,1200,16.68,1.7,24.9,RETURNING,NO,SHP-20260714-03144
2026-07-15 14:05:00,TRK-076,Rute-L,Cikarang Industrial Hub,372.4,1400,17.12,1.8,25.5,DELIVERED,YES,SHP-20260715-03145
2026-07-16 17:16:00,TRK-079,Rute-Q,Bogor Transit Hub,373.3,1200,17.56,2.0,26.1,IN_TRANSIT,YES,SHP-20260716-03146
2026-07-17 10:27:00,TRK-082,Rute-D,Depok Hub,374.2,1200,18.0,2.2,26.7,DELAYED,NO,SHP-20260717-03147
2026-07-18 12:38:00,TRK-085,Rute-I,Bekasi Logistics Hub,375.0,1200,18.44,2.3,27.4,LOADED,YES,SHP-20260718-03148
2026-07-19 15:49:00,TRK-088,Rute-N,Petamburan Hub,375.9,1200,18.88,2.5,28.0,RETURNING,NO,SHP-20260719-03149
2026-07-20 09:00:00,TRK-091,Rute-A,Grogol Hub (Jakbar),376.8,1400,19.32,2.6,28.6,DELIVERED,YES,SHP-20260720-03150
2026-07-21 12:11:00,TRK-094,Rute-F,Central Hub (Jakarta),377.7,1200,19.76,2.8,29.2,IN_TRANSIT,YES,SHP-20260721-03151
2026-07-22 15:22:00,TRK-097,Rute-K,Gudang West (Tangerang),378.6,1200,20.2,0.4,29.8,DELAYED,NO,SHP-20260722-03152
2026-07-23 17:33:00,TRK-100,Rute-P,Cikarang Industrial Hub,379.4,1200,20.64,0.6,30.5,LOADED,YES,SHP-20260723-03153
2026-07-24 10:44:00,TRK-103,Rute-C,Bogor Transit Hub,380.3,1200,21.08,0.7,31.1,RETURNING,NO,SHP-20260724-03154
2026-07-25 13:55:00,TRK-106,Rute-H,Depok Hub,381.2,1400,21.52,0.9,31.7,DELIVERED,YES,SHP-20260725-03155
2026-07-26 17:06:00,TRK-109,Rute-M,Bekasi Logistics Hub,382.1,1200,21.96,1.0,32.3,IN_TRANSIT,YES,SHP-20260726-03156
2026-07-27 10:17:00,TRK-112,Rute-R,Petamburan Hub,383.0,1200,22.4,1.2,32.9,DELAYED,NO,SHP-20260727-03157
2026-07-28 13:28:00,TRK-115,Rute-E,Grogol Hub (Jakbar),383.8,1200,22.84,1.4,33.6,LOADED,YES,SHP-20260728-03158
2026-07-29 15:39:00,TRK-118,Rute-J,Central Hub (Jakarta),384.7,1200,23.28,1.5,34.2,RETURNING,NO,SHP-20260729-03159
2026-07-30 08:50:00,TRK-121,Rute-O,Gudang West (Tangerang),385.6,1400,23.72,1.7,34.8,DELIVERED,YES,SHP-20260730-03160
2026-07-31 12:01:00,TRK-124,Rute-B,Cikarang Industrial Hub,386.5,1200,24.16,1.8,35.4,IN_TRANSIT,YES,SHP-20260731-03161
2026-07-01 15:12:00,TRK-127,Rute-G,Bogor Transit Hub,387.4,1200,24.6,2.0,36.0,DELAYED,NO,SHP-20260701-03162
2026-07-02 18:23:00,TRK-130,Rute-L,Depok Hub,388.2,1200,25.04,2.2,36.7,LOADED,YES,SHP-20260702-03163
2026-07-03 10:34:00,TRK-133,Rute-Q,Bekasi Logistics Hub,389.1,1200,25.48,2.3,37.3,RETURNING,NO,SHP-20260703-03164
2026-07-04 13:45:00,TRK-136,Rute-D,Petamburan Hub,390.0,1400,25.92,2.5,37.9,DELIVERED,YES,SHP-20260704-03165
2026-07-05 16:56:00,TRK-139,Rute-I,Grogol Hub (Jakbar),390.9,1200,26.36,2.6,38.5,IN_TRANSIT,YES,SHP-20260705-03166
2026-07-06 10:07:00,TRK-142,Rute-N,Central Hub (Jakarta),391.8,1200,26.8,2.8,39.1,DELAYED,NO,SHP-20260706-03167
2026-07-07 13:18:00,TRK-145,Rute-A,Gudang West (Tangerang),392.6,1200,11.4,0.4,39.8,LOADED,YES,SHP-20260707-03168
2026-07-08 16:29:00,TRK-148,Rute-F,Cikarang Industrial Hub,393.5,1200,11.84,0.6,40.4,RETURNING,NO,SHP-20260708-03169
2026-07-09 08:40:00,TRK-151,Rute-K,Bogor Transit Hub,394.4,1400,12.28,0.7,41.0,DELIVERED,YES,SHP-20260709-03170
2026-07-10 11:51:00,TRK-154,Rute-P,Depok Hub,395.3,1200,12.72,0.9,41.6,IN_TRANSIT,YES,SHP-20260710-03171
2026-07-11 15:02:00,TRK-157,Rute-C,Bekasi Logistics Hub,396.2,1200,13.16,1.0,42.2,DELAYED,NO,SHP-20260711-03172
2026-07-12 18:13:00,TRK-160,Rute-H,Petamburan Hub,397.0,1200,13.6,1.2,42.9,LOADED,YES,SHP-20260712-03173
2026-07-13 11:24:00,TRK-163,Rute-M,Grogol Hub (Jakbar),397.9,1200,14.04,1.4,43.5,RETURNING,NO,SHP-20260713-03174
2026-07-14 13:35:00,TRK-166,Rute-R,Central Hub (Jakarta),398.8,1400,14.48,1.5,44.1,DELIVERED,YES,SHP-20260714-03175
2026-07-15 16:46:00,TRK-169,Rute-E,Gudang West (Tangerang),399.7,1200,14.92,1.7,44.7,IN_TRANSIT,YES,SHP-20260715-03176
2026-07-16 09:57:00,TRK-172,Rute-J,Cikarang Industrial Hub,400.6,1200,15.36,1.8,45.3,DELAYED,NO,SHP-20260716-03177
2026-07-17 13:08:00,TRK-175,Rute-O,Bogor Transit Hub,401.4,1200,15.8,2.0,46.0,LOADED,YES,SHP-20260717-03178
2026-07-18 16:19:00,TRK-178,Rute-B,Depok Hub,402.3,1200,16.24,2.2,46.6,RETURNING,NO,SHP-20260718-03179
2026-07-19 08:30:00,TRK-001,Rute-G,Bekasi Logistics Hub,403.2,1400,16.68,2.3,47.2,DELIVERED,YES,SHP-20260719-03180
2026-07-20 11:41:00,TRK-004,Rute-L,Petamburan Hub,404.1,1200,17.12,2.5,47.8,IN_TRANSIT,YES,SHP-20260720-03181
2026-07-21 14:52:00,TRK-007,Rute-Q,Grogol Hub (Jakbar),405.0,1200,17.56,2.6,48.4,DELAYED,NO,SHP-20260721-03182
2026-07-22 18:03:00,TRK-010,Rute-D,Central Hub (Jakarta),405.8,1200,18.0,2.8,49.1,LOADED,YES,SHP-20260722-03183
2026-07-23 11:14:00,TRK-013,Rute-I,Gudang West (Tangerang),406.7,1200,18.44,0.4,49.7,RETURNING,NO,SHP-20260723-03184
2026-07-24 14:25:00,TRK-016,Rute-N,Cikarang Industrial Hub,407.6,1400,18.88,0.6,50.3,DELIVERED,YES,SHP-20260724-03185
2026-07-25 16:36:00,TRK-019,Rute-A,Bogor Transit Hub,408.5,1200,19.32,0.7,50.9,IN_TRANSIT,YES,SHP-20260725-03186
2026-07-26 09:47:00,TRK-022,Rute-F,Depok Hub,409.4,1200,19.76,0.9,51.5,DELAYED,NO,SHP-20260726-03187
2026-07-27 12:58:00,TRK-025,Rute-K,Bekasi Logistics Hub,410.2,1200,20.2,1.0,52.2,LOADED,YES,SHP-20260727-03188
2026-07-28 16:09:00,TRK-028,Rute-P,Petamburan Hub,411.1,1200,20.64,1.2,52.8,RETURNING,NO,SHP-20260728-03189
2026-07-29 09:20:00,TRK-031,Rute-C,Grogol Hub (Jakbar),412.0,1400,21.08,1.4,53.4,DELIVERED,YES,SHP-20260729-03190
2026-07-30 11:31:00,TRK-034,Rute-H,Central Hub (Jakarta),412.9,1200,21.52,1.5,54.0,IN_TRANSIT,YES,SHP-20260730-03191
2026-07-31 14:42:00,TRK-037,Rute-M,Gudang West (Tangerang),413.8,1200,21.96,1.7,54.6,DELAYED,NO,SHP-20260731-03192
2026-07-01 17:53:00,TRK-040,Rute-R,Cikarang Industrial Hub,414.6,1200,22.4,1.8,55.3,LOADED,YES,SHP-20260701-03193
2026-07-02 11:04:00,TRK-043,Rute-E,Bogor Transit Hub,415.5,1200,22.84,2.0,55.9,RETURNING,NO,SHP-20260702-03194
2026-07-03 14:15:00,TRK-046,Rute-J,Depok Hub,416.4,1400,23.28,2.2,56.5,DELIVERED,YES,SHP-20260703-03195
2026-07-04 17:26:00,TRK-049,Rute-O,Bekasi Logistics Hub,417.3,1200,23.72,2.3,57.1,IN_TRANSIT,YES,SHP-20260704-03196
2026-07-05 09:37:00,TRK-052,Rute-B,Petamburan Hub,418.2,1200,24.16,2.5,57.7,DELAYED,NO,SHP-20260705-03197
2026-07-06 12:48:00,TRK-055,Rute-G,Grogol Hub (Jakbar),419.0,1200,24.6,2.6,58.4,LOADED,YES,SHP-20260706-03198
2026-07-07 15:59:00,TRK-058,Rute-L,Central Hub (Jakarta),419.9,1200,25.04,2.8,59.0,RETURNING,NO,SHP-20260707-03199
2026-07-08 09:10:00,TRK-061,Rute-Q,Gudang West (Tangerang),420.8,1400,25.48,0.4,59.6,DELIVERED,YES,SHP-20260708-03200
2026-07-09 12:21:00,TRK-064,Rute-D,Cikarang Industrial Hub,421.7,1200,25.92,0.6,60.2,IN_TRANSIT,YES,SHP-20260709-03201
2026-07-10 14:32:00,TRK-067,Rute-I,Bogor Transit Hub,422.6,1200,26.36,0.7,60.8,DELAYED,NO,SHP-20260710-03202
2026-07-11 17:43:00,TRK-070,Rute-N,Depok Hub,423.4,1200,26.8,0.9,61.5,LOADED,YES,SHP-20260711-03203
2026-07-12 10:54:00,TRK-073,Rute-A,Bekasi Logistics Hub,424.3,1200,11.4,1.0,62.1,RETURNING,NO,SHP-20260712-03204
2026-07-13 14:05:00,TRK-076,Rute-F,Petamburan Hub,425.2,1400,11.84,1.2,62.7,DELIVERED,YES,SHP-20260713-03205
2026-07-14 17:16:00,TRK-079,Rute-K,Grogol Hub (Jakbar),426.1,1200,12.28,1.4,63.3,IN_TRANSIT,YES,SHP-20260714-03206
2026-07-15 10:27:00,TRK-082,Rute-P,Central Hub (Jakarta),427.0,1200,12.72,1.5,63.9,DELAYED,NO,SHP-20260715-03207
2026-07-16 12:38:00,TRK-085,Rute-C,Gudang West (Tangerang),427.8,1200,13.16,1.7,64.6,LOADED,YES,SHP-20260716-03208
2026-07-17 15:49:00,TRK-088,Rute-H,Cikarang Industrial Hub,428.7,1200,13.6,1.8,65.2,RETURNING,NO,SHP-20260717-03209
2026-07-18 09:00:00,TRK-091,Rute-M,Bogor Transit Hub,429.6,1400,14.04,2.0,65.8,DELIVERED,YES,SHP-20260718-03210
2026-07-19 12:11:00,TRK-094,Rute-R,Depok Hub,430.5,1200,14.48,2.2,66.4,IN_TRANSIT,YES,SHP-20260719-03211
2026-07-20 15:22:00,TRK-097,Rute-E,Bekasi Logistics Hub,431.4,1200,14.92,2.3,67.0,DELAYED,NO,SHP-20260720-03212
2026-07-21 17:33:00,TRK-100,Rute-J,Petamburan Hub,432.2,1200,15.36,2.5,67.7,LOADED,YES,SHP-20260721-03213
2026-07-22 10:44:00,TRK-103,Rute-O,Grogol Hub (Jakbar),433.1,1200,15.8,2.6,68.3,RETURNING,NO,SHP-20260722-03214
2026-07-23 13:55:00,TRK-106,Rute-B,Central Hub (Jakarta),434.0,1400,16.24,2.8,68.9,DELIVERED,YES,SHP-20260723-03215
2026-07-24 17:06:00,TRK-109,Rute-G,Gudang West (Tangerang),434.9,1200,16.68,0.4,69.5,IN_TRANSIT,YES,SHP-20260724-03216
2026-07-25 10:17:00,TRK-112,Rute-L,Cikarang Industrial Hub,435.8,1200,17.12,0.6,70.1,DELAYED,NO,SHP-20260725-03217
2026-07-26 13:28:00,TRK-115,Rute-Q,Bogor Transit Hub,436.6,1200,17.56,0.7,70.8,LOADED,YES,SHP-20260726-03218
2026-07-27 15:39:00,TRK-118,Rute-D,Depok Hub,437.5,1200,18.0,0.9,71.4,RETURNING,NO,SHP-20260727-03219
2026-07-28 08:50:00,TRK-121,Rute-I,Bekasi Logistics Hub,438.4,1400,18.44,1.0,72.0,DELIVERED,YES,SHP-20260728-03220
2026-07-29 12:01:00,TRK-124,Rute-N,Petamburan Hub,439.3,1200,18.88,1.2,72.6,IN_TRANSIT,YES,SHP-20260729-03221
2026-07-30 15:12:00,TRK-127,Rute-A,Grogol Hub (Jakbar),440.2,1200,19.32,1.4,73.2,DELAYED,NO,SHP-20260730-03222
2026-07-31 18:23:00,TRK-130,Rute-F,Central Hub (Jakarta),441.0,1200,19.76,1.5,73.9,LOADED,YES,SHP-20260731-03223
2026-07-01 10:34:00,TRK-133,Rute-K,Gudang West (Tangerang),441.9,1200,20.2,1.7,74.5,RETURNING,NO,SHP-20260701-03224
2026-07-02 13:45:00,TRK-136,Rute-P,Cikarang Industrial Hub,442.8,1400,20.64,1.8,75.1,DELIVERED,YES,SHP-20260702-03225
2026-07-03 16:56:00,TRK-139,Rute-C,Bogor Transit Hub,443.7,1200,21.08,2.0,75.7,IN_TRANSIT,YES,SHP-20260703-03226
2026-07-04 10:07:00,TRK-142,Rute-H,Depok Hub,444.6,1200,21.52,2.2,76.3,DELAYED,NO,SHP-20260704-03227
2026-07-05 13:18:00,TRK-145,Rute-M,Bekasi Logistics Hub,445.4,1200,21.96,2.3,77.0,LOADED,YES,SHP-20260705-03228
2026-07-06 16:29:00,TRK-148,Rute-R,Petamburan Hub,446.3,1200,22.4,2.5,77.6,RETURNING,NO,SHP-20260706-03229
2026-07-07 08:40:00,TRK-151,Rute-E,Grogol Hub (Jakbar),447.2,1400,22.84,2.6,78.2,DELIVERED,YES,SHP-20260707-03230
2026-07-08 11:51:00,TRK-154,Rute-J,Central Hub (Jakarta),448.1,1200,23.28,2.8,78.8,IN_TRANSIT,YES,SHP-20260708-03231
2026-07-09 15:02:00,TRK-157,Rute-O,Gudang West (Tangerang),449.0,1200,23.72,0.4,79.4,DELAYED,NO,SHP-20260709-03232
2026-07-10 18:13:00,TRK-160,Rute-B,Cikarang Industrial Hub,449.8,1200,24.16,0.6,80.1,LOADED,YES,SHP-20260710-03233
2026-07-11 11:24:00,TRK-163,Rute-G,Bogor Transit Hub,450.7,1200,24.6,0.7,80.7,RETURNING,NO,SHP-20260711-03234
2026-07-12 13:35:00,TRK-166,Rute-L,Depok Hub,451.6,1400,25.04,0.9,81.3,DELIVERED,YES,SHP-20260712-03235
2026-07-13 16:46:00,TRK-169,Rute-Q,Bekasi Logistics Hub,452.5,1200,25.48,1.0,81.9,IN_TRANSIT,YES,SHP-20260713-03236
2026-07-14 09:57:00,TRK-172,Rute-D,Petamburan Hub,453.4,1200,25.92,1.2,82.5,DELAYED,NO,SHP-20260714-03237
2026-07-15 13:08:00,TRK-175,Rute-I,Grogol Hub (Jakbar),454.2,1200,26.36,1.4,83.2,LOADED,YES,SHP-20260715-03238
2026-07-16 16:19:00,TRK-178,Rute-N,Central Hub (Jakarta),455.1,1200,26.8,1.5,83.8,RETURNING,NO,SHP-20260716-03239
2026-07-17 08:30:00,TRK-001,Rute-A,Gudang West (Tangerang),456.0,1400,11.4,1.7,84.4,DELIVERED,YES,SHP-20260717-03240
2026-07-18 11:41:00,TRK-004,Rute-F,Cikarang Industrial Hub,456.9,1200,11.84,1.8,85.0,IN_TRANSIT,YES,SHP-20260718-03241
2026-07-19 14:52:00,TRK-007,Rute-K,Bogor Transit Hub,457.8,1200,12.28,2.0,85.6,DELAYED,NO,SHP-20260719-03242
2026-07-20 18:03:00,TRK-010,Rute-P,Depok Hub,458.6,1200,12.72,2.2,86.3,LOADED,YES,SHP-20260720-03243
2026-07-21 11:14:00,TRK-013,Rute-C,Bekasi Logistics Hub,459.5,1200,13.16,2.3,86.9,RETURNING,NO,SHP-20260721-03244
2026-07-22 14:25:00,TRK-016,Rute-H,Petamburan Hub,460.4,1400,13.6,2.5,87.5,DELIVERED,YES,SHP-20260722-03245
2026-07-23 16:36:00,TRK-019,Rute-M,Grogol Hub (Jakbar),461.3,1200,14.04,2.6,88.1,IN_TRANSIT,YES,SHP-20260723-03246
2026-07-24 09:47:00,TRK-022,Rute-R,Central Hub (Jakarta),462.2,1200,14.48,2.8,88.7,DELAYED,NO,SHP-20260724-03247
2026-07-25 12:58:00,TRK-025,Rute-E,Gudang West (Tangerang),463.0,1200,14.92,0.4,89.4,LOADED,YES,SHP-20260725-03248
2026-07-26 16:09:00,TRK-028,Rute-J,Cikarang Industrial Hub,463.9,1200,15.36,0.6,90.0,RETURNING,NO,SHP-20260726-03249
2026-07-27 09:20:00,TRK-031,Rute-O,Bogor Transit Hub,464.8,1400,15.8,0.7,10.0,DELIVERED,YES,SHP-20260727-03250
2026-07-28 11:31:00,TRK-034,Rute-B,Depok Hub,465.7,1200,16.24,0.9,10.6,IN_TRANSIT,YES,SHP-20260728-03251
2026-07-29 14:42:00,TRK-037,Rute-G,Bekasi Logistics Hub,466.6,1200,16.68,1.0,11.2,DELAYED,NO,SHP-20260729-03252
2026-07-30 17:53:00,TRK-040,Rute-L,Petamburan Hub,467.4,1200,17.12,1.2,11.9,LOADED,YES,SHP-20260730-03253
2026-07-31 11:04:00,TRK-043,Rute-Q,Grogol Hub (Jakbar),468.3,1200,17.56,1.4,12.5,RETURNING,NO,SHP-20260731-03254
2026-07-01 14:15:00,TRK-046,Rute-D,Central Hub (Jakarta),469.2,1400,18.0,1.5,13.1,DELIVERED,YES,SHP-20260701-03255
2026-07-02 17:26:00,TRK-049,Rute-I,Gudang West (Tangerang),470.1,1200,18.44,1.7,13.7,IN_TRANSIT,YES,SHP-20260702-03256
2026-07-03 09:37:00,TRK-052,Rute-N,Cikarang Industrial Hub,471.0,1200,18.88,1.8,14.3,DELAYED,NO,SHP-20260703-03257
2026-07-04 12:48:00,TRK-055,Rute-A,Bogor Transit Hub,471.8,1200,19.32,2.0,15.0,LOADED,YES,SHP-20260704-03258
2026-07-05 15:59:00,TRK-058,Rute-F,Depok Hub,472.7,1200,19.76,2.2,15.6,RETURNING,NO,SHP-20260705-03259
2026-07-06 09:10:00,TRK-061,Rute-K,Bekasi Logistics Hub,473.6,1400,20.2,2.3,16.2,DELIVERED,YES,SHP-20260706-03260
2026-07-07 12:21:00,TRK-064,Rute-P,Petamburan Hub,474.5,1200,20.64,2.5,16.8,IN_TRANSIT,YES,SHP-20260707-03261
2026-07-08 14:32:00,TRK-067,Rute-C,Grogol Hub (Jakbar),475.4,1200,21.08,2.6,17.4,DELAYED,NO,SHP-20260708-03262
2026-07-09 17:43:00,TRK-070,Rute-H,Central Hub (Jakarta),476.2,1200,21.52,2.8,18.1,LOADED,YES,SHP-20260709-03263
2026-07-10 10:54:00,TRK-073,Rute-M,Gudang West (Tangerang),477.1,1200,21.96,0.4,18.7,RETURNING,NO,SHP-20260710-03264
2026-07-11 14:05:00,TRK-076,Rute-R,Cikarang Industrial Hub,478.0,1400,22.4,0.6,19.3,DELIVERED,YES,SHP-20260711-03265
2026-07-12 17:16:00,TRK-079,Rute-E,Bogor Transit Hub,478.9,1200,22.84,0.7,19.9,IN_TRANSIT,YES,SHP-20260712-03266
2026-07-13 10:27:00,TRK-082,Rute-J,Depok Hub,479.8,1200,23.28,0.9,20.5,DELAYED,NO,SHP-20260713-03267
2026-07-14 12:38:00,TRK-085,Rute-O,Bekasi Logistics Hub,480.6,1200,23.72,1.0,21.2,LOADED,YES,SHP-20260714-03268
2026-07-15 15:49:00,TRK-088,Rute-B,Petamburan Hub,481.5,1200,24.16,1.2,21.8,RETURNING,NO,SHP-20260715-03269
2026-07-16 09:00:00,TRK-091,Rute-G,Grogol Hub (Jakbar),482.4,1400,24.6,1.4,22.4,DELIVERED,YES,SHP-20260716-03270
2026-07-17 12:11:00,TRK-094,Rute-L,Central Hub (Jakarta),483.3,1200,25.04,1.5,23.0,IN_TRANSIT,YES,SHP-20260717-03271
2026-07-18 15:22:00,TRK-097,Rute-Q,Gudang West (Tangerang),484.2,1200,25.48,1.7,23.6,DELAYED,NO,SHP-20260718-03272
2026-07-19 17:33:00,TRK-100,Rute-D,Cikarang Industrial Hub,485.0,1200,25.92,1.8,24.3,LOADED,YES,SHP-20260719-03273
2026-07-20 10:44:00,TRK-103,Rute-I,Bogor Transit Hub,485.9,1200,26.36,2.0,24.9,RETURNING,NO,SHP-20260720-03274
2026-07-21 13:55:00,TRK-106,Rute-N,Depok Hub,486.8,1400,26.8,2.2,25.5,DELIVERED,YES,SHP-20260721-03275
2026-07-22 17:06:00,TRK-109,Rute-A,Bekasi Logistics Hub,487.7,1200,11.4,2.3,26.1,IN_TRANSIT,YES,SHP-20260722-03276
2026-07-23 10:17:00,TRK-112,Rute-F,Petamburan Hub,488.6,1200,11.84,2.5,26.7,DELAYED,NO,SHP-20260723-03277
2026-07-24 13:28:00,TRK-115,Rute-K,Grogol Hub (Jakbar),489.4,1200,12.28,2.6,27.4,LOADED,YES,SHP-20260724-03278
2026-07-25 15:39:00,TRK-118,Rute-P,Central Hub (Jakarta),490.3,1200,12.72,2.8,28.0,RETURNING,NO,SHP-20260725-03279
2026-07-26 08:50:00,TRK-121,Rute-C,Gudang West (Tangerang),491.2,1400,13.16,0.4,28.6,DELIVERED,YES,SHP-20260726-03280
2026-07-27 12:01:00,TRK-124,Rute-H,Cikarang Industrial Hub,492.1,1200,13.6,0.6,29.2,IN_TRANSIT,YES,SHP-20260727-03281
2026-07-28 15:12:00,TRK-127,Rute-M,Bogor Transit Hub,493.0,1200,14.04,0.7,29.8,DELAYED,NO,SHP-20260728-03282
2026-07-29 18:23:00,TRK-130,Rute-R,Depok Hub,493.8,1200,14.48,0.9,30.5,LOADED,YES,SHP-20260729-03283
2026-07-30 10:34:00,TRK-133,Rute-E,Bekasi Logistics Hub,494.7,1200,14.92,1.0,31.1,RETURNING,NO,SHP-20260730-03284
2026-07-31 13:45:00,TRK-136,Rute-J,Petamburan Hub,495.6,1400,15.36,1.2,31.7,DELIVERED,YES,SHP-20260731-03285
2026-07-01 16:56:00,TRK-139,Rute-O,Grogol Hub (Jakbar),496.5,1200,15.8,1.4,32.3,IN_TRANSIT,YES,SHP-20260701-03286
2026-07-02 10:07:00,TRK-142,Rute-B,Central Hub (Jakarta),497.4,1200,16.24,1.5,32.9,DELAYED,NO,SHP-20260702-03287
2026-07-03 13:18:00,TRK-145,Rute-G,Gudang West (Tangerang),498.2,1200,16.68,1.7,33.6,LOADED,YES,SHP-20260703-03288
2026-07-04 16:29:00,TRK-148,Rute-L,Cikarang Industrial Hub,499.1,1200,17.12,1.8,34.2,RETURNING,NO,SHP-20260704-03289
2026-07-05 08:40:00,TRK-151,Rute-Q,Bogor Transit Hub,500.0,1400,17.56,2.0,34.8,DELIVERED,YES,SHP-20260705-03290
2026-07-06 11:51:00,TRK-154,Rute-D,Depok Hub,500.9,1200,18.0,2.2,35.4,IN_TRANSIT,YES,SHP-20260706-03291
2026-07-07 15:02:00,TRK-157,Rute-I,Bekasi Logistics Hub,501.8,1200,18.44,2.3,36.0,DELAYED,NO,SHP-20260707-03292
2026-07-08 18:13:00,TRK-160,Rute-N,Petamburan Hub,502.6,1200,18.88,2.5,36.7,LOADED,YES,SHP-20260708-03293
2026-07-09 11:24:00,TRK-163,Rute-A,Grogol Hub (Jakbar),503.5,1200,19.32,2.6,37.3,RETURNING,NO,SHP-20260709-03294
2026-07-10 13:35:00,TRK-166,Rute-F,Central Hub (Jakarta),504.4,1400,19.76,2.8,37.9,DELIVERED,YES,SHP-20260710-03295
2026-07-11 16:46:00,TRK-169,Rute-K,Gudang West (Tangerang),505.3,1200,20.2,0.4,38.5,IN_TRANSIT,YES,SHP-20260711-03296
2026-07-12 09:57:00,TRK-172,Rute-P,Cikarang Industrial Hub,506.2,1200,20.64,0.6,39.1,DELAYED,NO,SHP-20260712-03297
2026-07-13 13:08:00,TRK-175,Rute-C,Bogor Transit Hub,507.0,1200,21.08,0.7,39.8,LOADED,YES,SHP-20260713-03298
2026-07-14 16:19:00,TRK-178,Rute-H,Depok Hub,507.9,1200,21.52,0.9,40.4,RETURNING,NO,SHP-20260714-03299
2026-07-15 08:30:00,TRK-001,Rute-M,Bekasi Logistics Hub,508.8,1400,21.96,1.0,41.0,DELIVERED,YES,SHP-20260715-03300
2026-07-16 11:41:00,TRK-004,Rute-R,Petamburan Hub,509.7,1200,22.4,1.2,41.6,IN_TRANSIT,YES,SHP-20260716-03301
2026-07-17 14:52:00,TRK-007,Rute-E,Grogol Hub (Jakbar),510.6,1200,22.84,1.4,42.2,DELAYED,NO,SHP-20260717-03302
2026-07-18 18:03:00,TRK-010,Rute-J,Central Hub (Jakarta),511.4,1200,23.28,1.5,42.9,LOADED,YES,SHP-20260718-03303
2026-07-19 11:14:00,TRK-013,Rute-O,Gudang West (Tangerang),512.3,1200,23.72,1.7,43.5,RETURNING,NO,SHP-20260719-03304
2026-07-20 14:25:00,TRK-016,Rute-B,Cikarang Industrial Hub,513.2,1400,24.16,1.8,44.1,DELIVERED,YES,SHP-20260720-03305
2026-07-21 16:36:00,TRK-019,Rute-G,Bogor Transit Hub,514.1,1200,24.6,2.0,44.7,IN_TRANSIT,YES,SHP-20260721-03306
2026-07-22 09:47:00,TRK-022,Rute-L,Depok Hub,515.0,1200,25.04,2.2,45.3,DELAYED,NO,SHP-20260722-03307
2026-07-23 12:58:00,TRK-025,Rute-Q,Bekasi Logistics Hub,515.8,1200,25.48,2.3,46.0,LOADED,YES,SHP-20260723-03308
2026-07-24 16:09:00,TRK-028,Rute-D,Petamburan Hub,516.7,1200,25.92,2.5,46.6,RETURNING,NO,SHP-20260724-03309
2026-07-25 09:20:00,TRK-031,Rute-I,Grogol Hub (Jakbar),517.6,1400,26.36,2.6,47.2,DELIVERED,YES,SHP-20260725-03310
2026-07-26 11:31:00,TRK-034,Rute-N,Central Hub (Jakarta),518.5,1200,26.8,2.8,47.8,IN_TRANSIT,YES,SHP-20260726-03311
2026-07-27 14:42:00,TRK-037,Rute-A,Gudang West (Tangerang),519.4,1200,11.4,0.4,48.4,DELAYED,NO,SHP-20260727-03312
2026-07-28 17:53:00,TRK-040,Rute-F,Cikarang Industrial Hub,520.2,1200,11.84,0.6,49.1,LOADED,YES,SHP-20260728-03313
2026-07-29 11:04:00,TRK-043,Rute-K,Bogor Transit Hub,521.1,1200,12.28,0.7,49.7,RETURNING,NO,SHP-20260729-03314
2026-07-30 14:15:00,TRK-046,Rute-P,Depok Hub,522.0,1400,12.72,0.9,50.3,DELIVERED,YES,SHP-20260730-03315
2026-07-31 17:26:00,TRK-049,Rute-C,Bekasi Logistics Hub,522.9,1200,13.16,1.0,50.9,IN_TRANSIT,YES,SHP-20260731-03316
2026-07-01 09:37:00,TRK-052,Rute-H,Petamburan Hub,523.8,1200,13.6,1.2,51.5,DELAYED,NO,SHP-20260701-03317
2026-07-02 12:48:00,TRK-055,Rute-M,Grogol Hub (Jakbar),524.6,1200,14.04,1.4,52.2,LOADED,YES,SHP-20260702-03318
2026-07-03 15:59:00,TRK-058,Rute-R,Central Hub (Jakarta),525.5,1200,14.48,1.5,52.8,RETURNING,NO,SHP-20260703-03319
2026-07-04 09:10:00,TRK-061,Rute-E,Gudang West (Tangerang),526.4,1400,14.92,1.7,53.4,DELIVERED,YES,SHP-20260704-03320
2026-07-05 12:21:00,TRK-064,Rute-J,Cikarang Industrial Hub,527.3,1200,15.36,1.8,54.0,IN_TRANSIT,YES,SHP-20260705-03321
2026-07-06 14:32:00,TRK-067,Rute-O,Bogor Transit Hub,528.2,1200,15.8,2.0,54.6,DELAYED,NO,SHP-20260706-03322
2026-07-07 17:43:00,TRK-070,Rute-B,Depok Hub,529.0,1200,16.24,2.2,55.3,LOADED,YES,SHP-20260707-03323
2026-07-08 10:54:00,TRK-073,Rute-G,Bekasi Logistics Hub,529.9,1200,16.68,2.3,55.9,RETURNING,NO,SHP-20260708-03324
2026-07-09 14:05:00,TRK-076,Rute-L,Petamburan Hub,530.8,1400,17.12,2.5,56.5,DELIVERED,YES,SHP-20260709-03325
2026-07-10 17:16:00,TRK-079,Rute-Q,Grogol Hub (Jakbar),531.7,1200,17.56,2.6,57.1,IN_TRANSIT,YES,SHP-20260710-03326
2026-07-11 10:27:00,TRK-082,Rute-D,Central Hub (Jakarta),532.6,1200,18.0,2.8,57.7,DELAYED,NO,SHP-20260711-03327
2026-07-12 12:38:00,TRK-085,Rute-I,Gudang West (Tangerang),533.4,1200,18.44,0.4,58.4,LOADED,YES,SHP-20260712-03328
2026-07-13 15:49:00,TRK-088,Rute-N,Cikarang Industrial Hub,534.3,1200,18.88,0.6,59.0,RETURNING,NO,SHP-20260713-03329
2026-07-14 09:00:00,TRK-091,Rute-A,Bogor Transit Hub,535.2,1400,19.32,0.7,59.6,DELIVERED,YES,SHP-20260714-03330
2026-07-15 12:11:00,TRK-094,Rute-F,Depok Hub,536.1,1200,19.76,0.9,60.2,IN_TRANSIT,YES,SHP-20260715-03331
2026-07-16 15:22:00,TRK-097,Rute-K,Bekasi Logistics Hub,537.0,1200,20.2,1.0,60.8,DELAYED,NO,SHP-20260716-03332
2026-07-17 17:33:00,TRK-100,Rute-P,Petamburan Hub,537.8,1200,20.64,1.2,61.5,LOADED,YES,SHP-20260717-03333
2026-07-18 10:44:00,TRK-103,Rute-C,Grogol Hub (Jakbar),538.7,1200,21.08,1.4,62.1,RETURNING,NO,SHP-20260718-03334
2026-07-19 13:55:00,TRK-106,Rute-H,Central Hub (Jakarta),539.6,1400,21.52,1.5,62.7,DELIVERED,YES,SHP-20260719-03335
2026-07-20 17:06:00,TRK-109,Rute-M,Gudang West (Tangerang),540.5,1200,21.96,1.7,63.3,IN_TRANSIT,YES,SHP-20260720-03336
2026-07-21 10:17:00,TRK-112,Rute-R,Cikarang Industrial Hub,541.4,1200,22.4,1.8,63.9,DELAYED,NO,SHP-20260721-03337
2026-07-22 13:28:00,TRK-115,Rute-E,Bogor Transit Hub,542.2,1200,22.84,2.0,64.6,LOADED,YES,SHP-20260722-03338
2026-07-23 15:39:00,TRK-118,Rute-J,Depok Hub,543.1,1200,23.28,2.2,65.2,RETURNING,NO,SHP-20260723-03339
2026-07-24 08:50:00,TRK-121,Rute-O,Bekasi Logistics Hub,544.0,1400,23.72,2.3,65.8,DELIVERED,YES,SHP-20260724-03340
2026-07-25 12:01:00,TRK-124,Rute-B,Petamburan Hub,544.9,1200,24.16,2.5,66.4,IN_TRANSIT,YES,SHP-20260725-03341
2026-07-26 15:12:00,TRK-127,Rute-G,Grogol Hub (Jakbar),545.8,1200,24.6,2.6,67.0,DELAYED,NO,SHP-20260726-03342
2026-07-27 18:23:00,TRK-130,Rute-L,Central Hub (Jakarta),546.6,1200,25.04,2.8,67.7,LOADED,YES,SHP-20260727-03343
2026-07-28 10:34:00,TRK-133,Rute-Q,Gudang West (Tangerang),547.5,1200,25.48,0.4,68.3,RETURNING,NO,SHP-20260728-03344
2026-07-29 13:45:00,TRK-136,Rute-D,Cikarang Industrial Hub,548.4,1400,25.92,0.6,68.9,DELIVERED,YES,SHP-20260729-03345
2026-07-30 16:56:00,TRK-139,Rute-I,Bogor Transit Hub,549.3,1200,26.36,0.7,69.5,IN_TRANSIT,YES,SHP-20260730-03346
2026-07-31 10:07:00,TRK-142,Rute-N,Depok Hub,550.2,1200,26.8,0.9,70.1,DELAYED,NO,SHP-20260731-03347
2026-07-01 13:18:00,TRK-145,Rute-A,Bekasi Logistics Hub,551.0,1200,11.4,1.0,70.8,LOADED,YES,SHP-20260701-03348
2026-07-02 16:29:00,TRK-148,Rute-F,Petamburan Hub,551.9,1200,11.84,1.2,71.4,RETURNING,NO,SHP-20260702-03349
2026-07-03 08:40:00,TRK-151,Rute-K,Grogol Hub (Jakbar),552.8,1400,12.28,1.4,72.0,DELIVERED,YES,SHP-20260703-03350
2026-07-04 11:51:00,TRK-154,Rute-P,Central Hub (Jakarta),553.7,1200,12.72,1.5,72.6,IN_TRANSIT,YES,SHP-20260704-03351
2026-07-05 15:02:00,TRK-157,Rute-C,Gudang West (Tangerang),554.6,1200,13.16,1.7,73.2,DELAYED,NO,SHP-20260705-03352
2026-07-06 18:13:00,TRK-160,Rute-H,Cikarang Industrial Hub,555.4,1200,13.6,1.8,73.9,LOADED,YES,SHP-20260706-03353
2026-07-07 11:24:00,TRK-163,Rute-M,Bogor Transit Hub,556.3,1200,14.04,2.0,74.5,RETURNING,NO,SHP-20260707-03354
2026-07-08 13:35:00,TRK-166,Rute-R,Depok Hub,557.2,1400,14.48,2.2,75.1,DELIVERED,YES,SHP-20260708-03355
2026-07-09 16:46:00,TRK-169,Rute-E,Bekasi Logistics Hub,558.1,1200,14.92,2.3,75.7,IN_TRANSIT,YES,SHP-20260709-03356
2026-07-10 09:57:00,TRK-172,Rute-J,Petamburan Hub,559.0,1200,15.36,2.5,76.3,DELAYED,NO,SHP-20260710-03357
2026-07-11 13:08:00,TRK-175,Rute-O,Grogol Hub (Jakbar),559.8,1200,15.8,2.6,77.0,LOADED,YES,SHP-20260711-03358
2026-07-12 16:19:00,TRK-178,Rute-B,Central Hub (Jakarta),560.7,1200,16.24,2.8,77.6,RETURNING,NO,SHP-20260712-03359
2026-07-13 08:30:00,TRK-001,Rute-G,Gudang West (Tangerang),561.6,1400,16.68,0.4,78.2,DELIVERED,YES,SHP-20260713-03360
2026-07-14 11:41:00,TRK-004,Rute-L,Cikarang Industrial Hub,562.5,1200,17.12,0.6,78.8,IN_TRANSIT,YES,SHP-20260714-03361
2026-07-15 14:52:00,TRK-007,Rute-Q,Bogor Transit Hub,563.4,1200,17.56,0.7,79.4,DELAYED,NO,SHP-20260715-03362
2026-07-16 18:03:00,TRK-010,Rute-D,Depok Hub,564.2,1200,18.0,0.9,80.1,LOADED,YES,SHP-20260716-03363
2026-07-17 11:14:00,TRK-013,Rute-I,Bekasi Logistics Hub,565.1,1200,18.44,1.0,80.7,RETURNING,NO,SHP-20260717-03364
2026-07-18 14:25:00,TRK-016,Rute-N,Petamburan Hub,566.0,1400,18.88,1.2,81.3,DELIVERED,YES,SHP-20260718-03365
2026-07-19 16:36:00,TRK-019,Rute-A,Grogol Hub (Jakbar),566.9,1200,19.32,1.4,81.9,IN_TRANSIT,YES,SHP-20260719-03366
2026-07-20 09:47:00,TRK-022,Rute-F,Central Hub (Jakarta),567.8,1200,19.76,1.5,82.5,DELAYED,NO,SHP-20260720-03367
2026-07-21 12:58:00,TRK-025,Rute-K,Gudang West (Tangerang),568.6,1200,20.2,1.7,83.2,LOADED,YES,SHP-20260721-03368
2026-07-22 16:09:00,TRK-028,Rute-P,Cikarang Industrial Hub,569.5,1200,20.64,1.8,83.8,RETURNING,NO,SHP-20260722-03369
2026-07-23 09:20:00,TRK-031,Rute-C,Bogor Transit Hub,570.4,1400,21.08,2.0,84.4,DELIVERED,YES,SHP-20260723-03370
2026-07-24 11:31:00,TRK-034,Rute-H,Depok Hub,571.3,1200,21.52,2.2,85.0,IN_TRANSIT,YES,SHP-20260724-03371
2026-07-25 14:42:00,TRK-037,Rute-M,Bekasi Logistics Hub,572.2,1200,21.96,2.3,85.6,DELAYED,NO,SHP-20260725-03372
2026-07-26 17:53:00,TRK-040,Rute-R,Petamburan Hub,573.0,1200,22.4,2.5,86.3,LOADED,YES,SHP-20260726-03373
2026-07-27 11:04:00,TRK-043,Rute-E,Grogol Hub (Jakbar),573.9,1200,22.84,2.6,86.9,RETURNING,NO,SHP-20260727-03374
2026-07-28 14:15:00,TRK-046,Rute-J,Central Hub (Jakarta),574.8,1400,23.28,2.8,87.5,DELIVERED,YES,SHP-20260728-03375
2026-07-29 17:26:00,TRK-049,Rute-O,Gudang West (Tangerang),575.7,1200,23.72,0.4,88.1,IN_TRANSIT,YES,SHP-20260729-03376
2026-07-30 09:37:00,TRK-052,Rute-B,Cikarang Industrial Hub,576.6,1200,24.16,0.6,88.7,DELAYED,NO,SHP-20260730-03377
2026-07-31 12:48:00,TRK-055,Rute-G,Bogor Transit Hub,577.4,1200,24.6,0.7,89.4,LOADED,YES,SHP-20260731-03378
2026-07-01 15:59:00,TRK-058,Rute-L,Depok Hub,578.3,1200,25.04,0.9,90.0,RETURNING,NO,SHP-20260701-03379
2026-07-02 09:10:00,TRK-061,Rute-Q,Bekasi Logistics Hub,579.2,1400,25.48,1.0,10.0,DELIVERED,YES,SHP-20260702-03380
2026-07-03 12:21:00,TRK-064,Rute-D,Petamburan Hub,580.1,1200,25.92,1.2,10.6,IN_TRANSIT,YES,SHP-20260703-03381
2026-07-04 14:32:00,TRK-067,Rute-I,Grogol Hub (Jakbar),581.0,1200,26.36,1.4,11.2,DELAYED,NO,SHP-20260704-03382
2026-07-05 17:43:00,TRK-070,Rute-N,Central Hub (Jakarta),581.8,1200,26.8,1.5,11.9,LOADED,YES,SHP-20260705-03383
2026-07-06 10:54:00,TRK-073,Rute-A,Gudang West (Tangerang),582.7,1200,11.4,1.7,12.5,RETURNING,NO,SHP-20260706-03384
2026-07-07 14:05:00,TRK-076,Rute-F,Cikarang Industrial Hub,583.6,1400,11.84,1.8,13.1,DELIVERED,YES,SHP-20260707-03385
2026-07-08 17:16:00,TRK-079,Rute-K,Bogor Transit Hub,584.5,1200,12.28,2.0,13.7,IN_TRANSIT,YES,SHP-20260708-03386
2026-07-09 10:27:00,TRK-082,Rute-P,Depok Hub,585.4,1200,12.72,2.2,14.3,DELAYED,NO,SHP-20260709-03387
2026-07-10 12:38:00,TRK-085,Rute-C,Bekasi Logistics Hub,586.2,1200,13.16,2.3,15.0,LOADED,YES,SHP-20260710-03388
2026-07-11 15:49:00,TRK-088,Rute-H,Petamburan Hub,587.1,1200,13.6,2.5,15.6,RETURNING,NO,SHP-20260711-03389
2026-07-12 09:00:00,TRK-091,Rute-M,Grogol Hub (Jakbar),588.0,1400,14.04,2.6,16.2,DELIVERED,YES,SHP-20260712-03390
2026-07-13 12:11:00,TRK-094,Rute-R,Central Hub (Jakarta),588.9,1200,14.48,2.8,16.8,IN_TRANSIT,YES,SHP-20260713-03391
2026-07-14 15:22:00,TRK-097,Rute-E,Gudang West (Tangerang),589.8,1200,14.92,0.4,17.4,DELAYED,NO,SHP-20260714-03392
2026-07-15 17:33:00,TRK-100,Rute-J,Cikarang Industrial Hub,590.6,1200,15.36,0.6,18.1,LOADED,YES,SHP-20260715-03393
2026-07-16 10:44:00,TRK-103,Rute-O,Bogor Transit Hub,591.5,1200,15.8,0.7,18.7,RETURNING,NO,SHP-20260716-03394
2026-07-17 13:55:00,TRK-106,Rute-B,Depok Hub,592.4,1400,16.24,0.9,19.3,DELIVERED,YES,SHP-20260717-03395
2026-07-18 17:06:00,TRK-109,Rute-G,Bekasi Logistics Hub,593.3,1200,16.68,1.0,19.9,IN_TRANSIT,YES,SHP-20260718-03396
2026-07-19 10:17:00,TRK-112,Rute-L,Petamburan Hub,594.2,1200,17.12,1.2,20.5,DELAYED,NO,SHP-20260719-03397
2026-07-20 13:28:00,TRK-115,Rute-Q,Grogol Hub (Jakbar),595.0,1200,17.56,1.4,21.2,LOADED,YES,SHP-20260720-03398
2026-07-21 15:39:00,TRK-118,Rute-D,Central Hub (Jakarta),595.9,1200,18.0,1.5,21.8,RETURNING,NO,SHP-20260721-03399
2026-07-22 08:50:00,TRK-121,Rute-I,Gudang West (Tangerang),596.8,1400,18.44,1.7,22.4,DELIVERED,YES,SHP-20260722-03400
2026-07-23 12:01:00,TRK-124,Rute-N,Cikarang Industrial Hub,597.7,1200,18.88,1.8,23.0,IN_TRANSIT,YES,SHP-20260723-03401
2026-07-24 15:12:00,TRK-127,Rute-A,Bogor Transit Hub,598.6,1200,19.32,2.0,23.6,DELAYED,NO,SHP-20260724-03402
2026-07-25 18:23:00,TRK-130,Rute-F,Depok Hub,599.4,1200,19.76,2.2,24.3,LOADED,YES,SHP-20260725-03403
2026-07-26 10:34:00,TRK-133,Rute-K,Bekasi Logistics Hub,600.3,1200,20.2,2.3,24.9,RETURNING,NO,SHP-20260726-03404
2026-07-27 13:45:00,TRK-136,Rute-P,Petamburan Hub,601.2,1400,20.64,2.5,25.5,DELIVERED,YES,SHP-20260727-03405
2026-07-28 16:56:00,TRK-139,Rute-C,Grogol Hub (Jakbar),602.1,1200,21.08,2.6,26.1,IN_TRANSIT,YES,SHP-20260728-03406
2026-07-29 10:07:00,TRK-142,Rute-H,Central Hub (Jakarta),603.0,1200,21.52,2.8,26.7,DELAYED,NO,SHP-20260729-03407
2026-07-30 13:18:00,TRK-145,Rute-M,Gudang West (Tangerang),603.8,1200,21.96,0.4,27.4,LOADED,YES,SHP-20260730-03408
2026-07-31 16:29:00,TRK-148,Rute-R,Cikarang Industrial Hub,604.7,1200,22.4,0.6,28.0,RETURNING,NO,SHP-20260731-03409
2026-07-01 08:40:00,TRK-151,Rute-E,Bogor Transit Hub,605.6,1400,22.84,0.7,28.6,DELIVERED,YES,SHP-20260701-03410
2026-07-02 11:51:00,TRK-154,Rute-J,Depok Hub,606.5,1200,23.28,0.9,29.2,IN_TRANSIT,YES,SHP-20260702-03411
2026-07-03 15:02:00,TRK-157,Rute-O,Bekasi Logistics Hub,607.4,1200,23.72,1.0,29.8,DELAYED,NO,SHP-20260703-03412
2026-07-04 18:13:00,TRK-160,Rute-B,Petamburan Hub,608.2,1200,24.16,1.2,30.5,LOADED,YES,SHP-20260704-03413
2026-07-05 11:24:00,TRK-163,Rute-G,Grogol Hub (Jakbar),609.1,1200,24.6,1.4,31.1,RETURNING,NO,SHP-20260705-03414
2026-07-06 13:35:00,TRK-166,Rute-L,Central Hub (Jakarta),610.0,1400,25.04,1.5,31.7,DELIVERED,YES,SHP-20260706-03415
2026-07-07 16:46:00,TRK-169,Rute-Q,Gudang West (Tangerang),610.9,1200,25.48,1.7,32.3,IN_TRANSIT,YES,SHP-20260707-03416
2026-07-08 09:57:00,TRK-172,Rute-D,Cikarang Industrial Hub,611.8,1200,25.92,1.8,32.9,DELAYED,NO,SHP-20260708-03417
2026-07-09 13:08:00,TRK-175,Rute-I,Bogor Transit Hub,612.6,1200,26.36,2.0,33.6,LOADED,YES,SHP-20260709-03418
2026-07-10 16:19:00,TRK-178,Rute-N,Depok Hub,613.5,1200,26.8,2.2,34.2,RETURNING,NO,SHP-20260710-03419
2026-07-11 08:30:00,TRK-001,Rute-A,Bekasi Logistics Hub,614.4,1400,11.4,2.3,34.8,DELIVERED,YES,SHP-20260711-03420
2026-07-12 11:41:00,TRK-004,Rute-F,Petamburan Hub,615.3,1200,11.84,2.5,35.4,IN_TRANSIT,YES,SHP-20260712-03421
2026-07-13 14:52:00,TRK-007,Rute-K,Grogol Hub (Jakbar),616.2,1200,12.28,2.6,36.0,DELAYED,NO,SHP-20260713-03422
2026-07-14 18:03:00,TRK-010,Rute-P,Central Hub (Jakarta),617.0,1200,12.72,2.8,36.7,LOADED,YES,SHP-20260714-03423
2026-07-15 11:14:00,TRK-013,Rute-C,Gudang West (Tangerang),617.9,1200,13.16,0.4,37.3,RETURNING,NO,SHP-20260715-03424
2026-07-16 14:25:00,TRK-016,Rute-H,Cikarang Industrial Hub,618.8,1400,13.6,0.6,37.9,DELIVERED,YES,SHP-20260716-03425
2026-07-17 16:36:00,TRK-019,Rute-M,Bogor Transit Hub,619.7,1200,14.04,0.7,38.5,IN_TRANSIT,YES,SHP-20260717-03426
2026-07-18 09:47:00,TRK-022,Rute-R,Depok Hub,620.6,1200,14.48,0.9,39.1,DELAYED,NO,SHP-20260718-03427
2026-07-19 12:58:00,TRK-025,Rute-E,Bekasi Logistics Hub,621.4,1200,14.92,1.0,39.8,LOADED,YES,SHP-20260719-03428
2026-07-20 16:09:00,TRK-028,Rute-J,Petamburan Hub,622.3,1200,15.36,1.2,40.4,RETURNING,NO,SHP-20260720-03429
2026-07-21 09:20:00,TRK-031,Rute-O,Grogol Hub (Jakbar),623.2,1400,15.8,1.4,41.0,DELIVERED,YES,SHP-20260721-03430
2026-07-22 11:31:00,TRK-034,Rute-B,Central Hub (Jakarta),624.1,1200,16.24,1.5,41.6,IN_TRANSIT,YES,SHP-20260722-03431
2026-07-23 14:42:00,TRK-037,Rute-G,Gudang West (Tangerang),625.0,1200,16.68,1.7,42.2,DELAYED,NO,SHP-20260723-03432
2026-07-24 17:53:00,TRK-040,Rute-L,Cikarang Industrial Hub,625.8,1200,17.12,1.8,42.9,LOADED,YES,SHP-20260724-03433
2026-07-25 11:04:00,TRK-043,Rute-Q,Bogor Transit Hub,626.7,1200,17.56,2.0,43.5,RETURNING,NO,SHP-20260725-03434
2026-07-26 14:15:00,TRK-046,Rute-D,Depok Hub,627.6,1400,18.0,2.2,44.1,DELIVERED,YES,SHP-20260726-03435
2026-07-27 17:26:00,TRK-049,Rute-I,Bekasi Logistics Hub,628.5,1200,18.44,2.3,44.7,IN_TRANSIT,YES,SHP-20260727-03436
2026-07-28 09:37:00,TRK-052,Rute-N,Petamburan Hub,629.4,1200,18.88,2.5,45.3,DELAYED,NO,SHP-20260728-03437
2026-07-29 12:48:00,TRK-055,Rute-A,Grogol Hub (Jakbar),630.2,1200,19.32,2.6,46.0,LOADED,YES,SHP-20260729-03438
2026-07-30 15:59:00,TRK-058,Rute-F,Central Hub (Jakarta),631.1,1200,19.76,2.8,46.6,RETURNING,NO,SHP-20260730-03439
2026-07-31 09:10:00,TRK-061,Rute-K,Gudang West (Tangerang),632.0,1400,20.2,0.4,47.2,DELIVERED,YES,SHP-20260731-03440
2026-07-01 12:21:00,TRK-064,Rute-P,Cikarang Industrial Hub,632.9,1200,20.64,0.6,47.8,IN_TRANSIT,YES,SHP-20260701-03441
2026-07-02 14:32:00,TRK-067,Rute-C,Bogor Transit Hub,633.8,1200,21.08,0.7,48.4,DELAYED,NO,SHP-20260702-03442
2026-07-03 17:43:00,TRK-070,Rute-H,Depok Hub,634.6,1200,21.52,0.9,49.1,LOADED,YES,SHP-20260703-03443
2026-07-04 10:54:00,TRK-073,Rute-M,Bekasi Logistics Hub,635.5,1200,21.96,1.0,49.7,RETURNING,NO,SHP-20260704-03444
2026-07-05 14:05:00,TRK-076,Rute-R,Petamburan Hub,636.4,1400,22.4,1.2,50.3,DELIVERED,YES,SHP-20260705-03445
2026-07-06 17:16:00,TRK-079,Rute-E,Grogol Hub (Jakbar),637.3,1200,22.84,1.4,50.9,IN_TRANSIT,YES,SHP-20260706-03446
2026-07-07 10:27:00,TRK-082,Rute-J,Central Hub (Jakarta),638.2,1200,23.28,1.5,51.5,DELAYED,NO,SHP-20260707-03447
2026-07-08 12:38:00,TRK-085,Rute-O,Gudang West (Tangerang),639.0,1200,23.72,1.7,52.2,LOADED,YES,SHP-20260708-03448
2026-07-09 15:49:00,TRK-088,Rute-B,Cikarang Industrial Hub,639.9,1200,24.16,1.8,52.8,RETURNING,NO,SHP-20260709-03449
2026-07-10 09:00:00,TRK-091,Rute-G,Bogor Transit Hub,640.8,1400,24.6,2.0,53.4,DELIVERED,YES,SHP-20260710-03450
2026-07-11 12:11:00,TRK-094,Rute-L,Depok Hub,641.7,1200,25.04,2.2,54.0,IN_TRANSIT,YES,SHP-20260711-03451
2026-07-12 15:22:00,TRK-097,Rute-Q,Bekasi Logistics Hub,642.6,1200,25.48,2.3,54.6,DELAYED,NO,SHP-20260712-03452
2026-07-13 17:33:00,TRK-100,Rute-D,Petamburan Hub,643.4,1200,25.92,2.5,55.3,LOADED,YES,SHP-20260713-03453
2026-07-14 10:44:00,TRK-103,Rute-I,Grogol Hub (Jakbar),644.3,1200,26.36,2.6,55.9,RETURNING,NO,SHP-20260714-03454
2026-07-15 13:55:00,TRK-106,Rute-N,Central Hub (Jakarta),645.2,1400,26.8,2.8,56.5,DELIVERED,YES,SHP-20260715-03455
2026-07-16 17:06:00,TRK-109,Rute-A,Gudang West (Tangerang),646.1,1200,11.4,0.4,57.1,IN_TRANSIT,YES,SHP-20260716-03456
2026-07-17 10:17:00,TRK-112,Rute-F,Cikarang Industrial Hub,647.0,1200,11.84,0.6,57.7,DELAYED,NO,SHP-20260717-03457
2026-07-18 13:28:00,TRK-115,Rute-K,Bogor Transit Hub,647.8,1200,12.28,0.7,58.4,LOADED,YES,SHP-20260718-03458
2026-07-19 15:39:00,TRK-118,Rute-P,Depok Hub,648.7,1200,12.72,0.9,59.0,RETURNING,NO,SHP-20260719-03459
2026-07-20 08:50:00,TRK-121,Rute-C,Bekasi Logistics Hub,649.6,1400,13.16,1.0,59.6,DELIVERED,YES,SHP-20260720-03460
2026-07-21 12:01:00,TRK-124,Rute-H,Petamburan Hub,650.5,1200,13.6,1.2,60.2,IN_TRANSIT,YES,SHP-20260721-03461
2026-07-22 15:12:00,TRK-127,Rute-M,Grogol Hub (Jakbar),651.4,1200,14.04,1.4,60.8,DELAYED,NO,SHP-20260722-03462
2026-07-23 18:23:00,TRK-130,Rute-R,Central Hub (Jakarta),652.2,1200,14.48,1.5,61.5,LOADED,YES,SHP-20260723-03463
2026-07-24 10:34:00,TRK-133,Rute-E,Gudang West (Tangerang),653.1,1200,14.92,1.7,62.1,RETURNING,NO,SHP-20260724-03464
2026-07-25 13:45:00,TRK-136,Rute-J,Cikarang Industrial Hub,654.0,1400,15.36,1.8,62.7,DELIVERED,YES,SHP-20260725-03465
2026-07-26 16:56:00,TRK-139,Rute-O,Bogor Transit Hub,654.9,1200,15.8,2.0,63.3,IN_TRANSIT,YES,SHP-20260726-03466
2026-07-27 10:07:00,TRK-142,Rute-B,Depok Hub,655.8,1200,16.24,2.2,63.9,DELAYED,NO,SHP-20260727-03467
2026-07-28 13:18:00,TRK-145,Rute-G,Bekasi Logistics Hub,656.6,1200,16.68,2.3,64.6,LOADED,YES,SHP-20260728-03468
2026-07-29 16:29:00,TRK-148,Rute-L,Petamburan Hub,657.5,1200,17.12,2.5,65.2,RETURNING,NO,SHP-20260729-03469
2026-07-30 08:40:00,TRK-151,Rute-Q,Grogol Hub (Jakbar),658.4,1400,17.56,2.6,65.8,DELIVERED,YES,SHP-20260730-03470
2026-07-31 11:51:00,TRK-154,Rute-D,Central Hub (Jakarta),659.3,1200,18.0,2.8,66.4,IN_TRANSIT,YES,SHP-20260731-03471
2026-07-01 15:02:00,TRK-157,Rute-I,Gudang West (Tangerang),660.2,1200,18.44,0.4,67.0,DELAYED,NO,SHP-20260701-03472
2026-07-02 18:13:00,TRK-160,Rute-N,Cikarang Industrial Hub,661.0,1200,18.88,0.6,67.7,LOADED,YES,SHP-20260702-03473
2026-07-03 11:24:00,TRK-163,Rute-A,Bogor Transit Hub,661.9,1200,19.32,0.7,68.3,RETURNING,NO,SHP-20260703-03474
2026-07-04 13:35:00,TRK-166,Rute-F,Depok Hub,662.8,1400,19.76,0.9,68.9,DELIVERED,YES,SHP-20260704-03475
2026-07-05 16:46:00,TRK-169,Rute-K,Bekasi Logistics Hub,663.7,1200,20.2,1.0,69.5,IN_TRANSIT,YES,SHP-20260705-03476
2026-07-06 09:57:00,TRK-172,Rute-P,Petamburan Hub,664.6,1200,20.64,1.2,70.1,DELAYED,NO,SHP-20260706-03477
2026-07-07 13:08:00,TRK-175,Rute-C,Grogol Hub (Jakbar),665.4,1200,21.08,1.4,70.8,LOADED,YES,SHP-20260707-03478
2026-07-08 16:19:00,TRK-178,Rute-H,Central Hub (Jakarta),666.3,1200,21.52,1.5,71.4,RETURNING,NO,SHP-20260708-03479
2026-07-09 08:30:00,TRK-001,Rute-M,Gudang West (Tangerang),667.2,1400,21.96,1.7,72.0,DELIVERED,YES,SHP-20260709-03480
2026-07-10 11:41:00,TRK-004,Rute-R,Cikarang Industrial Hub,668.1,1200,22.4,1.8,72.6,IN_TRANSIT,YES,SHP-20260710-03481
2026-07-11 14:52:00,TRK-007,Rute-E,Bogor Transit Hub,669.0,1200,22.84,2.0,73.2,DELAYED,NO,SHP-20260711-03482
2026-07-12 18:03:00,TRK-010,Rute-J,Depok Hub,669.8,1200,23.28,2.2,73.9,LOADED,YES,SHP-20260712-03483
2026-07-13 11:14:00,TRK-013,Rute-O,Bekasi Logistics Hub,670.7,1200,23.72,2.3,74.5,RETURNING,NO,SHP-20260713-03484
2026-07-14 14:25:00,TRK-016,Rute-B,Petamburan Hub,671.6,1400,24.16,2.5,75.1,DELIVERED,YES,SHP-20260714-03485
2026-07-15 16:36:00,TRK-019,Rute-G,Grogol Hub (Jakbar),672.5,1200,24.6,2.6,75.7,IN_TRANSIT,YES,SHP-20260715-03486
2026-07-16 09:47:00,TRK-022,Rute-L,Central Hub (Jakarta),673.4,1200,25.04,2.8,76.3,DELAYED,NO,SHP-20260716-03487
2026-07-17 12:58:00,TRK-025,Rute-Q,Gudang West (Tangerang),674.2,1200,25.48,0.4,77.0,LOADED,YES,SHP-20260717-03488
2026-07-18 16:09:00,TRK-028,Rute-D,Cikarang Industrial Hub,675.1,1200,25.92,0.6,77.6,RETURNING,NO,SHP-20260718-03489
2026-07-19 09:20:00,TRK-031,Rute-I,Bogor Transit Hub,676.0,1400,26.36,0.7,78.2,DELIVERED,YES,SHP-20260719-03490
2026-07-20 11:31:00,TRK-034,Rute-N,Depok Hub,676.9,1200,26.8,0.9,78.8,IN_TRANSIT,YES,SHP-20260720-03491
2026-07-21 14:42:00,TRK-037,Rute-A,Bekasi Logistics Hub,677.8,1200,11.4,1.0,79.4,DELAYED,NO,SHP-20260721-03492
2026-07-22 17:53:00,TRK-040,Rute-F,Petamburan Hub,678.6,1200,11.84,1.2,80.1,LOADED,YES,SHP-20260722-03493
2026-07-23 11:04:00,TRK-043,Rute-K,Grogol Hub (Jakbar),679.5,1200,12.28,1.4,80.7,RETURNING,NO,SHP-20260723-03494
2026-07-24 14:15:00,TRK-046,Rute-P,Central Hub (Jakarta),680.4,1400,12.72,1.5,81.3,DELIVERED,YES,SHP-20260724-03495
2026-07-25 17:26:00,TRK-049,Rute-C,Gudang West (Tangerang),681.3,1200,13.16,1.7,81.9,IN_TRANSIT,YES,SHP-20260725-03496
2026-07-26 09:37:00,TRK-052,Rute-H,Cikarang Industrial Hub,682.2,1200,13.6,1.8,82.5,DELAYED,NO,SHP-20260726-03497
2026-07-27 12:48:00,TRK-055,Rute-M,Bogor Transit Hub,683.0,1200,14.04,2.0,83.2,LOADED,YES,SHP-20260727-03498
2026-07-28 15:59:00,TRK-058,Rute-R,Depok Hub,683.9,1200,14.48,2.2,83.8,RETURNING,NO,SHP-20260728-03499
2026-07-29 09:10:00,TRK-061,Rute-E,Bekasi Logistics Hub,684.8,1400,14.92,2.3,84.4,DELIVERED,YES,SHP-20260729-03500
2026-07-30 12:21:00,TRK-064,Rute-J,Petamburan Hub,685.7,1200,15.36,2.5,85.0,IN_TRANSIT,YES,SHP-20260730-03501
2026-07-31 14:32:00,TRK-067,Rute-O,Grogol Hub (Jakbar),686.6,1200,15.8,2.6,85.6,DELAYED,NO,SHP-20260731-03502
2026-07-01 17:43:00,TRK-070,Rute-B,Central Hub (Jakarta),687.4,1200,16.24,2.8,86.3,LOADED,YES,SHP-20260701-03503
2026-07-02 10:54:00,TRK-073,Rute-G,Gudang West (Tangerang),688.3,1200,16.68,0.4,86.9,RETURNING,NO,SHP-20260702-03504
2026-07-03 14:05:00,TRK-076,Rute-L,Cikarang Industrial Hub,689.2,1400,17.12,0.6,87.5,DELIVERED,YES,SHP-20260703-03505
2026-07-04 17:16:00,TRK-079,Rute-Q,Bogor Transit Hub,690.1,1200,17.56,0.7,88.1,IN_TRANSIT,YES,SHP-20260704-03506
2026-07-05 10:27:00,TRK-082,Rute-D,Depok Hub,691.0,1200,18.0,0.9,88.7,DELAYED,NO,SHP-20260705-03507
2026-07-06 12:38:00,TRK-085,Rute-I,Bekasi Logistics Hub,691.8,1200,18.44,1.0,89.4,LOADED,YES,SHP-20260706-03508
2026-07-07 15:49:00,TRK-088,Rute-N,Petamburan Hub,692.7,1200,18.88,1.2,90.0,RETURNING,NO,SHP-20260707-03509
2026-07-08 09:00:00,TRK-091,Rute-A,Grogol Hub (Jakbar),693.6,1400,19.32,1.4,10.0,DELIVERED,YES,SHP-20260708-03510
2026-07-09 12:11:00,TRK-094,Rute-F,Central Hub (Jakarta),694.5,1200,19.76,1.5,10.6,IN_TRANSIT,YES,SHP-20260709-03511
2026-07-10 15:22:00,TRK-097,Rute-K,Gudang West (Tangerang),695.4,1200,20.2,1.7,11.2,DELAYED,NO,SHP-20260710-03512
2026-07-11 17:33:00,TRK-100,Rute-P,Cikarang Industrial Hub,696.2,1200,20.64,1.8,11.9,LOADED,YES,SHP-20260711-03513
2026-07-12 10:44:00,TRK-103,Rute-C,Bogor Transit Hub,697.1,1200,21.08,2.0,12.5,RETURNING,NO,SHP-20260712-03514
2026-07-13 13:55:00,TRK-106,Rute-H,Depok Hub,698.0,1400,21.52,2.2,13.1,DELIVERED,YES,SHP-20260713-03515
2026-07-14 17:06:00,TRK-109,Rute-M,Bekasi Logistics Hub,698.9,1200,21.96,2.3,13.7,IN_TRANSIT,YES,SHP-20260714-03516
2026-07-15 10:17:00,TRK-112,Rute-R,Petamburan Hub,699.8,1200,22.4,2.5,14.3,DELAYED,NO,SHP-20260715-03517
2026-07-16 13:28:00,TRK-115,Rute-E,Grogol Hub (Jakbar),700.6,1200,22.84,2.6,15.0,LOADED,YES,SHP-20260716-03518
2026-07-17 15:39:00,TRK-118,Rute-J,Central Hub (Jakarta),701.5,1200,23.28,2.8,15.6,RETURNING,NO,SHP-20260717-03519
2026-07-18 08:50:00,TRK-121,Rute-O,Gudang West (Tangerang),702.4,1400,23.72,0.4,16.2,DELIVERED,YES,SHP-20260718-03520
2026-07-19 12:01:00,TRK-124,Rute-B,Cikarang Industrial Hub,703.3,1200,24.16,0.6,16.8,IN_TRANSIT,YES,SHP-20260719-03521
2026-07-20 15:12:00,TRK-127,Rute-G,Bogor Transit Hub,704.2,1200,24.6,0.7,17.4,DELAYED,NO,SHP-20260720-03522
2026-07-21 18:23:00,TRK-130,Rute-L,Depok Hub,705.0,1200,25.04,0.9,18.1,LOADED,YES,SHP-20260721-03523
2026-07-22 10:34:00,TRK-133,Rute-Q,Bekasi Logistics Hub,705.9,1200,25.48,1.0,18.7,RETURNING,NO,SHP-20260722-03524
2026-07-23 13:45:00,TRK-136,Rute-D,Petamburan Hub,706.8,1400,25.92,1.2,19.3,DELIVERED,YES,SHP-20260723-03525
2026-07-24 16:56:00,TRK-139,Rute-I,Grogol Hub (Jakbar),707.7,1200,26.36,1.4,19.9,IN_TRANSIT,YES,SHP-20260724-03526
2026-07-25 10:07:00,TRK-142,Rute-N,Central Hub (Jakarta),708.6,1200,26.8,1.5,20.5,DELAYED,NO,SHP-20260725-03527
2026-07-26 13:18:00,TRK-145,Rute-A,Gudang West (Tangerang),709.4,1200,11.4,1.7,21.2,LOADED,YES,SHP-20260726-03528
2026-07-27 16:29:00,TRK-148,Rute-F,Cikarang Industrial Hub,710.3,1200,11.84,1.8,21.8,RETURNING,NO,SHP-20260727-03529
2026-07-28 08:40:00,TRK-151,Rute-K,Bogor Transit Hub,711.2,1400,12.28,2.0,22.4,DELIVERED,YES,SHP-20260728-03530
2026-07-29 11:51:00,TRK-154,Rute-P,Depok Hub,712.1,1200,12.72,2.2,23.0,IN_TRANSIT,YES,SHP-20260729-03531
2026-07-30 15:02:00,TRK-157,Rute-C,Bekasi Logistics Hub,713.0,1200,13.16,2.3,23.6,DELAYED,NO,SHP-20260730-03532
2026-07-31 18:13:00,TRK-160,Rute-H,Petamburan Hub,713.8,1200,13.6,2.5,24.3,LOADED,YES,SHP-20260731-03533
2026-07-01 11:24:00,TRK-163,Rute-M,Grogol Hub (Jakbar),714.7,1200,14.04,2.6,24.9,RETURNING,NO,SHP-20260701-03534
2026-07-02 13:35:00,TRK-166,Rute-R,Central Hub (Jakarta),715.6,1400,14.48,2.8,25.5,DELIVERED,YES,SHP-20260702-03535
2026-07-03 16:46:00,TRK-169,Rute-E,Gudang West (Tangerang),716.5,1200,14.92,0.4,26.1,IN_TRANSIT,YES,SHP-20260703-03536
2026-07-04 09:57:00,TRK-172,Rute-J,Cikarang Industrial Hub,717.4,1200,15.36,0.6,26.7,DELAYED,NO,SHP-20260704-03537
2026-07-05 13:08:00,TRK-175,Rute-O,Bogor Transit Hub,718.2,1200,15.8,0.7,27.4,LOADED,YES,SHP-20260705-03538
2026-07-06 16:19:00,TRK-178,Rute-B,Depok Hub,719.1,1200,16.24,0.9,28.0,RETURNING,NO,SHP-20260706-03539
2026-07-07 08:30:00,TRK-001,Rute-G,Bekasi Logistics Hub,720.0,1400,16.68,1.0,28.6,DELIVERED,YES,SHP-20260707-03540
2026-07-08 11:41:00,TRK-004,Rute-L,Petamburan Hub,720.9,1200,17.12,1.2,29.2,IN_TRANSIT,YES,SHP-20260708-03541
2026-07-09 14:52:00,TRK-007,Rute-Q,Grogol Hub (Jakbar),721.8,1200,17.56,1.4,29.8,DELAYED,NO,SHP-20260709-03542
2026-07-10 18:03:00,TRK-010,Rute-D,Central Hub (Jakarta),722.6,1200,18.0,1.5,30.5,LOADED,YES,SHP-20260710-03543
2026-07-11 11:14:00,TRK-013,Rute-I,Gudang West (Tangerang),723.5,1200,18.44,1.7,31.1,RETURNING,NO,SHP-20260711-03544
2026-07-12 14:25:00,TRK-016,Rute-N,Cikarang Industrial Hub,724.4,1400,18.88,1.8,31.7,DELIVERED,YES,SHP-20260712-03545
2026-07-13 16:36:00,TRK-019,Rute-A,Bogor Transit Hub,725.3,1200,19.32,2.0,32.3,IN_TRANSIT,YES,SHP-20260713-03546
2026-07-14 09:47:00,TRK-022,Rute-F,Depok Hub,726.2,1200,19.76,2.2,32.9,DELAYED,NO,SHP-20260714-03547
2026-07-15 12:58:00,TRK-025,Rute-K,Bekasi Logistics Hub,727.0,1200,20.2,2.3,33.6,LOADED,YES,SHP-20260715-03548
2026-07-16 16:09:00,TRK-028,Rute-P,Petamburan Hub,727.9,1200,20.64,2.5,34.2,RETURNING,NO,SHP-20260716-03549
2026-07-17 09:20:00,TRK-031,Rute-C,Grogol Hub (Jakbar),728.8,1400,21.08,2.6,34.8,DELIVERED,YES,SHP-20260717-03550
2026-07-18 11:31:00,TRK-034,Rute-H,Central Hub (Jakarta),729.7,1200,21.52,2.8,35.4,IN_TRANSIT,YES,SHP-20260718-03551
2026-07-19 14:42:00,TRK-037,Rute-M,Gudang West (Tangerang),730.6,1200,21.96,0.4,36.0,DELAYED,NO,SHP-20260719-03552
2026-07-20 17:53:00,TRK-040,Rute-R,Cikarang Industrial Hub,731.4,1200,22.4,0.6,36.7,LOADED,YES,SHP-20260720-03553
2026-07-21 11:04:00,TRK-043,Rute-E,Bogor Transit Hub,732.3,1200,22.84,0.7,37.3,RETURNING,NO,SHP-20260721-03554
2026-07-22 14:15:00,TRK-046,Rute-J,Depok Hub,733.2,1400,23.28,0.9,37.9,DELIVERED,YES,SHP-20260722-03555
2026-07-23 17:26:00,TRK-049,Rute-O,Bekasi Logistics Hub,734.1,1200,23.72,1.0,38.5,IN_TRANSIT,YES,SHP-20260723-03556
2026-07-24 09:37:00,TRK-052,Rute-B,Petamburan Hub,735.0,1200,24.16,1.2,39.1,DELAYED,NO,SHP-20260724-03557
2026-07-25 12:48:00,TRK-055,Rute-G,Grogol Hub (Jakbar),735.8,1200,24.6,1.4,39.8,LOADED,YES,SHP-20260725-03558
2026-07-26 15:59:00,TRK-058,Rute-L,Central Hub (Jakarta),736.7,1200,25.04,1.5,40.4,RETURNING,NO,SHP-20260726-03559
2026-07-27 09:10:00,TRK-061,Rute-Q,Gudang West (Tangerang),737.6,1400,25.48,1.7,41.0,DELIVERED,YES,SHP-20260727-03560
2026-07-28 12:21:00,TRK-064,Rute-D,Cikarang Industrial Hub,738.5,1200,25.92,1.8,41.6,IN_TRANSIT,YES,SHP-20260728-03561
2026-07-29 14:32:00,TRK-067,Rute-I,Bogor Transit Hub,739.4,1200,26.36,2.0,42.2,DELAYED,NO,SHP-20260729-03562
2026-07-30 17:43:00,TRK-070,Rute-N,Depok Hub,740.2,1200,26.8,2.2,42.9,LOADED,YES,SHP-20260730-03563
2026-07-31 10:54:00,TRK-073,Rute-A,Bekasi Logistics Hub,741.1,1200,11.4,2.3,43.5,RETURNING,NO,SHP-20260731-03564
2026-07-01 14:05:00,TRK-076,Rute-F,Petamburan Hub,742.0,1400,11.84,2.5,44.1,DELIVERED,YES,SHP-20260701-03565
2026-07-02 17:16:00,TRK-079,Rute-K,Grogol Hub (Jakbar),742.9,1200,12.28,2.6,44.7,IN_TRANSIT,YES,SHP-20260702-03566
2026-07-03 10:27:00,TRK-082,Rute-P,Central Hub (Jakarta),743.8,1200,12.72,2.8,45.3,DELAYED,NO,SHP-20260703-03567
2026-07-04 12:38:00,TRK-085,Rute-C,Gudang West (Tangerang),744.6,1200,13.16,0.4,46.0,LOADED,YES,SHP-20260704-03568
2026-07-05 15:49:00,TRK-088,Rute-H,Cikarang Industrial Hub,745.5,1200,13.6,0.6,46.6,RETURNING,NO,SHP-20260705-03569
2026-07-06 09:00:00,TRK-091,Rute-M,Bogor Transit Hub,746.4,1400,14.04,0.7,47.2,DELIVERED,YES,SHP-20260706-03570
2026-07-07 12:11:00,TRK-094,Rute-R,Depok Hub,747.3,1200,14.48,0.9,47.8,IN_TRANSIT,YES,SHP-20260707-03571
2026-07-08 15:22:00,TRK-097,Rute-E,Bekasi Logistics Hub,748.2,1200,14.92,1.0,48.4,DELAYED,NO,SHP-20260708-03572
2026-07-09 17:33:00,TRK-100,Rute-J,Petamburan Hub,749.0,1200,15.36,1.2,49.1,LOADED,YES,SHP-20260709-03573
2026-07-10 10:44:00,TRK-103,Rute-O,Grogol Hub (Jakbar),749.9,1200,15.8,1.4,49.7,RETURNING,NO,SHP-20260710-03574
2026-07-11 13:55:00,TRK-106,Rute-B,Central Hub (Jakarta),750.8,1400,16.24,1.5,50.3,DELIVERED,YES,SHP-20260711-03575
2026-07-12 17:06:00,TRK-109,Rute-G,Gudang West (Tangerang),751.7,1200,16.68,1.7,50.9,IN_TRANSIT,YES,SHP-20260712-03576
2026-07-13 10:17:00,TRK-112,Rute-L,Cikarang Industrial Hub,752.6,1200,17.12,1.8,51.5,DELAYED,NO,SHP-20260713-03577
2026-07-14 13:28:00,TRK-115,Rute-Q,Bogor Transit Hub,753.4,1200,17.56,2.0,52.2,LOADED,YES,SHP-20260714-03578
2026-07-15 15:39:00,TRK-118,Rute-D,Depok Hub,754.3,1200,18.0,2.2,52.8,RETURNING,NO,SHP-20260715-03579
2026-07-16 08:50:00,TRK-121,Rute-I,Bekasi Logistics Hub,755.2,1400,18.44,2.3,53.4,DELIVERED,YES,SHP-20260716-03580
2026-07-17 12:01:00,TRK-124,Rute-N,Petamburan Hub,756.1,1200,18.88,2.5,54.0,IN_TRANSIT,YES,SHP-20260717-03581
2026-07-18 15:12:00,TRK-127,Rute-A,Grogol Hub (Jakbar),757.0,1200,19.32,2.6,54.6,DELAYED,NO,SHP-20260718-03582
2026-07-19 18:23:00,TRK-130,Rute-F,Central Hub (Jakarta),757.8,1200,19.76,2.8,55.3,LOADED,YES,SHP-20260719-03583
2026-07-20 10:34:00,TRK-133,Rute-K,Gudang West (Tangerang),758.7,1200,20.2,0.4,55.9,RETURNING,NO,SHP-20260720-03584
2026-07-21 13:45:00,TRK-136,Rute-P,Cikarang Industrial Hub,759.6,1400,20.64,0.6,56.5,DELIVERED,YES,SHP-20260721-03585
2026-07-22 16:56:00,TRK-139,Rute-C,Bogor Transit Hub,760.5,1200,21.08,0.7,57.1,IN_TRANSIT,YES,SHP-20260722-03586
2026-07-23 10:07:00,TRK-142,Rute-H,Depok Hub,761.4,1200,21.52,0.9,57.7,DELAYED,NO,SHP-20260723-03587
2026-07-24 13:18:00,TRK-145,Rute-M,Bekasi Logistics Hub,762.2,1200,21.96,1.0,58.4,LOADED,YES,SHP-20260724-03588
2026-07-25 16:29:00,TRK-148,Rute-R,Petamburan Hub,763.1,1200,22.4,1.2,59.0,RETURNING,NO,SHP-20260725-03589
2026-07-26 08:40:00,TRK-151,Rute-E,Grogol Hub (Jakbar),764.0,1400,22.84,1.4,59.6,DELIVERED,YES,SHP-20260726-03590
2026-07-27 11:51:00,TRK-154,Rute-J,Central Hub (Jakarta),764.9,1200,23.28,1.5,60.2,IN_TRANSIT,YES,SHP-20260727-03591
2026-07-28 15:02:00,TRK-157,Rute-O,Gudang West (Tangerang),765.8,1200,23.72,1.7,60.8,DELAYED,NO,SHP-20260728-03592
2026-07-29 18:13:00,TRK-160,Rute-B,Cikarang Industrial Hub,766.6,1200,24.16,1.8,61.5,LOADED,YES,SHP-20260729-03593
2026-07-30 11:24:00,TRK-163,Rute-G,Bogor Transit Hub,767.5,1200,24.6,2.0,62.1,RETURNING,NO,SHP-20260730-03594
2026-07-31 13:35:00,TRK-166,Rute-L,Depok Hub,768.4,1400,25.04,2.2,62.7,DELIVERED,YES,SHP-20260731-03595
2026-07-01 16:46:00,TRK-169,Rute-Q,Bekasi Logistics Hub,769.3,1200,25.48,2.3,63.3,IN_TRANSIT,YES,SHP-20260701-03596
2026-07-02 09:57:00,TRK-172,Rute-D,Petamburan Hub,770.2,1200,25.92,2.5,63.9,DELAYED,NO,SHP-20260702-03597
2026-07-03 13:08:00,TRK-175,Rute-I,Grogol Hub (Jakbar),771.0,1200,26.36,2.6,64.6,LOADED,YES,SHP-20260703-03598
2026-07-04 16:19:00,TRK-178,Rute-N,Central Hub (Jakarta),771.9,1200,26.8,2.8,65.2,RETURNING,NO,SHP-20260704-03599
2026-07-05 08:30:00,TRK-001,Rute-A,Gudang West (Tangerang),772.8,1400,11.4,0.4,65.8,DELIVERED,YES,SHP-20260705-03600
2026-07-06 11:41:00,TRK-004,Rute-F,Cikarang Industrial Hub,773.7,1200,11.84,0.6,66.4,IN_TRANSIT,YES,SHP-20260706-03601
2026-07-07 14:52:00,TRK-007,Rute-K,Bogor Transit Hub,774.6,1200,12.28,0.7,67.0,DELAYED,NO,SHP-20260707-03602
2026-07-08 18:03:00,TRK-010,Rute-P,Depok Hub,775.4,1200,12.72,0.9,67.7,LOADED,YES,SHP-20260708-03603
2026-07-09 11:14:00,TRK-013,Rute-C,Bekasi Logistics Hub,776.3,1200,13.16,1.0,68.3,RETURNING,NO,SHP-20260709-03604
2026-07-10 14:25:00,TRK-016,Rute-H,Petamburan Hub,777.2,1400,13.6,1.2,68.9,DELIVERED,YES,SHP-20260710-03605
2026-07-11 16:36:00,TRK-019,Rute-M,Grogol Hub (Jakbar),778.1,1200,14.04,1.4,69.5,IN_TRANSIT,YES,SHP-20260711-03606
2026-07-12 09:47:00,TRK-022,Rute-R,Central Hub (Jakarta),779.0,1200,14.48,1.5,70.1,DELAYED,NO,SHP-20260712-03607
2026-07-13 12:58:00,TRK-025,Rute-E,Gudang West (Tangerang),779.8,1200,14.92,1.7,70.8,LOADED,YES,SHP-20260713-03608
2026-07-14 16:09:00,TRK-028,Rute-J,Cikarang Industrial Hub,780.7,1200,15.36,1.8,71.4,RETURNING,NO,SHP-20260714-03609
2026-07-15 09:20:00,TRK-031,Rute-O,Bogor Transit Hub,781.6,1400,15.8,2.0,72.0,DELIVERED,YES,SHP-20260715-03610
2026-07-16 11:31:00,TRK-034,Rute-B,Depok Hub,782.5,1200,16.24,2.2,72.6,IN_TRANSIT,YES,SHP-20260716-03611
2026-07-17 14:42:00,TRK-037,Rute-G,Bekasi Logistics Hub,783.4,1200,16.68,2.3,73.2,DELAYED,NO,SHP-20260717-03612
2026-07-18 17:53:00,TRK-040,Rute-L,Petamburan Hub,784.2,1200,17.12,2.5,73.9,LOADED,YES,SHP-20260718-03613
2026-07-19 11:04:00,TRK-043,Rute-Q,Grogol Hub (Jakbar),785.1,1200,17.56,2.6,74.5,RETURNING,NO,SHP-20260719-03614
2026-07-20 14:15:00,TRK-046,Rute-D,Central Hub (Jakarta),786.0,1400,18.0,2.8,75.1,DELIVERED,YES,SHP-20260720-03615
2026-07-21 17:26:00,TRK-049,Rute-I,Gudang West (Tangerang),786.9,1200,18.44,0.4,75.7,IN_TRANSIT,YES,SHP-20260721-03616
2026-07-22 09:37:00,TRK-052,Rute-N,Cikarang Industrial Hub,787.8,1200,18.88,0.6,76.3,DELAYED,NO,SHP-20260722-03617
2026-07-23 12:48:00,TRK-055,Rute-A,Bogor Transit Hub,788.6,1200,19.32,0.7,77.0,LOADED,YES,SHP-20260723-03618
2026-07-24 15:59:00,TRK-058,Rute-F,Depok Hub,789.5,1200,19.76,0.9,77.6,RETURNING,NO,SHP-20260724-03619
2026-07-25 09:10:00,TRK-061,Rute-K,Bekasi Logistics Hub,790.4,1400,20.2,1.0,78.2,DELIVERED,YES,SHP-20260725-03620
2026-07-26 12:21:00,TRK-064,Rute-P,Petamburan Hub,791.3,1200,20.64,1.2,78.8,IN_TRANSIT,YES,SHP-20260726-03621
2026-07-27 14:32:00,TRK-067,Rute-C,Grogol Hub (Jakbar),792.2,1200,21.08,1.4,79.4,DELAYED,NO,SHP-20260727-03622
2026-07-28 17:43:00,TRK-070,Rute-H,Central Hub (Jakarta),793.0,1200,21.52,1.5,80.1,LOADED,YES,SHP-20260728-03623
2026-07-29 10:54:00,TRK-073,Rute-M,Gudang West (Tangerang),793.9,1200,21.96,1.7,80.7,RETURNING,NO,SHP-20260729-03624
2026-07-30 14:05:00,TRK-076,Rute-R,Cikarang Industrial Hub,794.8,1400,22.4,1.8,81.3,DELIVERED,YES,SHP-20260730-03625
2026-07-31 17:16:00,TRK-079,Rute-E,Bogor Transit Hub,795.7,1200,22.84,2.0,81.9,IN_TRANSIT,YES,SHP-20260731-03626
2026-07-01 10:27:00,TRK-082,Rute-J,Depok Hub,796.6,1200,23.28,2.2,82.5,DELAYED,NO,SHP-20260701-03627
2026-07-02 12:38:00,TRK-085,Rute-O,Bekasi Logistics Hub,797.4,1200,23.72,2.3,83.2,LOADED,YES,SHP-20260702-03628
2026-07-03 15:49:00,TRK-088,Rute-B,Petamburan Hub,798.3,1200,24.16,2.5,83.8,RETURNING,NO,SHP-20260703-03629
2026-07-04 09:00:00,TRK-091,Rute-G,Grogol Hub (Jakbar),799.2,1400,24.6,2.6,84.4,DELIVERED,YES,SHP-20260704-03630
2026-07-05 12:11:00,TRK-094,Rute-L,Central Hub (Jakarta),800.1,1200,25.04,2.8,85.0,IN_TRANSIT,YES,SHP-20260705-03631
2026-07-06 15:22:00,TRK-097,Rute-Q,Gudang West (Tangerang),801.0,1200,25.48,0.4,85.6,DELAYED,NO,SHP-20260706-03632
2026-07-07 17:33:00,TRK-100,Rute-D,Cikarang Industrial Hub,801.8,1200,25.92,0.6,86.3,LOADED,YES,SHP-20260707-03633
2026-07-08 10:44:00,TRK-103,Rute-I,Bogor Transit Hub,802.7,1200,26.36,0.7,86.9,RETURNING,NO,SHP-20260708-03634
2026-07-09 13:55:00,TRK-106,Rute-N,Depok Hub,803.6,1400,26.8,0.9,87.5,DELIVERED,YES,SHP-20260709-03635
2026-07-10 17:06:00,TRK-109,Rute-A,Bekasi Logistics Hub,804.5,1200,11.4,1.0,88.1,IN_TRANSIT,YES,SHP-20260710-03636
2026-07-11 10:17:00,TRK-112,Rute-F,Petamburan Hub,805.4,1200,11.84,1.2,88.7,DELAYED,NO,SHP-20260711-03637
2026-07-12 13:28:00,TRK-115,Rute-K,Grogol Hub (Jakbar),806.2,1200,12.28,1.4,89.4,LOADED,YES,SHP-20260712-03638
2026-07-13 15:39:00,TRK-118,Rute-P,Central Hub (Jakarta),807.1,1200,12.72,1.5,90.0,RETURNING,NO,SHP-20260713-03639
2026-07-14 08:50:00,TRK-121,Rute-C,Gudang West (Tangerang),808.0,1400,13.16,1.7,10.0,DELIVERED,YES,SHP-20260714-03640
2026-07-15 12:01:00,TRK-124,Rute-H,Cikarang Industrial Hub,808.9,1200,13.6,1.8,10.6,IN_TRANSIT,YES,SHP-20260715-03641
2026-07-16 15:12:00,TRK-127,Rute-M,Bogor Transit Hub,809.8,1200,14.04,2.0,11.2,DELAYED,NO,SHP-20260716-03642
2026-07-17 18:23:00,TRK-130,Rute-R,Depok Hub,810.6,1200,14.48,2.2,11.9,LOADED,YES,SHP-20260717-03643
2026-07-18 10:34:00,TRK-133,Rute-E,Bekasi Logistics Hub,811.5,1200,14.92,2.3,12.5,RETURNING,NO,SHP-20260718-03644
2026-07-19 13:45:00,TRK-136,Rute-J,Petamburan Hub,812.4,1400,15.36,2.5,13.1,DELIVERED,YES,SHP-20260719-03645
2026-07-20 16:56:00,TRK-139,Rute-O,Grogol Hub (Jakbar),813.3,1200,15.8,2.6,13.7,IN_TRANSIT,YES,SHP-20260720-03646
2026-07-21 10:07:00,TRK-142,Rute-B,Central Hub (Jakarta),814.2,1200,16.24,2.8,14.3,DELAYED,NO,SHP-20260721-03647
2026-07-22 13:18:00,TRK-145,Rute-G,Gudang West (Tangerang),815.0,1200,16.68,0.4,15.0,LOADED,YES,SHP-20260722-03648
2026-07-23 16:29:00,TRK-148,Rute-L,Cikarang Industrial Hub,815.9,1200,17.12,0.6,15.6,RETURNING,NO,SHP-20260723-03649
2026-07-24 08:40:00,TRK-151,Rute-Q,Bogor Transit Hub,816.8,1400,17.56,0.7,16.2,DELIVERED,YES,SHP-20260724-03650
2026-07-25 11:51:00,TRK-154,Rute-D,Depok Hub,817.7,1200,18.0,0.9,16.8,IN_TRANSIT,YES,SHP-20260725-03651
2026-07-26 15:02:00,TRK-157,Rute-I,Bekasi Logistics Hub,818.6,1200,18.44,1.0,17.4,DELAYED,NO,SHP-20260726-03652
2026-07-27 18:13:00,TRK-160,Rute-N,Petamburan Hub,819.4,1200,18.88,1.2,18.1,LOADED,YES,SHP-20260727-03653
2026-07-28 11:24:00,TRK-163,Rute-A,Grogol Hub (Jakbar),820.3,1200,19.32,1.4,18.7,RETURNING,NO,SHP-20260728-03654
2026-07-29 13:35:00,TRK-166,Rute-F,Central Hub (Jakarta),821.2,1400,19.76,1.5,19.3,DELIVERED,YES,SHP-20260729-03655
2026-07-30 16:46:00,TRK-169,Rute-K,Gudang West (Tangerang),822.1,1200,20.2,1.7,19.9,IN_TRANSIT,YES,SHP-20260730-03656
2026-07-31 09:57:00,TRK-172,Rute-P,Cikarang Industrial Hub,823.0,1200,20.64,1.8,20.5,DELAYED,NO,SHP-20260731-03657
2026-07-01 13:08:00,TRK-175,Rute-C,Bogor Transit Hub,823.8,1200,21.08,2.0,21.2,LOADED,YES,SHP-20260701-03658
2026-07-02 16:19:00,TRK-178,Rute-H,Depok Hub,824.7,1200,21.52,2.2,21.8,RETURNING,NO,SHP-20260702-03659
2026-07-03 08:30:00,TRK-001,Rute-M,Bekasi Logistics Hub,825.6,1400,21.96,2.3,22.4,DELIVERED,YES,SHP-20260703-03660
2026-07-04 11:41:00,TRK-004,Rute-R,Petamburan Hub,826.5,1200,22.4,2.5,23.0,IN_TRANSIT,YES,SHP-20260704-03661
2026-07-05 14:52:00,TRK-007,Rute-E,Grogol Hub (Jakbar),827.4,1200,22.84,2.6,23.6,DELAYED,NO,SHP-20260705-03662
2026-07-06 18:03:00,TRK-010,Rute-J,Central Hub (Jakarta),828.2,1200,23.28,2.8,24.3,LOADED,YES,SHP-20260706-03663
2026-07-07 11:14:00,TRK-013,Rute-O,Gudang West (Tangerang),829.1,1200,23.72,0.4,24.9,RETURNING,NO,SHP-20260707-03664
2026-07-08 14:25:00,TRK-016,Rute-B,Cikarang Industrial Hub,830.0,1400,24.16,0.6,25.5,DELIVERED,YES,SHP-20260708-03665
2026-07-09 16:36:00,TRK-019,Rute-G,Bogor Transit Hub,830.9,1200,24.6,0.7,26.1,IN_TRANSIT,YES,SHP-20260709-03666
2026-07-10 09:47:00,TRK-022,Rute-L,Depok Hub,831.8,1200,25.04,0.9,26.7,DELAYED,NO,SHP-20260710-03667
2026-07-11 12:58:00,TRK-025,Rute-Q,Bekasi Logistics Hub,832.6,1200,25.48,1.0,27.4,LOADED,YES,SHP-20260711-03668
2026-07-12 16:09:00,TRK-028,Rute-D,Petamburan Hub,833.5,1200,25.92,1.2,28.0,RETURNING,NO,SHP-20260712-03669
2026-07-13 09:20:00,TRK-031,Rute-I,Grogol Hub (Jakbar),834.4,1400,26.36,1.4,28.6,DELIVERED,YES,SHP-20260713-03670
2026-07-14 11:31:00,TRK-034,Rute-N,Central Hub (Jakarta),835.3,1200,26.8,1.5,29.2,IN_TRANSIT,YES,SHP-20260714-03671
2026-07-15 14:42:00,TRK-037,Rute-A,Gudang West (Tangerang),836.2,1200,11.4,1.7,29.8,DELAYED,NO,SHP-20260715-03672
2026-07-16 17:53:00,TRK-040,Rute-F,Cikarang Industrial Hub,837.0,1200,11.84,1.8,30.5,LOADED,YES,SHP-20260716-03673
2026-07-17 11:04:00,TRK-043,Rute-K,Bogor Transit Hub,837.9,1200,12.28,2.0,31.1,RETURNING,NO,SHP-20260717-03674
2026-07-18 14:15:00,TRK-046,Rute-P,Depok Hub,838.8,1400,12.72,2.2,31.7,DELIVERED,YES,SHP-20260718-03675
2026-07-19 17:26:00,TRK-049,Rute-C,Bekasi Logistics Hub,839.7,1200,13.16,2.3,32.3,IN_TRANSIT,YES,SHP-20260719-03676
2026-07-20 09:37:00,TRK-052,Rute-H,Petamburan Hub,840.6,1200,13.6,2.5,32.9,DELAYED,NO,SHP-20260720-03677
2026-07-21 12:48:00,TRK-055,Rute-M,Grogol Hub (Jakbar),841.4,1200,14.04,2.6,33.6,LOADED,YES,SHP-20260721-03678
2026-07-22 15:59:00,TRK-058,Rute-R,Central Hub (Jakarta),842.3,1200,14.48,2.8,34.2,RETURNING,NO,SHP-20260722-03679
2026-07-23 09:10:00,TRK-061,Rute-E,Gudang West (Tangerang),843.2,1400,14.92,0.4,34.8,DELIVERED,YES,SHP-20260723-03680
2026-07-24 12:21:00,TRK-064,Rute-J,Cikarang Industrial Hub,844.1,1200,15.36,0.6,35.4,IN_TRANSIT,YES,SHP-20260724-03681
2026-07-25 14:32:00,TRK-067,Rute-O,Bogor Transit Hub,845.0,1200,15.8,0.7,36.0,DELAYED,NO,SHP-20260725-03682
2026-07-26 17:43:00,TRK-070,Rute-B,Depok Hub,845.8,1200,16.24,0.9,36.7,LOADED,YES,SHP-20260726-03683
2026-07-27 10:54:00,TRK-073,Rute-G,Bekasi Logistics Hub,846.7,1200,16.68,1.0,37.3,RETURNING,NO,SHP-20260727-03684
2026-07-28 14:05:00,TRK-076,Rute-L,Petamburan Hub,847.6,1400,17.12,1.2,37.9,DELIVERED,YES,SHP-20260728-03685
2026-07-29 17:16:00,TRK-079,Rute-Q,Grogol Hub (Jakbar),848.5,1200,17.56,1.4,38.5,IN_TRANSIT,YES,SHP-20260729-03686
2026-07-30 10:27:00,TRK-082,Rute-D,Central Hub (Jakarta),849.4,1200,18.0,1.5,39.1,DELAYED,NO,SHP-20260730-03687
2026-07-31 12:38:00,TRK-085,Rute-I,Gudang West (Tangerang),850.2,1200,18.44,1.7,39.8,LOADED,YES,SHP-20260731-03688
2026-07-01 15:49:00,TRK-088,Rute-N,Cikarang Industrial Hub,851.1,1200,18.88,1.8,40.4,RETURNING,NO,SHP-20260701-03689
2026-07-02 09:00:00,TRK-091,Rute-A,Bogor Transit Hub,852.0,1400,19.32,2.0,41.0,DELIVERED,YES,SHP-20260702-03690
2026-07-03 12:11:00,TRK-094,Rute-F,Depok Hub,852.9,1200,19.76,2.2,41.6,IN_TRANSIT,YES,SHP-20260703-03691
2026-07-04 15:22:00,TRK-097,Rute-K,Bekasi Logistics Hub,853.8,1200,20.2,2.3,42.2,DELAYED,NO,SHP-20260704-03692
2026-07-05 17:33:00,TRK-100,Rute-P,Petamburan Hub,854.6,1200,20.64,2.5,42.9,LOADED,YES,SHP-20260705-03693
2026-07-06 10:44:00,TRK-103,Rute-C,Grogol Hub (Jakbar),855.5,1200,21.08,2.6,43.5,RETURNING,NO,SHP-20260706-03694
2026-07-07 13:55:00,TRK-106,Rute-H,Central Hub (Jakarta),856.4,1400,21.52,2.8,44.1,DELIVERED,YES,SHP-20260707-03695
2026-07-08 17:06:00,TRK-109,Rute-M,Gudang West (Tangerang),857.3,1200,21.96,0.4,44.7,IN_TRANSIT,YES,SHP-20260708-03696
2026-07-09 10:17:00,TRK-112,Rute-R,Cikarang Industrial Hub,858.2,1200,22.4,0.6,45.3,DELAYED,NO,SHP-20260709-03697
2026-07-10 13:28:00,TRK-115,Rute-E,Bogor Transit Hub,859.0,1200,22.84,0.7,46.0,LOADED,YES,SHP-20260710-03698
2026-07-11 15:39:00,TRK-118,Rute-J,Depok Hub,859.9,1200,23.28,0.9,46.6,RETURNING,NO,SHP-20260711-03699
2026-07-12 08:50:00,TRK-121,Rute-O,Bekasi Logistics Hub,860.8,1400,23.72,1.0,47.2,DELIVERED,YES,SHP-20260712-03700
2026-07-13 12:01:00,TRK-124,Rute-B,Petamburan Hub,861.7,1200,24.16,1.2,47.8,IN_TRANSIT,YES,SHP-20260713-03701
2026-07-14 15:12:00,TRK-127,Rute-G,Grogol Hub (Jakbar),862.6,1200,24.6,1.4,48.4,DELAYED,NO,SHP-20260714-03702
2026-07-15 18:23:00,TRK-130,Rute-L,Central Hub (Jakarta),863.4,1200,25.04,1.5,49.1,LOADED,YES,SHP-20260715-03703
2026-07-16 10:34:00,TRK-133,Rute-Q,Gudang West (Tangerang),864.3,1200,25.48,1.7,49.7,RETURNING,NO,SHP-20260716-03704
2026-07-17 13:45:00,TRK-136,Rute-D,Cikarang Industrial Hub,865.2,1400,25.92,1.8,50.3,DELIVERED,YES,SHP-20260717-03705
2026-07-18 16:56:00,TRK-139,Rute-I,Bogor Transit Hub,866.1,1200,26.36,2.0,50.9,IN_TRANSIT,YES,SHP-20260718-03706
2026-07-19 10:07:00,TRK-142,Rute-N,Depok Hub,867.0,1200,26.8,2.2,51.5,DELAYED,NO,SHP-20260719-03707
2026-07-20 13:18:00,TRK-145,Rute-A,Bekasi Logistics Hub,867.8,1200,11.4,2.3,52.2,LOADED,YES,SHP-20260720-03708
2026-07-21 16:29:00,TRK-148,Rute-F,Petamburan Hub,868.7,1200,11.84,2.5,52.8,RETURNING,NO,SHP-20260721-03709
2026-07-22 08:40:00,TRK-151,Rute-K,Grogol Hub (Jakbar),869.6,1400,12.28,2.6,53.4,DELIVERED,YES,SHP-20260722-03710
2026-07-23 11:51:00,TRK-154,Rute-P,Central Hub (Jakarta),870.5,1200,12.72,2.8,54.0,IN_TRANSIT,YES,SHP-20260723-03711
2026-07-24 15:02:00,TRK-157,Rute-C,Gudang West (Tangerang),871.4,1200,13.16,0.4,54.6,DELAYED,NO,SHP-20260724-03712
2026-07-25 18:13:00,TRK-160,Rute-H,Cikarang Industrial Hub,872.2,1200,13.6,0.6,55.3,LOADED,YES,SHP-20260725-03713
2026-07-26 11:24:00,TRK-163,Rute-M,Bogor Transit Hub,873.1,1200,14.04,0.7,55.9,RETURNING,NO,SHP-20260726-03714
2026-07-27 13:35:00,TRK-166,Rute-R,Depok Hub,874.0,1400,14.48,0.9,56.5,DELIVERED,YES,SHP-20260727-03715
2026-07-28 16:46:00,TRK-169,Rute-E,Bekasi Logistics Hub,874.9,1200,14.92,1.0,57.1,IN_TRANSIT,YES,SHP-20260728-03716
2026-07-29 09:57:00,TRK-172,Rute-J,Petamburan Hub,875.8,1200,15.36,1.2,57.7,DELAYED,NO,SHP-20260729-03717
2026-07-30 13:08:00,TRK-175,Rute-O,Grogol Hub (Jakbar),876.6,1200,15.8,1.4,58.4,LOADED,YES,SHP-20260730-03718
2026-07-31 16:19:00,TRK-178,Rute-B,Central Hub (Jakarta),877.5,1200,16.24,1.5,59.0,RETURNING,NO,SHP-20260731-03719
2026-07-01 08:30:00,TRK-001,Rute-G,Gudang West (Tangerang),878.4,1400,16.68,1.7,59.6,DELIVERED,YES,SHP-20260701-03720
2026-07-02 11:41:00,TRK-004,Rute-L,Cikarang Industrial Hub,879.3,1200,17.12,1.8,60.2,IN_TRANSIT,YES,SHP-20260702-03721
2026-07-03 14:52:00,TRK-007,Rute-Q,Bogor Transit Hub,880.2,1200,17.56,2.0,60.8,DELAYED,NO,SHP-20260703-03722
2026-07-04 18:03:00,TRK-010,Rute-D,Depok Hub,881.0,1200,18.0,2.2,61.5,LOADED,YES,SHP-20260704-03723
2026-07-05 11:14:00,TRK-013,Rute-I,Bekasi Logistics Hub,881.9,1200,18.44,2.3,62.1,RETURNING,NO,SHP-20260705-03724
2026-07-06 14:25:00,TRK-016,Rute-N,Petamburan Hub,882.8,1400,18.88,2.5,62.7,DELIVERED,YES,SHP-20260706-03725
2026-07-07 16:36:00,TRK-019,Rute-A,Grogol Hub (Jakbar),883.7,1200,19.32,2.6,63.3,IN_TRANSIT,YES,SHP-20260707-03726
2026-07-08 09:47:00,TRK-022,Rute-F,Central Hub (Jakarta),884.6,1200,19.76,2.8,63.9,DELAYED,NO,SHP-20260708-03727
2026-07-09 12:58:00,TRK-025,Rute-K,Gudang West (Tangerang),885.4,1200,20.2,0.4,64.6,LOADED,YES,SHP-20260709-03728
2026-07-10 16:09:00,TRK-028,Rute-P,Cikarang Industrial Hub,886.3,1200,20.64,0.6,65.2,RETURNING,NO,SHP-20260710-03729
2026-07-11 09:20:00,TRK-031,Rute-C,Bogor Transit Hub,887.2,1400,21.08,0.7,65.8,DELIVERED,YES,SHP-20260711-03730
2026-07-12 11:31:00,TRK-034,Rute-H,Depok Hub,888.1,1200,21.52,0.9,66.4,IN_TRANSIT,YES,SHP-20260712-03731
2026-07-13 14:42:00,TRK-037,Rute-M,Bekasi Logistics Hub,889.0,1200,21.96,1.0,67.0,DELAYED,NO,SHP-20260713-03732
2026-07-14 17:53:00,TRK-040,Rute-R,Petamburan Hub,889.8,1200,22.4,1.2,67.7,LOADED,YES,SHP-20260714-03733
2026-07-15 11:04:00,TRK-043,Rute-E,Grogol Hub (Jakbar),890.7,1200,22.84,1.4,68.3,RETURNING,NO,SHP-20260715-03734
2026-07-16 14:15:00,TRK-046,Rute-J,Central Hub (Jakarta),891.6,1400,23.28,1.5,68.9,DELIVERED,YES,SHP-20260716-03735
2026-07-17 17:26:00,TRK-049,Rute-O,Gudang West (Tangerang),892.5,1200,23.72,1.7,69.5,IN_TRANSIT,YES,SHP-20260717-03736
2026-07-18 09:37:00,TRK-052,Rute-B,Cikarang Industrial Hub,893.4,1200,24.16,1.8,70.1,DELAYED,NO,SHP-20260718-03737
2026-07-19 12:48:00,TRK-055,Rute-G,Bogor Transit Hub,894.2,1200,24.6,2.0,70.8,LOADED,YES,SHP-20260719-03738
2026-07-20 15:59:00,TRK-058,Rute-L,Depok Hub,895.1,1200,25.04,2.2,71.4,RETURNING,NO,SHP-20260720-03739
2026-07-21 09:10:00,TRK-061,Rute-Q,Bekasi Logistics Hub,896.0,1400,25.48,2.3,72.0,DELIVERED,YES,SHP-20260721-03740
2026-07-22 12:21:00,TRK-064,Rute-D,Petamburan Hub,896.9,1200,25.92,2.5,72.6,IN_TRANSIT,YES,SHP-20260722-03741
2026-07-23 14:32:00,TRK-067,Rute-I,Grogol Hub (Jakbar),897.8,1200,26.36,2.6,73.2,DELAYED,NO,SHP-20260723-03742
2026-07-24 17:43:00,TRK-070,Rute-N,Central Hub (Jakarta),898.6,1200,26.8,2.8,73.9,LOADED,YES,SHP-20260724-03743
2026-07-25 10:54:00,TRK-073,Rute-A,Gudang West (Tangerang),899.5,1200,11.4,0.4,74.5,RETURNING,NO,SHP-20260725-03744
2026-07-26 14:05:00,TRK-076,Rute-F,Cikarang Industrial Hub,900.4,1400,11.84,0.6,75.1,DELIVERED,YES,SHP-20260726-03745
2026-07-27 17:16:00,TRK-079,Rute-K,Bogor Transit Hub,901.3,1200,12.28,0.7,75.7,IN_TRANSIT,YES,SHP-20260727-03746
2026-07-28 10:27:00,TRK-082,Rute-P,Depok Hub,902.2,1200,12.72,0.9,76.3,DELAYED,NO,SHP-20260728-03747
2026-07-29 12:38:00,TRK-085,Rute-C,Bekasi Logistics Hub,903.0,1200,13.16,1.0,77.0,LOADED,YES,SHP-20260729-03748
2026-07-30 15:49:00,TRK-088,Rute-H,Petamburan Hub,903.9,1200,13.6,1.2,77.6,RETURNING,NO,SHP-20260730-03749
2026-07-31 09:00:00,TRK-091,Rute-M,Grogol Hub (Jakbar),904.8,1400,14.04,1.4,78.2,DELIVERED,YES,SHP-20260731-03750
2026-07-01 12:11:00,TRK-094,Rute-R,Central Hub (Jakarta),905.7,1200,14.48,1.5,78.8,IN_TRANSIT,YES,SHP-20260701-03751
2026-07-02 15:22:00,TRK-097,Rute-E,Gudang West (Tangerang),906.6,1200,14.92,1.7,79.4,DELAYED,NO,SHP-20260702-03752
2026-07-03 17:33:00,TRK-100,Rute-J,Cikarang Industrial Hub,907.4,1200,15.36,1.8,80.1,LOADED,YES,SHP-20260703-03753
2026-07-04 10:44:00,TRK-103,Rute-O,Bogor Transit Hub,908.3,1200,15.8,2.0,80.7,RETURNING,NO,SHP-20260704-03754
2026-07-05 13:55:00,TRK-106,Rute-B,Depok Hub,909.2,1400,16.24,2.2,81.3,DELIVERED,YES,SHP-20260705-03755
2026-07-06 17:06:00,TRK-109,Rute-G,Bekasi Logistics Hub,910.1,1200,16.68,2.3,81.9,IN_TRANSIT,YES,SHP-20260706-03756
2026-07-07 10:17:00,TRK-112,Rute-L,Petamburan Hub,911.0,1200,17.12,2.5,82.5,DELAYED,NO,SHP-20260707-03757
2026-07-08 13:28:00,TRK-115,Rute-Q,Grogol Hub (Jakbar),911.8,1200,17.56,2.6,83.2,LOADED,YES,SHP-20260708-03758
2026-07-09 15:39:00,TRK-118,Rute-D,Central Hub (Jakarta),912.7,1200,18.0,2.8,83.8,RETURNING,NO,SHP-20260709-03759
2026-07-10 08:50:00,TRK-121,Rute-I,Gudang West (Tangerang),913.6,1400,18.44,0.4,84.4,DELIVERED,YES,SHP-20260710-03760
2026-07-11 12:01:00,TRK-124,Rute-N,Cikarang Industrial Hub,914.5,1200,18.88,0.6,85.0,IN_TRANSIT,YES,SHP-20260711-03761
2026-07-12 15:12:00,TRK-127,Rute-A,Bogor Transit Hub,915.4,1200,19.32,0.7,85.6,DELAYED,NO,SHP-20260712-03762
2026-07-13 18:23:00,TRK-130,Rute-F,Depok Hub,916.2,1200,19.76,0.9,86.3,LOADED,YES,SHP-20260713-03763
2026-07-14 10:34:00,TRK-133,Rute-K,Bekasi Logistics Hub,917.1,1200,20.2,1.0,86.9,RETURNING,NO,SHP-20260714-03764
2026-07-15 13:45:00,TRK-136,Rute-P,Petamburan Hub,918.0,1400,20.64,1.2,87.5,DELIVERED,YES,SHP-20260715-03765
2026-07-16 16:56:00,TRK-139,Rute-C,Grogol Hub (Jakbar),918.9,1200,21.08,1.4,88.1,IN_TRANSIT,YES,SHP-20260716-03766
2026-07-17 10:07:00,TRK-142,Rute-H,Central Hub (Jakarta),919.8,1200,21.52,1.5,88.7,DELAYED,NO,SHP-20260717-03767
2026-07-18 13:18:00,TRK-145,Rute-M,Gudang West (Tangerang),920.6,1200,21.96,1.7,89.4,LOADED,YES,SHP-20260718-03768
2026-07-19 16:29:00,TRK-148,Rute-R,Cikarang Industrial Hub,921.5,1200,22.4,1.8,90.0,RETURNING,NO,SHP-20260719-03769
2026-07-20 08:40:00,TRK-151,Rute-E,Bogor Transit Hub,922.4,1400,22.84,2.0,10.0,DELIVERED,YES,SHP-20260720-03770
2026-07-21 11:51:00,TRK-154,Rute-J,Depok Hub,923.3,1200,23.28,2.2,10.6,IN_TRANSIT,YES,SHP-20260721-03771
2026-07-22 15:02:00,TRK-157,Rute-O,Bekasi Logistics Hub,924.2,1200,23.72,2.3,11.2,DELAYED,NO,SHP-20260722-03772
2026-07-23 18:13:00,TRK-160,Rute-B,Petamburan Hub,925.0,1200,24.16,2.5,11.9,LOADED,YES,SHP-20260723-03773
2026-07-24 11:24:00,TRK-163,Rute-G,Grogol Hub (Jakbar),925.9,1200,24.6,2.6,12.5,RETURNING,NO,SHP-20260724-03774
2026-07-25 13:35:00,TRK-166,Rute-L,Central Hub (Jakarta),926.8,1400,25.04,2.8,13.1,DELIVERED,YES,SHP-20260725-03775
2026-07-26 16:46:00,TRK-169,Rute-Q,Gudang West (Tangerang),927.7,1200,25.48,0.4,13.7,IN_TRANSIT,YES,SHP-20260726-03776
2026-07-27 09:57:00,TRK-172,Rute-D,Cikarang Industrial Hub,928.6,1200,25.92,0.6,14.3,DELAYED,NO,SHP-20260727-03777
2026-07-28 13:08:00,TRK-175,Rute-I,Bogor Transit Hub,929.4,1200,26.36,0.7,15.0,LOADED,YES,SHP-20260728-03778
2026-07-29 16:19:00,TRK-178,Rute-N,Depok Hub,930.3,1200,26.8,0.9,15.6,RETURNING,NO,SHP-20260729-03779
2026-07-30 08:30:00,TRK-001,Rute-A,Bekasi Logistics Hub,931.2,1400,11.4,1.0,16.2,DELIVERED,YES,SHP-20260730-03780
2026-07-31 11:41:00,TRK-004,Rute-F,Petamburan Hub,932.1,1200,11.84,1.2,16.8,IN_TRANSIT,YES,SHP-20260731-03781
2026-07-01 14:52:00,TRK-007,Rute-K,Grogol Hub (Jakbar),933.0,1200,12.28,1.4,17.4,DELAYED,NO,SHP-20260701-03782
2026-07-02 18:03:00,TRK-010,Rute-P,Central Hub (Jakarta),933.8,1200,12.72,1.5,18.1,LOADED,YES,SHP-20260702-03783
2026-07-03 11:14:00,TRK-013,Rute-C,Gudang West (Tangerang),934.7,1200,13.16,1.7,18.7,RETURNING,NO,SHP-20260703-03784
2026-07-04 14:25:00,TRK-016,Rute-H,Cikarang Industrial Hub,935.6,1400,13.6,1.8,19.3,DELIVERED,YES,SHP-20260704-03785
2026-07-05 16:36:00,TRK-019,Rute-M,Bogor Transit Hub,936.5,1200,14.04,2.0,19.9,IN_TRANSIT,YES,SHP-20260705-03786
2026-07-06 09:47:00,TRK-022,Rute-R,Depok Hub,937.4,1200,14.48,2.2,20.5,DELAYED,NO,SHP-20260706-03787
2026-07-07 12:58:00,TRK-025,Rute-E,Bekasi Logistics Hub,938.2,1200,14.92,2.3,21.2,LOADED,YES,SHP-20260707-03788
2026-07-08 16:09:00,TRK-028,Rute-J,Petamburan Hub,939.1,1200,15.36,2.5,21.8,RETURNING,NO,SHP-20260708-03789
2026-07-09 09:20:00,TRK-031,Rute-O,Grogol Hub (Jakbar),940.0,1400,15.8,2.6,22.4,DELIVERED,YES,SHP-20260709-03790
2026-07-10 11:31:00,TRK-034,Rute-B,Central Hub (Jakarta),940.9,1200,16.24,2.8,23.0,IN_TRANSIT,YES,SHP-20260710-03791
2026-07-11 14:42:00,TRK-037,Rute-G,Gudang West (Tangerang),941.8,1200,16.68,0.4,23.6,DELAYED,NO,SHP-20260711-03792
2026-07-12 17:53:00,TRK-040,Rute-L,Cikarang Industrial Hub,942.6,1200,17.12,0.6,24.3,LOADED,YES,SHP-20260712-03793
2026-07-13 11:04:00,TRK-043,Rute-Q,Bogor Transit Hub,943.5,1200,17.56,0.7,24.9,RETURNING,NO,SHP-20260713-03794
2026-07-14 14:15:00,TRK-046,Rute-D,Depok Hub,944.4,1400,18.0,0.9,25.5,DELIVERED,YES,SHP-20260714-03795
2026-07-15 17:26:00,TRK-049,Rute-I,Bekasi Logistics Hub,945.3,1200,18.44,1.0,26.1,IN_TRANSIT,YES,SHP-20260715-03796
2026-07-16 09:37:00,TRK-052,Rute-N,Petamburan Hub,946.2,1200,18.88,1.2,26.7,DELAYED,NO,SHP-20260716-03797
2026-07-17 12:48:00,TRK-055,Rute-A,Grogol Hub (Jakbar),947.0,1200,19.32,1.4,27.4,LOADED,YES,SHP-20260717-03798
2026-07-18 15:59:00,TRK-058,Rute-F,Central Hub (Jakarta),947.9,1200,19.76,1.5,28.0,RETURNING,NO,SHP-20260718-03799
2026-07-19 09:10:00,TRK-061,Rute-K,Gudang West (Tangerang),280.0,1400,20.2,1.7,28.6,DELIVERED,YES,SHP-20260719-03800
2026-07-20 12:21:00,TRK-064,Rute-P,Cikarang Industrial Hub,280.9,1200,20.64,1.8,29.2,IN_TRANSIT,YES,SHP-20260720-03801
2026-07-21 14:32:00,TRK-067,Rute-C,Bogor Transit Hub,281.8,1200,21.08,2.0,29.8,DELAYED,NO,SHP-20260721-03802
2026-07-22 17:43:00,TRK-070,Rute-H,Depok Hub,282.6,1200,21.52,2.2,30.5,LOADED,YES,SHP-20260722-03803
2026-07-23 10:54:00,TRK-073,Rute-M,Bekasi Logistics Hub,283.5,1200,21.96,2.3,31.1,RETURNING,NO,SHP-20260723-03804
2026-07-24 14:05:00,TRK-076,Rute-R,Petamburan Hub,284.4,1400,22.4,2.5,31.7,DELIVERED,YES,SHP-20260724-03805
2026-07-25 17:16:00,TRK-079,Rute-E,Grogol Hub (Jakbar),285.3,1200,22.84,2.6,32.3,IN_TRANSIT,YES,SHP-20260725-03806
2026-07-26 10:27:00,TRK-082,Rute-J,Central Hub (Jakarta),286.2,1200,23.28,2.8,32.9,DELAYED,NO,SHP-20260726-03807
2026-07-27 12:38:00,TRK-085,Rute-O,Gudang West (Tangerang),287.0,1200,23.72,0.4,33.6,LOADED,YES,SHP-20260727-03808
2026-07-28 15:49:00,TRK-088,Rute-B,Cikarang Industrial Hub,287.9,1200,24.16,0.6,34.2,RETURNING,NO,SHP-20260728-03809
2026-07-29 09:00:00,TRK-091,Rute-G,Bogor Transit Hub,288.8,1400,24.6,0.7,34.8,DELIVERED,YES,SHP-20260729-03810
2026-07-30 12:11:00,TRK-094,Rute-L,Depok Hub,289.7,1200,25.04,0.9,35.4,IN_TRANSIT,YES,SHP-20260730-03811
2026-07-31 15:22:00,TRK-097,Rute-Q,Bekasi Logistics Hub,290.6,1200,25.48,1.0,36.0,DELAYED,NO,SHP-20260731-03812
2026-07-01 17:33:00,TRK-100,Rute-D,Petamburan Hub,291.4,1200,25.92,1.2,36.7,LOADED,YES,SHP-20260701-03813
2026-07-02 10:44:00,TRK-103,Rute-I,Grogol Hub (Jakbar),292.3,1200,26.36,1.4,37.3,RETURNING,NO,SHP-20260702-03814
2026-07-03 13:55:00,TRK-106,Rute-N,Central Hub (Jakarta),293.2,1400,26.8,1.5,37.9,DELIVERED,YES,SHP-20260703-03815
2026-07-04 17:06:00,TRK-109,Rute-A,Gudang West (Tangerang),294.1,1200,11.4,1.7,38.5,IN_TRANSIT,YES,SHP-20260704-03816
2026-07-05 10:17:00,TRK-112,Rute-F,Cikarang Industrial Hub,295.0,1200,11.84,1.8,39.1,DELAYED,NO,SHP-20260705-03817
2026-07-06 13:28:00,TRK-115,Rute-K,Bogor Transit Hub,295.8,1200,12.28,2.0,39.8,LOADED,YES,SHP-20260706-03818
2026-07-07 15:39:00,TRK-118,Rute-P,Depok Hub,296.7,1200,12.72,2.2,40.4,RETURNING,NO,SHP-20260707-03819
2026-07-08 08:50:00,TRK-121,Rute-C,Bekasi Logistics Hub,297.6,1400,13.16,2.3,41.0,DELIVERED,YES,SHP-20260708-03820
2026-07-09 12:01:00,TRK-124,Rute-H,Petamburan Hub,298.5,1200,13.6,2.5,41.6,IN_TRANSIT,YES,SHP-20260709-03821
2026-07-10 15:12:00,TRK-127,Rute-M,Grogol Hub (Jakbar),299.4,1200,14.04,2.6,42.2,DELAYED,NO,SHP-20260710-03822
2026-07-11 18:23:00,TRK-130,Rute-R,Central Hub (Jakarta),300.2,1200,14.48,2.8,42.9,LOADED,YES,SHP-20260711-03823
2026-07-12 10:34:00,TRK-133,Rute-E,Gudang West (Tangerang),301.1,1200,14.92,0.4,43.5,RETURNING,NO,SHP-20260712-03824
2026-07-13 13:45:00,TRK-136,Rute-J,Cikarang Industrial Hub,302.0,1400,15.36,0.6,44.1,DELIVERED,YES,SHP-20260713-03825
2026-07-14 16:56:00,TRK-139,Rute-O,Bogor Transit Hub,302.9,1200,15.8,0.7,44.7,IN_TRANSIT,YES,SHP-20260714-03826
2026-07-15 10:07:00,TRK-142,Rute-B,Depok Hub,303.8,1200,16.24,0.9,45.3,DELAYED,NO,SHP-20260715-03827
2026-07-16 13:18:00,TRK-145,Rute-G,Bekasi Logistics Hub,304.6,1200,16.68,1.0,46.0,LOADED,YES,SHP-20260716-03828
2026-07-17 16:29:00,TRK-148,Rute-L,Petamburan Hub,305.5,1200,17.12,1.2,46.6,RETURNING,NO,SHP-20260717-03829
2026-07-18 08:40:00,TRK-151,Rute-Q,Grogol Hub (Jakbar),306.4,1400,17.56,1.4,47.2,DELIVERED,YES,SHP-20260718-03830
2026-07-19 11:51:00,TRK-154,Rute-D,Central Hub (Jakarta),307.3,1200,18.0,1.5,47.8,IN_TRANSIT,YES,SHP-20260719-03831
2026-07-20 15:02:00,TRK-157,Rute-I,Gudang West (Tangerang),308.2,1200,18.44,1.7,48.4,DELAYED,NO,SHP-20260720-03832
2026-07-21 18:13:00,TRK-160,Rute-N,Cikarang Industrial Hub,309.0,1200,18.88,1.8,49.1,LOADED,YES,SHP-20260721-03833
2026-07-22 11:24:00,TRK-163,Rute-A,Bogor Transit Hub,309.9,1200,19.32,2.0,49.7,RETURNING,NO,SHP-20260722-03834
2026-07-23 13:35:00,TRK-166,Rute-F,Depok Hub,310.8,1400,19.76,2.2,50.3,DELIVERED,YES,SHP-20260723-03835
2026-07-24 16:46:00,TRK-169,Rute-K,Bekasi Logistics Hub,311.7,1200,20.2,2.3,50.9,IN_TRANSIT,YES,SHP-20260724-03836
2026-07-25 09:57:00,TRK-172,Rute-P,Petamburan Hub,312.6,1200,20.64,2.5,51.5,DELAYED,NO,SHP-20260725-03837
2026-07-26 13:08:00,TRK-175,Rute-C,Grogol Hub (Jakbar),313.4,1200,21.08,2.6,52.2,LOADED,YES,SHP-20260726-03838
2026-07-27 16:19:00,TRK-178,Rute-H,Central Hub (Jakarta),314.3,1200,21.52,2.8,52.8,RETURNING,NO,SHP-20260727-03839
2026-07-28 08:30:00,TRK-001,Rute-M,Gudang West (Tangerang),315.2,1400,21.96,0.4,53.4,DELIVERED,YES,SHP-20260728-03840
2026-07-29 11:41:00,TRK-004,Rute-R,Cikarang Industrial Hub,316.1,1200,22.4,0.6,54.0,IN_TRANSIT,YES,SHP-20260729-03841
2026-07-30 14:52:00,TRK-007,Rute-E,Bogor Transit Hub,317.0,1200,22.84,0.7,54.6,DELAYED,NO,SHP-20260730-03842
2026-07-31 18:03:00,TRK-010,Rute-J,Depok Hub,317.8,1200,23.28,0.9,55.3,LOADED,YES,SHP-20260731-03843
2026-07-01 11:14:00,TRK-013,Rute-O,Bekasi Logistics Hub,318.7,1200,23.72,1.0,55.9,RETURNING,NO,SHP-20260701-03844
2026-07-02 14:25:00,TRK-016,Rute-B,Petamburan Hub,319.6,1400,24.16,1.2,56.5,DELIVERED,YES,SHP-20260702-03845
2026-07-03 16:36:00,TRK-019,Rute-G,Grogol Hub (Jakbar),320.5,1200,24.6,1.4,57.1,IN_TRANSIT,YES,SHP-20260703-03846
2026-07-04 09:47:00,TRK-022,Rute-L,Central Hub (Jakarta),321.4,1200,25.04,1.5,57.7,DELAYED,NO,SHP-20260704-03847
2026-07-05 12:58:00,TRK-025,Rute-Q,Gudang West (Tangerang),322.2,1200,25.48,1.7,58.4,LOADED,YES,SHP-20260705-03848
2026-07-06 16:09:00,TRK-028,Rute-D,Cikarang Industrial Hub,323.1,1200,25.92,1.8,59.0,RETURNING,NO,SHP-20260706-03849
2026-07-07 09:20:00,TRK-031,Rute-I,Bogor Transit Hub,324.0,1400,26.36,2.0,59.6,DELIVERED,YES,SHP-20260707-03850
2026-07-08 11:31:00,TRK-034,Rute-N,Depok Hub,324.9,1200,26.8,2.2,60.2,IN_TRANSIT,YES,SHP-20260708-03851
2026-07-09 14:42:00,TRK-037,Rute-A,Bekasi Logistics Hub,325.8,1200,11.4,2.3,60.8,DELAYED,NO,SHP-20260709-03852
2026-07-10 17:53:00,TRK-040,Rute-F,Petamburan Hub,326.6,1200,11.84,2.5,61.5,LOADED,YES,SHP-20260710-03853
2026-07-11 11:04:00,TRK-043,Rute-K,Grogol Hub (Jakbar),327.5,1200,12.28,2.6,62.1,RETURNING,NO,SHP-20260711-03854
2026-07-12 14:15:00,TRK-046,Rute-P,Central Hub (Jakarta),328.4,1400,12.72,2.8,62.7,DELIVERED,YES,SHP-20260712-03855
2026-07-13 17:26:00,TRK-049,Rute-C,Gudang West (Tangerang),329.3,1200,13.16,0.4,63.3,IN_TRANSIT,YES,SHP-20260713-03856
2026-07-14 09:37:00,TRK-052,Rute-H,Cikarang Industrial Hub,330.2,1200,13.6,0.6,63.9,DELAYED,NO,SHP-20260714-03857
2026-07-15 12:48:00,TRK-055,Rute-M,Bogor Transit Hub,331.0,1200,14.04,0.7,64.6,LOADED,YES,SHP-20260715-03858
2026-07-16 15:59:00,TRK-058,Rute-R,Depok Hub,331.9,1200,14.48,0.9,65.2,RETURNING,NO,SHP-20260716-03859
2026-07-17 09:10:00,TRK-061,Rute-E,Bekasi Logistics Hub,332.8,1400,14.92,1.0,65.8,DELIVERED,YES,SHP-20260717-03860
2026-07-18 12:21:00,TRK-064,Rute-J,Petamburan Hub,333.7,1200,15.36,1.2,66.4,IN_TRANSIT,YES,SHP-20260718-03861
2026-07-19 14:32:00,TRK-067,Rute-O,Grogol Hub (Jakbar),334.6,1200,15.8,1.4,67.0,DELAYED,NO,SHP-20260719-03862
2026-07-20 17:43:00,TRK-070,Rute-B,Central Hub (Jakarta),335.4,1200,16.24,1.5,67.7,LOADED,YES,SHP-20260720-03863
2026-07-21 10:54:00,TRK-073,Rute-G,Gudang West (Tangerang),336.3,1200,16.68,1.7,68.3,RETURNING,NO,SHP-20260721-03864
2026-07-22 14:05:00,TRK-076,Rute-L,Cikarang Industrial Hub,337.2,1400,17.12,1.8,68.9,DELIVERED,YES,SHP-20260722-03865
2026-07-23 17:16:00,TRK-079,Rute-Q,Bogor Transit Hub,338.1,1200,17.56,2.0,69.5,IN_TRANSIT,YES,SHP-20260723-03866
2026-07-24 10:27:00,TRK-082,Rute-D,Depok Hub,339.0,1200,18.0,2.2,70.1,DELAYED,NO,SHP-20260724-03867
2026-07-25 12:38:00,TRK-085,Rute-I,Bekasi Logistics Hub,339.8,1200,18.44,2.3,70.8,LOADED,YES,SHP-20260725-03868
2026-07-26 15:49:00,TRK-088,Rute-N,Petamburan Hub,340.7,1200,18.88,2.5,71.4,RETURNING,NO,SHP-20260726-03869
2026-07-27 09:00:00,TRK-091,Rute-A,Grogol Hub (Jakbar),341.6,1400,19.32,2.6,72.0,DELIVERED,YES,SHP-20260727-03870
2026-07-28 12:11:00,TRK-094,Rute-F,Central Hub (Jakarta),342.5,1200,19.76,2.8,72.6,IN_TRANSIT,YES,SHP-20260728-03871
2026-07-29 15:22:00,TRK-097,Rute-K,Gudang West (Tangerang),343.4,1200,20.2,0.4,73.2,DELAYED,NO,SHP-20260729-03872
2026-07-30 17:33:00,TRK-100,Rute-P,Cikarang Industrial Hub,344.2,1200,20.64,0.6,73.9,LOADED,YES,SHP-20260730-03873
2026-07-31 10:44:00,TRK-103,Rute-C,Bogor Transit Hub,345.1,1200,21.08,0.7,74.5,RETURNING,NO,SHP-20260731-03874
2026-07-01 13:55:00,TRK-106,Rute-H,Depok Hub,346.0,1400,21.52,0.9,75.1,DELIVERED,YES,SHP-20260701-03875
2026-07-02 17:06:00,TRK-109,Rute-M,Bekasi Logistics Hub,346.9,1200,21.96,1.0,75.7,IN_TRANSIT,YES,SHP-20260702-03876
2026-07-03 10:17:00,TRK-112,Rute-R,Petamburan Hub,347.8,1200,22.4,1.2,76.3,DELAYED,NO,SHP-20260703-03877
2026-07-04 13:28:00,TRK-115,Rute-E,Grogol Hub (Jakbar),348.6,1200,22.84,1.4,77.0,LOADED,YES,SHP-20260704-03878
2026-07-05 15:39:00,TRK-118,Rute-J,Central Hub (Jakarta),349.5,1200,23.28,1.5,77.6,RETURNING,NO,SHP-20260705-03879
2026-07-06 08:50:00,TRK-121,Rute-O,Gudang West (Tangerang),350.4,1400,23.72,1.7,78.2,DELIVERED,YES,SHP-20260706-03880
2026-07-07 12:01:00,TRK-124,Rute-B,Cikarang Industrial Hub,351.3,1200,24.16,1.8,78.8,IN_TRANSIT,YES,SHP-20260707-03881
2026-07-08 15:12:00,TRK-127,Rute-G,Bogor Transit Hub,352.2,1200,24.6,2.0,79.4,DELAYED,NO,SHP-20260708-03882
2026-07-09 18:23:00,TRK-130,Rute-L,Depok Hub,353.0,1200,25.04,2.2,80.1,LOADED,YES,SHP-20260709-03883
2026-07-10 10:34:00,TRK-133,Rute-Q,Bekasi Logistics Hub,353.9,1200,25.48,2.3,80.7,RETURNING,NO,SHP-20260710-03884
2026-07-11 13:45:00,TRK-136,Rute-D,Petamburan Hub,354.8,1400,25.92,2.5,81.3,DELIVERED,YES,SHP-20260711-03885
2026-07-12 16:56:00,TRK-139,Rute-I,Grogol Hub (Jakbar),355.7,1200,26.36,2.6,81.9,IN_TRANSIT,YES,SHP-20260712-03886
2026-07-13 10:07:00,TRK-142,Rute-N,Central Hub (Jakarta),356.6,1200,26.8,2.8,82.5,DELAYED,NO,SHP-20260713-03887
2026-07-14 13:18:00,TRK-145,Rute-A,Gudang West (Tangerang),357.4,1200,11.4,0.4,83.2,LOADED,YES,SHP-20260714-03888
2026-07-15 16:29:00,TRK-148,Rute-F,Cikarang Industrial Hub,358.3,1200,11.84,0.6,83.8,RETURNING,NO,SHP-20260715-03889
2026-07-16 08:40:00,TRK-151,Rute-K,Bogor Transit Hub,359.2,1400,12.28,0.7,84.4,DELIVERED,YES,SHP-20260716-03890
2026-07-17 11:51:00,TRK-154,Rute-P,Depok Hub,360.1,1200,12.72,0.9,85.0,IN_TRANSIT,YES,SHP-20260717-03891
2026-07-18 15:02:00,TRK-157,Rute-C,Bekasi Logistics Hub,361.0,1200,13.16,1.0,85.6,DELAYED,NO,SHP-20260718-03892
2026-07-19 18:13:00,TRK-160,Rute-H,Petamburan Hub,361.8,1200,13.6,1.2,86.3,LOADED,YES,SHP-20260719-03893
2026-07-20 11:24:00,TRK-163,Rute-M,Grogol Hub (Jakbar),362.7,1200,14.04,1.4,86.9,RETURNING,NO,SHP-20260720-03894
2026-07-21 13:35:00,TRK-166,Rute-R,Central Hub (Jakarta),363.6,1400,14.48,1.5,87.5,DELIVERED,YES,SHP-20260721-03895
2026-07-22 16:46:00,TRK-169,Rute-E,Gudang West (Tangerang),364.5,1200,14.92,1.7,88.1,IN_TRANSIT,YES,SHP-20260722-03896
2026-07-23 09:57:00,TRK-172,Rute-J,Cikarang Industrial Hub,365.4,1200,15.36,1.8,88.7,DELAYED,NO,SHP-20260723-03897
2026-07-24 13:08:00,TRK-175,Rute-O,Bogor Transit Hub,366.2,1200,15.8,2.0,89.4,LOADED,YES,SHP-20260724-03898
2026-07-25 16:19:00,TRK-178,Rute-B,Depok Hub,367.1,1200,16.24,2.2,90.0,RETURNING,NO,SHP-20260725-03899
2026-07-26 08:30:00,TRK-001,Rute-G,Bekasi Logistics Hub,368.0,1400,16.68,2.3,10.0,DELIVERED,YES,SHP-20260726-03900
2026-07-27 11:41:00,TRK-004,Rute-L,Petamburan Hub,368.9,1200,17.12,2.5,10.6,IN_TRANSIT,YES,SHP-20260727-03901
2026-07-28 14:52:00,TRK-007,Rute-Q,Grogol Hub (Jakbar),369.8,1200,17.56,2.6,11.2,DELAYED,NO,SHP-20260728-03902
2026-07-29 18:03:00,TRK-010,Rute-D,Central Hub (Jakarta),370.6,1200,18.0,2.8,11.9,LOADED,YES,SHP-20260729-03903
2026-07-30 11:14:00,TRK-013,Rute-I,Gudang West (Tangerang),371.5,1200,18.44,0.4,12.5,RETURNING,NO,SHP-20260730-03904
2026-07-31 14:25:00,TRK-016,Rute-N,Cikarang Industrial Hub,372.4,1400,18.88,0.6,13.1,DELIVERED,YES,SHP-20260731-03905
2026-07-01 16:36:00,TRK-019,Rute-A,Bogor Transit Hub,373.3,1200,19.32,0.7,13.7,IN_TRANSIT,YES,SHP-20260701-03906
2026-07-02 09:47:00,TRK-022,Rute-F,Depok Hub,374.2,1200,19.76,0.9,14.3,DELAYED,NO,SHP-20260702-03907
2026-07-03 12:58:00,TRK-025,Rute-K,Bekasi Logistics Hub,375.0,1200,20.2,1.0,15.0,LOADED,YES,SHP-20260703-03908
2026-07-04 16:09:00,TRK-028,Rute-P,Petamburan Hub,375.9,1200,20.64,1.2,15.6,RETURNING,NO,SHP-20260704-03909
2026-07-05 09:20:00,TRK-031,Rute-C,Grogol Hub (Jakbar),376.8,1400,21.08,1.4,16.2,DELIVERED,YES,SHP-20260705-03910
2026-07-06 11:31:00,TRK-034,Rute-H,Central Hub (Jakarta),377.7,1200,21.52,1.5,16.8,IN_TRANSIT,YES,SHP-20260706-03911
2026-07-07 14:42:00,TRK-037,Rute-M,Gudang West (Tangerang),378.6,1200,21.96,1.7,17.4,DELAYED,NO,SHP-20260707-03912
2026-07-08 17:53:00,TRK-040,Rute-R,Cikarang Industrial Hub,379.4,1200,22.4,1.8,18.1,LOADED,YES,SHP-20260708-03913
2026-07-09 11:04:00,TRK-043,Rute-E,Bogor Transit Hub,380.3,1200,22.84,2.0,18.7,RETURNING,NO,SHP-20260709-03914
2026-07-10 14:15:00,TRK-046,Rute-J,Depok Hub,381.2,1400,23.28,2.2,19.3,DELIVERED,YES,SHP-20260710-03915
2026-07-11 17:26:00,TRK-049,Rute-O,Bekasi Logistics Hub,382.1,1200,23.72,2.3,19.9,IN_TRANSIT,YES,SHP-20260711-03916
2026-07-12 09:37:00,TRK-052,Rute-B,Petamburan Hub,383.0,1200,24.16,2.5,20.5,DELAYED,NO,SHP-20260712-03917
2026-07-13 12:48:00,TRK-055,Rute-G,Grogol Hub (Jakbar),383.8,1200,24.6,2.6,21.2,LOADED,YES,SHP-20260713-03918
2026-07-14 15:59:00,TRK-058,Rute-L,Central Hub (Jakarta),384.7,1200,25.04,2.8,21.8,RETURNING,NO,SHP-20260714-03919
2026-07-15 09:10:00,TRK-061,Rute-Q,Gudang West (Tangerang),385.6,1400,25.48,0.4,22.4,DELIVERED,YES,SHP-20260715-03920
2026-07-16 12:21:00,TRK-064,Rute-D,Cikarang Industrial Hub,386.5,1200,25.92,0.6,23.0,IN_TRANSIT,YES,SHP-20260716-03921
2026-07-17 14:32:00,TRK-067,Rute-I,Bogor Transit Hub,387.4,1200,26.36,0.7,23.6,DELAYED,NO,SHP-20260717-03922
2026-07-18 17:43:00,TRK-070,Rute-N,Depok Hub,388.2,1200,26.8,0.9,24.3,LOADED,YES,SHP-20260718-03923
2026-07-19 10:54:00,TRK-073,Rute-A,Bekasi Logistics Hub,389.1,1200,11.4,1.0,24.9,RETURNING,NO,SHP-20260719-03924
2026-07-20 14:05:00,TRK-076,Rute-F,Petamburan Hub,390.0,1400,11.84,1.2,25.5,DELIVERED,YES,SHP-20260720-03925
2026-07-21 17:16:00,TRK-079,Rute-K,Grogol Hub (Jakbar),390.9,1200,12.28,1.4,26.1,IN_TRANSIT,YES,SHP-20260721-03926
2026-07-22 10:27:00,TRK-082,Rute-P,Central Hub (Jakarta),391.8,1200,12.72,1.5,26.7,DELAYED,NO,SHP-20260722-03927
2026-07-23 12:38:00,TRK-085,Rute-C,Gudang West (Tangerang),392.6,1200,13.16,1.7,27.4,LOADED,YES,SHP-20260723-03928
2026-07-24 15:49:00,TRK-088,Rute-H,Cikarang Industrial Hub,393.5,1200,13.6,1.8,28.0,RETURNING,NO,SHP-20260724-03929
2026-07-25 09:00:00,TRK-091,Rute-M,Bogor Transit Hub,394.4,1400,14.04,2.0,28.6,DELIVERED,YES,SHP-20260725-03930
2026-07-26 12:11:00,TRK-094,Rute-R,Depok Hub,395.3,1200,14.48,2.2,29.2,IN_TRANSIT,YES,SHP-20260726-03931
2026-07-27 15:22:00,TRK-097,Rute-E,Bekasi Logistics Hub,396.2,1200,14.92,2.3,29.8,DELAYED,NO,SHP-20260727-03932
2026-07-28 17:33:00,TRK-100,Rute-J,Petamburan Hub,397.0,1200,15.36,2.5,30.5,LOADED,YES,SHP-20260728-03933
2026-07-29 10:44:00,TRK-103,Rute-O,Grogol Hub (Jakbar),397.9,1200,15.8,2.6,31.1,RETURNING,NO,SHP-20260729-03934
2026-07-30 13:55:00,TRK-106,Rute-B,Central Hub (Jakarta),398.8,1400,16.24,2.8,31.7,DELIVERED,YES,SHP-20260730-03935
2026-07-31 17:06:00,TRK-109,Rute-G,Gudang West (Tangerang),399.7,1200,16.68,0.4,32.3,IN_TRANSIT,YES,SHP-20260731-03936
2026-07-01 10:17:00,TRK-112,Rute-L,Cikarang Industrial Hub,400.6,1200,17.12,0.6,32.9,DELAYED,NO,SHP-20260701-03937
2026-07-02 13:28:00,TRK-115,Rute-Q,Bogor Transit Hub,401.4,1200,17.56,0.7,33.6,LOADED,YES,SHP-20260702-03938
2026-07-03 15:39:00,TRK-118,Rute-D,Depok Hub,402.3,1200,18.0,0.9,34.2,RETURNING,NO,SHP-20260703-03939
2026-07-04 08:50:00,TRK-121,Rute-I,Bekasi Logistics Hub,403.2,1400,18.44,1.0,34.8,DELIVERED,YES,SHP-20260704-03940
2026-07-05 12:01:00,TRK-124,Rute-N,Petamburan Hub,404.1,1200,18.88,1.2,35.4,IN_TRANSIT,YES,SHP-20260705-03941
2026-07-06 15:12:00,TRK-127,Rute-A,Grogol Hub (Jakbar),405.0,1200,19.32,1.4,36.0,DELAYED,NO,SHP-20260706-03942
2026-07-07 18:23:00,TRK-130,Rute-F,Central Hub (Jakarta),405.8,1200,19.76,1.5,36.7,LOADED,YES,SHP-20260707-03943
2026-07-08 10:34:00,TRK-133,Rute-K,Gudang West (Tangerang),406.7,1200,20.2,1.7,37.3,RETURNING,NO,SHP-20260708-03944
2026-07-09 13:45:00,TRK-136,Rute-P,Cikarang Industrial Hub,407.6,1400,20.64,1.8,37.9,DELIVERED,YES,SHP-20260709-03945
2026-07-10 16:56:00,TRK-139,Rute-C,Bogor Transit Hub,408.5,1200,21.08,2.0,38.5,IN_TRANSIT,YES,SHP-20260710-03946
2026-07-11 10:07:00,TRK-142,Rute-H,Depok Hub,409.4,1200,21.52,2.2,39.1,DELAYED,NO,SHP-20260711-03947
2026-07-12 13:18:00,TRK-145,Rute-M,Bekasi Logistics Hub,410.2,1200,21.96,2.3,39.8,LOADED,YES,SHP-20260712-03948
2026-07-13 16:29:00,TRK-148,Rute-R,Petamburan Hub,411.1,1200,22.4,2.5,40.4,RETURNING,NO,SHP-20260713-03949
2026-07-14 08:40:00,TRK-151,Rute-E,Grogol Hub (Jakbar),412.0,1400,22.84,2.6,41.0,DELIVERED,YES,SHP-20260714-03950
2026-07-15 11:51:00,TRK-154,Rute-J,Central Hub (Jakarta),412.9,1200,23.28,2.8,41.6,IN_TRANSIT,YES,SHP-20260715-03951
2026-07-16 15:02:00,TRK-157,Rute-O,Gudang West (Tangerang),413.8,1200,23.72,0.4,42.2,DELAYED,NO,SHP-20260716-03952
2026-07-17 18:13:00,TRK-160,Rute-B,Cikarang Industrial Hub,414.6,1200,24.16,0.6,42.9,LOADED,YES,SHP-20260717-03953
2026-07-18 11:24:00,TRK-163,Rute-G,Bogor Transit Hub,415.5,1200,24.6,0.7,43.5,RETURNING,NO,SHP-20260718-03954
2026-07-19 13:35:00,TRK-166,Rute-L,Depok Hub,416.4,1400,25.04,0.9,44.1,DELIVERED,YES,SHP-20260719-03955
2026-07-20 16:46:00,TRK-169,Rute-Q,Bekasi Logistics Hub,417.3,1200,25.48,1.0,44.7,IN_TRANSIT,YES,SHP-20260720-03956
2026-07-21 09:57:00,TRK-172,Rute-D,Petamburan Hub,418.2,1200,25.92,1.2,45.3,DELAYED,NO,SHP-20260721-03957
2026-07-22 13:08:00,TRK-175,Rute-I,Grogol Hub (Jakbar),419.0,1200,26.36,1.4,46.0,LOADED,YES,SHP-20260722-03958
2026-07-23 16:19:00,TRK-178,Rute-N,Central Hub (Jakarta),419.9,1200,26.8,1.5,46.6,RETURNING,NO,SHP-20260723-03959
2026-07-24 08:30:00,TRK-001,Rute-A,Gudang West (Tangerang),420.8,1400,11.4,1.7,47.2,DELIVERED,YES,SHP-20260724-03960
2026-07-25 11:41:00,TRK-004,Rute-F,Cikarang Industrial Hub,421.7,1200,11.84,1.8,47.8,IN_TRANSIT,YES,SHP-20260725-03961
2026-07-26 14:52:00,TRK-007,Rute-K,Bogor Transit Hub,422.6,1200,12.28,2.0,48.4,DELAYED,NO,SHP-20260726-03962
2026-07-27 18:03:00,TRK-010,Rute-P,Depok Hub,423.4,1200,12.72,2.2,49.1,LOADED,YES,SHP-20260727-03963
2026-07-28 11:14:00,TRK-013,Rute-C,Bekasi Logistics Hub,424.3,1200,13.16,2.3,49.7,RETURNING,NO,SHP-20260728-03964
2026-07-29 14:25:00,TRK-016,Rute-H,Petamburan Hub,425.2,1400,13.6,2.5,50.3,DELIVERED,YES,SHP-20260729-03965
2026-07-30 16:36:00,TRK-019,Rute-M,Grogol Hub (Jakbar),426.1,1200,14.04,2.6,50.9,IN_TRANSIT,YES,SHP-20260730-03966
2026-07-31 09:47:00,TRK-022,Rute-R,Central Hub (Jakarta),427.0,1200,14.48,2.8,51.5,DELAYED,NO,SHP-20260731-03967
2026-07-01 12:58:00,TRK-025,Rute-E,Gudang West (Tangerang),427.8,1200,14.92,0.4,52.2,LOADED,YES,SHP-20260701-03968
2026-07-02 16:09:00,TRK-028,Rute-J,Cikarang Industrial Hub,428.7,1200,15.36,0.6,52.8,RETURNING,NO,SHP-20260702-03969
2026-07-03 09:20:00,TRK-031,Rute-O,Bogor Transit Hub,429.6,1400,15.8,0.7,53.4,DELIVERED,YES,SHP-20260703-03970
2026-07-04 11:31:00,TRK-034,Rute-B,Depok Hub,430.5,1200,16.24,0.9,54.0,IN_TRANSIT,YES,SHP-20260704-03971
2026-07-05 14:42:00,TRK-037,Rute-G,Bekasi Logistics Hub,431.4,1200,16.68,1.0,54.6,DELAYED,NO,SHP-20260705-03972
2026-07-06 17:53:00,TRK-040,Rute-L,Petamburan Hub,432.2,1200,17.12,1.2,55.3,LOADED,YES,SHP-20260706-03973
2026-07-07 11:04:00,TRK-043,Rute-Q,Grogol Hub (Jakbar),433.1,1200,17.56,1.4,55.9,RETURNING,NO,SHP-20260707-03974
2026-07-08 14:15:00,TRK-046,Rute-D,Central Hub (Jakarta),434.0,1400,18.0,1.5,56.5,DELIVERED,YES,SHP-20260708-03975
2026-07-09 17:26:00,TRK-049,Rute-I,Gudang West (Tangerang),434.9,1200,18.44,1.7,57.1,IN_TRANSIT,YES,SHP-20260709-03976
2026-07-10 09:37:00,TRK-052,Rute-N,Cikarang Industrial Hub,435.8,1200,18.88,1.8,57.7,DELAYED,NO,SHP-20260710-03977
2026-07-11 12:48:00,TRK-055,Rute-A,Bogor Transit Hub,436.6,1200,19.32,2.0,58.4,LOADED,YES,SHP-20260711-03978
2026-07-12 15:59:00,TRK-058,Rute-F,Depok Hub,437.5,1200,19.76,2.2,59.0,RETURNING,NO,SHP-20260712-03979
2026-07-13 09:10:00,TRK-061,Rute-K,Bekasi Logistics Hub,438.4,1400,20.2,2.3,59.6,DELIVERED,YES,SHP-20260713-03980
2026-07-14 12:21:00,TRK-064,Rute-P,Petamburan Hub,439.3,1200,20.64,2.5,60.2,IN_TRANSIT,YES,SHP-20260714-03981
2026-07-15 14:32:00,TRK-067,Rute-C,Grogol Hub (Jakbar),440.2,1200,21.08,2.6,60.8,DELAYED,NO,SHP-20260715-03982
2026-07-16 17:43:00,TRK-070,Rute-H,Central Hub (Jakarta),441.0,1200,21.52,2.8,61.5,LOADED,YES,SHP-20260716-03983
2026-07-17 10:54:00,TRK-073,Rute-M,Gudang West (Tangerang),441.9,1200,21.96,0.4,62.1,RETURNING,NO,SHP-20260717-03984
2026-07-18 14:05:00,TRK-076,Rute-R,Cikarang Industrial Hub,442.8,1400,22.4,0.6,62.7,DELIVERED,YES,SHP-20260718-03985
2026-07-19 17:16:00,TRK-079,Rute-E,Bogor Transit Hub,443.7,1200,22.84,0.7,63.3,IN_TRANSIT,YES,SHP-20260719-03986
2026-07-20 10:27:00,TRK-082,Rute-J,Depok Hub,444.6,1200,23.28,0.9,63.9,DELAYED,NO,SHP-20260720-03987
2026-07-21 12:38:00,TRK-085,Rute-O,Bekasi Logistics Hub,445.4,1200,23.72,1.0,64.6,LOADED,YES,SHP-20260721-03988
2026-07-22 15:49:00,TRK-088,Rute-B,Petamburan Hub,446.3,1200,24.16,1.2,65.2,RETURNING,NO,SHP-20260722-03989
2026-07-23 09:00:00,TRK-091,Rute-G,Grogol Hub (Jakbar),447.2,1400,24.6,1.4,65.8,DELIVERED,YES,SHP-20260723-03990
2026-07-24 12:11:00,TRK-094,Rute-L,Central Hub (Jakarta),448.1,1200,25.04,1.5,66.4,IN_TRANSIT,YES,SHP-20260724-03991
2026-07-25 15:22:00,TRK-097,Rute-Q,Gudang West (Tangerang),449.0,1200,25.48,1.7,67.0,DELAYED,NO,SHP-20260725-03992
2026-07-26 17:33:00,TRK-100,Rute-D,Cikarang Industrial Hub,449.8,1200,25.92,1.8,67.7,LOADED,YES,SHP-20260726-03993
2026-07-27 10:44:00,TRK-103,Rute-I,Bogor Transit Hub,450.7,1200,26.36,2.0,68.3,RETURNING,NO,SHP-20260727-03994
2026-07-28 13:55:00,TRK-106,Rute-N,Depok Hub,451.6,1400,26.8,2.2,68.9,DELIVERED,YES,SHP-20260728-03995
2026-07-29 17:06:00,TRK-109,Rute-A,Bekasi Logistics Hub,452.5,1200,11.4,2.3,69.5,IN_TRANSIT,YES,SHP-20260729-03996
2026-07-30 10:17:00,TRK-112,Rute-F,Petamburan Hub,453.4,1200,11.84,2.5,70.1,DELAYED,NO,SHP-20260730-03997
2026-07-31 13:28:00,TRK-115,Rute-K,Grogol Hub (Jakbar),454.2,1200,12.28,2.6,70.8,LOADED,YES,SHP-20260731-03998
2026-07-01 15:39:00,TRK-118,Rute-P,Central Hub (Jakarta),455.1,1200,12.72,2.8,71.4,RETURNING,NO,SHP-20260701-03999
2026-07-02 08:50:00,TRK-121,Rute-C,Gudang West (Tangerang),456.0,1400,13.16,0.4,72.0,DELIVERED,YES,SHP-20260702-04000
2026-07-03 12:01:00,TRK-124,Rute-H,Cikarang Industrial Hub,456.9,1200,13.6,0.6,72.6,IN_TRANSIT,YES,SHP-20260703-04001
2026-07-04 15:12:00,TRK-127,Rute-M,Bogor Transit Hub,457.8,1200,14.04,0.7,73.2,DELAYED,NO,SHP-20260704-04002
2026-07-05 18:23:00,TRK-130,Rute-R,Depok Hub,458.6,1200,14.48,0.9,73.9,LOADED,YES,SHP-20260705-04003
2026-07-06 10:34:00,TRK-133,Rute-E,Bekasi Logistics Hub,459.5,1200,14.92,1.0,74.5,RETURNING,NO,SHP-20260706-04004
2026-07-07 13:45:00,TRK-136,Rute-J,Petamburan Hub,460.4,1400,15.36,1.2,75.1,DELIVERED,YES,SHP-20260707-04005
2026-07-08 16:56:00,TRK-139,Rute-O,Grogol Hub (Jakbar),461.3,1200,15.8,1.4,75.7,IN_TRANSIT,YES,SHP-20260708-04006
2026-07-09 10:07:00,TRK-142,Rute-B,Central Hub (Jakarta),462.2,1200,16.24,1.5,76.3,DELAYED,NO,SHP-20260709-04007
2026-07-10 13:18:00,TRK-145,Rute-G,Gudang West (Tangerang),463.0,1200,16.68,1.7,77.0,LOADED,YES,SHP-20260710-04008
2026-07-11 16:29:00,TRK-148,Rute-L,Cikarang Industrial Hub,463.9,1200,17.12,1.8,77.6,RETURNING,NO,SHP-20260711-04009
2026-07-12 08:40:00,TRK-151,Rute-Q,Bogor Transit Hub,464.8,1400,17.56,2.0,78.2,DELIVERED,YES,SHP-20260712-04010
2026-07-13 11:51:00,TRK-154,Rute-D,Depok Hub,465.7,1200,18.0,2.2,78.8,IN_TRANSIT,YES,SHP-20260713-04011
2026-07-14 15:02:00,TRK-157,Rute-I,Bekasi Logistics Hub,466.6,1200,18.44,2.3,79.4,DELAYED,NO,SHP-20260714-04012
2026-07-15 18:13:00,TRK-160,Rute-N,Petamburan Hub,467.4,1200,18.88,2.5,80.1,LOADED,YES,SHP-20260715-04013
2026-07-16 11:24:00,TRK-163,Rute-A,Grogol Hub (Jakbar),468.3,1200,19.32,2.6,80.7,RETURNING,NO,SHP-20260716-04014
2026-07-17 13:35:00,TRK-166,Rute-F,Central Hub (Jakarta),469.2,1400,19.76,2.8,81.3,DELIVERED,YES,SHP-20260717-04015
2026-07-18 16:46:00,TRK-169,Rute-K,Gudang West (Tangerang),470.1,1200,20.2,0.4,81.9,IN_TRANSIT,YES,SHP-20260718-04016
2026-07-19 09:57:00,TRK-172,Rute-P,Cikarang Industrial Hub,471.0,1200,20.64,0.6,82.5,DELAYED,NO,SHP-20260719-04017
2026-07-20 13:08:00,TRK-175,Rute-C,Bogor Transit Hub,471.8,1200,21.08,0.7,83.2,LOADED,YES,SHP-20260720-04018
2026-07-21 16:19:00,TRK-178,Rute-H,Depok Hub,472.7,1200,21.52,0.9,83.8,RETURNING,NO,SHP-20260721-04019
2026-07-22 08:30:00,TRK-001,Rute-M,Bekasi Logistics Hub,473.6,1400,21.96,1.0,84.4,DELIVERED,YES,SHP-20260722-04020
2026-07-23 11:41:00,TRK-004,Rute-R,Petamburan Hub,474.5,1200,22.4,1.2,85.0,IN_TRANSIT,YES,SHP-20260723-04021
2026-07-24 14:52:00,TRK-007,Rute-E,Grogol Hub (Jakbar),475.4,1200,22.84,1.4,85.6,DELAYED,NO,SHP-20260724-04022
2026-07-25 18:03:00,TRK-010,Rute-J,Central Hub (Jakarta),476.2,1200,23.28,1.5,86.3,LOADED,YES,SHP-20260725-04023
2026-07-26 11:14:00,TRK-013,Rute-O,Gudang West (Tangerang),477.1,1200,23.72,1.7,86.9,RETURNING,NO,SHP-20260726-04024
2026-07-27 14:25:00,TRK-016,Rute-B,Cikarang Industrial Hub,478.0,1400,24.16,1.8,87.5,DELIVERED,YES,SHP-20260727-04025
2026-07-28 16:36:00,TRK-019,Rute-G,Bogor Transit Hub,478.9,1200,24.6,2.0,88.1,IN_TRANSIT,YES,SHP-20260728-04026
2026-07-29 09:47:00,TRK-022,Rute-L,Depok Hub,479.8,1200,25.04,2.2,88.7,DELAYED,NO,SHP-20260729-04027
2026-07-30 12:58:00,TRK-025,Rute-Q,Bekasi Logistics Hub,480.6,1200,25.48,2.3,89.4,LOADED,YES,SHP-20260730-04028
2026-07-31 16:09:00,TRK-028,Rute-D,Petamburan Hub,481.5,1200,25.92,2.5,90.0,RETURNING,NO,SHP-20260731-04029
2026-07-01 09:20:00,TRK-031,Rute-I,Grogol Hub (Jakbar),482.4,1400,26.36,2.6,10.0,DELIVERED,YES,SHP-20260701-04030
2026-07-02 11:31:00,TRK-034,Rute-N,Central Hub (Jakarta),483.3,1200,26.8,2.8,10.6,IN_TRANSIT,YES,SHP-20260702-04031
2026-07-03 14:42:00,TRK-037,Rute-A,Gudang West (Tangerang),484.2,1200,11.4,0.4,11.2,DELAYED,NO,SHP-20260703-04032
2026-07-04 17:53:00,TRK-040,Rute-F,Cikarang Industrial Hub,485.0,1200,11.84,0.6,11.9,LOADED,YES,SHP-20260704-04033
2026-07-05 11:04:00,TRK-043,Rute-K,Bogor Transit Hub,485.9,1200,12.28,0.7,12.5,RETURNING,NO,SHP-20260705-04034
2026-07-06 14:15:00,TRK-046,Rute-P,Depok Hub,486.8,1400,12.72,0.9,13.1,DELIVERED,YES,SHP-20260706-04035
2026-07-07 17:26:00,TRK-049,Rute-C,Bekasi Logistics Hub,487.7,1200,13.16,1.0,13.7,IN_TRANSIT,YES,SHP-20260707-04036
2026-07-08 09:37:00,TRK-052,Rute-H,Petamburan Hub,488.6,1200,13.6,1.2,14.3,DELAYED,NO,SHP-20260708-04037
2026-07-09 12:48:00,TRK-055,Rute-M,Grogol Hub (Jakbar),489.4,1200,14.04,1.4,15.0,LOADED,YES,SHP-20260709-04038
2026-07-10 15:59:00,TRK-058,Rute-R,Central Hub (Jakarta),490.3,1200,14.48,1.5,15.6,RETURNING,NO,SHP-20260710-04039
2026-07-11 09:10:00,TRK-061,Rute-E,Gudang West (Tangerang),491.2,1400,14.92,1.7,16.2,DELIVERED,YES,SHP-20260711-04040
2026-07-12 12:21:00,TRK-064,Rute-J,Cikarang Industrial Hub,492.1,1200,15.36,1.8,16.8,IN_TRANSIT,YES,SHP-20260712-04041
2026-07-13 14:32:00,TRK-067,Rute-O,Bogor Transit Hub,493.0,1200,15.8,2.0,17.4,DELAYED,NO,SHP-20260713-04042
2026-07-14 17:43:00,TRK-070,Rute-B,Depok Hub,493.8,1200,16.24,2.2,18.1,LOADED,YES,SHP-20260714-04043
2026-07-15 10:54:00,TRK-073,Rute-G,Bekasi Logistics Hub,494.7,1200,16.68,2.3,18.7,RETURNING,NO,SHP-20260715-04044
2026-07-16 14:05:00,TRK-076,Rute-L,Petamburan Hub,495.6,1400,17.12,2.5,19.3,DELIVERED,YES,SHP-20260716-04045
2026-07-17 17:16:00,TRK-079,Rute-Q,Grogol Hub (Jakbar),496.5,1200,17.56,2.6,19.9,IN_TRANSIT,YES,SHP-20260717-04046
2026-07-18 10:27:00,TRK-082,Rute-D,Central Hub (Jakarta),497.4,1200,18.0,2.8,20.5,DELAYED,NO,SHP-20260718-04047
2026-07-19 12:38:00,TRK-085,Rute-I,Gudang West (Tangerang),498.2,1200,18.44,0.4,21.2,LOADED,YES,SHP-20260719-04048
2026-07-20 15:49:00,TRK-088,Rute-N,Cikarang Industrial Hub,499.1,1200,18.88,0.6,21.8,RETURNING,NO,SHP-20260720-04049
2026-07-21 09:00:00,TRK-091,Rute-A,Bogor Transit Hub,500.0,1400,19.32,0.7,22.4,DELIVERED,YES,SHP-20260721-04050
2026-07-22 12:11:00,TRK-094,Rute-F,Depok Hub,500.9,1200,19.76,0.9,23.0,IN_TRANSIT,YES,SHP-20260722-04051
2026-07-23 15:22:00,TRK-097,Rute-K,Bekasi Logistics Hub,501.8,1200,20.2,1.0,23.6,DELAYED,NO,SHP-20260723-04052
2026-07-24 17:33:00,TRK-100,Rute-P,Petamburan Hub,502.6,1200,20.64,1.2,24.3,LOADED,YES,SHP-20260724-04053
2026-07-25 10:44:00,TRK-103,Rute-C,Grogol Hub (Jakbar),503.5,1200,21.08,1.4,24.9,RETURNING,NO,SHP-20260725-04054
2026-07-26 13:55:00,TRK-106,Rute-H,Central Hub (Jakarta),504.4,1400,21.52,1.5,25.5,DELIVERED,YES,SHP-20260726-04055
2026-07-27 17:06:00,TRK-109,Rute-M,Gudang West (Tangerang),505.3,1200,21.96,1.7,26.1,IN_TRANSIT,YES,SHP-20260727-04056
2026-07-28 10:17:00,TRK-112,Rute-R,Cikarang Industrial Hub,506.2,1200,22.4,1.8,26.7,DELAYED,NO,SHP-20260728-04057
2026-07-29 13:28:00,TRK-115,Rute-E,Bogor Transit Hub,507.0,1200,22.84,2.0,27.4,LOADED,YES,SHP-20260729-04058
2026-07-30 15:39:00,TRK-118,Rute-J,Depok Hub,507.9,1200,23.28,2.2,28.0,RETURNING,NO,SHP-20260730-04059
2026-07-31 08:50:00,TRK-121,Rute-O,Bekasi Logistics Hub,508.8,1400,23.72,2.3,28.6,DELIVERED,YES,SHP-20260731-04060
2026-07-01 12:01:00,TRK-124,Rute-B,Petamburan Hub,509.7,1200,24.16,2.5,29.2,IN_TRANSIT,YES,SHP-20260701-04061
2026-07-02 15:12:00,TRK-127,Rute-G,Grogol Hub (Jakbar),510.6,1200,24.6,2.6,29.8,DELAYED,NO,SHP-20260702-04062
2026-07-03 18:23:00,TRK-130,Rute-L,Central Hub (Jakarta),511.4,1200,25.04,2.8,30.5,LOADED,YES,SHP-20260703-04063
2026-07-04 10:34:00,TRK-133,Rute-Q,Gudang West (Tangerang),512.3,1200,25.48,0.4,31.1,RETURNING,NO,SHP-20260704-04064
2026-07-05 13:45:00,TRK-136,Rute-D,Cikarang Industrial Hub,513.2,1400,25.92,0.6,31.7,DELIVERED,YES,SHP-20260705-04065
2026-07-06 16:56:00,TRK-139,Rute-I,Bogor Transit Hub,514.1,1200,26.36,0.7,32.3,IN_TRANSIT,YES,SHP-20260706-04066
2026-07-07 10:07:00,TRK-142,Rute-N,Depok Hub,515.0,1200,26.8,0.9,32.9,DELAYED,NO,SHP-20260707-04067
2026-07-08 13:18:00,TRK-145,Rute-A,Bekasi Logistics Hub,515.8,1200,11.4,1.0,33.6,LOADED,YES,SHP-20260708-04068
2026-07-09 16:29:00,TRK-148,Rute-F,Petamburan Hub,516.7,1200,11.84,1.2,34.2,RETURNING,NO,SHP-20260709-04069
2026-07-10 08:40:00,TRK-151,Rute-K,Grogol Hub (Jakbar),517.6,1400,12.28,1.4,34.8,DELIVERED,YES,SHP-20260710-04070
2026-07-11 11:51:00,TRK-154,Rute-P,Central Hub (Jakarta),518.5,1200,12.72,1.5,35.4,IN_TRANSIT,YES,SHP-20260711-04071
2026-07-12 15:02:00,TRK-157,Rute-C,Gudang West (Tangerang),519.4,1200,13.16,1.7,36.0,DELAYED,NO,SHP-20260712-04072
2026-07-13 18:13:00,TRK-160,Rute-H,Cikarang Industrial Hub,520.2,1200,13.6,1.8,36.7,LOADED,YES,SHP-20260713-04073
2026-07-14 11:24:00,TRK-163,Rute-M,Bogor Transit Hub,521.1,1200,14.04,2.0,37.3,RETURNING,NO,SHP-20260714-04074
2026-07-15 13:35:00,TRK-166,Rute-R,Depok Hub,522.0,1400,14.48,2.2,37.9,DELIVERED,YES,SHP-20260715-04075
2026-07-16 16:46:00,TRK-169,Rute-E,Bekasi Logistics Hub,522.9,1200,14.92,2.3,38.5,IN_TRANSIT,YES,SHP-20260716-04076
2026-07-17 09:57:00,TRK-172,Rute-J,Petamburan Hub,523.8,1200,15.36,2.5,39.1,DELAYED,NO,SHP-20260717-04077
2026-07-18 13:08:00,TRK-175,Rute-O,Grogol Hub (Jakbar),524.6,1200,15.8,2.6,39.8,LOADED,YES,SHP-20260718-04078
2026-07-19 16:19:00,TRK-178,Rute-B,Central Hub (Jakarta),525.5,1200,16.24,2.8,40.4,RETURNING,NO,SHP-20260719-04079
2026-07-20 08:30:00,TRK-001,Rute-G,Gudang West (Tangerang),526.4,1400,16.68,0.4,41.0,DELIVERED,YES,SHP-20260720-04080
2026-07-21 11:41:00,TRK-004,Rute-L,Cikarang Industrial Hub,527.3,1200,17.12,0.6,41.6,IN_TRANSIT,YES,SHP-20260721-04081
2026-07-22 14:52:00,TRK-007,Rute-Q,Bogor Transit Hub,528.2,1200,17.56,0.7,42.2,DELAYED,NO,SHP-20260722-04082
2026-07-23 18:03:00,TRK-010,Rute-D,Depok Hub,529.0,1200,18.0,0.9,42.9,LOADED,YES,SHP-20260723-04083
2026-07-24 11:14:00,TRK-013,Rute-I,Bekasi Logistics Hub,529.9,1200,18.44,1.0,43.5,RETURNING,NO,SHP-20260724-04084
2026-07-25 14:25:00,TRK-016,Rute-N,Petamburan Hub,530.8,1400,18.88,1.2,44.1,DELIVERED,YES,SHP-20260725-04085
2026-07-26 16:36:00,TRK-019,Rute-A,Grogol Hub (Jakbar),531.7,1200,19.32,1.4,44.7,IN_TRANSIT,YES,SHP-20260726-04086
2026-07-27 09:47:00,TRK-022,Rute-F,Central Hub (Jakarta),532.6,1200,19.76,1.5,45.3,DELAYED,NO,SHP-20260727-04087
2026-07-28 12:58:00,TRK-025,Rute-K,Gudang West (Tangerang),533.4,1200,20.2,1.7,46.0,LOADED,YES,SHP-20260728-04088
2026-07-29 16:09:00,TRK-028,Rute-P,Cikarang Industrial Hub,534.3,1200,20.64,1.8,46.6,RETURNING,NO,SHP-20260729-04089
2026-07-30 09:20:00,TRK-031,Rute-C,Bogor Transit Hub,535.2,1400,21.08,2.0,47.2,DELIVERED,YES,SHP-20260730-04090
2026-07-31 11:31:00,TRK-034,Rute-H,Depok Hub,536.1,1200,21.52,2.2,47.8,IN_TRANSIT,YES,SHP-20260731-04091
2026-07-01 14:42:00,TRK-037,Rute-M,Bekasi Logistics Hub,537.0,1200,21.96,2.3,48.4,DELAYED,NO,SHP-20260701-04092
2026-07-02 17:53:00,TRK-040,Rute-R,Petamburan Hub,537.8,1200,22.4,2.5,49.1,LOADED,YES,SHP-20260702-04093
2026-07-03 11:04:00,TRK-043,Rute-E,Grogol Hub (Jakbar),538.7,1200,22.84,2.6,49.7,RETURNING,NO,SHP-20260703-04094
2026-07-04 14:15:00,TRK-046,Rute-J,Central Hub (Jakarta),539.6,1400,23.28,2.8,50.3,DELIVERED,YES,SHP-20260704-04095
2026-07-05 17:26:00,TRK-049,Rute-O,Gudang West (Tangerang),540.5,1200,23.72,0.4,50.9,IN_TRANSIT,YES,SHP-20260705-04096
2026-07-06 09:37:00,TRK-052,Rute-B,Cikarang Industrial Hub,541.4,1200,24.16,0.6,51.5,DELAYED,NO,SHP-20260706-04097
2026-07-07 12:48:00,TRK-055,Rute-G,Bogor Transit Hub,542.2,1200,24.6,0.7,52.2,LOADED,YES,SHP-20260707-04098
2026-07-08 15:59:00,TRK-058,Rute-L,Depok Hub,543.1,1200,25.04,0.9,52.8,RETURNING,NO,SHP-20260708-04099
2026-07-09 09:10:00,TRK-061,Rute-Q,Bekasi Logistics Hub,544.0,1400,25.48,1.0,53.4,DELIVERED,YES,SHP-20260709-04100
2026-07-10 12:21:00,TRK-064,Rute-D,Petamburan Hub,544.9,1200,25.92,1.2,54.0,IN_TRANSIT,YES,SHP-20260710-04101
2026-07-11 14:32:00,TRK-067,Rute-I,Grogol Hub (Jakbar),545.8,1200,26.36,1.4,54.6,DELAYED,NO,SHP-20260711-04102
2026-07-12 17:43:00,TRK-070,Rute-N,Central Hub (Jakarta),546.6,1200,26.8,1.5,55.3,LOADED,YES,SHP-20260712-04103
2026-07-13 10:54:00,TRK-073,Rute-A,Gudang West (Tangerang),547.5,1200,11.4,1.7,55.9,RETURNING,NO,SHP-20260713-04104
2026-07-14 14:05:00,TRK-076,Rute-F,Cikarang Industrial Hub,548.4,1400,11.84,1.8,56.5,DELIVERED,YES,SHP-20260714-04105
2026-07-15 17:16:00,TRK-079,Rute-K,Bogor Transit Hub,549.3,1200,12.28,2.0,57.1,IN_TRANSIT,YES,SHP-20260715-04106
2026-07-16 10:27:00,TRK-082,Rute-P,Depok Hub,550.2,1200,12.72,2.2,57.7,DELAYED,NO,SHP-20260716-04107
2026-07-17 12:38:00,TRK-085,Rute-C,Bekasi Logistics Hub,551.0,1200,13.16,2.3,58.4,LOADED,YES,SHP-20260717-04108
2026-07-18 15:49:00,TRK-088,Rute-H,Petamburan Hub,551.9,1200,13.6,2.5,59.0,RETURNING,NO,SHP-20260718-04109
2026-07-19 09:00:00,TRK-091,Rute-M,Grogol Hub (Jakbar),552.8,1400,14.04,2.6,59.6,DELIVERED,YES,SHP-20260719-04110
2026-07-20 12:11:00,TRK-094,Rute-R,Central Hub (Jakarta),553.7,1200,14.48,2.8,60.2,IN_TRANSIT,YES,SHP-20260720-04111
2026-07-21 15:22:00,TRK-097,Rute-E,Gudang West (Tangerang),554.6,1200,14.92,0.4,60.8,DELAYED,NO,SHP-20260721-04112
2026-07-22 17:33:00,TRK-100,Rute-J,Cikarang Industrial Hub,555.4,1200,15.36,0.6,61.5,LOADED,YES,SHP-20260722-04113
2026-07-23 10:44:00,TRK-103,Rute-O,Bogor Transit Hub,556.3,1200,15.8,0.7,62.1,RETURNING,NO,SHP-20260723-04114
2026-07-24 13:55:00,TRK-106,Rute-B,Depok Hub,557.2,1400,16.24,0.9,62.7,DELIVERED,YES,SHP-20260724-04115
2026-07-25 17:06:00,TRK-109,Rute-G,Bekasi Logistics Hub,558.1,1200,16.68,1.0,63.3,IN_TRANSIT,YES,SHP-20260725-04116
2026-07-26 10:17:00,TRK-112,Rute-L,Petamburan Hub,559.0,1200,17.12,1.2,63.9,DELAYED,NO,SHP-20260726-04117
2026-07-27 13:28:00,TRK-115,Rute-Q,Grogol Hub (Jakbar),559.8,1200,17.56,1.4,64.6,LOADED,YES,SHP-20260727-04118
2026-07-28 15:39:00,TRK-118,Rute-D,Central Hub (Jakarta),560.7,1200,18.0,1.5,65.2,RETURNING,NO,SHP-20260728-04119
2026-07-29 08:50:00,TRK-121,Rute-I,Gudang West (Tangerang),561.6,1400,18.44,1.7,65.8,DELIVERED,YES,SHP-20260729-04120
2026-07-30 12:01:00,TRK-124,Rute-N,Cikarang Industrial Hub,562.5,1200,18.88,1.8,66.4,IN_TRANSIT,YES,SHP-20260730-04121
2026-07-31 15:12:00,TRK-127,Rute-A,Bogor Transit Hub,563.4,1200,19.32,2.0,67.0,DELAYED,NO,SHP-20260731-04122
2026-07-01 18:23:00,TRK-130,Rute-F,Depok Hub,564.2,1200,19.76,2.2,67.7,LOADED,YES,SHP-20260701-04123
2026-07-02 10:34:00,TRK-133,Rute-K,Bekasi Logistics Hub,565.1,1200,20.2,2.3,68.3,RETURNING,NO,SHP-20260702-04124
2026-07-03 13:45:00,TRK-136,Rute-P,Petamburan Hub,566.0,1400,20.64,2.5,68.9,DELIVERED,YES,SHP-20260703-04125
2026-07-04 16:56:00,TRK-139,Rute-C,Grogol Hub (Jakbar),566.9,1200,21.08,2.6,69.5,IN_TRANSIT,YES,SHP-20260704-04126
2026-07-05 10:07:00,TRK-142,Rute-H,Central Hub (Jakarta),567.8,1200,21.52,2.8,70.1,DELAYED,NO,SHP-20260705-04127
2026-07-06 13:18:00,TRK-145,Rute-M,Gudang West (Tangerang),568.6,1200,21.96,0.4,70.8,LOADED,YES,SHP-20260706-04128
2026-07-07 16:29:00,TRK-148,Rute-R,Cikarang Industrial Hub,569.5,1200,22.4,0.6,71.4,RETURNING,NO,SHP-20260707-04129
2026-07-08 08:40:00,TRK-151,Rute-E,Bogor Transit Hub,570.4,1400,22.84,0.7,72.0,DELIVERED,YES,SHP-20260708-04130
2026-07-09 11:51:00,TRK-154,Rute-J,Depok Hub,571.3,1200,23.28,0.9,72.6,IN_TRANSIT,YES,SHP-20260709-04131
2026-07-10 15:02:00,TRK-157,Rute-O,Bekasi Logistics Hub,572.2,1200,23.72,1.0,73.2,DELAYED,NO,SHP-20260710-04132
2026-07-11 18:13:00,TRK-160,Rute-B,Petamburan Hub,573.0,1200,24.16,1.2,73.9,LOADED,YES,SHP-20260711-04133
2026-07-12 11:24:00,TRK-163,Rute-G,Grogol Hub (Jakbar),573.9,1200,24.6,1.4,74.5,RETURNING,NO,SHP-20260712-04134
2026-07-13 13:35:00,TRK-166,Rute-L,Central Hub (Jakarta),574.8,1400,25.04,1.5,75.1,DELIVERED,YES,SHP-20260713-04135
2026-07-14 16:46:00,TRK-169,Rute-Q,Gudang West (Tangerang),575.7,1200,25.48,1.7,75.7,IN_TRANSIT,YES,SHP-20260714-04136
2026-07-15 09:57:00,TRK-172,Rute-D,Cikarang Industrial Hub,576.6,1200,25.92,1.8,76.3,DELAYED,NO,SHP-20260715-04137
2026-07-16 13:08:00,TRK-175,Rute-I,Bogor Transit Hub,577.4,1200,26.36,2.0,77.0,LOADED,YES,SHP-20260716-04138
2026-07-17 16:19:00,TRK-178,Rute-N,Depok Hub,578.3,1200,26.8,2.2,77.6,RETURNING,NO,SHP-20260717-04139
2026-07-18 08:30:00,TRK-001,Rute-A,Bekasi Logistics Hub,579.2,1400,11.4,2.3,78.2,DELIVERED,YES,SHP-20260718-04140
2026-07-19 11:41:00,TRK-004,Rute-F,Petamburan Hub,580.1,1200,11.84,2.5,78.8,IN_TRANSIT,YES,SHP-20260719-04141
2026-07-20 14:52:00,TRK-007,Rute-K,Grogol Hub (Jakbar),581.0,1200,12.28,2.6,79.4,DELAYED,NO,SHP-20260720-04142
2026-07-21 18:03:00,TRK-010,Rute-P,Central Hub (Jakarta),581.8,1200,12.72,2.8,80.1,LOADED,YES,SHP-20260721-04143
2026-07-22 11:14:00,TRK-013,Rute-C,Gudang West (Tangerang),582.7,1200,13.16,0.4,80.7,RETURNING,NO,SHP-20260722-04144
2026-07-23 14:25:00,TRK-016,Rute-H,Cikarang Industrial Hub,583.6,1400,13.6,0.6,81.3,DELIVERED,YES,SHP-20260723-04145
2026-07-24 16:36:00,TRK-019,Rute-M,Bogor Transit Hub,584.5,1200,14.04,0.7,81.9,IN_TRANSIT,YES,SHP-20260724-04146
2026-07-25 09:47:00,TRK-022,Rute-R,Depok Hub,585.4,1200,14.48,0.9,82.5,DELAYED,NO,SHP-20260725-04147
2026-07-26 12:58:00,TRK-025,Rute-E,Bekasi Logistics Hub,586.2,1200,14.92,1.0,83.2,LOADED,YES,SHP-20260726-04148
2026-07-27 16:09:00,TRK-028,Rute-J,Petamburan Hub,587.1,1200,15.36,1.2,83.8,RETURNING,NO,SHP-20260727-04149
2026-07-28 09:20:00,TRK-031,Rute-O,Grogol Hub (Jakbar),588.0,1400,15.8,1.4,84.4,DELIVERED,YES,SHP-20260728-04150
2026-07-29 11:31:00,TRK-034,Rute-B,Central Hub (Jakarta),588.9,1200,16.24,1.5,85.0,IN_TRANSIT,YES,SHP-20260729-04151
2026-07-30 14:42:00,TRK-037,Rute-G,Gudang West (Tangerang),589.8,1200,16.68,1.7,85.6,DELAYED,NO,SHP-20260730-04152
2026-07-31 17:53:00,TRK-040,Rute-L,Cikarang Industrial Hub,590.6,1200,17.12,1.8,86.3,LOADED,YES,SHP-20260731-04153
2026-07-01 11:04:00,TRK-043,Rute-Q,Bogor Transit Hub,591.5,1200,17.56,2.0,86.9,RETURNING,NO,SHP-20260701-04154
2026-07-02 14:15:00,TRK-046,Rute-D,Depok Hub,592.4,1400,18.0,2.2,87.5,DELIVERED,YES,SHP-20260702-04155
2026-07-03 17:26:00,TRK-049,Rute-I,Bekasi Logistics Hub,593.3,1200,18.44,2.3,88.1,IN_TRANSIT,YES,SHP-20260703-04156
2026-07-04 09:37:00,TRK-052,Rute-N,Petamburan Hub,594.2,1200,18.88,2.5,88.7,DELAYED,NO,SHP-20260704-04157
2026-07-05 12:48:00,TRK-055,Rute-A,Grogol Hub (Jakbar),595.0,1200,19.32,2.6,89.4,LOADED,YES,SHP-20260705-04158
2026-07-06 15:59:00,TRK-058,Rute-F,Central Hub (Jakarta),595.9,1200,19.76,2.8,90.0,RETURNING,NO,SHP-20260706-04159
2026-07-07 09:10:00,TRK-061,Rute-K,Gudang West (Tangerang),596.8,1400,20.2,0.4,10.0,DELIVERED,YES,SHP-20260707-04160
2026-07-08 12:21:00,TRK-064,Rute-P,Cikarang Industrial Hub,597.7,1200,20.64,0.6,10.6,IN_TRANSIT,YES,SHP-20260708-04161
2026-07-09 14:32:00,TRK-067,Rute-C,Bogor Transit Hub,598.6,1200,21.08,0.7,11.2,DELAYED,NO,SHP-20260709-04162
2026-07-10 17:43:00,TRK-070,Rute-H,Depok Hub,599.4,1200,21.52,0.9,11.9,LOADED,YES,SHP-20260710-04163
2026-07-11 10:54:00,TRK-073,Rute-M,Bekasi Logistics Hub,600.3,1200,21.96,1.0,12.5,RETURNING,NO,SHP-20260711-04164
2026-07-12 14:05:00,TRK-076,Rute-R,Petamburan Hub,601.2,1400,22.4,1.2,13.1,DELIVERED,YES,SHP-20260712-04165
2026-07-13 17:16:00,TRK-079,Rute-E,Grogol Hub (Jakbar),602.1,1200,22.84,1.4,13.7,IN_TRANSIT,YES,SHP-20260713-04166
2026-07-14 10:27:00,TRK-082,Rute-J,Central Hub (Jakarta),603.0,1200,23.28,1.5,14.3,DELAYED,NO,SHP-20260714-04167
2026-07-15 12:38:00,TRK-085,Rute-O,Gudang West (Tangerang),603.8,1200,23.72,1.7,15.0,LOADED,YES,SHP-20260715-04168
2026-07-16 15:49:00,TRK-088,Rute-B,Cikarang Industrial Hub,604.7,1200,24.16,1.8,15.6,RETURNING,NO,SHP-20260716-04169
2026-07-17 09:00:00,TRK-091,Rute-G,Bogor Transit Hub,605.6,1400,24.6,2.0,16.2,DELIVERED,YES,SHP-20260717-04170
2026-07-18 12:11:00,TRK-094,Rute-L,Depok Hub,606.5,1200,25.04,2.2,16.8,IN_TRANSIT,YES,SHP-20260718-04171
2026-07-19 15:22:00,TRK-097,Rute-Q,Bekasi Logistics Hub,607.4,1200,25.48,2.3,17.4,DELAYED,NO,SHP-20260719-04172
2026-07-20 17:33:00,TRK-100,Rute-D,Petamburan Hub,608.2,1200,25.92,2.5,18.1,LOADED,YES,SHP-20260720-04173
2026-07-21 10:44:00,TRK-103,Rute-I,Grogol Hub (Jakbar),609.1,1200,26.36,2.6,18.7,RETURNING,NO,SHP-20260721-04174
2026-07-22 13:55:00,TRK-106,Rute-N,Central Hub (Jakarta),610.0,1400,26.8,2.8,19.3,DELIVERED,YES,SHP-20260722-04175
2026-07-23 17:06:00,TRK-109,Rute-A,Gudang West (Tangerang),610.9,1200,11.4,0.4,19.9,IN_TRANSIT,YES,SHP-20260723-04176
2026-07-24 10:17:00,TRK-112,Rute-F,Cikarang Industrial Hub,611.8,1200,11.84,0.6,20.5,DELAYED,NO,SHP-20260724-04177
2026-07-25 13:28:00,TRK-115,Rute-K,Bogor Transit Hub,612.6,1200,12.28,0.7,21.2,LOADED,YES,SHP-20260725-04178
2026-07-26 15:39:00,TRK-118,Rute-P,Depok Hub,613.5,1200,12.72,0.9,21.8,RETURNING,NO,SHP-20260726-04179
2026-07-27 08:50:00,TRK-121,Rute-C,Bekasi Logistics Hub,614.4,1400,13.16,1.0,22.4,DELIVERED,YES,SHP-20260727-04180
2026-07-28 12:01:00,TRK-124,Rute-H,Petamburan Hub,615.3,1200,13.6,1.2,23.0,IN_TRANSIT,YES,SHP-20260728-04181
2026-07-29 15:12:00,TRK-127,Rute-M,Grogol Hub (Jakbar),616.2,1200,14.04,1.4,23.6,DELAYED,NO,SHP-20260729-04182
2026-07-30 18:23:00,TRK-130,Rute-R,Central Hub (Jakarta),617.0,1200,14.48,1.5,24.3,LOADED,YES,SHP-20260730-04183
2026-07-31 10:34:00,TRK-133,Rute-E,Gudang West (Tangerang),617.9,1200,14.92,1.7,24.9,RETURNING,NO,SHP-20260731-04184
2026-07-01 13:45:00,TRK-136,Rute-J,Cikarang Industrial Hub,618.8,1400,15.36,1.8,25.5,DELIVERED,YES,SHP-20260701-04185
2026-07-02 16:56:00,TRK-139,Rute-O,Bogor Transit Hub,619.7,1200,15.8,2.0,26.1,IN_TRANSIT,YES,SHP-20260702-04186
2026-07-03 10:07:00,TRK-142,Rute-B,Depok Hub,620.6,1200,16.24,2.2,26.7,DELAYED,NO,SHP-20260703-04187
2026-07-04 13:18:00,TRK-145,Rute-G,Bekasi Logistics Hub,621.4,1200,16.68,2.3,27.4,LOADED,YES,SHP-20260704-04188
2026-07-05 16:29:00,TRK-148,Rute-L,Petamburan Hub,622.3,1200,17.12,2.5,28.0,RETURNING,NO,SHP-20260705-04189
2026-07-06 08:40:00,TRK-151,Rute-Q,Grogol Hub (Jakbar),623.2,1400,17.56,2.6,28.6,DELIVERED,YES,SHP-20260706-04190
2026-07-07 11:51:00,TRK-154,Rute-D,Central Hub (Jakarta),624.1,1200,18.0,2.8,29.2,IN_TRANSIT,YES,SHP-20260707-04191
2026-07-08 15:02:00,TRK-157,Rute-I,Gudang West (Tangerang),625.0,1200,18.44,0.4,29.8,DELAYED,NO,SHP-20260708-04192
2026-07-09 18:13:00,TRK-160,Rute-N,Cikarang Industrial Hub,625.8,1200,18.88,0.6,30.5,LOADED,YES,SHP-20260709-04193
2026-07-10 11:24:00,TRK-163,Rute-A,Bogor Transit Hub,626.7,1200,19.32,0.7,31.1,RETURNING,NO,SHP-20260710-04194
2026-07-11 13:35:00,TRK-166,Rute-F,Depok Hub,627.6,1400,19.76,0.9,31.7,DELIVERED,YES,SHP-20260711-04195
2026-07-12 16:46:00,TRK-169,Rute-K,Bekasi Logistics Hub,628.5,1200,20.2,1.0,32.3,IN_TRANSIT,YES,SHP-20260712-04196
2026-07-13 09:57:00,TRK-172,Rute-P,Petamburan Hub,629.4,1200,20.64,1.2,32.9,DELAYED,NO,SHP-20260713-04197
2026-07-14 13:08:00,TRK-175,Rute-C,Grogol Hub (Jakbar),630.2,1200,21.08,1.4,33.6,LOADED,YES,SHP-20260714-04198
2026-07-15 16:19:00,TRK-178,Rute-H,Central Hub (Jakarta),631.1,1200,21.52,1.5,34.2,RETURNING,NO,SHP-20260715-04199
2026-07-16 08:30:00,TRK-001,Rute-M,Gudang West (Tangerang),632.0,1400,21.96,1.7,34.8,DELIVERED,YES,SHP-20260716-04200
2026-07-17 11:41:00,TRK-004,Rute-R,Cikarang Industrial Hub,632.9,1200,22.4,1.8,35.4,IN_TRANSIT,YES,SHP-20260717-04201
2026-07-18 14:52:00,TRK-007,Rute-E,Bogor Transit Hub,633.8,1200,22.84,2.0,36.0,DELAYED,NO,SHP-20260718-04202
2026-07-19 18:03:00,TRK-010,Rute-J,Depok Hub,634.6,1200,23.28,2.2,36.7,LOADED,YES,SHP-20260719-04203
2026-07-20 11:14:00,TRK-013,Rute-O,Bekasi Logistics Hub,635.5,1200,23.72,2.3,37.3,RETURNING,NO,SHP-20260720-04204
2026-07-21 14:25:00,TRK-016,Rute-B,Petamburan Hub,636.4,1400,24.16,2.5,37.9,DELIVERED,YES,SHP-20260721-04205
2026-07-22 16:36:00,TRK-019,Rute-G,Grogol Hub (Jakbar),637.3,1200,24.6,2.6,38.5,IN_TRANSIT,YES,SHP-20260722-04206
2026-07-23 09:47:00,TRK-022,Rute-L,Central Hub (Jakarta),638.2,1200,25.04,2.8,39.1,DELAYED,NO,SHP-20260723-04207
2026-07-24 12:58:00,TRK-025,Rute-Q,Gudang West (Tangerang),639.0,1200,25.48,0.4,39.8,LOADED,YES,SHP-20260724-04208
2026-07-25 16:09:00,TRK-028,Rute-D,Cikarang Industrial Hub,639.9,1200,25.92,0.6,40.4,RETURNING,NO,SHP-20260725-04209
2026-07-26 09:20:00,TRK-031,Rute-I,Bogor Transit Hub,640.8,1400,26.36,0.7,41.0,DELIVERED,YES,SHP-20260726-04210
2026-07-27 11:31:00,TRK-034,Rute-N,Depok Hub,641.7,1200,26.8,0.9,41.6,IN_TRANSIT,YES,SHP-20260727-04211
2026-07-28 14:42:00,TRK-037,Rute-A,Bekasi Logistics Hub,642.6,1200,11.4,1.0,42.2,DELAYED,NO,SHP-20260728-04212
2026-07-29 17:53:00,TRK-040,Rute-F,Petamburan Hub,643.4,1200,11.84,1.2,42.9,LOADED,YES,SHP-20260729-04213
2026-07-30 11:04:00,TRK-043,Rute-K,Grogol Hub (Jakbar),644.3,1200,12.28,1.4,43.5,RETURNING,NO,SHP-20260730-04214
2026-07-31 14:15:00,TRK-046,Rute-P,Central Hub (Jakarta),645.2,1400,12.72,1.5,44.1,DELIVERED,YES,SHP-20260731-04215
2026-07-01 17:26:00,TRK-049,Rute-C,Gudang West (Tangerang),646.1,1200,13.16,1.7,44.7,IN_TRANSIT,YES,SHP-20260701-04216
2026-07-02 09:37:00,TRK-052,Rute-H,Cikarang Industrial Hub,647.0,1200,13.6,1.8,45.3,DELAYED,NO,SHP-20260702-04217
2026-07-03 12:48:00,TRK-055,Rute-M,Bogor Transit Hub,647.8,1200,14.04,2.0,46.0,LOADED,YES,SHP-20260703-04218
2026-07-04 15:59:00,TRK-058,Rute-R,Depok Hub,648.7,1200,14.48,2.2,46.6,RETURNING,NO,SHP-20260704-04219
2026-07-05 09:10:00,TRK-061,Rute-E,Bekasi Logistics Hub,649.6,1400,14.92,2.3,47.2,DELIVERED,YES,SHP-20260705-04220
2026-07-06 12:21:00,TRK-064,Rute-J,Petamburan Hub,650.5,1200,15.36,2.5,47.8,IN_TRANSIT,YES,SHP-20260706-04221
2026-07-07 14:32:00,TRK-067,Rute-O,Grogol Hub (Jakbar),651.4,1200,15.8,2.6,48.4,DELAYED,NO,SHP-20260707-04222
2026-07-08 17:43:00,TRK-070,Rute-B,Central Hub (Jakarta),652.2,1200,16.24,2.8,49.1,LOADED,YES,SHP-20260708-04223
2026-07-09 10:54:00,TRK-073,Rute-G,Gudang West (Tangerang),653.1,1200,16.68,0.4,49.7,RETURNING,NO,SHP-20260709-04224
2026-07-10 14:05:00,TRK-076,Rute-L,Cikarang Industrial Hub,654.0,1400,17.12,0.6,50.3,DELIVERED,YES,SHP-20260710-04225
2026-07-11 17:16:00,TRK-079,Rute-Q,Bogor Transit Hub,654.9,1200,17.56,0.7,50.9,IN_TRANSIT,YES,SHP-20260711-04226
2026-07-12 10:27:00,TRK-082,Rute-D,Depok Hub,655.8,1200,18.0,0.9,51.5,DELAYED,NO,SHP-20260712-04227
2026-07-13 12:38:00,TRK-085,Rute-I,Bekasi Logistics Hub,656.6,1200,18.44,1.0,52.2,LOADED,YES,SHP-20260713-04228
2026-07-14 15:49:00,TRK-088,Rute-N,Petamburan Hub,657.5,1200,18.88,1.2,52.8,RETURNING,NO,SHP-20260714-04229
2026-07-15 09:00:00,TRK-091,Rute-A,Grogol Hub (Jakbar),658.4,1400,19.32,1.4,53.4,DELIVERED,YES,SHP-20260715-04230
2026-07-16 12:11:00,TRK-094,Rute-F,Central Hub (Jakarta),659.3,1200,19.76,1.5,54.0,IN_TRANSIT,YES,SHP-20260716-04231
2026-07-17 15:22:00,TRK-097,Rute-K,Gudang West (Tangerang),660.2,1200,20.2,1.7,54.6,DELAYED,NO,SHP-20260717-04232
2026-07-18 17:33:00,TRK-100,Rute-P,Cikarang Industrial Hub,661.0,1200,20.64,1.8,55.3,LOADED,YES,SHP-20260718-04233
2026-07-19 10:44:00,TRK-103,Rute-C,Bogor Transit Hub,661.9,1200,21.08,2.0,55.9,RETURNING,NO,SHP-20260719-04234
2026-07-20 13:55:00,TRK-106,Rute-H,Depok Hub,662.8,1400,21.52,2.2,56.5,DELIVERED,YES,SHP-20260720-04235
2026-07-21 17:06:00,TRK-109,Rute-M,Bekasi Logistics Hub,663.7,1200,21.96,2.3,57.1,IN_TRANSIT,YES,SHP-20260721-04236
2026-07-22 10:17:00,TRK-112,Rute-R,Petamburan Hub,664.6,1200,22.4,2.5,57.7,DELAYED,NO,SHP-20260722-04237
2026-07-23 13:28:00,TRK-115,Rute-E,Grogol Hub (Jakbar),665.4,1200,22.84,2.6,58.4,LOADED,YES,SHP-20260723-04238
2026-07-24 15:39:00,TRK-118,Rute-J,Central Hub (Jakarta),666.3,1200,23.28,2.8,59.0,RETURNING,NO,SHP-20260724-04239
2026-07-25 08:50:00,TRK-121,Rute-O,Gudang West (Tangerang),667.2,1400,23.72,0.4,59.6,DELIVERED,YES,SHP-20260725-04240
2026-07-26 12:01:00,TRK-124,Rute-B,Cikarang Industrial Hub,668.1,1200,24.16,0.6,60.2,IN_TRANSIT,YES,SHP-20260726-04241
2026-07-27 15:12:00,TRK-127,Rute-G,Bogor Transit Hub,669.0,1200,24.6,0.7,60.8,DELAYED,NO,SHP-20260727-04242
2026-07-28 18:23:00,TRK-130,Rute-L,Depok Hub,669.8,1200,25.04,0.9,61.5,LOADED,YES,SHP-20260728-04243
2026-07-29 10:34:00,TRK-133,Rute-Q,Bekasi Logistics Hub,670.7,1200,25.48,1.0,62.1,RETURNING,NO,SHP-20260729-04244
2026-07-30 13:45:00,TRK-136,Rute-D,Petamburan Hub,671.6,1400,25.92,1.2,62.7,DELIVERED,YES,SHP-20260730-04245
2026-07-31 16:56:00,TRK-139,Rute-I,Grogol Hub (Jakbar),672.5,1200,26.36,1.4,63.3,IN_TRANSIT,YES,SHP-20260731-04246
2026-07-01 10:07:00,TRK-142,Rute-N,Central Hub (Jakarta),673.4,1200,26.8,1.5,63.9,DELAYED,NO,SHP-20260701-04247
2026-07-02 13:18:00,TRK-145,Rute-A,Gudang West (Tangerang),674.2,1200,11.4,1.7,64.6,LOADED,YES,SHP-20260702-04248
2026-07-03 16:29:00,TRK-148,Rute-F,Cikarang Industrial Hub,675.1,1200,11.84,1.8,65.2,RETURNING,NO,SHP-20260703-04249
2026-07-04 08:40:00,TRK-151,Rute-K,Bogor Transit Hub,676.0,1400,12.28,2.0,65.8,DELIVERED,YES,SHP-20260704-04250
2026-07-05 11:51:00,TRK-154,Rute-P,Depok Hub,676.9,1200,12.72,2.2,66.4,IN_TRANSIT,YES,SHP-20260705-04251
2026-07-06 15:02:00,TRK-157,Rute-C,Bekasi Logistics Hub,677.8,1200,13.16,2.3,67.0,DELAYED,NO,SHP-20260706-04252
2026-07-07 18:13:00,TRK-160,Rute-H,Petamburan Hub,678.6,1200,13.6,2.5,67.7,LOADED,YES,SHP-20260707-04253
2026-07-08 11:24:00,TRK-163,Rute-M,Grogol Hub (Jakbar),679.5,1200,14.04,2.6,68.3,RETURNING,NO,SHP-20260708-04254
2026-07-09 13:35:00,TRK-166,Rute-R,Central Hub (Jakarta),680.4,1400,14.48,2.8,68.9,DELIVERED,YES,SHP-20260709-04255
2026-07-10 16:46:00,TRK-169,Rute-E,Gudang West (Tangerang),681.3,1200,14.92,0.4,69.5,IN_TRANSIT,YES,SHP-20260710-04256
2026-07-11 09:57:00,TRK-172,Rute-J,Cikarang Industrial Hub,682.2,1200,15.36,0.6,70.1,DELAYED,NO,SHP-20260711-04257
2026-07-12 13:08:00,TRK-175,Rute-O,Bogor Transit Hub,683.0,1200,15.8,0.7,70.8,LOADED,YES,SHP-20260712-04258
2026-07-13 16:19:00,TRK-178,Rute-B,Depok Hub,683.9,1200,16.24,0.9,71.4,RETURNING,NO,SHP-20260713-04259
2026-07-14 08:30:00,TRK-001,Rute-G,Bekasi Logistics Hub,684.8,1400,16.68,1.0,72.0,DELIVERED,YES,SHP-20260714-04260
2026-07-15 11:41:00,TRK-004,Rute-L,Petamburan Hub,685.7,1200,17.12,1.2,72.6,IN_TRANSIT,YES,SHP-20260715-04261
2026-07-16 14:52:00,TRK-007,Rute-Q,Grogol Hub (Jakbar),686.6,1200,17.56,1.4,73.2,DELAYED,NO,SHP-20260716-04262
2026-07-17 18:03:00,TRK-010,Rute-D,Central Hub (Jakarta),687.4,1200,18.0,1.5,73.9,LOADED,YES,SHP-20260717-04263
2026-07-18 11:14:00,TRK-013,Rute-I,Gudang West (Tangerang),688.3,1200,18.44,1.7,74.5,RETURNING,NO,SHP-20260718-04264
2026-07-19 14:25:00,TRK-016,Rute-N,Cikarang Industrial Hub,689.2,1400,18.88,1.8,75.1,DELIVERED,YES,SHP-20260719-04265
2026-07-20 16:36:00,TRK-019,Rute-A,Bogor Transit Hub,690.1,1200,19.32,2.0,75.7,IN_TRANSIT,YES,SHP-20260720-04266
2026-07-21 09:47:00,TRK-022,Rute-F,Depok Hub,691.0,1200,19.76,2.2,76.3,DELAYED,NO,SHP-20260721-04267
2026-07-22 12:58:00,TRK-025,Rute-K,Bekasi Logistics Hub,691.8,1200,20.2,2.3,77.0,LOADED,YES,SHP-20260722-04268
2026-07-23 16:09:00,TRK-028,Rute-P,Petamburan Hub,692.7,1200,20.64,2.5,77.6,RETURNING,NO,SHP-20260723-04269
2026-07-24 09:20:00,TRK-031,Rute-C,Grogol Hub (Jakbar),693.6,1400,21.08,2.6,78.2,DELIVERED,YES,SHP-20260724-04270
2026-07-25 11:31:00,TRK-034,Rute-H,Central Hub (Jakarta),694.5,1200,21.52,2.8,78.8,IN_TRANSIT,YES,SHP-20260725-04271
2026-07-26 14:42:00,TRK-037,Rute-M,Gudang West (Tangerang),695.4,1200,21.96,0.4,79.4,DELAYED,NO,SHP-20260726-04272
2026-07-27 17:53:00,TRK-040,Rute-R,Cikarang Industrial Hub,696.2,1200,22.4,0.6,80.1,LOADED,YES,SHP-20260727-04273
2026-07-28 11:04:00,TRK-043,Rute-E,Bogor Transit Hub,697.1,1200,22.84,0.7,80.7,RETURNING,NO,SHP-20260728-04274
2026-07-29 14:15:00,TRK-046,Rute-J,Depok Hub,698.0,1400,23.28,0.9,81.3,DELIVERED,YES,SHP-20260729-04275
2026-07-30 17:26:00,TRK-049,Rute-O,Bekasi Logistics Hub,698.9,1200,23.72,1.0,81.9,IN_TRANSIT,YES,SHP-20260730-04276
2026-07-31 09:37:00,TRK-052,Rute-B,Petamburan Hub,699.8,1200,24.16,1.2,82.5,DELAYED,NO,SHP-20260731-04277
2026-07-01 12:48:00,TRK-055,Rute-G,Grogol Hub (Jakbar),700.6,1200,24.6,1.4,83.2,LOADED,YES,SHP-20260701-04278
2026-07-02 15:59:00,TRK-058,Rute-L,Central Hub (Jakarta),701.5,1200,25.04,1.5,83.8,RETURNING,NO,SHP-20260702-04279
2026-07-03 09:10:00,TRK-061,Rute-Q,Gudang West (Tangerang),702.4,1400,25.48,1.7,84.4,DELIVERED,YES,SHP-20260703-04280
2026-07-04 12:21:00,TRK-064,Rute-D,Cikarang Industrial Hub,703.3,1200,25.92,1.8,85.0,IN_TRANSIT,YES,SHP-20260704-04281
2026-07-05 14:32:00,TRK-067,Rute-I,Bogor Transit Hub,704.2,1200,26.36,2.0,85.6,DELAYED,NO,SHP-20260705-04282
2026-07-06 17:43:00,TRK-070,Rute-N,Depok Hub,705.0,1200,26.8,2.2,86.3,LOADED,YES,SHP-20260706-04283
2026-07-07 10:54:00,TRK-073,Rute-A,Bekasi Logistics Hub,705.9,1200,11.4,2.3,86.9,RETURNING,NO,SHP-20260707-04284
2026-07-08 14:05:00,TRK-076,Rute-F,Petamburan Hub,706.8,1400,11.84,2.5,87.5,DELIVERED,YES,SHP-20260708-04285
2026-07-09 17:16:00,TRK-079,Rute-K,Grogol Hub (Jakbar),707.7,1200,12.28,2.6,88.1,IN_TRANSIT,YES,SHP-20260709-04286
2026-07-10 10:27:00,TRK-082,Rute-P,Central Hub (Jakarta),708.6,1200,12.72,2.8,88.7,DELAYED,NO,SHP-20260710-04287
2026-07-11 12:38:00,TRK-085,Rute-C,Gudang West (Tangerang),709.4,1200,13.16,0.4,89.4,LOADED,YES,SHP-20260711-04288
2026-07-12 15:49:00,TRK-088,Rute-H,Cikarang Industrial Hub,710.3,1200,13.6,0.6,90.0,RETURNING,NO,SHP-20260712-04289
2026-07-13 09:00:00,TRK-091,Rute-M,Bogor Transit Hub,711.2,1400,14.04,0.7,10.0,DELIVERED,YES,SHP-20260713-04290
2026-07-14 12:11:00,TRK-094,Rute-R,Depok Hub,712.1,1200,14.48,0.9,10.6,IN_TRANSIT,YES,SHP-20260714-04291
2026-07-15 15:22:00,TRK-097,Rute-E,Bekasi Logistics Hub,713.0,1200,14.92,1.0,11.2,DELAYED,NO,SHP-20260715-04292
2026-07-16 17:33:00,TRK-100,Rute-J,Petamburan Hub,713.8,1200,15.36,1.2,11.9,LOADED,YES,SHP-20260716-04293
2026-07-17 10:44:00,TRK-103,Rute-O,Grogol Hub (Jakbar),714.7,1200,15.8,1.4,12.5,RETURNING,NO,SHP-20260717-04294
2026-07-18 13:55:00,TRK-106,Rute-B,Central Hub (Jakarta),715.6,1400,16.24,1.5,13.1,DELIVERED,YES,SHP-20260718-04295
2026-07-19 17:06:00,TRK-109,Rute-G,Gudang West (Tangerang),716.5,1200,16.68,1.7,13.7,IN_TRANSIT,YES,SHP-20260719-04296
2026-07-20 10:17:00,TRK-112,Rute-L,Cikarang Industrial Hub,717.4,1200,17.12,1.8,14.3,DELAYED,NO,SHP-20260720-04297
2026-07-21 13:28:00,TRK-115,Rute-Q,Bogor Transit Hub,718.2,1200,17.56,2.0,15.0,LOADED,YES,SHP-20260721-04298
2026-07-22 15:39:00,TRK-118,Rute-D,Depok Hub,719.1,1200,18.0,2.2,15.6,RETURNING,NO,SHP-20260722-04299
2026-07-23 08:50:00,TRK-121,Rute-I,Bekasi Logistics Hub,720.0,1400,18.44,2.3,16.2,DELIVERED,YES,SHP-20260723-04300
2026-07-24 12:01:00,TRK-124,Rute-N,Petamburan Hub,720.9,1200,18.88,2.5,16.8,IN_TRANSIT,YES,SHP-20260724-04301
2026-07-25 15:12:00,TRK-127,Rute-A,Grogol Hub (Jakbar),721.8,1200,19.32,2.6,17.4,DELAYED,NO,SHP-20260725-04302
2026-07-26 18:23:00,TRK-130,Rute-F,Central Hub (Jakarta),722.6,1200,19.76,2.8,18.1,LOADED,YES,SHP-20260726-04303
2026-07-27 10:34:00,TRK-133,Rute-K,Gudang West (Tangerang),723.5,1200,20.2,0.4,18.7,RETURNING,NO,SHP-20260727-04304
2026-07-28 13:45:00,TRK-136,Rute-P,Cikarang Industrial Hub,724.4,1400,20.64,0.6,19.3,DELIVERED,YES,SHP-20260728-04305
2026-07-29 16:56:00,TRK-139,Rute-C,Bogor Transit Hub,725.3,1200,21.08,0.7,19.9,IN_TRANSIT,YES,SHP-20260729-04306
2026-07-30 10:07:00,TRK-142,Rute-H,Depok Hub,726.2,1200,21.52,0.9,20.5,DELAYED,NO,SHP-20260730-04307
2026-07-31 13:18:00,TRK-145,Rute-M,Bekasi Logistics Hub,727.0,1200,21.96,1.0,21.2,LOADED,YES,SHP-20260731-04308
2026-07-01 16:29:00,TRK-148,Rute-R,Petamburan Hub,727.9,1200,22.4,1.2,21.8,RETURNING,NO,SHP-20260701-04309
2026-07-02 08:40:00,TRK-151,Rute-E,Grogol Hub (Jakbar),728.8,1400,22.84,1.4,22.4,DELIVERED,YES,SHP-20260702-04310
2026-07-03 11:51:00,TRK-154,Rute-J,Central Hub (Jakarta),729.7,1200,23.28,1.5,23.0,IN_TRANSIT,YES,SHP-20260703-04311
2026-07-04 15:02:00,TRK-157,Rute-O,Gudang West (Tangerang),730.6,1200,23.72,1.7,23.6,DELAYED,NO,SHP-20260704-04312
2026-07-05 18:13:00,TRK-160,Rute-B,Cikarang Industrial Hub,731.4,1200,24.16,1.8,24.3,LOADED,YES,SHP-20260705-04313
2026-07-06 11:24:00,TRK-163,Rute-G,Bogor Transit Hub,732.3,1200,24.6,2.0,24.9,RETURNING,NO,SHP-20260706-04314
2026-07-07 13:35:00,TRK-166,Rute-L,Depok Hub,733.2,1400,25.04,2.2,25.5,DELIVERED,YES,SHP-20260707-04315
2026-07-08 16:46:00,TRK-169,Rute-Q,Bekasi Logistics Hub,734.1,1200,25.48,2.3,26.1,IN_TRANSIT,YES,SHP-20260708-04316
2026-07-09 09:57:00,TRK-172,Rute-D,Petamburan Hub,735.0,1200,25.92,2.5,26.7,DELAYED,NO,SHP-20260709-04317
2026-07-10 13:08:00,TRK-175,Rute-I,Grogol Hub (Jakbar),735.8,1200,26.36,2.6,27.4,LOADED,YES,SHP-20260710-04318
2026-07-11 16:19:00,TRK-178,Rute-N,Central Hub (Jakarta),736.7,1200,26.8,2.8,28.0,RETURNING,NO,SHP-20260711-04319
2026-07-12 08:30:00,TRK-001,Rute-A,Gudang West (Tangerang),737.6,1400,11.4,0.4,28.6,DELIVERED,YES,SHP-20260712-04320
2026-07-13 11:41:00,TRK-004,Rute-F,Cikarang Industrial Hub,738.5,1200,11.84,0.6,29.2,IN_TRANSIT,YES,SHP-20260713-04321
2026-07-14 14:52:00,TRK-007,Rute-K,Bogor Transit Hub,739.4,1200,12.28,0.7,29.8,DELAYED,NO,SHP-20260714-04322
2026-07-15 18:03:00,TRK-010,Rute-P,Depok Hub,740.2,1200,12.72,0.9,30.5,LOADED,YES,SHP-20260715-04323
2026-07-16 11:14:00,TRK-013,Rute-C,Bekasi Logistics Hub,741.1,1200,13.16,1.0,31.1,RETURNING,NO,SHP-20260716-04324
2026-07-17 14:25:00,TRK-016,Rute-H,Petamburan Hub,742.0,1400,13.6,1.2,31.7,DELIVERED,YES,SHP-20260717-04325
2026-07-18 16:36:00,TRK-019,Rute-M,Grogol Hub (Jakbar),742.9,1200,14.04,1.4,32.3,IN_TRANSIT,YES,SHP-20260718-04326
2026-07-19 09:47:00,TRK-022,Rute-R,Central Hub (Jakarta),743.8,1200,14.48,1.5,32.9,DELAYED,NO,SHP-20260719-04327
2026-07-20 12:58:00,TRK-025,Rute-E,Gudang West (Tangerang),744.6,1200,14.92,1.7,33.6,LOADED,YES,SHP-20260720-04328
2026-07-21 16:09:00,TRK-028,Rute-J,Cikarang Industrial Hub,745.5,1200,15.36,1.8,34.2,RETURNING,NO,SHP-20260721-04329
2026-07-22 09:20:00,TRK-031,Rute-O,Bogor Transit Hub,746.4,1400,15.8,2.0,34.8,DELIVERED,YES,SHP-20260722-04330
2026-07-23 11:31:00,TRK-034,Rute-B,Depok Hub,747.3,1200,16.24,2.2,35.4,IN_TRANSIT,YES,SHP-20260723-04331
2026-07-24 14:42:00,TRK-037,Rute-G,Bekasi Logistics Hub,748.2,1200,16.68,2.3,36.0,DELAYED,NO,SHP-20260724-04332
2026-07-25 17:53:00,TRK-040,Rute-L,Petamburan Hub,749.0,1200,17.12,2.5,36.7,LOADED,YES,SHP-20260725-04333
2026-07-26 11:04:00,TRK-043,Rute-Q,Grogol Hub (Jakbar),749.9,1200,17.56,2.6,37.3,RETURNING,NO,SHP-20260726-04334
2026-07-27 14:15:00,TRK-046,Rute-D,Central Hub (Jakarta),750.8,1400,18.0,2.8,37.9,DELIVERED,YES,SHP-20260727-04335
2026-07-28 17:26:00,TRK-049,Rute-I,Gudang West (Tangerang),751.7,1200,18.44,0.4,38.5,IN_TRANSIT,YES,SHP-20260728-04336
2026-07-29 09:37:00,TRK-052,Rute-N,Cikarang Industrial Hub,752.6,1200,18.88,0.6,39.1,DELAYED,NO,SHP-20260729-04337
2026-07-30 12:48:00,TRK-055,Rute-A,Bogor Transit Hub,753.4,1200,19.32,0.7,39.8,LOADED,YES,SHP-20260730-04338
2026-07-31 15:59:00,TRK-058,Rute-F,Depok Hub,754.3,1200,19.76,0.9,40.4,RETURNING,NO,SHP-20260731-04339
2026-07-01 09:10:00,TRK-061,Rute-K,Bekasi Logistics Hub,755.2,1400,20.2,1.0,41.0,DELIVERED,YES,SHP-20260701-04340
2026-07-02 12:21:00,TRK-064,Rute-P,Petamburan Hub,756.1,1200,20.64,1.2,41.6,IN_TRANSIT,YES,SHP-20260702-04341
2026-07-03 14:32:00,TRK-067,Rute-C,Grogol Hub (Jakbar),757.0,1200,21.08,1.4,42.2,DELAYED,NO,SHP-20260703-04342
2026-07-04 17:43:00,TRK-070,Rute-H,Central Hub (Jakarta),757.8,1200,21.52,1.5,42.9,LOADED,YES,SHP-20260704-04343
2026-07-05 10:54:00,TRK-073,Rute-M,Gudang West (Tangerang),758.7,1200,21.96,1.7,43.5,RETURNING,NO,SHP-20260705-04344
2026-07-06 14:05:00,TRK-076,Rute-R,Cikarang Industrial Hub,759.6,1400,22.4,1.8,44.1,DELIVERED,YES,SHP-20260706-04345
2026-07-07 17:16:00,TRK-079,Rute-E,Bogor Transit Hub,760.5,1200,22.84,2.0,44.7,IN_TRANSIT,YES,SHP-20260707-04346
2026-07-08 10:27:00,TRK-082,Rute-J,Depok Hub,761.4,1200,23.28,2.2,45.3,DELAYED,NO,SHP-20260708-04347
2026-07-09 12:38:00,TRK-085,Rute-O,Bekasi Logistics Hub,762.2,1200,23.72,2.3,46.0,LOADED,YES,SHP-20260709-04348
2026-07-10 15:49:00,TRK-088,Rute-B,Petamburan Hub,763.1,1200,24.16,2.5,46.6,RETURNING,NO,SHP-20260710-04349
2026-07-11 09:00:00,TRK-091,Rute-G,Grogol Hub (Jakbar),764.0,1400,24.6,2.6,47.2,DELIVERED,YES,SHP-20260711-04350
2026-07-12 12:11:00,TRK-094,Rute-L,Central Hub (Jakarta),764.9,1200,25.04,2.8,47.8,IN_TRANSIT,YES,SHP-20260712-04351
2026-07-13 15:22:00,TRK-097,Rute-Q,Gudang West (Tangerang),765.8,1200,25.48,0.4,48.4,DELAYED,NO,SHP-20260713-04352
2026-07-14 17:33:00,TRK-100,Rute-D,Cikarang Industrial Hub,766.6,1200,25.92,0.6,49.1,LOADED,YES,SHP-20260714-04353
2026-07-15 10:44:00,TRK-103,Rute-I,Bogor Transit Hub,767.5,1200,26.36,0.7,49.7,RETURNING,NO,SHP-20260715-04354
2026-07-16 13:55:00,TRK-106,Rute-N,Depok Hub,768.4,1400,26.8,0.9,50.3,DELIVERED,YES,SHP-20260716-04355
2026-07-17 17:06:00,TRK-109,Rute-A,Bekasi Logistics Hub,769.3,1200,11.4,1.0,50.9,IN_TRANSIT,YES,SHP-20260717-04356
2026-07-18 10:17:00,TRK-112,Rute-F,Petamburan Hub,770.2,1200,11.84,1.2,51.5,DELAYED,NO,SHP-20260718-04357
2026-07-19 13:28:00,TRK-115,Rute-K,Grogol Hub (Jakbar),771.0,1200,12.28,1.4,52.2,LOADED,YES,SHP-20260719-04358
2026-07-20 15:39:00,TRK-118,Rute-P,Central Hub (Jakarta),771.9,1200,12.72,1.5,52.8,RETURNING,NO,SHP-20260720-04359
2026-07-21 08:50:00,TRK-121,Rute-C,Gudang West (Tangerang),772.8,1400,13.16,1.7,53.4,DELIVERED,YES,SHP-20260721-04360
2026-07-22 12:01:00,TRK-124,Rute-H,Cikarang Industrial Hub,773.7,1200,13.6,1.8,54.0,IN_TRANSIT,YES,SHP-20260722-04361
2026-07-23 15:12:00,TRK-127,Rute-M,Bogor Transit Hub,774.6,1200,14.04,2.0,54.6,DELAYED,NO,SHP-20260723-04362
2026-07-24 18:23:00,TRK-130,Rute-R,Depok Hub,775.4,1200,14.48,2.2,55.3,LOADED,YES,SHP-20260724-04363
2026-07-25 10:34:00,TRK-133,Rute-E,Bekasi Logistics Hub,776.3,1200,14.92,2.3,55.9,RETURNING,NO,SHP-20260725-04364
2026-07-26 13:45:00,TRK-136,Rute-J,Petamburan Hub,777.2,1400,15.36,2.5,56.5,DELIVERED,YES,SHP-20260726-04365
2026-07-27 16:56:00,TRK-139,Rute-O,Grogol Hub (Jakbar),778.1,1200,15.8,2.6,57.1,IN_TRANSIT,YES,SHP-20260727-04366
2026-07-28 10:07:00,TRK-142,Rute-B,Central Hub (Jakarta),779.0,1200,16.24,2.8,57.7,DELAYED,NO,SHP-20260728-04367
2026-07-29 13:18:00,TRK-145,Rute-G,Gudang West (Tangerang),779.8,1200,16.68,0.4,58.4,LOADED,YES,SHP-20260729-04368
2026-07-30 16:29:00,TRK-148,Rute-L,Cikarang Industrial Hub,780.7,1200,17.12,0.6,59.0,RETURNING,NO,SHP-20260730-04369
2026-07-31 08:40:00,TRK-151,Rute-Q,Bogor Transit Hub,781.6,1400,17.56,0.7,59.6,DELIVERED,YES,SHP-20260731-04370
2026-07-01 11:51:00,TRK-154,Rute-D,Depok Hub,782.5,1200,18.0,0.9,60.2,IN_TRANSIT,YES,SHP-20260701-04371
2026-07-02 15:02:00,TRK-157,Rute-I,Bekasi Logistics Hub,783.4,1200,18.44,1.0,60.8,DELAYED,NO,SHP-20260702-04372
2026-07-03 18:13:00,TRK-160,Rute-N,Petamburan Hub,784.2,1200,18.88,1.2,61.5,LOADED,YES,SHP-20260703-04373
2026-07-04 11:24:00,TRK-163,Rute-A,Grogol Hub (Jakbar),785.1,1200,19.32,1.4,62.1,RETURNING,NO,SHP-20260704-04374
2026-07-05 13:35:00,TRK-166,Rute-F,Central Hub (Jakarta),786.0,1400,19.76,1.5,62.7,DELIVERED,YES,SHP-20260705-04375
2026-07-06 16:46:00,TRK-169,Rute-K,Gudang West (Tangerang),786.9,1200,20.2,1.7,63.3,IN_TRANSIT,YES,SHP-20260706-04376
2026-07-07 09:57:00,TRK-172,Rute-P,Cikarang Industrial Hub,787.8,1200,20.64,1.8,63.9,DELAYED,NO,SHP-20260707-04377
2026-07-08 13:08:00,TRK-175,Rute-C,Bogor Transit Hub,788.6,1200,21.08,2.0,64.6,LOADED,YES,SHP-20260708-04378
2026-07-09 16:19:00,TRK-178,Rute-H,Depok Hub,789.5,1200,21.52,2.2,65.2,RETURNING,NO,SHP-20260709-04379
2026-07-10 08:30:00,TRK-001,Rute-M,Bekasi Logistics Hub,790.4,1400,21.96,2.3,65.8,DELIVERED,YES,SHP-20260710-04380
2026-07-11 11:41:00,TRK-004,Rute-R,Petamburan Hub,791.3,1200,22.4,2.5,66.4,IN_TRANSIT,YES,SHP-20260711-04381
2026-07-12 14:52:00,TRK-007,Rute-E,Grogol Hub (Jakbar),792.2,1200,22.84,2.6,67.0,DELAYED,NO,SHP-20260712-04382
2026-07-13 18:03:00,TRK-010,Rute-J,Central Hub (Jakarta),793.0,1200,23.28,2.8,67.7,LOADED,YES,SHP-20260713-04383
2026-07-14 11:14:00,TRK-013,Rute-O,Gudang West (Tangerang),793.9,1200,23.72,0.4,68.3,RETURNING,NO,SHP-20260714-04384
2026-07-15 14:25:00,TRK-016,Rute-B,Cikarang Industrial Hub,794.8,1400,24.16,0.6,68.9,DELIVERED,YES,SHP-20260715-04385
2026-07-16 16:36:00,TRK-019,Rute-G,Bogor Transit Hub,795.7,1200,24.6,0.7,69.5,IN_TRANSIT,YES,SHP-20260716-04386
2026-07-17 09:47:00,TRK-022,Rute-L,Depok Hub,796.6,1200,25.04,0.9,70.1,DELAYED,NO,SHP-20260717-04387
2026-07-18 12:58:00,TRK-025,Rute-Q,Bekasi Logistics Hub,797.4,1200,25.48,1.0,70.8,LOADED,YES,SHP-20260718-04388
2026-07-19 16:09:00,TRK-028,Rute-D,Petamburan Hub,798.3,1200,25.92,1.2,71.4,RETURNING,NO,SHP-20260719-04389
2026-07-20 09:20:00,TRK-031,Rute-I,Grogol Hub (Jakbar),799.2,1400,26.36,1.4,72.0,DELIVERED,YES,SHP-20260720-04390
2026-07-21 11:31:00,TRK-034,Rute-N,Central Hub (Jakarta),800.1,1200,26.8,1.5,72.6,IN_TRANSIT,YES,SHP-20260721-04391
2026-07-22 14:42:00,TRK-037,Rute-A,Gudang West (Tangerang),801.0,1200,11.4,1.7,73.2,DELAYED,NO,SHP-20260722-04392
2026-07-23 17:53:00,TRK-040,Rute-F,Cikarang Industrial Hub,801.8,1200,11.84,1.8,73.9,LOADED,YES,SHP-20260723-04393
2026-07-24 11:04:00,TRK-043,Rute-K,Bogor Transit Hub,802.7,1200,12.28,2.0,74.5,RETURNING,NO,SHP-20260724-04394
2026-07-25 14:15:00,TRK-046,Rute-P,Depok Hub,803.6,1400,12.72,2.2,75.1,DELIVERED,YES,SHP-20260725-04395
2026-07-26 17:26:00,TRK-049,Rute-C,Bekasi Logistics Hub,804.5,1200,13.16,2.3,75.7,IN_TRANSIT,YES,SHP-20260726-04396
2026-07-27 09:37:00,TRK-052,Rute-H,Petamburan Hub,805.4,1200,13.6,2.5,76.3,DELAYED,NO,SHP-20260727-04397
2026-07-28 12:48:00,TRK-055,Rute-M,Grogol Hub (Jakbar),806.2,1200,14.04,2.6,77.0,LOADED,YES,SHP-20260728-04398
2026-07-29 15:59:00,TRK-058,Rute-R,Central Hub (Jakarta),807.1,1200,14.48,2.8,77.6,RETURNING,NO,SHP-20260729-04399
2026-07-30 09:10:00,TRK-061,Rute-E,Gudang West (Tangerang),808.0,1400,14.92,0.4,78.2,DELIVERED,YES,SHP-20260730-04400
2026-07-31 12:21:00,TRK-064,Rute-J,Cikarang Industrial Hub,808.9,1200,15.36,0.6,78.8,IN_TRANSIT,YES,SHP-20260731-04401
2026-07-01 14:32:00,TRK-067,Rute-O,Bogor Transit Hub,809.8,1200,15.8,0.7,79.4,DELAYED,NO,SHP-20260701-04402
2026-07-02 17:43:00,TRK-070,Rute-B,Depok Hub,810.6,1200,16.24,0.9,80.1,LOADED,YES,SHP-20260702-04403
2026-07-03 10:54:00,TRK-073,Rute-G,Bekasi Logistics Hub,811.5,1200,16.68,1.0,80.7,RETURNING,NO,SHP-20260703-04404
2026-07-04 14:05:00,TRK-076,Rute-L,Petamburan Hub,812.4,1400,17.12,1.2,81.3,DELIVERED,YES,SHP-20260704-04405
2026-07-05 17:16:00,TRK-079,Rute-Q,Grogol Hub (Jakbar),813.3,1200,17.56,1.4,81.9,IN_TRANSIT,YES,SHP-20260705-04406
2026-07-06 10:27:00,TRK-082,Rute-D,Central Hub (Jakarta),814.2,1200,18.0,1.5,82.5,DELAYED,NO,SHP-20260706-04407
2026-07-07 12:38:00,TRK-085,Rute-I,Gudang West (Tangerang),815.0,1200,18.44,1.7,83.2,LOADED,YES,SHP-20260707-04408
2026-07-08 15:49:00,TRK-088,Rute-N,Cikarang Industrial Hub,815.9,1200,18.88,1.8,83.8,RETURNING,NO,SHP-20260708-04409
2026-07-09 09:00:00,TRK-091,Rute-A,Bogor Transit Hub,816.8,1400,19.32,2.0,84.4,DELIVERED,YES,SHP-20260709-04410
2026-07-10 12:11:00,TRK-094,Rute-F,Depok Hub,817.7,1200,19.76,2.2,85.0,IN_TRANSIT,YES,SHP-20260710-04411
2026-07-11 15:22:00,TRK-097,Rute-K,Bekasi Logistics Hub,818.6,1200,20.2,2.3,85.6,DELAYED,NO,SHP-20260711-04412
2026-07-12 17:33:00,TRK-100,Rute-P,Petamburan Hub,819.4,1200,20.64,2.5,86.3,LOADED,YES,SHP-20260712-04413
2026-07-13 10:44:00,TRK-103,Rute-C,Grogol Hub (Jakbar),820.3,1200,21.08,2.6,86.9,RETURNING,NO,SHP-20260713-04414
2026-07-14 13:55:00,TRK-106,Rute-H,Central Hub (Jakarta),821.2,1400,21.52,2.8,87.5,DELIVERED,YES,SHP-20260714-04415
2026-07-15 17:06:00,TRK-109,Rute-M,Gudang West (Tangerang),822.1,1200,21.96,0.4,88.1,IN_TRANSIT,YES,SHP-20260715-04416
2026-07-16 10:17:00,TRK-112,Rute-R,Cikarang Industrial Hub,823.0,1200,22.4,0.6,88.7,DELAYED,NO,SHP-20260716-04417
2026-07-17 13:28:00,TRK-115,Rute-E,Bogor Transit Hub,823.8,1200,22.84,0.7,89.4,LOADED,YES,SHP-20260717-04418
2026-07-18 15:39:00,TRK-118,Rute-J,Depok Hub,824.7,1200,23.28,0.9,90.0,RETURNING,NO,SHP-20260718-04419
2026-07-19 08:50:00,TRK-121,Rute-O,Bekasi Logistics Hub,825.6,1400,23.72,1.0,10.0,DELIVERED,YES,SHP-20260719-04420
2026-07-20 12:01:00,TRK-124,Rute-B,Petamburan Hub,826.5,1200,24.16,1.2,10.6,IN_TRANSIT,YES,SHP-20260720-04421
2026-07-21 15:12:00,TRK-127,Rute-G,Grogol Hub (Jakbar),827.4,1200,24.6,1.4,11.2,DELAYED,NO,SHP-20260721-04422
2026-07-22 18:23:00,TRK-130,Rute-L,Central Hub (Jakarta),828.2,1200,25.04,1.5,11.9,LOADED,YES,SHP-20260722-04423
2026-07-23 10:34:00,TRK-133,Rute-Q,Gudang West (Tangerang),829.1,1200,25.48,1.7,12.5,RETURNING,NO,SHP-20260723-04424
2026-07-24 13:45:00,TRK-136,Rute-D,Cikarang Industrial Hub,830.0,1400,25.92,1.8,13.1,DELIVERED,YES,SHP-20260724-04425
2026-07-25 16:56:00,TRK-139,Rute-I,Bogor Transit Hub,830.9,1200,26.36,2.0,13.7,IN_TRANSIT,YES,SHP-20260725-04426
2026-07-26 10:07:00,TRK-142,Rute-N,Depok Hub,831.8,1200,26.8,2.2,14.3,DELAYED,NO,SHP-20260726-04427
2026-07-27 13:18:00,TRK-145,Rute-A,Bekasi Logistics Hub,832.6,1200,11.4,2.3,15.0,LOADED,YES,SHP-20260727-04428
2026-07-28 16:29:00,TRK-148,Rute-F,Petamburan Hub,833.5,1200,11.84,2.5,15.6,RETURNING,NO,SHP-20260728-04429
2026-07-29 08:40:00,TRK-151,Rute-K,Grogol Hub (Jakbar),834.4,1400,12.28,2.6,16.2,DELIVERED,YES,SHP-20260729-04430
2026-07-30 11:51:00,TRK-154,Rute-P,Central Hub (Jakarta),835.3,1200,12.72,2.8,16.8,IN_TRANSIT,YES,SHP-20260730-04431
2026-07-31 15:02:00,TRK-157,Rute-C,Gudang West (Tangerang),836.2,1200,13.16,0.4,17.4,DELAYED,NO,SHP-20260731-04432
2026-07-01 18:13:00,TRK-160,Rute-H,Cikarang Industrial Hub,837.0,1200,13.6,0.6,18.1,LOADED,YES,SHP-20260701-04433
2026-07-02 11:24:00,TRK-163,Rute-M,Bogor Transit Hub,837.9,1200,14.04,0.7,18.7,RETURNING,NO,SHP-20260702-04434
2026-07-03 13:35:00,TRK-166,Rute-R,Depok Hub,838.8,1400,14.48,0.9,19.3,DELIVERED,YES,SHP-20260703-04435
2026-07-04 16:46:00,TRK-169,Rute-E,Bekasi Logistics Hub,839.7,1200,14.92,1.0,19.9,IN_TRANSIT,YES,SHP-20260704-04436
2026-07-05 09:57:00,TRK-172,Rute-J,Petamburan Hub,840.6,1200,15.36,1.2,20.5,DELAYED,NO,SHP-20260705-04437
2026-07-06 13:08:00,TRK-175,Rute-O,Grogol Hub (Jakbar),841.4,1200,15.8,1.4,21.2,LOADED,YES,SHP-20260706-04438
2026-07-07 16:19:00,TRK-178,Rute-B,Central Hub (Jakarta),842.3,1200,16.24,1.5,21.8,RETURNING,NO,SHP-20260707-04439
2026-07-08 08:30:00,TRK-001,Rute-G,Gudang West (Tangerang),843.2,1400,16.68,1.7,22.4,DELIVERED,YES,SHP-20260708-04440
2026-07-09 11:41:00,TRK-004,Rute-L,Cikarang Industrial Hub,844.1,1200,17.12,1.8,23.0,IN_TRANSIT,YES,SHP-20260709-04441
2026-07-10 14:52:00,TRK-007,Rute-Q,Bogor Transit Hub,845.0,1200,17.56,2.0,23.6,DELAYED,NO,SHP-20260710-04442
2026-07-11 18:03:00,TRK-010,Rute-D,Depok Hub,845.8,1200,18.0,2.2,24.3,LOADED,YES,SHP-20260711-04443
2026-07-12 11:14:00,TRK-013,Rute-I,Bekasi Logistics Hub,846.7,1200,18.44,2.3,24.9,RETURNING,NO,SHP-20260712-04444
2026-07-13 14:25:00,TRK-016,Rute-N,Petamburan Hub,847.6,1400,18.88,2.5,25.5,DELIVERED,YES,SHP-20260713-04445
2026-07-14 16:36:00,TRK-019,Rute-A,Grogol Hub (Jakbar),848.5,1200,19.32,2.6,26.1,IN_TRANSIT,YES,SHP-20260714-04446
2026-07-15 09:47:00,TRK-022,Rute-F,Central Hub (Jakarta),849.4,1200,19.76,2.8,26.7,DELAYED,NO,SHP-20260715-04447
2026-07-16 12:58:00,TRK-025,Rute-K,Gudang West (Tangerang),850.2,1200,20.2,0.4,27.4,LOADED,YES,SHP-20260716-04448
2026-07-17 16:09:00,TRK-028,Rute-P,Cikarang Industrial Hub,851.1,1200,20.64,0.6,28.0,RETURNING,NO,SHP-20260717-04449
2026-07-18 09:20:00,TRK-031,Rute-C,Bogor Transit Hub,852.0,1400,21.08,0.7,28.6,DELIVERED,YES,SHP-20260718-04450
2026-07-19 11:31:00,TRK-034,Rute-H,Depok Hub,852.9,1200,21.52,0.9,29.2,IN_TRANSIT,YES,SHP-20260719-04451
2026-07-20 14:42:00,TRK-037,Rute-M,Bekasi Logistics Hub,853.8,1200,21.96,1.0,29.8,DELAYED,NO,SHP-20260720-04452
2026-07-21 17:53:00,TRK-040,Rute-R,Petamburan Hub,854.6,1200,22.4,1.2,30.5,LOADED,YES,SHP-20260721-04453
2026-07-22 11:04:00,TRK-043,Rute-E,Grogol Hub (Jakbar),855.5,1200,22.84,1.4,31.1,RETURNING,NO,SHP-20260722-04454
2026-07-23 14:15:00,TRK-046,Rute-J,Central Hub (Jakarta),856.4,1400,23.28,1.5,31.7,DELIVERED,YES,SHP-20260723-04455
2026-07-24 17:26:00,TRK-049,Rute-O,Gudang West (Tangerang),857.3,1200,23.72,1.7,32.3,IN_TRANSIT,YES,SHP-20260724-04456
2026-07-25 09:37:00,TRK-052,Rute-B,Cikarang Industrial Hub,858.2,1200,24.16,1.8,32.9,DELAYED,NO,SHP-20260725-04457
2026-07-26 12:48:00,TRK-055,Rute-G,Bogor Transit Hub,859.0,1200,24.6,2.0,33.6,LOADED,YES,SHP-20260726-04458
2026-07-27 15:59:00,TRK-058,Rute-L,Depok Hub,859.9,1200,25.04,2.2,34.2,RETURNING,NO,SHP-20260727-04459
2026-07-28 09:10:00,TRK-061,Rute-Q,Bekasi Logistics Hub,860.8,1400,25.48,2.3,34.8,DELIVERED,YES,SHP-20260728-04460
2026-07-29 12:21:00,TRK-064,Rute-D,Petamburan Hub,861.7,1200,25.92,2.5,35.4,IN_TRANSIT,YES,SHP-20260729-04461
2026-07-30 14:32:00,TRK-067,Rute-I,Grogol Hub (Jakbar),862.6,1200,26.36,2.6,36.0,DELAYED,NO,SHP-20260730-04462
2026-07-31 17:43:00,TRK-070,Rute-N,Central Hub (Jakarta),863.4,1200,26.8,2.8,36.7,LOADED,YES,SHP-20260731-04463
2026-07-01 10:54:00,TRK-073,Rute-A,Gudang West (Tangerang),864.3,1200,11.4,0.4,37.3,RETURNING,NO,SHP-20260701-04464
2026-07-02 14:05:00,TRK-076,Rute-F,Cikarang Industrial Hub,865.2,1400,11.84,0.6,37.9,DELIVERED,YES,SHP-20260702-04465
2026-07-03 17:16:00,TRK-079,Rute-K,Bogor Transit Hub,866.1,1200,12.28,0.7,38.5,IN_TRANSIT,YES,SHP-20260703-04466
2026-07-04 10:27:00,TRK-082,Rute-P,Depok Hub,867.0,1200,12.72,0.9,39.1,DELAYED,NO,SHP-20260704-04467
2026-07-05 12:38:00,TRK-085,Rute-C,Bekasi Logistics Hub,867.8,1200,13.16,1.0,39.8,LOADED,YES,SHP-20260705-04468
2026-07-06 15:49:00,TRK-088,Rute-H,Petamburan Hub,868.7,1200,13.6,1.2,40.4,RETURNING,NO,SHP-20260706-04469
2026-07-07 09:00:00,TRK-091,Rute-M,Grogol Hub (Jakbar),869.6,1400,14.04,1.4,41.0,DELIVERED,YES,SHP-20260707-04470
2026-07-08 12:11:00,TRK-094,Rute-R,Central Hub (Jakarta),870.5,1200,14.48,1.5,41.6,IN_TRANSIT,YES,SHP-20260708-04471
2026-07-09 15:22:00,TRK-097,Rute-E,Gudang West (Tangerang),871.4,1200,14.92,1.7,42.2,DELAYED,NO,SHP-20260709-04472
2026-07-10 17:33:00,TRK-100,Rute-J,Cikarang Industrial Hub,872.2,1200,15.36,1.8,42.9,LOADED,YES,SHP-20260710-04473
2026-07-11 10:44:00,TRK-103,Rute-O,Bogor Transit Hub,873.1,1200,15.8,2.0,43.5,RETURNING,NO,SHP-20260711-04474
2026-07-12 13:55:00,TRK-106,Rute-B,Depok Hub,874.0,1400,16.24,2.2,44.1,DELIVERED,YES,SHP-20260712-04475
2026-07-13 17:06:00,TRK-109,Rute-G,Bekasi Logistics Hub,874.9,1200,16.68,2.3,44.7,IN_TRANSIT,YES,SHP-20260713-04476
2026-07-14 10:17:00,TRK-112,Rute-L,Petamburan Hub,875.8,1200,17.12,2.5,45.3,DELAYED,NO,SHP-20260714-04477
2026-07-15 13:28:00,TRK-115,Rute-Q,Grogol Hub (Jakbar),876.6,1200,17.56,2.6,46.0,LOADED,YES,SHP-20260715-04478
2026-07-16 15:39:00,TRK-118,Rute-D,Central Hub (Jakarta),877.5,1200,18.0,2.8,46.6,RETURNING,NO,SHP-20260716-04479
2026-07-17 08:50:00,TRK-121,Rute-I,Gudang West (Tangerang),878.4,1400,18.44,0.4,47.2,DELIVERED,YES,SHP-20260717-04480
2026-07-18 12:01:00,TRK-124,Rute-N,Cikarang Industrial Hub,879.3,1200,18.88,0.6,47.8,IN_TRANSIT,YES,SHP-20260718-04481
2026-07-19 15:12:00,TRK-127,Rute-A,Bogor Transit Hub,880.2,1200,19.32,0.7,48.4,DELAYED,NO,SHP-20260719-04482
2026-07-20 18:23:00,TRK-130,Rute-F,Depok Hub,881.0,1200,19.76,0.9,49.1,LOADED,YES,SHP-20260720-04483
2026-07-21 10:34:00,TRK-133,Rute-K,Bekasi Logistics Hub,881.9,1200,20.2,1.0,49.7,RETURNING,NO,SHP-20260721-04484
2026-07-22 13:45:00,TRK-136,Rute-P,Petamburan Hub,882.8,1400,20.64,1.2,50.3,DELIVERED,YES,SHP-20260722-04485
2026-07-23 16:56:00,TRK-139,Rute-C,Grogol Hub (Jakbar),883.7,1200,21.08,1.4,50.9,IN_TRANSIT,YES,SHP-20260723-04486
2026-07-24 10:07:00,TRK-142,Rute-H,Central Hub (Jakarta),884.6,1200,21.52,1.5,51.5,DELAYED,NO,SHP-20260724-04487
2026-07-25 13:18:00,TRK-145,Rute-M,Gudang West (Tangerang),885.4,1200,21.96,1.7,52.2,LOADED,YES,SHP-20260725-04488
2026-07-26 16:29:00,TRK-148,Rute-R,Cikarang Industrial Hub,886.3,1200,22.4,1.8,52.8,RETURNING,NO,SHP-20260726-04489
2026-07-27 08:40:00,TRK-151,Rute-E,Bogor Transit Hub,887.2,1400,22.84,2.0,53.4,DELIVERED,YES,SHP-20260727-04490
2026-07-28 11:51:00,TRK-154,Rute-J,Depok Hub,888.1,1200,23.28,2.2,54.0,IN_TRANSIT,YES,SHP-20260728-04491
2026-07-29 15:02:00,TRK-157,Rute-O,Bekasi Logistics Hub,889.0,1200,23.72,2.3,54.6,DELAYED,NO,SHP-20260729-04492
2026-07-30 18:13:00,TRK-160,Rute-B,Petamburan Hub,889.8,1200,24.16,2.5,55.3,LOADED,YES,SHP-20260730-04493
2026-07-31 11:24:00,TRK-163,Rute-G,Grogol Hub (Jakbar),890.7,1200,24.6,2.6,55.9,RETURNING,NO,SHP-20260731-04494
2026-07-01 13:35:00,TRK-166,Rute-L,Central Hub (Jakarta),891.6,1400,25.04,2.8,56.5,DELIVERED,YES,SHP-20260701-04495
2026-07-02 16:46:00,TRK-169,Rute-Q,Gudang West (Tangerang),892.5,1200,25.48,0.4,57.1,IN_TRANSIT,YES,SHP-20260702-04496
2026-07-03 09:57:00,TRK-172,Rute-D,Cikarang Industrial Hub,893.4,1200,25.92,0.6,57.7,DELAYED,NO,SHP-20260703-04497
2026-07-04 13:08:00,TRK-175,Rute-I,Bogor Transit Hub,894.2,1200,26.36,0.7,58.4,LOADED,YES,SHP-20260704-04498
2026-07-05 16:19:00,TRK-178,Rute-N,Depok Hub,895.1,1200,26.8,0.9,59.0,RETURNING,NO,SHP-20260705-04499
2026-07-06 08:30:00,TRK-001,Rute-A,Bekasi Logistics Hub,896.0,1400,11.4,1.0,59.6,DELIVERED,YES,SHP-20260706-04500
2026-07-07 11:41:00,TRK-004,Rute-F,Petamburan Hub,896.9,1200,11.84,1.2,60.2,IN_TRANSIT,YES,SHP-20260707-04501
2026-07-08 14:52:00,TRK-007,Rute-K,Grogol Hub (Jakbar),897.8,1200,12.28,1.4,60.8,DELAYED,NO,SHP-20260708-04502
2026-07-09 18:03:00,TRK-010,Rute-P,Central Hub (Jakarta),898.6,1200,12.72,1.5,61.5,LOADED,YES,SHP-20260709-04503
2026-07-10 11:14:00,TRK-013,Rute-C,Gudang West (Tangerang),899.5,1200,13.16,1.7,62.1,RETURNING,NO,SHP-20260710-04504
2026-07-11 14:25:00,TRK-016,Rute-H,Cikarang Industrial Hub,900.4,1400,13.6,1.8,62.7,DELIVERED,YES,SHP-20260711-04505
2026-07-12 16:36:00,TRK-019,Rute-M,Bogor Transit Hub,901.3,1200,14.04,2.0,63.3,IN_TRANSIT,YES,SHP-20260712-04506
2026-07-13 09:47:00,TRK-022,Rute-R,Depok Hub,902.2,1200,14.48,2.2,63.9,DELAYED,NO,SHP-20260713-04507
2026-07-14 12:58:00,TRK-025,Rute-E,Bekasi Logistics Hub,903.0,1200,14.92,2.3,64.6,LOADED,YES,SHP-20260714-04508
2026-07-15 16:09:00,TRK-028,Rute-J,Petamburan Hub,903.9,1200,15.36,2.5,65.2,RETURNING,NO,SHP-20260715-04509
2026-07-16 09:20:00,TRK-031,Rute-O,Grogol Hub (Jakbar),904.8,1400,15.8,2.6,65.8,DELIVERED,YES,SHP-20260716-04510
2026-07-17 11:31:00,TRK-034,Rute-B,Central Hub (Jakarta),905.7,1200,16.24,2.8,66.4,IN_TRANSIT,YES,SHP-20260717-04511
2026-07-18 14:42:00,TRK-037,Rute-G,Gudang West (Tangerang),906.6,1200,16.68,0.4,67.0,DELAYED,NO,SHP-20260718-04512
2026-07-19 17:53:00,TRK-040,Rute-L,Cikarang Industrial Hub,907.4,1200,17.12,0.6,67.7,LOADED,YES,SHP-20260719-04513
2026-07-20 11:04:00,TRK-043,Rute-Q,Bogor Transit Hub,908.3,1200,17.56,0.7,68.3,RETURNING,NO,SHP-20260720-04514
2026-07-21 14:15:00,TRK-046,Rute-D,Depok Hub,909.2,1400,18.0,0.9,68.9,DELIVERED,YES,SHP-20260721-04515
2026-07-22 17:26:00,TRK-049,Rute-I,Bekasi Logistics Hub,910.1,1200,18.44,1.0,69.5,IN_TRANSIT,YES,SHP-20260722-04516
2026-07-23 09:37:00,TRK-052,Rute-N,Petamburan Hub,911.0,1200,18.88,1.2,70.1,DELAYED,NO,SHP-20260723-04517
2026-07-24 12:48:00,TRK-055,Rute-A,Grogol Hub (Jakbar),911.8,1200,19.32,1.4,70.8,LOADED,YES,SHP-20260724-04518
2026-07-25 15:59:00,TRK-058,Rute-F,Central Hub (Jakarta),912.7,1200,19.76,1.5,71.4,RETURNING,NO,SHP-20260725-04519
2026-07-26 09:10:00,TRK-061,Rute-K,Gudang West (Tangerang),913.6,1400,20.2,1.7,72.0,DELIVERED,YES,SHP-20260726-04520
2026-07-27 12:21:00,TRK-064,Rute-P,Cikarang Industrial Hub,914.5,1200,20.64,1.8,72.6,IN_TRANSIT,YES,SHP-20260727-04521
2026-07-28 14:32:00,TRK-067,Rute-C,Bogor Transit Hub,915.4,1200,21.08,2.0,73.2,DELAYED,NO,SHP-20260728-04522
2026-07-29 17:43:00,TRK-070,Rute-H,Depok Hub,916.2,1200,21.52,2.2,73.9,LOADED,YES,SHP-20260729-04523
2026-07-30 10:54:00,TRK-073,Rute-M,Bekasi Logistics Hub,917.1,1200,21.96,2.3,74.5,RETURNING,NO,SHP-20260730-04524
2026-07-31 14:05:00,TRK-076,Rute-R,Petamburan Hub,918.0,1400,22.4,2.5,75.1,DELIVERED,YES,SHP-20260731-04525
2026-07-01 17:16:00,TRK-079,Rute-E,Grogol Hub (Jakbar),918.9,1200,22.84,2.6,75.7,IN_TRANSIT,YES,SHP-20260701-04526
2026-07-02 10:27:00,TRK-082,Rute-J,Central Hub (Jakarta),919.8,1200,23.28,2.8,76.3,DELAYED,NO,SHP-20260702-04527
2026-07-03 12:38:00,TRK-085,Rute-O,Gudang West (Tangerang),920.6,1200,23.72,0.4,77.0,LOADED,YES,SHP-20260703-04528
2026-07-04 15:49:00,TRK-088,Rute-B,Cikarang Industrial Hub,921.5,1200,24.16,0.6,77.6,RETURNING,NO,SHP-20260704-04529
2026-07-05 09:00:00,TRK-091,Rute-G,Bogor Transit Hub,922.4,1400,24.6,0.7,78.2,DELIVERED,YES,SHP-20260705-04530
2026-07-06 12:11:00,TRK-094,Rute-L,Depok Hub,923.3,1200,25.04,0.9,78.8,IN_TRANSIT,YES,SHP-20260706-04531
2026-07-07 15:22:00,TRK-097,Rute-Q,Bekasi Logistics Hub,924.2,1200,25.48,1.0,79.4,DELAYED,NO,SHP-20260707-04532
2026-07-08 17:33:00,TRK-100,Rute-D,Petamburan Hub,925.0,1200,25.92,1.2,80.1,LOADED,YES,SHP-20260708-04533
2026-07-09 10:44:00,TRK-103,Rute-I,Grogol Hub (Jakbar),925.9,1200,26.36,1.4,80.7,RETURNING,NO,SHP-20260709-04534
2026-07-10 13:55:00,TRK-106,Rute-N,Central Hub (Jakarta),926.8,1400,26.8,1.5,81.3,DELIVERED,YES,SHP-20260710-04535
2026-07-11 17:06:00,TRK-109,Rute-A,Gudang West (Tangerang),927.7,1200,11.4,1.7,81.9,IN_TRANSIT,YES,SHP-20260711-04536
2026-07-12 10:17:00,TRK-112,Rute-F,Cikarang Industrial Hub,928.6,1200,11.84,1.8,82.5,DELAYED,NO,SHP-20260712-04537
2026-07-13 13:28:00,TRK-115,Rute-K,Bogor Transit Hub,929.4,1200,12.28,2.0,83.2,LOADED,YES,SHP-20260713-04538
2026-07-14 15:39:00,TRK-118,Rute-P,Depok Hub,930.3,1200,12.72,2.2,83.8,RETURNING,NO,SHP-20260714-04539
2026-07-15 08:50:00,TRK-121,Rute-C,Bekasi Logistics Hub,931.2,1400,13.16,2.3,84.4,DELIVERED,YES,SHP-20260715-04540
2026-07-16 12:01:00,TRK-124,Rute-H,Petamburan Hub,932.1,1200,13.6,2.5,85.0,IN_TRANSIT,YES,SHP-20260716-04541
2026-07-17 15:12:00,TRK-127,Rute-M,Grogol Hub (Jakbar),933.0,1200,14.04,2.6,85.6,DELAYED,NO,SHP-20260717-04542
2026-07-18 18:23:00,TRK-130,Rute-R,Central Hub (Jakarta),933.8,1200,14.48,2.8,86.3,LOADED,YES,SHP-20260718-04543
2026-07-19 10:34:00,TRK-133,Rute-E,Gudang West (Tangerang),934.7,1200,14.92,0.4,86.9,RETURNING,NO,SHP-20260719-04544
2026-07-20 13:45:00,TRK-136,Rute-J,Cikarang Industrial Hub,935.6,1400,15.36,0.6,87.5,DELIVERED,YES,SHP-20260720-04545
2026-07-21 16:56:00,TRK-139,Rute-O,Bogor Transit Hub,936.5,1200,15.8,0.7,88.1,IN_TRANSIT,YES,SHP-20260721-04546
2026-07-22 10:07:00,TRK-142,Rute-B,Depok Hub,937.4,1200,16.24,0.9,88.7,DELAYED,NO,SHP-20260722-04547
2026-07-23 13:18:00,TRK-145,Rute-G,Bekasi Logistics Hub,938.2,1200,16.68,1.0,89.4,LOADED,YES,SHP-20260723-04548
2026-07-24 16:29:00,TRK-148,Rute-L,Petamburan Hub,939.1,1200,17.12,1.2,90.0,RETURNING,NO,SHP-20260724-04549
2026-07-25 08:40:00,TRK-151,Rute-Q,Grogol Hub (Jakbar),940.0,1400,17.56,1.4,10.0,DELIVERED,YES,SHP-20260725-04550
2026-07-26 11:51:00,TRK-154,Rute-D,Central Hub (Jakarta),940.9,1200,18.0,1.5,10.6,IN_TRANSIT,YES,SHP-20260726-04551
2026-07-27 15:02:00,TRK-157,Rute-I,Gudang West (Tangerang),941.8,1200,18.44,1.7,11.2,DELAYED,NO,SHP-20260727-04552
2026-07-28 18:13:00,TRK-160,Rute-N,Cikarang Industrial Hub,942.6,1200,18.88,1.8,11.9,LOADED,YES,SHP-20260728-04553
2026-07-29 11:24:00,TRK-163,Rute-A,Bogor Transit Hub,943.5,1200,19.32,2.0,12.5,RETURNING,NO,SHP-20260729-04554
2026-07-30 13:35:00,TRK-166,Rute-F,Depok Hub,944.4,1400,19.76,2.2,13.1,DELIVERED,YES,SHP-20260730-04555
2026-07-31 16:46:00,TRK-169,Rute-K,Bekasi Logistics Hub,945.3,1200,20.2,2.3,13.7,IN_TRANSIT,YES,SHP-20260731-04556
2026-07-01 09:57:00,TRK-172,Rute-P,Petamburan Hub,946.2,1200,20.64,2.5,14.3,DELAYED,NO,SHP-20260701-04557
2026-07-02 13:08:00,TRK-175,Rute-C,Grogol Hub (Jakbar),947.0,1200,21.08,2.6,15.0,LOADED,YES,SHP-20260702-04558
2026-07-03 16:19:00,TRK-178,Rute-H,Central Hub (Jakarta),947.9,1200,21.52,2.8,15.6,RETURNING,NO,SHP-20260703-04559
2026-07-04 08:30:00,TRK-001,Rute-M,Gudang West (Tangerang),280.0,1400,21.96,0.4,16.2,DELIVERED,YES,SHP-20260704-04560
2026-07-05 11:41:00,TRK-004,Rute-R,Cikarang Industrial Hub,280.9,1200,22.4,0.6,16.8,IN_TRANSIT,YES,SHP-20260705-04561
2026-07-06 14:52:00,TRK-007,Rute-E,Bogor Transit Hub,281.8,1200,22.84,0.7,17.4,DELAYED,NO,SHP-20260706-04562
2026-07-07 18:03:00,TRK-010,Rute-J,Depok Hub,282.6,1200,23.28,0.9,18.1,LOADED,YES,SHP-20260707-04563
2026-07-08 11:14:00,TRK-013,Rute-O,Bekasi Logistics Hub,283.5,1200,23.72,1.0,18.7,RETURNING,NO,SHP-20260708-04564
2026-07-09 14:25:00,TRK-016,Rute-B,Petamburan Hub,284.4,1400,24.16,1.2,19.3,DELIVERED,YES,SHP-20260709-04565
2026-07-10 16:36:00,TRK-019,Rute-G,Grogol Hub (Jakbar),285.3,1200,24.6,1.4,19.9,IN_TRANSIT,YES,SHP-20260710-04566
2026-07-11 09:47:00,TRK-022,Rute-L,Central Hub (Jakarta),286.2,1200,25.04,1.5,20.5,DELAYED,NO,SHP-20260711-04567
2026-07-12 12:58:00,TRK-025,Rute-Q,Gudang West (Tangerang),287.0,1200,25.48,1.7,21.2,LOADED,YES,SHP-20260712-04568
2026-07-13 16:09:00,TRK-028,Rute-D,Cikarang Industrial Hub,287.9,1200,25.92,1.8,21.8,RETURNING,NO,SHP-20260713-04569
2026-07-14 09:20:00,TRK-031,Rute-I,Bogor Transit Hub,288.8,1400,26.36,2.0,22.4,DELIVERED,YES,SHP-20260714-04570
2026-07-15 11:31:00,TRK-034,Rute-N,Depok Hub,289.7,1200,26.8,2.2,23.0,IN_TRANSIT,YES,SHP-20260715-04571
2026-07-16 14:42:00,TRK-037,Rute-A,Bekasi Logistics Hub,290.6,1200,11.4,2.3,23.6,DELAYED,NO,SHP-20260716-04572
2026-07-17 17:53:00,TRK-040,Rute-F,Petamburan Hub,291.4,1200,11.84,2.5,24.3,LOADED,YES,SHP-20260717-04573
2026-07-18 11:04:00,TRK-043,Rute-K,Grogol Hub (Jakbar),292.3,1200,12.28,2.6,24.9,RETURNING,NO,SHP-20260718-04574
2026-07-19 14:15:00,TRK-046,Rute-P,Central Hub (Jakarta),293.2,1400,12.72,2.8,25.5,DELIVERED,YES,SHP-20260719-04575
2026-07-20 17:26:00,TRK-049,Rute-C,Gudang West (Tangerang),294.1,1200,13.16,0.4,26.1,IN_TRANSIT,YES,SHP-20260720-04576
2026-07-21 09:37:00,TRK-052,Rute-H,Cikarang Industrial Hub,295.0,1200,13.6,0.6,26.7,DELAYED,NO,SHP-20260721-04577
2026-07-22 12:48:00,TRK-055,Rute-M,Bogor Transit Hub,295.8,1200,14.04,0.7,27.4,LOADED,YES,SHP-20260722-04578
2026-07-23 15:59:00,TRK-058,Rute-R,Depok Hub,296.7,1200,14.48,0.9,28.0,RETURNING,NO,SHP-20260723-04579
2026-07-24 09:10:00,TRK-061,Rute-E,Bekasi Logistics Hub,297.6,1400,14.92,1.0,28.6,DELIVERED,YES,SHP-20260724-04580
2026-07-25 12:21:00,TRK-064,Rute-J,Petamburan Hub,298.5,1200,15.36,1.2,29.2,IN_TRANSIT,YES,SHP-20260725-04581
2026-07-26 14:32:00,TRK-067,Rute-O,Grogol Hub (Jakbar),299.4,1200,15.8,1.4,29.8,DELAYED,NO,SHP-20260726-04582
2026-07-27 17:43:00,TRK-070,Rute-B,Central Hub (Jakarta),300.2,1200,16.24,1.5,30.5,LOADED,YES,SHP-20260727-04583
2026-07-28 10:54:00,TRK-073,Rute-G,Gudang West (Tangerang),301.1,1200,16.68,1.7,31.1,RETURNING,NO,SHP-20260728-04584
2026-07-29 14:05:00,TRK-076,Rute-L,Cikarang Industrial Hub,302.0,1400,17.12,1.8,31.7,DELIVERED,YES,SHP-20260729-04585
2026-07-30 17:16:00,TRK-079,Rute-Q,Bogor Transit Hub,302.9,1200,17.56,2.0,32.3,IN_TRANSIT,YES,SHP-20260730-04586
2026-07-31 10:27:00,TRK-082,Rute-D,Depok Hub,303.8,1200,18.0,2.2,32.9,DELAYED,NO,SHP-20260731-04587
2026-07-01 12:38:00,TRK-085,Rute-I,Bekasi Logistics Hub,304.6,1200,18.44,2.3,33.6,LOADED,YES,SHP-20260701-04588
2026-07-02 15:49:00,TRK-088,Rute-N,Petamburan Hub,305.5,1200,18.88,2.5,34.2,RETURNING,NO,SHP-20260702-04589
2026-07-03 09:00:00,TRK-091,Rute-A,Grogol Hub (Jakbar),306.4,1400,19.32,2.6,34.8,DELIVERED,YES,SHP-20260703-04590
2026-07-04 12:11:00,TRK-094,Rute-F,Central Hub (Jakarta),307.3,1200,19.76,2.8,35.4,IN_TRANSIT,YES,SHP-20260704-04591
2026-07-05 15:22:00,TRK-097,Rute-K,Gudang West (Tangerang),308.2,1200,20.2,0.4,36.0,DELAYED,NO,SHP-20260705-04592
2026-07-06 17:33:00,TRK-100,Rute-P,Cikarang Industrial Hub,309.0,1200,20.64,0.6,36.7,LOADED,YES,SHP-20260706-04593
2026-07-07 10:44:00,TRK-103,Rute-C,Bogor Transit Hub,309.9,1200,21.08,0.7,37.3,RETURNING,NO,SHP-20260707-04594
2026-07-08 13:55:00,TRK-106,Rute-H,Depok Hub,310.8,1400,21.52,0.9,37.9,DELIVERED,YES,SHP-20260708-04595
2026-07-09 17:06:00,TRK-109,Rute-M,Bekasi Logistics Hub,311.7,1200,21.96,1.0,38.5,IN_TRANSIT,YES,SHP-20260709-04596
2026-07-10 10:17:00,TRK-112,Rute-R,Petamburan Hub,312.6,1200,22.4,1.2,39.1,DELAYED,NO,SHP-20260710-04597
2026-07-11 13:28:00,TRK-115,Rute-E,Grogol Hub (Jakbar),313.4,1200,22.84,1.4,39.8,LOADED,YES,SHP-20260711-04598
2026-07-12 15:39:00,TRK-118,Rute-J,Central Hub (Jakarta),314.3,1200,23.28,1.5,40.4,RETURNING,NO,SHP-20260712-04599
2026-07-13 08:50:00,TRK-121,Rute-O,Gudang West (Tangerang),315.2,1400,23.72,1.7,41.0,DELIVERED,YES,SHP-20260713-04600
2026-07-14 12:01:00,TRK-124,Rute-B,Cikarang Industrial Hub,316.1,1200,24.16,1.8,41.6,IN_TRANSIT,YES,SHP-20260714-04601
2026-07-15 15:12:00,TRK-127,Rute-G,Bogor Transit Hub,317.0,1200,24.6,2.0,42.2,DELAYED,NO,SHP-20260715-04602
2026-07-16 18:23:00,TRK-130,Rute-L,Depok Hub,317.8,1200,25.04,2.2,42.9,LOADED,YES,SHP-20260716-04603
2026-07-17 10:34:00,TRK-133,Rute-Q,Bekasi Logistics Hub,318.7,1200,25.48,2.3,43.5,RETURNING,NO,SHP-20260717-04604
2026-07-18 13:45:00,TRK-136,Rute-D,Petamburan Hub,319.6,1400,25.92,2.5,44.1,DELIVERED,YES,SHP-20260718-04605
2026-07-19 16:56:00,TRK-139,Rute-I,Grogol Hub (Jakbar),320.5,1200,26.36,2.6,44.7,IN_TRANSIT,YES,SHP-20260719-04606
2026-07-20 10:07:00,TRK-142,Rute-N,Central Hub (Jakarta),321.4,1200,26.8,2.8,45.3,DELAYED,NO,SHP-20260720-04607
2026-07-21 13:18:00,TRK-145,Rute-A,Gudang West (Tangerang),322.2,1200,11.4,0.4,46.0,LOADED,YES,SHP-20260721-04608
2026-07-22 16:29:00,TRK-148,Rute-F,Cikarang Industrial Hub,323.1,1200,11.84,0.6,46.6,RETURNING,NO,SHP-20260722-04609
2026-07-23 08:40:00,TRK-151,Rute-K,Bogor Transit Hub,324.0,1400,12.28,0.7,47.2,DELIVERED,YES,SHP-20260723-04610
2026-07-24 11:51:00,TRK-154,Rute-P,Depok Hub,324.9,1200,12.72,0.9,47.8,IN_TRANSIT,YES,SHP-20260724-04611
2026-07-25 15:02:00,TRK-157,Rute-C,Bekasi Logistics Hub,325.8,1200,13.16,1.0,48.4,DELAYED,NO,SHP-20260725-04612
2026-07-26 18:13:00,TRK-160,Rute-H,Petamburan Hub,326.6,1200,13.6,1.2,49.1,LOADED,YES,SHP-20260726-04613
2026-07-27 11:24:00,TRK-163,Rute-M,Grogol Hub (Jakbar),327.5,1200,14.04,1.4,49.7,RETURNING,NO,SHP-20260727-04614
2026-07-28 13:35:00,TRK-166,Rute-R,Central Hub (Jakarta),328.4,1400,14.48,1.5,50.3,DELIVERED,YES,SHP-20260728-04615
2026-07-29 16:46:00,TRK-169,Rute-E,Gudang West (Tangerang),329.3,1200,14.92,1.7,50.9,IN_TRANSIT,YES,SHP-20260729-04616
2026-07-30 09:57:00,TRK-172,Rute-J,Cikarang Industrial Hub,330.2,1200,15.36,1.8,51.5,DELAYED,NO,SHP-20260730-04617
2026-07-31 13:08:00,TRK-175,Rute-O,Bogor Transit Hub,331.0,1200,15.8,2.0,52.2,LOADED,YES,SHP-20260731-04618
2026-07-01 16:19:00,TRK-178,Rute-B,Depok Hub,331.9,1200,16.24,2.2,52.8,RETURNING,NO,SHP-20260701-04619
2026-07-02 08:30:00,TRK-001,Rute-G,Bekasi Logistics Hub,332.8,1400,16.68,2.3,53.4,DELIVERED,YES,SHP-20260702-04620
2026-07-03 11:41:00,TRK-004,Rute-L,Petamburan Hub,333.7,1200,17.12,2.5,54.0,IN_TRANSIT,YES,SHP-20260703-04621
2026-07-04 14:52:00,TRK-007,Rute-Q,Grogol Hub (Jakbar),334.6,1200,17.56,2.6,54.6,DELAYED,NO,SHP-20260704-04622
2026-07-05 18:03:00,TRK-010,Rute-D,Central Hub (Jakarta),335.4,1200,18.0,2.8,55.3,LOADED,YES,SHP-20260705-04623
2026-07-06 11:14:00,TRK-013,Rute-I,Gudang West (Tangerang),336.3,1200,18.44,0.4,55.9,RETURNING,NO,SHP-20260706-04624
2026-07-07 14:25:00,TRK-016,Rute-N,Cikarang Industrial Hub,337.2,1400,18.88,0.6,56.5,DELIVERED,YES,SHP-20260707-04625
2026-07-08 16:36:00,TRK-019,Rute-A,Bogor Transit Hub,338.1,1200,19.32,0.7,57.1,IN_TRANSIT,YES,SHP-20260708-04626
2026-07-09 09:47:00,TRK-022,Rute-F,Depok Hub,339.0,1200,19.76,0.9,57.7,DELAYED,NO,SHP-20260709-04627
2026-07-10 12:58:00,TRK-025,Rute-K,Bekasi Logistics Hub,339.8,1200,20.2,1.0,58.4,LOADED,YES,SHP-20260710-04628
2026-07-11 16:09:00,TRK-028,Rute-P,Petamburan Hub,340.7,1200,20.64,1.2,59.0,RETURNING,NO,SHP-20260711-04629
2026-07-12 09:20:00,TRK-031,Rute-C,Grogol Hub (Jakbar),341.6,1400,21.08,1.4,59.6,DELIVERED,YES,SHP-20260712-04630
2026-07-13 11:31:00,TRK-034,Rute-H,Central Hub (Jakarta),342.5,1200,21.52,1.5,60.2,IN_TRANSIT,YES,SHP-20260713-04631
2026-07-14 14:42:00,TRK-037,Rute-M,Gudang West (Tangerang),343.4,1200,21.96,1.7,60.8,DELAYED,NO,SHP-20260714-04632
2026-07-15 17:53:00,TRK-040,Rute-R,Cikarang Industrial Hub,344.2,1200,22.4,1.8,61.5,LOADED,YES,SHP-20260715-04633
2026-07-16 11:04:00,TRK-043,Rute-E,Bogor Transit Hub,345.1,1200,22.84,2.0,62.1,RETURNING,NO,SHP-20260716-04634
2026-07-17 14:15:00,TRK-046,Rute-J,Depok Hub,346.0,1400,23.28,2.2,62.7,DELIVERED,YES,SHP-20260717-04635
2026-07-18 17:26:00,TRK-049,Rute-O,Bekasi Logistics Hub,346.9,1200,23.72,2.3,63.3,IN_TRANSIT,YES,SHP-20260718-04636
2026-07-19 09:37:00,TRK-052,Rute-B,Petamburan Hub,347.8,1200,24.16,2.5,63.9,DELAYED,NO,SHP-20260719-04637
2026-07-20 12:48:00,TRK-055,Rute-G,Grogol Hub (Jakbar),348.6,1200,24.6,2.6,64.6,LOADED,YES,SHP-20260720-04638
2026-07-21 15:59:00,TRK-058,Rute-L,Central Hub (Jakarta),349.5,1200,25.04,2.8,65.2,RETURNING,NO,SHP-20260721-04639
2026-07-22 09:10:00,TRK-061,Rute-Q,Gudang West (Tangerang),350.4,1400,25.48,0.4,65.8,DELIVERED,YES,SHP-20260722-04640
2026-07-23 12:21:00,TRK-064,Rute-D,Cikarang Industrial Hub,351.3,1200,25.92,0.6,66.4,IN_TRANSIT,YES,SHP-20260723-04641
2026-07-24 14:32:00,TRK-067,Rute-I,Bogor Transit Hub,352.2,1200,26.36,0.7,67.0,DELAYED,NO,SHP-20260724-04642
2026-07-25 17:43:00,TRK-070,Rute-N,Depok Hub,353.0,1200,26.8,0.9,67.7,LOADED,YES,SHP-20260725-04643
2026-07-26 10:54:00,TRK-073,Rute-A,Bekasi Logistics Hub,353.9,1200,11.4,1.0,68.3,RETURNING,NO,SHP-20260726-04644
2026-07-27 14:05:00,TRK-076,Rute-F,Petamburan Hub,354.8,1400,11.84,1.2,68.9,DELIVERED,YES,SHP-20260727-04645
2026-07-28 17:16:00,TRK-079,Rute-K,Grogol Hub (Jakbar),355.7,1200,12.28,1.4,69.5,IN_TRANSIT,YES,SHP-20260728-04646
2026-07-29 10:27:00,TRK-082,Rute-P,Central Hub (Jakarta),356.6,1200,12.72,1.5,70.1,DELAYED,NO,SHP-20260729-04647
2026-07-30 12:38:00,TRK-085,Rute-C,Gudang West (Tangerang),357.4,1200,13.16,1.7,70.8,LOADED,YES,SHP-20260730-04648
2026-07-31 15:49:00,TRK-088,Rute-H,Cikarang Industrial Hub,358.3,1200,13.6,1.8,71.4,RETURNING,NO,SHP-20260731-04649
2026-07-01 09:00:00,TRK-091,Rute-M,Bogor Transit Hub,359.2,1400,14.04,2.0,72.0,DELIVERED,YES,SHP-20260701-04650
2026-07-02 12:11:00,TRK-094,Rute-R,Depok Hub,360.1,1200,14.48,2.2,72.6,IN_TRANSIT,YES,SHP-20260702-04651
2026-07-03 15:22:00,TRK-097,Rute-E,Bekasi Logistics Hub,361.0,1200,14.92,2.3,73.2,DELAYED,NO,SHP-20260703-04652
2026-07-04 17:33:00,TRK-100,Rute-J,Petamburan Hub,361.8,1200,15.36,2.5,73.9,LOADED,YES,SHP-20260704-04653
2026-07-05 10:44:00,TRK-103,Rute-O,Grogol Hub (Jakbar),362.7,1200,15.8,2.6,74.5,RETURNING,NO,SHP-20260705-04654
2026-07-06 13:55:00,TRK-106,Rute-B,Central Hub (Jakarta),363.6,1400,16.24,2.8,75.1,DELIVERED,YES,SHP-20260706-04655
2026-07-07 17:06:00,TRK-109,Rute-G,Gudang West (Tangerang),364.5,1200,16.68,0.4,75.7,IN_TRANSIT,YES,SHP-20260707-04656
2026-07-08 10:17:00,TRK-112,Rute-L,Cikarang Industrial Hub,365.4,1200,17.12,0.6,76.3,DELAYED,NO,SHP-20260708-04657
2026-07-09 13:28:00,TRK-115,Rute-Q,Bogor Transit Hub,366.2,1200,17.56,0.7,77.0,LOADED,YES,SHP-20260709-04658
2026-07-10 15:39:00,TRK-118,Rute-D,Depok Hub,367.1,1200,18.0,0.9,77.6,RETURNING,NO,SHP-20260710-04659
2026-07-11 08:50:00,TRK-121,Rute-I,Bekasi Logistics Hub,368.0,1400,18.44,1.0,78.2,DELIVERED,YES,SHP-20260711-04660
2026-07-12 12:01:00,TRK-124,Rute-N,Petamburan Hub,368.9,1200,18.88,1.2,78.8,IN_TRANSIT,YES,SHP-20260712-04661
2026-07-13 15:12:00,TRK-127,Rute-A,Grogol Hub (Jakbar),369.8,1200,19.32,1.4,79.4,DELAYED,NO,SHP-20260713-04662
2026-07-14 18:23:00,TRK-130,Rute-F,Central Hub (Jakarta),370.6,1200,19.76,1.5,80.1,LOADED,YES,SHP-20260714-04663
2026-07-15 10:34:00,TRK-133,Rute-K,Gudang West (Tangerang),371.5,1200,20.2,1.7,80.7,RETURNING,NO,SHP-20260715-04664
2026-07-16 13:45:00,TRK-136,Rute-P,Cikarang Industrial Hub,372.4,1400,20.64,1.8,81.3,DELIVERED,YES,SHP-20260716-04665
2026-07-17 16:56:00,TRK-139,Rute-C,Bogor Transit Hub,373.3,1200,21.08,2.0,81.9,IN_TRANSIT,YES,SHP-20260717-04666
2026-07-18 10:07:00,TRK-142,Rute-H,Depok Hub,374.2,1200,21.52,2.2,82.5,DELAYED,NO,SHP-20260718-04667
2026-07-19 13:18:00,TRK-145,Rute-M,Bekasi Logistics Hub,375.0,1200,21.96,2.3,83.2,LOADED,YES,SHP-20260719-04668
2026-07-20 16:29:00,TRK-148,Rute-R,Petamburan Hub,375.9,1200,22.4,2.5,83.8,RETURNING,NO,SHP-20260720-04669
2026-07-21 08:40:00,TRK-151,Rute-E,Grogol Hub (Jakbar),376.8,1400,22.84,2.6,84.4,DELIVERED,YES,SHP-20260721-04670
2026-07-22 11:51:00,TRK-154,Rute-J,Central Hub (Jakarta),377.7,1200,23.28,2.8,85.0,IN_TRANSIT,YES,SHP-20260722-04671
2026-07-23 15:02:00,TRK-157,Rute-O,Gudang West (Tangerang),378.6,1200,23.72,0.4,85.6,DELAYED,NO,SHP-20260723-04672
2026-07-24 18:13:00,TRK-160,Rute-B,Cikarang Industrial Hub,379.4,1200,24.16,0.6,86.3,LOADED,YES,SHP-20260724-04673
2026-07-25 11:24:00,TRK-163,Rute-G,Bogor Transit Hub,380.3,1200,24.6,0.7,86.9,RETURNING,NO,SHP-20260725-04674
2026-07-26 13:35:00,TRK-166,Rute-L,Depok Hub,381.2,1400,25.04,0.9,87.5,DELIVERED,YES,SHP-20260726-04675
2026-07-27 16:46:00,TRK-169,Rute-Q,Bekasi Logistics Hub,382.1,1200,25.48,1.0,88.1,IN_TRANSIT,YES,SHP-20260727-04676
2026-07-28 09:57:00,TRK-172,Rute-D,Petamburan Hub,383.0,1200,25.92,1.2,88.7,DELAYED,NO,SHP-20260728-04677
2026-07-29 13:08:00,TRK-175,Rute-I,Grogol Hub (Jakbar),383.8,1200,26.36,1.4,89.4,LOADED,YES,SHP-20260729-04678
2026-07-30 16:19:00,TRK-178,Rute-N,Central Hub (Jakarta),384.7,1200,26.8,1.5,90.0,RETURNING,NO,SHP-20260730-04679
2026-07-31 08:30:00,TRK-001,Rute-A,Gudang West (Tangerang),385.6,1400,11.4,1.7,10.0,DELIVERED,YES,SHP-20260731-04680
2026-07-01 11:41:00,TRK-004,Rute-F,Cikarang Industrial Hub,386.5,1200,11.84,1.8,10.6,IN_TRANSIT,YES,SHP-20260701-04681
2026-07-02 14:52:00,TRK-007,Rute-K,Bogor Transit Hub,387.4,1200,12.28,2.0,11.2,DELAYED,NO,SHP-20260702-04682
2026-07-03 18:03:00,TRK-010,Rute-P,Depok Hub,388.2,1200,12.72,2.2,11.9,LOADED,YES,SHP-20260703-04683
2026-07-04 11:14:00,TRK-013,Rute-C,Bekasi Logistics Hub,389.1,1200,13.16,2.3,12.5,RETURNING,NO,SHP-20260704-04684
2026-07-05 14:25:00,TRK-016,Rute-H,Petamburan Hub,390.0,1400,13.6,2.5,13.1,DELIVERED,YES,SHP-20260705-04685
2026-07-06 16:36:00,TRK-019,Rute-M,Grogol Hub (Jakbar),390.9,1200,14.04,2.6,13.7,IN_TRANSIT,YES,SHP-20260706-04686
2026-07-07 09:47:00,TRK-022,Rute-R,Central Hub (Jakarta),391.8,1200,14.48,2.8,14.3,DELAYED,NO,SHP-20260707-04687
2026-07-08 12:58:00,TRK-025,Rute-E,Gudang West (Tangerang),392.6,1200,14.92,0.4,15.0,LOADED,YES,SHP-20260708-04688
2026-07-09 16:09:00,TRK-028,Rute-J,Cikarang Industrial Hub,393.5,1200,15.36,0.6,15.6,RETURNING,NO,SHP-20260709-04689
2026-07-10 09:20:00,TRK-031,Rute-O,Bogor Transit Hub,394.4,1400,15.8,0.7,16.2,DELIVERED,YES,SHP-20260710-04690
2026-07-11 11:31:00,TRK-034,Rute-B,Depok Hub,395.3,1200,16.24,0.9,16.8,IN_TRANSIT,YES,SHP-20260711-04691
2026-07-12 14:42:00,TRK-037,Rute-G,Bekasi Logistics Hub,396.2,1200,16.68,1.0,17.4,DELAYED,NO,SHP-20260712-04692
2026-07-13 17:53:00,TRK-040,Rute-L,Petamburan Hub,397.0,1200,17.12,1.2,18.1,LOADED,YES,SHP-20260713-04693
2026-07-14 11:04:00,TRK-043,Rute-Q,Grogol Hub (Jakbar),397.9,1200,17.56,1.4,18.7,RETURNING,NO,SHP-20260714-04694
2026-07-15 14:15:00,TRK-046,Rute-D,Central Hub (Jakarta),398.8,1400,18.0,1.5,19.3,DELIVERED,YES,SHP-20260715-04695
2026-07-16 17:26:00,TRK-049,Rute-I,Gudang West (Tangerang),399.7,1200,18.44,1.7,19.9,IN_TRANSIT,YES,SHP-20260716-04696
2026-07-17 09:37:00,TRK-052,Rute-N,Cikarang Industrial Hub,400.6,1200,18.88,1.8,20.5,DELAYED,NO,SHP-20260717-04697
2026-07-18 12:48:00,TRK-055,Rute-A,Bogor Transit Hub,401.4,1200,19.32,2.0,21.2,LOADED,YES,SHP-20260718-04698
2026-07-19 15:59:00,TRK-058,Rute-F,Depok Hub,402.3,1200,19.76,2.2,21.8,RETURNING,NO,SHP-20260719-04699
2026-07-20 09:10:00,TRK-061,Rute-K,Bekasi Logistics Hub,403.2,1400,20.2,2.3,22.4,DELIVERED,YES,SHP-20260720-04700
2026-07-21 12:21:00,TRK-064,Rute-P,Petamburan Hub,404.1,1200,20.64,2.5,23.0,IN_TRANSIT,YES,SHP-20260721-04701
2026-07-22 14:32:00,TRK-067,Rute-C,Grogol Hub (Jakbar),405.0,1200,21.08,2.6,23.6,DELAYED,NO,SHP-20260722-04702
2026-07-23 17:43:00,TRK-070,Rute-H,Central Hub (Jakarta),405.8,1200,21.52,2.8,24.3,LOADED,YES,SHP-20260723-04703
2026-07-24 10:54:00,TRK-073,Rute-M,Gudang West (Tangerang),406.7,1200,21.96,0.4,24.9,RETURNING,NO,SHP-20260724-04704
2026-07-25 14:05:00,TRK-076,Rute-R,Cikarang Industrial Hub,407.6,1400,22.4,0.6,25.5,DELIVERED,YES,SHP-20260725-04705
2026-07-26 17:16:00,TRK-079,Rute-E,Bogor Transit Hub,408.5,1200,22.84,0.7,26.1,IN_TRANSIT,YES,SHP-20260726-04706
2026-07-27 10:27:00,TRK-082,Rute-J,Depok Hub,409.4,1200,23.28,0.9,26.7,DELAYED,NO,SHP-20260727-04707
2026-07-28 12:38:00,TRK-085,Rute-O,Bekasi Logistics Hub,410.2,1200,23.72,1.0,27.4,LOADED,YES,SHP-20260728-04708
2026-07-29 15:49:00,TRK-088,Rute-B,Petamburan Hub,411.1,1200,24.16,1.2,28.0,RETURNING,NO,SHP-20260729-04709
2026-07-30 09:00:00,TRK-091,Rute-G,Grogol Hub (Jakbar),412.0,1400,24.6,1.4,28.6,DELIVERED,YES,SHP-20260730-04710
2026-07-31 12:11:00,TRK-094,Rute-L,Central Hub (Jakarta),412.9,1200,25.04,1.5,29.2,IN_TRANSIT,YES,SHP-20260731-04711
2026-07-01 15:22:00,TRK-097,Rute-Q,Gudang West (Tangerang),413.8,1200,25.48,1.7,29.8,DELAYED,NO,SHP-20260701-04712
2026-07-02 17:33:00,TRK-100,Rute-D,Cikarang Industrial Hub,414.6,1200,25.92,1.8,30.5,LOADED,YES,SHP-20260702-04713
2026-07-03 10:44:00,TRK-103,Rute-I,Bogor Transit Hub,415.5,1200,26.36,2.0,31.1,RETURNING,NO,SHP-20260703-04714
2026-07-04 13:55:00,TRK-106,Rute-N,Depok Hub,416.4,1400,26.8,2.2,31.7,DELIVERED,YES,SHP-20260704-04715
2026-07-05 17:06:00,TRK-109,Rute-A,Bekasi Logistics Hub,417.3,1200,11.4,2.3,32.3,IN_TRANSIT,YES,SHP-20260705-04716
2026-07-06 10:17:00,TRK-112,Rute-F,Petamburan Hub,418.2,1200,11.84,2.5,32.9,DELAYED,NO,SHP-20260706-04717
2026-07-07 13:28:00,TRK-115,Rute-K,Grogol Hub (Jakbar),419.0,1200,12.28,2.6,33.6,LOADED,YES,SHP-20260707-04718
2026-07-08 15:39:00,TRK-118,Rute-P,Central Hub (Jakarta),419.9,1200,12.72,2.8,34.2,RETURNING,NO,SHP-20260708-04719
2026-07-09 08:50:00,TRK-121,Rute-C,Gudang West (Tangerang),420.8,1400,13.16,0.4,34.8,DELIVERED,YES,SHP-20260709-04720
2026-07-10 12:01:00,TRK-124,Rute-H,Cikarang Industrial Hub,421.7,1200,13.6,0.6,35.4,IN_TRANSIT,YES,SHP-20260710-04721
2026-07-11 15:12:00,TRK-127,Rute-M,Bogor Transit Hub,422.6,1200,14.04,0.7,36.0,DELAYED,NO,SHP-20260711-04722
2026-07-12 18:23:00,TRK-130,Rute-R,Depok Hub,423.4,1200,14.48,0.9,36.7,LOADED,YES,SHP-20260712-04723
2026-07-13 10:34:00,TRK-133,Rute-E,Bekasi Logistics Hub,424.3,1200,14.92,1.0,37.3,RETURNING,NO,SHP-20260713-04724
2026-07-14 13:45:00,TRK-136,Rute-J,Petamburan Hub,425.2,1400,15.36,1.2,37.9,DELIVERED,YES,SHP-20260714-04725
2026-07-15 16:56:00,TRK-139,Rute-O,Grogol Hub (Jakbar),426.1,1200,15.8,1.4,38.5,IN_TRANSIT,YES,SHP-20260715-04726
2026-07-16 10:07:00,TRK-142,Rute-B,Central Hub (Jakarta),427.0,1200,16.24,1.5,39.1,DELAYED,NO,SHP-20260716-04727
2026-07-17 13:18:00,TRK-145,Rute-G,Gudang West (Tangerang),427.8,1200,16.68,1.7,39.8,LOADED,YES,SHP-20260717-04728
2026-07-18 16:29:00,TRK-148,Rute-L,Cikarang Industrial Hub,428.7,1200,17.12,1.8,40.4,RETURNING,NO,SHP-20260718-04729
2026-07-19 08:40:00,TRK-151,Rute-Q,Bogor Transit Hub,429.6,1400,17.56,2.0,41.0,DELIVERED,YES,SHP-20260719-04730
2026-07-20 11:51:00,TRK-154,Rute-D,Depok Hub,430.5,1200,18.0,2.2,41.6,IN_TRANSIT,YES,SHP-20260720-04731
2026-07-21 15:02:00,TRK-157,Rute-I,Bekasi Logistics Hub,431.4,1200,18.44,2.3,42.2,DELAYED,NO,SHP-20260721-04732
2026-07-22 18:13:00,TRK-160,Rute-N,Petamburan Hub,432.2,1200,18.88,2.5,42.9,LOADED,YES,SHP-20260722-04733
2026-07-23 11:24:00,TRK-163,Rute-A,Grogol Hub (Jakbar),433.1,1200,19.32,2.6,43.5,RETURNING,NO,SHP-20260723-04734
2026-07-24 13:35:00,TRK-166,Rute-F,Central Hub (Jakarta),434.0,1400,19.76,2.8,44.1,DELIVERED,YES,SHP-20260724-04735
2026-07-25 16:46:00,TRK-169,Rute-K,Gudang West (Tangerang),434.9,1200,20.2,0.4,44.7,IN_TRANSIT,YES,SHP-20260725-04736
2026-07-26 09:57:00,TRK-172,Rute-P,Cikarang Industrial Hub,435.8,1200,20.64,0.6,45.3,DELAYED,NO,SHP-20260726-04737
2026-07-27 13:08:00,TRK-175,Rute-C,Bogor Transit Hub,436.6,1200,21.08,0.7,46.0,LOADED,YES,SHP-20260727-04738
2026-07-28 16:19:00,TRK-178,Rute-H,Depok Hub,437.5,1200,21.52,0.9,46.6,RETURNING,NO,SHP-20260728-04739
2026-07-29 08:30:00,TRK-001,Rute-M,Bekasi Logistics Hub,438.4,1400,21.96,1.0,47.2,DELIVERED,YES,SHP-20260729-04740
2026-07-30 11:41:00,TRK-004,Rute-R,Petamburan Hub,439.3,1200,22.4,1.2,47.8,IN_TRANSIT,YES,SHP-20260730-04741
2026-07-31 14:52:00,TRK-007,Rute-E,Grogol Hub (Jakbar),440.2,1200,22.84,1.4,48.4,DELAYED,NO,SHP-20260731-04742
2026-07-01 18:03:00,TRK-010,Rute-J,Central Hub (Jakarta),441.0,1200,23.28,1.5,49.1,LOADED,YES,SHP-20260701-04743
2026-07-02 11:14:00,TRK-013,Rute-O,Gudang West (Tangerang),441.9,1200,23.72,1.7,49.7,RETURNING,NO,SHP-20260702-04744
2026-07-03 14:25:00,TRK-016,Rute-B,Cikarang Industrial Hub,442.8,1400,24.16,1.8,50.3,DELIVERED,YES,SHP-20260703-04745
2026-07-04 16:36:00,TRK-019,Rute-G,Bogor Transit Hub,443.7,1200,24.6,2.0,50.9,IN_TRANSIT,YES,SHP-20260704-04746
2026-07-05 09:47:00,TRK-022,Rute-L,Depok Hub,444.6,1200,25.04,2.2,51.5,DELAYED,NO,SHP-20260705-04747
2026-07-06 12:58:00,TRK-025,Rute-Q,Bekasi Logistics Hub,445.4,1200,25.48,2.3,52.2,LOADED,YES,SHP-20260706-04748
2026-07-07 16:09:00,TRK-028,Rute-D,Petamburan Hub,446.3,1200,25.92,2.5,52.8,RETURNING,NO,SHP-20260707-04749
2026-07-08 09:20:00,TRK-031,Rute-I,Grogol Hub (Jakbar),447.2,1400,26.36,2.6,53.4,DELIVERED,YES,SHP-20260708-04750
2026-07-09 11:31:00,TRK-034,Rute-N,Central Hub (Jakarta),448.1,1200,26.8,2.8,54.0,IN_TRANSIT,YES,SHP-20260709-04751
2026-07-10 14:42:00,TRK-037,Rute-A,Gudang West (Tangerang),449.0,1200,11.4,0.4,54.6,DELAYED,NO,SHP-20260710-04752
2026-07-11 17:53:00,TRK-040,Rute-F,Cikarang Industrial Hub,449.8,1200,11.84,0.6,55.3,LOADED,YES,SHP-20260711-04753
2026-07-12 11:04:00,TRK-043,Rute-K,Bogor Transit Hub,450.7,1200,12.28,0.7,55.9,RETURNING,NO,SHP-20260712-04754
2026-07-13 14:15:00,TRK-046,Rute-P,Depok Hub,451.6,1400,12.72,0.9,56.5,DELIVERED,YES,SHP-20260713-04755
2026-07-14 17:26:00,TRK-049,Rute-C,Bekasi Logistics Hub,452.5,1200,13.16,1.0,57.1,IN_TRANSIT,YES,SHP-20260714-04756
2026-07-15 09:37:00,TRK-052,Rute-H,Petamburan Hub,453.4,1200,13.6,1.2,57.7,DELAYED,NO,SHP-20260715-04757
2026-07-16 12:48:00,TRK-055,Rute-M,Grogol Hub (Jakbar),454.2,1200,14.04,1.4,58.4,LOADED,YES,SHP-20260716-04758
2026-07-17 15:59:00,TRK-058,Rute-R,Central Hub (Jakarta),455.1,1200,14.48,1.5,59.0,RETURNING,NO,SHP-20260717-04759
2026-07-18 09:10:00,TRK-061,Rute-E,Gudang West (Tangerang),456.0,1400,14.92,1.7,59.6,DELIVERED,YES,SHP-20260718-04760
2026-07-19 12:21:00,TRK-064,Rute-J,Cikarang Industrial Hub,456.9,1200,15.36,1.8,60.2,IN_TRANSIT,YES,SHP-20260719-04761
2026-07-20 14:32:00,TRK-067,Rute-O,Bogor Transit Hub,457.8,1200,15.8,2.0,60.8,DELAYED,NO,SHP-20260720-04762
2026-07-21 17:43:00,TRK-070,Rute-B,Depok Hub,458.6,1200,16.24,2.2,61.5,LOADED,YES,SHP-20260721-04763
2026-07-22 10:54:00,TRK-073,Rute-G,Bekasi Logistics Hub,459.5,1200,16.68,2.3,62.1,RETURNING,NO,SHP-20260722-04764
2026-07-23 14:05:00,TRK-076,Rute-L,Petamburan Hub,460.4,1400,17.12,2.5,62.7,DELIVERED,YES,SHP-20260723-04765
2026-07-24 17:16:00,TRK-079,Rute-Q,Grogol Hub (Jakbar),461.3,1200,17.56,2.6,63.3,IN_TRANSIT,YES,SHP-20260724-04766
2026-07-25 10:27:00,TRK-082,Rute-D,Central Hub (Jakarta),462.2,1200,18.0,2.8,63.9,DELAYED,NO,SHP-20260725-04767
2026-07-26 12:38:00,TRK-085,Rute-I,Gudang West (Tangerang),463.0,1200,18.44,0.4,64.6,LOADED,YES,SHP-20260726-04768
2026-07-27 15:49:00,TRK-088,Rute-N,Cikarang Industrial Hub,463.9,1200,18.88,0.6,65.2,RETURNING,NO,SHP-20260727-04769
2026-07-28 09:00:00,TRK-091,Rute-A,Bogor Transit Hub,464.8,1400,19.32,0.7,65.8,DELIVERED,YES,SHP-20260728-04770
2026-07-29 12:11:00,TRK-094,Rute-F,Depok Hub,465.7,1200,19.76,0.9,66.4,IN_TRANSIT,YES,SHP-20260729-04771
2026-07-30 15:22:00,TRK-097,Rute-K,Bekasi Logistics Hub,466.6,1200,20.2,1.0,67.0,DELAYED,NO,SHP-20260730-04772
2026-07-31 17:33:00,TRK-100,Rute-P,Petamburan Hub,467.4,1200,20.64,1.2,67.7,LOADED,YES,SHP-20260731-04773
2026-07-01 10:44:00,TRK-103,Rute-C,Grogol Hub (Jakbar),468.3,1200,21.08,1.4,68.3,RETURNING,NO,SHP-20260701-04774
2026-07-02 13:55:00,TRK-106,Rute-H,Central Hub (Jakarta),469.2,1400,21.52,1.5,68.9,DELIVERED,YES,SHP-20260702-04775
2026-07-03 17:06:00,TRK-109,Rute-M,Gudang West (Tangerang),470.1,1200,21.96,1.7,69.5,IN_TRANSIT,YES,SHP-20260703-04776
2026-07-04 10:17:00,TRK-112,Rute-R,Cikarang Industrial Hub,471.0,1200,22.4,1.8,70.1,DELAYED,NO,SHP-20260704-04777
2026-07-05 13:28:00,TRK-115,Rute-E,Bogor Transit Hub,471.8,1200,22.84,2.0,70.8,LOADED,YES,SHP-20260705-04778
2026-07-06 15:39:00,TRK-118,Rute-J,Depok Hub,472.7,1200,23.28,2.2,71.4,RETURNING,NO,SHP-20260706-04779
2026-07-07 08:50:00,TRK-121,Rute-O,Bekasi Logistics Hub,473.6,1400,23.72,2.3,72.0,DELIVERED,YES,SHP-20260707-04780
2026-07-08 12:01:00,TRK-124,Rute-B,Petamburan Hub,474.5,1200,24.16,2.5,72.6,IN_TRANSIT,YES,SHP-20260708-04781
2026-07-09 15:12:00,TRK-127,Rute-G,Grogol Hub (Jakbar),475.4,1200,24.6,2.6,73.2,DELAYED,NO,SHP-20260709-04782
2026-07-10 18:23:00,TRK-130,Rute-L,Central Hub (Jakarta),476.2,1200,25.04,2.8,73.9,LOADED,YES,SHP-20260710-04783
2026-07-11 10:34:00,TRK-133,Rute-Q,Gudang West (Tangerang),477.1,1200,25.48,0.4,74.5,RETURNING,NO,SHP-20260711-04784
2026-07-12 13:45:00,TRK-136,Rute-D,Cikarang Industrial Hub,478.0,1400,25.92,0.6,75.1,DELIVERED,YES,SHP-20260712-04785
2026-07-13 16:56:00,TRK-139,Rute-I,Bogor Transit Hub,478.9,1200,26.36,0.7,75.7,IN_TRANSIT,YES,SHP-20260713-04786
2026-07-14 10:07:00,TRK-142,Rute-N,Depok Hub,479.8,1200,26.8,0.9,76.3,DELAYED,NO,SHP-20260714-04787
2026-07-15 13:18:00,TRK-145,Rute-A,Bekasi Logistics Hub,480.6,1200,11.4,1.0,77.0,LOADED,YES,SHP-20260715-04788
2026-07-16 16:29:00,TRK-148,Rute-F,Petamburan Hub,481.5,1200,11.84,1.2,77.6,RETURNING,NO,SHP-20260716-04789
2026-07-17 08:40:00,TRK-151,Rute-K,Grogol Hub (Jakbar),482.4,1400,12.28,1.4,78.2,DELIVERED,YES,SHP-20260717-04790
2026-07-18 11:51:00,TRK-154,Rute-P,Central Hub (Jakarta),483.3,1200,12.72,1.5,78.8,IN_TRANSIT,YES,SHP-20260718-04791
2026-07-19 15:02:00,TRK-157,Rute-C,Gudang West (Tangerang),484.2,1200,13.16,1.7,79.4,DELAYED,NO,SHP-20260719-04792
2026-07-20 18:13:00,TRK-160,Rute-H,Cikarang Industrial Hub,485.0,1200,13.6,1.8,80.1,LOADED,YES,SHP-20260720-04793
2026-07-21 11:24:00,TRK-163,Rute-M,Bogor Transit Hub,485.9,1200,14.04,2.0,80.7,RETURNING,NO,SHP-20260721-04794
2026-07-22 13:35:00,TRK-166,Rute-R,Depok Hub,486.8,1400,14.48,2.2,81.3,DELIVERED,YES,SHP-20260722-04795
2026-07-23 16:46:00,TRK-169,Rute-E,Bekasi Logistics Hub,487.7,1200,14.92,2.3,81.9,IN_TRANSIT,YES,SHP-20260723-04796
2026-07-24 09:57:00,TRK-172,Rute-J,Petamburan Hub,488.6,1200,15.36,2.5,82.5,DELAYED,NO,SHP-20260724-04797
2026-07-25 13:08:00,TRK-175,Rute-O,Grogol Hub (Jakbar),489.4,1200,15.8,2.6,83.2,LOADED,YES,SHP-20260725-04798
2026-07-26 16:19:00,TRK-178,Rute-B,Central Hub (Jakarta),490.3,1200,16.24,2.8,83.8,RETURNING,NO,SHP-20260726-04799
2026-07-27 08:30:00,TRK-001,Rute-G,Gudang West (Tangerang),491.2,1400,16.68,0.4,84.4,DELIVERED,YES,SHP-20260727-04800
2026-07-28 11:41:00,TRK-004,Rute-L,Cikarang Industrial Hub,492.1,1200,17.12,0.6,85.0,IN_TRANSIT,YES,SHP-20260728-04801
2026-07-29 14:52:00,TRK-007,Rute-Q,Bogor Transit Hub,493.0,1200,17.56,0.7,85.6,DELAYED,NO,SHP-20260729-04802
2026-07-30 18:03:00,TRK-010,Rute-D,Depok Hub,493.8,1200,18.0,0.9,86.3,LOADED,YES,SHP-20260730-04803
2026-07-31 11:14:00,TRK-013,Rute-I,Bekasi Logistics Hub,494.7,1200,18.44,1.0,86.9,RETURNING,NO,SHP-20260731-04804
2026-07-01 14:25:00,TRK-016,Rute-N,Petamburan Hub,495.6,1400,18.88,1.2,87.5,DELIVERED,YES,SHP-20260701-04805
2026-07-02 16:36:00,TRK-019,Rute-A,Grogol Hub (Jakbar),496.5,1200,19.32,1.4,88.1,IN_TRANSIT,YES,SHP-20260702-04806
2026-07-03 09:47:00,TRK-022,Rute-F,Central Hub (Jakarta),497.4,1200,19.76,1.5,88.7,DELAYED,NO,SHP-20260703-04807
2026-07-04 12:58:00,TRK-025,Rute-K,Gudang West (Tangerang),498.2,1200,20.2,1.7,89.4,LOADED,YES,SHP-20260704-04808
2026-07-05 16:09:00,TRK-028,Rute-P,Cikarang Industrial Hub,499.1,1200,20.64,1.8,90.0,RETURNING,NO,SHP-20260705-04809
2026-07-06 09:20:00,TRK-031,Rute-C,Bogor Transit Hub,500.0,1400,21.08,2.0,10.0,DELIVERED,YES,SHP-20260706-04810
2026-07-07 11:31:00,TRK-034,Rute-H,Depok Hub,500.9,1200,21.52,2.2,10.6,IN_TRANSIT,YES,SHP-20260707-04811
2026-07-08 14:42:00,TRK-037,Rute-M,Bekasi Logistics Hub,501.8,1200,21.96,2.3,11.2,DELAYED,NO,SHP-20260708-04812
2026-07-09 17:53:00,TRK-040,Rute-R,Petamburan Hub,502.6,1200,22.4,2.5,11.9,LOADED,YES,SHP-20260709-04813
2026-07-10 11:04:00,TRK-043,Rute-E,Grogol Hub (Jakbar),503.5,1200,22.84,2.6,12.5,RETURNING,NO,SHP-20260710-04814
2026-07-11 14:15:00,TRK-046,Rute-J,Central Hub (Jakarta),504.4,1400,23.28,2.8,13.1,DELIVERED,YES,SHP-20260711-04815
2026-07-12 17:26:00,TRK-049,Rute-O,Gudang West (Tangerang),505.3,1200,23.72,0.4,13.7,IN_TRANSIT,YES,SHP-20260712-04816
2026-07-13 09:37:00,TRK-052,Rute-B,Cikarang Industrial Hub,506.2,1200,24.16,0.6,14.3,DELAYED,NO,SHP-20260713-04817
2026-07-14 12:48:00,TRK-055,Rute-G,Bogor Transit Hub,507.0,1200,24.6,0.7,15.0,LOADED,YES,SHP-20260714-04818
2026-07-15 15:59:00,TRK-058,Rute-L,Depok Hub,507.9,1200,25.04,0.9,15.6,RETURNING,NO,SHP-20260715-04819
2026-07-16 09:10:00,TRK-061,Rute-Q,Bekasi Logistics Hub,508.8,1400,25.48,1.0,16.2,DELIVERED,YES,SHP-20260716-04820
2026-07-17 12:21:00,TRK-064,Rute-D,Petamburan Hub,509.7,1200,25.92,1.2,16.8,IN_TRANSIT,YES,SHP-20260717-04821
2026-07-18 14:32:00,TRK-067,Rute-I,Grogol Hub (Jakbar),510.6,1200,26.36,1.4,17.4,DELAYED,NO,SHP-20260718-04822
2026-07-19 17:43:00,TRK-070,Rute-N,Central Hub (Jakarta),511.4,1200,26.8,1.5,18.1,LOADED,YES,SHP-20260719-04823
2026-07-20 10:54:00,TRK-073,Rute-A,Gudang West (Tangerang),512.3,1200,11.4,1.7,18.7,RETURNING,NO,SHP-20260720-04824
2026-07-21 14:05:00,TRK-076,Rute-F,Cikarang Industrial Hub,513.2,1400,11.84,1.8,19.3,DELIVERED,YES,SHP-20260721-04825
2026-07-22 17:16:00,TRK-079,Rute-K,Bogor Transit Hub,514.1,1200,12.28,2.0,19.9,IN_TRANSIT,YES,SHP-20260722-04826
2026-07-23 10:27:00,TRK-082,Rute-P,Depok Hub,515.0,1200,12.72,2.2,20.5,DELAYED,NO,SHP-20260723-04827
2026-07-24 12:38:00,TRK-085,Rute-C,Bekasi Logistics Hub,515.8,1200,13.16,2.3,21.2,LOADED,YES,SHP-20260724-04828
2026-07-25 15:49:00,TRK-088,Rute-H,Petamburan Hub,516.7,1200,13.6,2.5,21.8,RETURNING,NO,SHP-20260725-04829
2026-07-26 09:00:00,TRK-091,Rute-M,Grogol Hub (Jakbar),517.6,1400,14.04,2.6,22.4,DELIVERED,YES,SHP-20260726-04830
2026-07-27 12:11:00,TRK-094,Rute-R,Central Hub (Jakarta),518.5,1200,14.48,2.8,23.0,IN_TRANSIT,YES,SHP-20260727-04831
2026-07-28 15:22:00,TRK-097,Rute-E,Gudang West (Tangerang),519.4,1200,14.92,0.4,23.6,DELAYED,NO,SHP-20260728-04832
2026-07-29 17:33:00,TRK-100,Rute-J,Cikarang Industrial Hub,520.2,1200,15.36,0.6,24.3,LOADED,YES,SHP-20260729-04833
2026-07-30 10:44:00,TRK-103,Rute-O,Bogor Transit Hub,521.1,1200,15.8,0.7,24.9,RETURNING,NO,SHP-20260730-04834
2026-07-31 13:55:00,TRK-106,Rute-B,Depok Hub,522.0,1400,16.24,0.9,25.5,DELIVERED,YES,SHP-20260731-04835
2026-07-01 17:06:00,TRK-109,Rute-G,Bekasi Logistics Hub,522.9,1200,16.68,1.0,26.1,IN_TRANSIT,YES,SHP-20260701-04836
2026-07-02 10:17:00,TRK-112,Rute-L,Petamburan Hub,523.8,1200,17.12,1.2,26.7,DELAYED,NO,SHP-20260702-04837
2026-07-03 13:28:00,TRK-115,Rute-Q,Grogol Hub (Jakbar),524.6,1200,17.56,1.4,27.4,LOADED,YES,SHP-20260703-04838
2026-07-04 15:39:00,TRK-118,Rute-D,Central Hub (Jakarta),525.5,1200,18.0,1.5,28.0,RETURNING,NO,SHP-20260704-04839
2026-07-05 08:50:00,TRK-121,Rute-I,Gudang West (Tangerang),526.4,1400,18.44,1.7,28.6,DELIVERED,YES,SHP-20260705-04840
2026-07-06 12:01:00,TRK-124,Rute-N,Cikarang Industrial Hub,527.3,1200,18.88,1.8,29.2,IN_TRANSIT,YES,SHP-20260706-04841
2026-07-07 15:12:00,TRK-127,Rute-A,Bogor Transit Hub,528.2,1200,19.32,2.0,29.8,DELAYED,NO,SHP-20260707-04842
2026-07-08 18:23:00,TRK-130,Rute-F,Depok Hub,529.0,1200,19.76,2.2,30.5,LOADED,YES,SHP-20260708-04843
2026-07-09 10:34:00,TRK-133,Rute-K,Bekasi Logistics Hub,529.9,1200,20.2,2.3,31.1,RETURNING,NO,SHP-20260709-04844
2026-07-10 13:45:00,TRK-136,Rute-P,Petamburan Hub,530.8,1400,20.64,2.5,31.7,DELIVERED,YES,SHP-20260710-04845
2026-07-11 16:56:00,TRK-139,Rute-C,Grogol Hub (Jakbar),531.7,1200,21.08,2.6,32.3,IN_TRANSIT,YES,SHP-20260711-04846
2026-07-12 10:07:00,TRK-142,Rute-H,Central Hub (Jakarta),532.6,1200,21.52,2.8,32.9,DELAYED,NO,SHP-20260712-04847
2026-07-13 13:18:00,TRK-145,Rute-M,Gudang West (Tangerang),533.4,1200,21.96,0.4,33.6,LOADED,YES,SHP-20260713-04848
2026-07-14 16:29:00,TRK-148,Rute-R,Cikarang Industrial Hub,534.3,1200,22.4,0.6,34.2,RETURNING,NO,SHP-20260714-04849
2026-07-15 08:40:00,TRK-151,Rute-E,Bogor Transit Hub,535.2,1400,22.84,0.7,34.8,DELIVERED,YES,SHP-20260715-04850
2026-07-16 11:51:00,TRK-154,Rute-J,Depok Hub,536.1,1200,23.28,0.9,35.4,IN_TRANSIT,YES,SHP-20260716-04851
2026-07-17 15:02:00,TRK-157,Rute-O,Bekasi Logistics Hub,537.0,1200,23.72,1.0,36.0,DELAYED,NO,SHP-20260717-04852
2026-07-18 18:13:00,TRK-160,Rute-B,Petamburan Hub,537.8,1200,24.16,1.2,36.7,LOADED,YES,SHP-20260718-04853
2026-07-19 11:24:00,TRK-163,Rute-G,Grogol Hub (Jakbar),538.7,1200,24.6,1.4,37.3,RETURNING,NO,SHP-20260719-04854
2026-07-20 13:35:00,TRK-166,Rute-L,Central Hub (Jakarta),539.6,1400,25.04,1.5,37.9,DELIVERED,YES,SHP-20260720-04855
2026-07-21 16:46:00,TRK-169,Rute-Q,Gudang West (Tangerang),540.5,1200,25.48,1.7,38.5,IN_TRANSIT,YES,SHP-20260721-04856
2026-07-22 09:57:00,TRK-172,Rute-D,Cikarang Industrial Hub,541.4,1200,25.92,1.8,39.1,DELAYED,NO,SHP-20260722-04857
2026-07-23 13:08:00,TRK-175,Rute-I,Bogor Transit Hub,542.2,1200,26.36,2.0,39.8,LOADED,YES,SHP-20260723-04858
2026-07-24 16:19:00,TRK-178,Rute-N,Depok Hub,543.1,1200,26.8,2.2,40.4,RETURNING,NO,SHP-20260724-04859
2026-07-25 08:30:00,TRK-001,Rute-A,Bekasi Logistics Hub,544.0,1400,11.4,2.3,41.0,DELIVERED,YES,SHP-20260725-04860
2026-07-26 11:41:00,TRK-004,Rute-F,Petamburan Hub,544.9,1200,11.84,2.5,41.6,IN_TRANSIT,YES,SHP-20260726-04861
2026-07-27 14:52:00,TRK-007,Rute-K,Grogol Hub (Jakbar),545.8,1200,12.28,2.6,42.2,DELAYED,NO,SHP-20260727-04862
2026-07-28 18:03:00,TRK-010,Rute-P,Central Hub (Jakarta),546.6,1200,12.72,2.8,42.9,LOADED,YES,SHP-20260728-04863
2026-07-29 11:14:00,TRK-013,Rute-C,Gudang West (Tangerang),547.5,1200,13.16,0.4,43.5,RETURNING,NO,SHP-20260729-04864
2026-07-30 14:25:00,TRK-016,Rute-H,Cikarang Industrial Hub,548.4,1400,13.6,0.6,44.1,DELIVERED,YES,SHP-20260730-04865
2026-07-31 16:36:00,TRK-019,Rute-M,Bogor Transit Hub,549.3,1200,14.04,0.7,44.7,IN_TRANSIT,YES,SHP-20260731-04866
2026-07-01 09:47:00,TRK-022,Rute-R,Depok Hub,550.2,1200,14.48,0.9,45.3,DELAYED,NO,SHP-20260701-04867
2026-07-02 12:58:00,TRK-025,Rute-E,Bekasi Logistics Hub,551.0,1200,14.92,1.0,46.0,LOADED,YES,SHP-20260702-04868
2026-07-03 16:09:00,TRK-028,Rute-J,Petamburan Hub,551.9,1200,15.36,1.2,46.6,RETURNING,NO,SHP-20260703-04869
2026-07-04 09:20:00,TRK-031,Rute-O,Grogol Hub (Jakbar),552.8,1400,15.8,1.4,47.2,DELIVERED,YES,SHP-20260704-04870
2026-07-05 11:31:00,TRK-034,Rute-B,Central Hub (Jakarta),553.7,1200,16.24,1.5,47.8,IN_TRANSIT,YES,SHP-20260705-04871
2026-07-06 14:42:00,TRK-037,Rute-G,Gudang West (Tangerang),554.6,1200,16.68,1.7,48.4,DELAYED,NO,SHP-20260706-04872
2026-07-07 17:53:00,TRK-040,Rute-L,Cikarang Industrial Hub,555.4,1200,17.12,1.8,49.1,LOADED,YES,SHP-20260707-04873
2026-07-08 11:04:00,TRK-043,Rute-Q,Bogor Transit Hub,556.3,1200,17.56,2.0,49.7,RETURNING,NO,SHP-20260708-04874
2026-07-09 14:15:00,TRK-046,Rute-D,Depok Hub,557.2,1400,18.0,2.2,50.3,DELIVERED,YES,SHP-20260709-04875
2026-07-10 17:26:00,TRK-049,Rute-I,Bekasi Logistics Hub,558.1,1200,18.44,2.3,50.9,IN_TRANSIT,YES,SHP-20260710-04876
2026-07-11 09:37:00,TRK-052,Rute-N,Petamburan Hub,559.0,1200,18.88,2.5,51.5,DELAYED,NO,SHP-20260711-04877
2026-07-12 12:48:00,TRK-055,Rute-A,Grogol Hub (Jakbar),559.8,1200,19.32,2.6,52.2,LOADED,YES,SHP-20260712-04878
2026-07-13 15:59:00,TRK-058,Rute-F,Central Hub (Jakarta),560.7,1200,19.76,2.8,52.8,RETURNING,NO,SHP-20260713-04879
2026-07-14 09:10:00,TRK-061,Rute-K,Gudang West (Tangerang),561.6,1400,20.2,0.4,53.4,DELIVERED,YES,SHP-20260714-04880
2026-07-15 12:21:00,TRK-064,Rute-P,Cikarang Industrial Hub,562.5,1200,20.64,0.6,54.0,IN_TRANSIT,YES,SHP-20260715-04881
2026-07-16 14:32:00,TRK-067,Rute-C,Bogor Transit Hub,563.4,1200,21.08,0.7,54.6,DELAYED,NO,SHP-20260716-04882
2026-07-17 17:43:00,TRK-070,Rute-H,Depok Hub,564.2,1200,21.52,0.9,55.3,LOADED,YES,SHP-20260717-04883
2026-07-18 10:54:00,TRK-073,Rute-M,Bekasi Logistics Hub,565.1,1200,21.96,1.0,55.9,RETURNING,NO,SHP-20260718-04884
2026-07-19 14:05:00,TRK-076,Rute-R,Petamburan Hub,566.0,1400,22.4,1.2,56.5,DELIVERED,YES,SHP-20260719-04885
2026-07-20 17:16:00,TRK-079,Rute-E,Grogol Hub (Jakbar),566.9,1200,22.84,1.4,57.1,IN_TRANSIT,YES,SHP-20260720-04886
2026-07-21 10:27:00,TRK-082,Rute-J,Central Hub (Jakarta),567.8,1200,23.28,1.5,57.7,DELAYED,NO,SHP-20260721-04887
2026-07-22 12:38:00,TRK-085,Rute-O,Gudang West (Tangerang),568.6,1200,23.72,1.7,58.4,LOADED,YES,SHP-20260722-04888
2026-07-23 15:49:00,TRK-088,Rute-B,Cikarang Industrial Hub,569.5,1200,24.16,1.8,59.0,RETURNING,NO,SHP-20260723-04889
2026-07-24 09:00:00,TRK-091,Rute-G,Bogor Transit Hub,570.4,1400,24.6,2.0,59.6,DELIVERED,YES,SHP-20260724-04890
2026-07-25 12:11:00,TRK-094,Rute-L,Depok Hub,571.3,1200,25.04,2.2,60.2,IN_TRANSIT,YES,SHP-20260725-04891
2026-07-26 15:22:00,TRK-097,Rute-Q,Bekasi Logistics Hub,572.2,1200,25.48,2.3,60.8,DELAYED,NO,SHP-20260726-04892
2026-07-27 17:33:00,TRK-100,Rute-D,Petamburan Hub,573.0,1200,25.92,2.5,61.5,LOADED,YES,SHP-20260727-04893
2026-07-28 10:44:00,TRK-103,Rute-I,Grogol Hub (Jakbar),573.9,1200,26.36,2.6,62.1,RETURNING,NO,SHP-20260728-04894
2026-07-29 13:55:00,TRK-106,Rute-N,Central Hub (Jakarta),574.8,1400,26.8,2.8,62.7,DELIVERED,YES,SHP-20260729-04895
2026-07-30 17:06:00,TRK-109,Rute-A,Gudang West (Tangerang),575.7,1200,11.4,0.4,63.3,IN_TRANSIT,YES,SHP-20260730-04896
2026-07-31 10:17:00,TRK-112,Rute-F,Cikarang Industrial Hub,576.6,1200,11.84,0.6,63.9,DELAYED,NO,SHP-20260731-04897
2026-07-01 13:28:00,TRK-115,Rute-K,Bogor Transit Hub,577.4,1200,12.28,0.7,64.6,LOADED,YES,SHP-20260701-04898
2026-07-02 15:39:00,TRK-118,Rute-P,Depok Hub,578.3,1200,12.72,0.9,65.2,RETURNING,NO,SHP-20260702-04899
2026-07-03 08:50:00,TRK-121,Rute-C,Bekasi Logistics Hub,579.2,1400,13.16,1.0,65.8,DELIVERED,YES,SHP-20260703-04900
2026-07-04 12:01:00,TRK-124,Rute-H,Petamburan Hub,580.1,1200,13.6,1.2,66.4,IN_TRANSIT,YES,SHP-20260704-04901
2026-07-05 15:12:00,TRK-127,Rute-M,Grogol Hub (Jakbar),581.0,1200,14.04,1.4,67.0,DELAYED,NO,SHP-20260705-04902
2026-07-06 18:23:00,TRK-130,Rute-R,Central Hub (Jakarta),581.8,1200,14.48,1.5,67.7,LOADED,YES,SHP-20260706-04903
2026-07-07 10:34:00,TRK-133,Rute-E,Gudang West (Tangerang),582.7,1200,14.92,1.7,68.3,RETURNING,NO,SHP-20260707-04904
2026-07-08 13:45:00,TRK-136,Rute-J,Cikarang Industrial Hub,583.6,1400,15.36,1.8,68.9,DELIVERED,YES,SHP-20260708-04905
2026-07-09 16:56:00,TRK-139,Rute-O,Bogor Transit Hub,584.5,1200,15.8,2.0,69.5,IN_TRANSIT,YES,SHP-20260709-04906
2026-07-10 10:07:00,TRK-142,Rute-B,Depok Hub,585.4,1200,16.24,2.2,70.1,DELAYED,NO,SHP-20260710-04907
2026-07-11 13:18:00,TRK-145,Rute-G,Bekasi Logistics Hub,586.2,1200,16.68,2.3,70.8,LOADED,YES,SHP-20260711-04908
2026-07-12 16:29:00,TRK-148,Rute-L,Petamburan Hub,587.1,1200,17.12,2.5,71.4,RETURNING,NO,SHP-20260712-04909
2026-07-13 08:40:00,TRK-151,Rute-Q,Grogol Hub (Jakbar),588.0,1400,17.56,2.6,72.0,DELIVERED,YES,SHP-20260713-04910
2026-07-14 11:51:00,TRK-154,Rute-D,Central Hub (Jakarta),588.9,1200,18.0,2.8,72.6,IN_TRANSIT,YES,SHP-20260714-04911
2026-07-15 15:02:00,TRK-157,Rute-I,Gudang West (Tangerang),589.8,1200,18.44,0.4,73.2,DELAYED,NO,SHP-20260715-04912
2026-07-16 18:13:00,TRK-160,Rute-N,Cikarang Industrial Hub,590.6,1200,18.88,0.6,73.9,LOADED,YES,SHP-20260716-04913
2026-07-17 11:24:00,TRK-163,Rute-A,Bogor Transit Hub,591.5,1200,19.32,0.7,74.5,RETURNING,NO,SHP-20260717-04914
2026-07-18 13:35:00,TRK-166,Rute-F,Depok Hub,592.4,1400,19.76,0.9,75.1,DELIVERED,YES,SHP-20260718-04915
2026-07-19 16:46:00,TRK-169,Rute-K,Bekasi Logistics Hub,593.3,1200,20.2,1.0,75.7,IN_TRANSIT,YES,SHP-20260719-04916
2026-07-20 09:57:00,TRK-172,Rute-P,Petamburan Hub,594.2,1200,20.64,1.2,76.3,DELAYED,NO,SHP-20260720-04917
2026-07-21 13:08:00,TRK-175,Rute-C,Grogol Hub (Jakbar),595.0,1200,21.08,1.4,77.0,LOADED,YES,SHP-20260721-04918
2026-07-22 16:19:00,TRK-178,Rute-H,Central Hub (Jakarta),595.9,1200,21.52,1.5,77.6,RETURNING,NO,SHP-20260722-04919
2026-07-23 08:30:00,TRK-001,Rute-M,Gudang West (Tangerang),596.8,1400,21.96,1.7,78.2,DELIVERED,YES,SHP-20260723-04920
2026-07-24 11:41:00,TRK-004,Rute-R,Cikarang Industrial Hub,597.7,1200,22.4,1.8,78.8,IN_TRANSIT,YES,SHP-20260724-04921
2026-07-25 14:52:00,TRK-007,Rute-E,Bogor Transit Hub,598.6,1200,22.84,2.0,79.4,DELAYED,NO,SHP-20260725-04922
2026-07-26 18:03:00,TRK-010,Rute-J,Depok Hub,599.4,1200,23.28,2.2,80.1,LOADED,YES,SHP-20260726-04923
2026-07-27 11:14:00,TRK-013,Rute-O,Bekasi Logistics Hub,600.3,1200,23.72,2.3,80.7,RETURNING,NO,SHP-20260727-04924
2026-07-28 14:25:00,TRK-016,Rute-B,Petamburan Hub,601.2,1400,24.16,2.5,81.3,DELIVERED,YES,SHP-20260728-04925
2026-07-29 16:36:00,TRK-019,Rute-G,Grogol Hub (Jakbar),602.1,1200,24.6,2.6,81.9,IN_TRANSIT,YES,SHP-20260729-04926
2026-07-30 09:47:00,TRK-022,Rute-L,Central Hub (Jakarta),603.0,1200,25.04,2.8,82.5,DELAYED,NO,SHP-20260730-04927
2026-07-31 12:58:00,TRK-025,Rute-Q,Gudang West (Tangerang),603.8,1200,25.48,0.4,83.2,LOADED,YES,SHP-20260731-04928
2026-07-01 16:09:00,TRK-028,Rute-D,Cikarang Industrial Hub,604.7,1200,25.92,0.6,83.8,RETURNING,NO,SHP-20260701-04929
2026-07-02 09:20:00,TRK-031,Rute-I,Bogor Transit Hub,605.6,1400,26.36,0.7,84.4,DELIVERED,YES,SHP-20260702-04930
2026-07-03 11:31:00,TRK-034,Rute-N,Depok Hub,606.5,1200,26.8,0.9,85.0,IN_TRANSIT,YES,SHP-20260703-04931
2026-07-04 14:42:00,TRK-037,Rute-A,Bekasi Logistics Hub,607.4,1200,11.4,1.0,85.6,DELAYED,NO,SHP-20260704-04932
2026-07-05 17:53:00,TRK-040,Rute-F,Petamburan Hub,608.2,1200,11.84,1.2,86.3,LOADED,YES,SHP-20260705-04933
2026-07-06 11:04:00,TRK-043,Rute-K,Grogol Hub (Jakbar),609.1,1200,12.28,1.4,86.9,RETURNING,NO,SHP-20260706-04934
2026-07-07 14:15:00,TRK-046,Rute-P,Central Hub (Jakarta),610.0,1400,12.72,1.5,87.5,DELIVERED,YES,SHP-20260707-04935
2026-07-08 17:26:00,TRK-049,Rute-C,Gudang West (Tangerang),610.9,1200,13.16,1.7,88.1,IN_TRANSIT,YES,SHP-20260708-04936
2026-07-09 09:37:00,TRK-052,Rute-H,Cikarang Industrial Hub,611.8,1200,13.6,1.8,88.7,DELAYED,NO,SHP-20260709-04937
2026-07-10 12:48:00,TRK-055,Rute-M,Bogor Transit Hub,612.6,1200,14.04,2.0,89.4,LOADED,YES,SHP-20260710-04938
2026-07-11 15:59:00,TRK-058,Rute-R,Depok Hub,613.5,1200,14.48,2.2,90.0,RETURNING,NO,SHP-20260711-04939
2026-07-12 09:10:00,TRK-061,Rute-E,Bekasi Logistics Hub,614.4,1400,14.92,2.3,10.0,DELIVERED,YES,SHP-20260712-04940
2026-07-13 12:21:00,TRK-064,Rute-J,Petamburan Hub,615.3,1200,15.36,2.5,10.6,IN_TRANSIT,YES,SHP-20260713-04941
2026-07-14 14:32:00,TRK-067,Rute-O,Grogol Hub (Jakbar),616.2,1200,15.8,2.6,11.2,DELAYED,NO,SHP-20260714-04942
2026-07-15 17:43:00,TRK-070,Rute-B,Central Hub (Jakarta),617.0,1200,16.24,2.8,11.9,LOADED,YES,SHP-20260715-04943
2026-07-16 10:54:00,TRK-073,Rute-G,Gudang West (Tangerang),617.9,1200,16.68,0.4,12.5,RETURNING,NO,SHP-20260716-04944
2026-07-17 14:05:00,TRK-076,Rute-L,Cikarang Industrial Hub,618.8,1400,17.12,0.6,13.1,DELIVERED,YES,SHP-20260717-04945
2026-07-18 17:16:00,TRK-079,Rute-Q,Bogor Transit Hub,619.7,1200,17.56,0.7,13.7,IN_TRANSIT,YES,SHP-20260718-04946
2026-07-19 10:27:00,TRK-082,Rute-D,Depok Hub,620.6,1200,18.0,0.9,14.3,DELAYED,NO,SHP-20260719-04947
2026-07-20 12:38:00,TRK-085,Rute-I,Bekasi Logistics Hub,621.4,1200,18.44,1.0,15.0,LOADED,YES,SHP-20260720-04948
2026-07-21 15:49:00,TRK-088,Rute-N,Petamburan Hub,622.3,1200,18.88,1.2,15.6,RETURNING,NO,SHP-20260721-04949
2026-07-22 09:00:00,TRK-091,Rute-A,Grogol Hub (Jakbar),623.2,1400,19.32,1.4,16.2,DELIVERED,YES,SHP-20260722-04950
2026-07-23 12:11:00,TRK-094,Rute-F,Central Hub (Jakarta),624.1,1200,19.76,1.5,16.8,IN_TRANSIT,YES,SHP-20260723-04951
2026-07-24 15:22:00,TRK-097,Rute-K,Gudang West (Tangerang),625.0,1200,20.2,1.7,17.4,DELAYED,NO,SHP-20260724-04952
2026-07-25 17:33:00,TRK-100,Rute-P,Cikarang Industrial Hub,625.8,1200,20.64,1.8,18.1,LOADED,YES,SHP-20260725-04953
2026-07-26 10:44:00,TRK-103,Rute-C,Bogor Transit Hub,626.7,1200,21.08,2.0,18.7,RETURNING,NO,SHP-20260726-04954
2026-07-27 13:55:00,TRK-106,Rute-H,Depok Hub,627.6,1400,21.52,2.2,19.3,DELIVERED,YES,SHP-20260727-04955
2026-07-28 17:06:00,TRK-109,Rute-M,Bekasi Logistics Hub,628.5,1200,21.96,2.3,19.9,IN_TRANSIT,YES,SHP-20260728-04956
2026-07-29 10:17:00,TRK-112,Rute-R,Petamburan Hub,629.4,1200,22.4,2.5,20.5,DELAYED,NO,SHP-20260729-04957
2026-07-30 13:28:00,TRK-115,Rute-E,Grogol Hub (Jakbar),630.2,1200,22.84,2.6,21.2,LOADED,YES,SHP-20260730-04958
2026-07-31 15:39:00,TRK-118,Rute-J,Central Hub (Jakarta),631.1,1200,23.28,2.8,21.8,RETURNING,NO,SHP-20260731-04959
2026-07-01 08:50:00,TRK-121,Rute-O,Gudang West (Tangerang),632.0,1400,23.72,0.4,22.4,DELIVERED,YES,SHP-20260701-04960
2026-07-02 12:01:00,TRK-124,Rute-B,Cikarang Industrial Hub,632.9,1200,24.16,0.6,23.0,IN_TRANSIT,YES,SHP-20260702-04961
2026-07-03 15:12:00,TRK-127,Rute-G,Bogor Transit Hub,633.8,1200,24.6,0.7,23.6,DELAYED,NO,SHP-20260703-04962
2026-07-04 18:23:00,TRK-130,Rute-L,Depok Hub,634.6,1200,25.04,0.9,24.3,LOADED,YES,SHP-20260704-04963
2026-07-05 10:34:00,TRK-133,Rute-Q,Bekasi Logistics Hub,635.5,1200,25.48,1.0,24.9,RETURNING,NO,SHP-20260705-04964
2026-07-06 13:45:00,TRK-136,Rute-D,Petamburan Hub,636.4,1400,25.92,1.2,25.5,DELIVERED,YES,SHP-20260706-04965
2026-07-07 16:56:00,TRK-139,Rute-I,Grogol Hub (Jakbar),637.3,1200,26.36,1.4,26.1,IN_TRANSIT,YES,SHP-20260707-04966
2026-07-08 10:07:00,TRK-142,Rute-N,Central Hub (Jakarta),638.2,1200,26.8,1.5,26.7,DELAYED,NO,SHP-20260708-04967
2026-07-09 13:18:00,TRK-145,Rute-A,Gudang West (Tangerang),639.0,1200,11.4,1.7,27.4,LOADED,YES,SHP-20260709-04968
2026-07-10 16:29:00,TRK-148,Rute-F,Cikarang Industrial Hub,639.9,1200,11.84,1.8,28.0,RETURNING,NO,SHP-20260710-04969
2026-07-11 08:40:00,TRK-151,Rute-K,Bogor Transit Hub,640.8,1400,12.28,2.0,28.6,DELIVERED,YES,SHP-20260711-04970
2026-07-12 11:51:00,TRK-154,Rute-P,Depok Hub,641.7,1200,12.72,2.2,29.2,IN_TRANSIT,YES,SHP-20260712-04971
2026-07-13 15:02:00,TRK-157,Rute-C,Bekasi Logistics Hub,642.6,1200,13.16,2.3,29.8,DELAYED,NO,SHP-20260713-04972
2026-07-14 18:13:00,TRK-160,Rute-H,Petamburan Hub,643.4,1200,13.6,2.5,30.5,LOADED,YES,SHP-20260714-04973
2026-07-15 11:24:00,TRK-163,Rute-M,Grogol Hub (Jakbar),644.3,1200,14.04,2.6,31.1,RETURNING,NO,SHP-20260715-04974
2026-07-16 13:35:00,TRK-166,Rute-R,Central Hub (Jakarta),645.2,1400,14.48,2.8,31.7,DELIVERED,YES,SHP-20260716-04975
2026-07-17 16:46:00,TRK-169,Rute-E,Gudang West (Tangerang),646.1,1200,14.92,0.4,32.3,IN_TRANSIT,YES,SHP-20260717-04976
2026-07-18 09:57:00,TRK-172,Rute-J,Cikarang Industrial Hub,647.0,1200,15.36,0.6,32.9,DELAYED,NO,SHP-20260718-04977
2026-07-19 13:08:00,TRK-175,Rute-O,Bogor Transit Hub,647.8,1200,15.8,0.7,33.6,LOADED,YES,SHP-20260719-04978
2026-07-20 16:19:00,TRK-178,Rute-B,Depok Hub,648.7,1200,16.24,0.9,34.2,RETURNING,NO,SHP-20260720-04979
2026-07-21 08:30:00,TRK-001,Rute-G,Bekasi Logistics Hub,649.6,1400,16.68,1.0,34.8,DELIVERED,YES,SHP-20260721-04980
2026-07-22 11:41:00,TRK-004,Rute-L,Petamburan Hub,650.5,1200,17.12,1.2,35.4,IN_TRANSIT,YES,SHP-20260722-04981
2026-07-23 14:52:00,TRK-007,Rute-Q,Grogol Hub (Jakbar),651.4,1200,17.56,1.4,36.0,DELAYED,NO,SHP-20260723-04982
2026-07-24 18:03:00,TRK-010,Rute-D,Central Hub (Jakarta),652.2,1200,18.0,1.5,36.7,LOADED,YES,SHP-20260724-04983
2026-07-25 11:14:00,TRK-013,Rute-I,Gudang West (Tangerang),653.1,1200,18.44,1.7,37.3,RETURNING,NO,SHP-20260725-04984
2026-07-26 14:25:00,TRK-016,Rute-N,Cikarang Industrial Hub,654.0,1400,18.88,1.8,37.9,DELIVERED,YES,SHP-20260726-04985
2026-07-27 16:36:00,TRK-019,Rute-A,Bogor Transit Hub,654.9,1200,19.32,2.0,38.5,IN_TRANSIT,YES,SHP-20260727-04986
2026-07-28 09:47:00,TRK-022,Rute-F,Depok Hub,655.8,1200,19.76,2.2,39.1,DELAYED,NO,SHP-20260728-04987
2026-07-29 12:58:00,TRK-025,Rute-K,Bekasi Logistics Hub,656.6,1200,20.2,2.3,39.8,LOADED,YES,SHP-20260729-04988
2026-07-30 16:09:00,TRK-028,Rute-P,Petamburan Hub,657.5,1200,20.64,2.5,40.4,RETURNING,NO,SHP-20260730-04989
2026-07-31 09:20:00,TRK-031,Rute-C,Grogol Hub (Jakbar),658.4,1400,21.08,2.6,41.0,DELIVERED,YES,SHP-20260731-04990
2026-07-01 11:31:00,TRK-034,Rute-H,Central Hub (Jakarta),659.3,1200,21.52,2.8,41.6,IN_TRANSIT,YES,SHP-20260701-04991
2026-07-02 14:42:00,TRK-037,Rute-M,Gudang West (Tangerang),660.2,1200,21.96,0.4,42.2,DELAYED,NO,SHP-20260702-04992
2026-07-03 17:53:00,TRK-040,Rute-R,Cikarang Industrial Hub,661.0,1200,22.4,0.6,42.9,LOADED,YES,SHP-20260703-04993
2026-07-04 11:04:00,TRK-043,Rute-E,Bogor Transit Hub,661.9,1200,22.84,0.7,43.5,RETURNING,NO,SHP-20260704-04994
2026-07-05 14:15:00,TRK-046,Rute-J,Depok Hub,662.8,1400,23.28,0.9,44.1,DELIVERED,YES,SHP-20260705-04995
2026-07-06 17:26:00,TRK-049,Rute-O,Bekasi Logistics Hub,663.7,1200,23.72,1.0,44.7,IN_TRANSIT,YES,SHP-20260706-04996
2026-07-07 09:37:00,TRK-052,Rute-B,Petamburan Hub,664.6,1200,24.16,1.2,45.3,DELAYED,NO,SHP-20260707-04997
2026-07-08 12:48:00,TRK-055,Rute-G,Grogol Hub (Jakbar),665.4,1200,24.6,1.4,46.0,LOADED,YES,SHP-20260708-04998
2026-07-09 15:59:00,TRK-058,Rute-L,Central Hub (Jakarta),666.3,1200,25.04,1.5,46.6,RETURNING,NO,SHP-20260709-04999
2026-07-10 09:10:00,TRK-061,Rute-Q,Gudang West (Tangerang),667.2,1400,25.48,1.7,47.2,DELIVERED,YES,SHP-20260710-05000
2026-07-11 12:21:00,TRK-064,Rute-D,Cikarang Industrial Hub,668.1,1200,25.92,1.8,47.8,IN_TRANSIT,YES,SHP-20260711-05001
2026-07-12 14:32:00,TRK-067,Rute-I,Bogor Transit Hub,669.0,1200,26.36,2.0,48.4,DELAYED,NO,SHP-20260712-05002
2026-07-13 17:43:00,TRK-070,Rute-N,Depok Hub,669.8,1200,26.8,2.2,49.1,LOADED,YES,SHP-20260713-05003
2026-07-14 10:54:00,TRK-073,Rute-A,Bekasi Logistics Hub,670.7,1200,11.4,2.3,49.7,RETURNING,NO,SHP-20260714-05004
2026-07-15 14:05:00,TRK-076,Rute-F,Petamburan Hub,671.6,1400,11.84,2.5,50.3,DELIVERED,YES,SHP-20260715-05005
2026-07-16 17:16:00,TRK-079,Rute-K,Grogol Hub (Jakbar),672.5,1200,12.28,2.6,50.9,IN_TRANSIT,YES,SHP-20260716-05006
2026-07-17 10:27:00,TRK-082,Rute-P,Central Hub (Jakarta),673.4,1200,12.72,2.8,51.5,DELAYED,NO,SHP-20260717-05007
2026-07-18 12:38:00,TRK-085,Rute-C,Gudang West (Tangerang),674.2,1200,13.16,0.4,52.2,LOADED,YES,SHP-20260718-05008
2026-07-19 15:49:00,TRK-088,Rute-H,Cikarang Industrial Hub,675.1,1200,13.6,0.6,52.8,RETURNING,NO,SHP-20260719-05009
2026-07-20 09:00:00,TRK-091,Rute-M,Bogor Transit Hub,676.0,1400,14.04,0.7,53.4,DELIVERED,YES,SHP-20260720-05010
2026-07-21 12:11:00,TRK-094,Rute-R,Depok Hub,676.9,1200,14.48,0.9,54.0,IN_TRANSIT,YES,SHP-20260721-05011
2026-07-22 15:22:00,TRK-097,Rute-E,Bekasi Logistics Hub,677.8,1200,14.92,1.0,54.6,DELAYED,NO,SHP-20260722-05012
2026-07-23 17:33:00,TRK-100,Rute-J,Petamburan Hub,678.6,1200,15.36,1.2,55.3,LOADED,YES,SHP-20260723-05013
2026-07-24 10:44:00,TRK-103,Rute-O,Grogol Hub (Jakbar),679.5,1200,15.8,1.4,55.9,RETURNING,NO,SHP-20260724-05014
2026-07-25 13:55:00,TRK-106,Rute-B,Central Hub (Jakarta),680.4,1400,16.24,1.5,56.5,DELIVERED,YES,SHP-20260725-05015
2026-07-26 17:06:00,TRK-109,Rute-G,Gudang West (Tangerang),681.3,1200,16.68,1.7,57.1,IN_TRANSIT,YES,SHP-20260726-05016
2026-07-27 10:17:00,TRK-112,Rute-L,Cikarang Industrial Hub,682.2,1200,17.12,1.8,57.7,DELAYED,NO,SHP-20260727-05017
2026-07-28 13:28:00,TRK-115,Rute-Q,Bogor Transit Hub,683.0,1200,17.56,2.0,58.4,LOADED,YES,SHP-20260728-05018
2026-07-29 15:39:00,TRK-118,Rute-D,Depok Hub,683.9,1200,18.0,2.2,59.0,RETURNING,NO,SHP-20260729-05019
2026-07-30 08:50:00,TRK-121,Rute-I,Bekasi Logistics Hub,684.8,1400,18.44,2.3,59.6,DELIVERED,YES,SHP-20260730-05020
2026-07-31 12:01:00,TRK-124,Rute-N,Petamburan Hub,685.7,1200,18.88,2.5,60.2,IN_TRANSIT,YES,SHP-20260731-05021
2026-07-01 15:12:00,TRK-127,Rute-A,Grogol Hub (Jakbar),686.6,1200,19.32,2.6,60.8,DELAYED,NO,SHP-20260701-05022
2026-07-02 18:23:00,TRK-130,Rute-F,Central Hub (Jakarta),687.4,1200,19.76,2.8,61.5,LOADED,YES,SHP-20260702-05023
2026-07-03 10:34:00,TRK-133,Rute-K,Gudang West (Tangerang),688.3,1200,20.2,0.4,62.1,RETURNING,NO,SHP-20260703-05024
2026-07-04 13:45:00,TRK-136,Rute-P,Cikarang Industrial Hub,689.2,1400,20.64,0.6,62.7,DELIVERED,YES,SHP-20260704-05025
2026-07-05 16:56:00,TRK-139,Rute-C,Bogor Transit Hub,690.1,1200,21.08,0.7,63.3,IN_TRANSIT,YES,SHP-20260705-05026
2026-07-06 10:07:00,TRK-142,Rute-H,Depok Hub,691.0,1200,21.52,0.9,63.9,DELAYED,NO,SHP-20260706-05027
2026-07-07 13:18:00,TRK-145,Rute-M,Bekasi Logistics Hub,691.8,1200,21.96,1.0,64.6,LOADED,YES,SHP-20260707-05028
2026-07-08 16:29:00,TRK-148,Rute-R,Petamburan Hub,692.7,1200,22.4,1.2,65.2,RETURNING,NO,SHP-20260708-05029
2026-07-09 08:40:00,TRK-151,Rute-E,Grogol Hub (Jakbar),693.6,1400,22.84,1.4,65.8,DELIVERED,YES,SHP-20260709-05030
2026-07-10 11:51:00,TRK-154,Rute-J,Central Hub (Jakarta),694.5,1200,23.28,1.5,66.4,IN_TRANSIT,YES,SHP-20260710-05031
2026-07-11 15:02:00,TRK-157,Rute-O,Gudang West (Tangerang),695.4,1200,23.72,1.7,67.0,DELAYED,NO,SHP-20260711-05032
2026-07-12 18:13:00,TRK-160,Rute-B,Cikarang Industrial Hub,696.2,1200,24.16,1.8,67.7,LOADED,YES,SHP-20260712-05033
2026-07-13 11:24:00,TRK-163,Rute-G,Bogor Transit Hub,697.1,1200,24.6,2.0,68.3,RETURNING,NO,SHP-20260713-05034
2026-07-14 13:35:00,TRK-166,Rute-L,Depok Hub,698.0,1400,25.04,2.2,68.9,DELIVERED,YES,SHP-20260714-05035
2026-07-15 16:46:00,TRK-169,Rute-Q,Bekasi Logistics Hub,698.9,1200,25.48,2.3,69.5,IN_TRANSIT,YES,SHP-20260715-05036
2026-07-16 09:57:00,TRK-172,Rute-D,Petamburan Hub,699.8,1200,25.92,2.5,70.1,DELAYED,NO,SHP-20260716-05037
2026-07-17 13:08:00,TRK-175,Rute-I,Grogol Hub (Jakbar),700.6,1200,26.36,2.6,70.8,LOADED,YES,SHP-20260717-05038
2026-07-18 16:19:00,TRK-178,Rute-N,Central Hub (Jakarta),701.5,1200,26.8,2.8,71.4,RETURNING,NO,SHP-20260718-05039
2026-07-19 08:30:00,TRK-001,Rute-A,Gudang West (Tangerang),702.4,1400,11.4,0.4,72.0,DELIVERED,YES,SHP-20260719-05040
2026-07-20 11:41:00,TRK-004,Rute-F,Cikarang Industrial Hub,703.3,1200,11.84,0.6,72.6,IN_TRANSIT,YES,SHP-20260720-05041
2026-07-21 14:52:00,TRK-007,Rute-K,Bogor Transit Hub,704.2,1200,12.28,0.7,73.2,DELAYED,NO,SHP-20260721-05042
2026-07-22 18:03:00,TRK-010,Rute-P,Depok Hub,705.0,1200,12.72,0.9,73.9,LOADED,YES,SHP-20260722-05043
2026-07-23 11:14:00,TRK-013,Rute-C,Bekasi Logistics Hub,705.9,1200,13.16,1.0,74.5,RETURNING,NO,SHP-20260723-05044
2026-07-24 14:25:00,TRK-016,Rute-H,Petamburan Hub,706.8,1400,13.6,1.2,75.1,DELIVERED,YES,SHP-20260724-05045
2026-07-25 16:36:00,TRK-019,Rute-M,Grogol Hub (Jakbar),707.7,1200,14.04,1.4,75.7,IN_TRANSIT,YES,SHP-20260725-05046
2026-07-26 09:47:00,TRK-022,Rute-R,Central Hub (Jakarta),708.6,1200,14.48,1.5,76.3,DELAYED,NO,SHP-20260726-05047
2026-07-27 12:58:00,TRK-025,Rute-E,Gudang West (Tangerang),709.4,1200,14.92,1.7,77.0,LOADED,YES,SHP-20260727-05048
2026-07-28 16:09:00,TRK-028,Rute-J,Cikarang Industrial Hub,710.3,1200,15.36,1.8,77.6,RETURNING,NO,SHP-20260728-05049
2026-07-29 09:20:00,TRK-031,Rute-O,Bogor Transit Hub,711.2,1400,15.8,2.0,78.2,DELIVERED,YES,SHP-20260729-05050
2026-07-30 11:31:00,TRK-034,Rute-B,Depok Hub,712.1,1200,16.24,2.2,78.8,IN_TRANSIT,YES,SHP-20260730-05051
2026-07-31 14:42:00,TRK-037,Rute-G,Bekasi Logistics Hub,713.0,1200,16.68,2.3,79.4,DELAYED,NO,SHP-20260731-05052
2026-07-01 17:53:00,TRK-040,Rute-L,Petamburan Hub,713.8,1200,17.12,2.5,80.1,LOADED,YES,SHP-20260701-05053
2026-07-02 11:04:00,TRK-043,Rute-Q,Grogol Hub (Jakbar),714.7,1200,17.56,2.6,80.7,RETURNING,NO,SHP-20260702-05054
2026-07-03 14:15:00,TRK-046,Rute-D,Central Hub (Jakarta),715.6,1400,18.0,2.8,81.3,DELIVERED,YES,SHP-20260703-05055
2026-07-04 17:26:00,TRK-049,Rute-I,Gudang West (Tangerang),716.5,1200,18.44,0.4,81.9,IN_TRANSIT,YES,SHP-20260704-05056
2026-07-05 09:37:00,TRK-052,Rute-N,Cikarang Industrial Hub,717.4,1200,18.88,0.6,82.5,DELAYED,NO,SHP-20260705-05057
2026-07-06 12:48:00,TRK-055,Rute-A,Bogor Transit Hub,718.2,1200,19.32,0.7,83.2,LOADED,YES,SHP-20260706-05058
2026-07-07 15:59:00,TRK-058,Rute-F,Depok Hub,719.1,1200,19.76,0.9,83.8,RETURNING,NO,SHP-20260707-05059
2026-07-08 09:10:00,TRK-061,Rute-K,Bekasi Logistics Hub,720.0,1400,20.2,1.0,84.4,DELIVERED,YES,SHP-20260708-05060
2026-07-09 12:21:00,TRK-064,Rute-P,Petamburan Hub,720.9,1200,20.64,1.2,85.0,IN_TRANSIT,YES,SHP-20260709-05061
2026-07-10 14:32:00,TRK-067,Rute-C,Grogol Hub (Jakbar),721.8,1200,21.08,1.4,85.6,DELAYED,NO,SHP-20260710-05062
2026-07-11 17:43:00,TRK-070,Rute-H,Central Hub (Jakarta),722.6,1200,21.52,1.5,86.3,LOADED,YES,SHP-20260711-05063
2026-07-12 10:54:00,TRK-073,Rute-M,Gudang West (Tangerang),723.5,1200,21.96,1.7,86.9,RETURNING,NO,SHP-20260712-05064
2026-07-13 14:05:00,TRK-076,Rute-R,Cikarang Industrial Hub,724.4,1400,22.4,1.8,87.5,DELIVERED,YES,SHP-20260713-05065
2026-07-14 17:16:00,TRK-079,Rute-E,Bogor Transit Hub,725.3,1200,22.84,2.0,88.1,IN_TRANSIT,YES,SHP-20260714-05066
2026-07-15 10:27:00,TRK-082,Rute-J,Depok Hub,726.2,1200,23.28,2.2,88.7,DELAYED,NO,SHP-20260715-05067
2026-07-16 12:38:00,TRK-085,Rute-O,Bekasi Logistics Hub,727.0,1200,23.72,2.3,89.4,LOADED,YES,SHP-20260716-05068
2026-07-17 15:49:00,TRK-088,Rute-B,Petamburan Hub,727.9,1200,24.16,2.5,90.0,RETURNING,NO,SHP-20260717-05069
2026-07-18 09:00:00,TRK-091,Rute-G,Grogol Hub (Jakbar),728.8,1400,24.6,2.6,10.0,DELIVERED,YES,SHP-20260718-05070
2026-07-19 12:11:00,TRK-094,Rute-L,Central Hub (Jakarta),729.7,1200,25.04,2.8,10.6,IN_TRANSIT,YES,SHP-20260719-05071
2026-07-20 15:22:00,TRK-097,Rute-Q,Gudang West (Tangerang),730.6,1200,25.48,0.4,11.2,DELAYED,NO,SHP-20260720-05072
2026-07-21 17:33:00,TRK-100,Rute-D,Cikarang Industrial Hub,731.4,1200,25.92,0.6,11.9,LOADED,YES,SHP-20260721-05073
2026-07-22 10:44:00,TRK-103,Rute-I,Bogor Transit Hub,732.3,1200,26.36,0.7,12.5,RETURNING,NO,SHP-20260722-05074
2026-07-23 13:55:00,TRK-106,Rute-N,Depok Hub,733.2,1400,26.8,0.9,13.1,DELIVERED,YES,SHP-20260723-05075
2026-07-24 17:06:00,TRK-109,Rute-A,Bekasi Logistics Hub,734.1,1200,11.4,1.0,13.7,IN_TRANSIT,YES,SHP-20260724-05076
2026-07-25 10:17:00,TRK-112,Rute-F,Petamburan Hub,735.0,1200,11.84,1.2,14.3,DELAYED,NO,SHP-20260725-05077
2026-07-26 13:28:00,TRK-115,Rute-K,Grogol Hub (Jakbar),735.8,1200,12.28,1.4,15.0,LOADED,YES,SHP-20260726-05078
2026-07-27 15:39:00,TRK-118,Rute-P,Central Hub (Jakarta),736.7,1200,12.72,1.5,15.6,RETURNING,NO,SHP-20260727-05079
2026-07-28 08:50:00,TRK-121,Rute-C,Gudang West (Tangerang),737.6,1400,13.16,1.7,16.2,DELIVERED,YES,SHP-20260728-05080
2026-07-29 12:01:00,TRK-124,Rute-H,Cikarang Industrial Hub,738.5,1200,13.6,1.8,16.8,IN_TRANSIT,YES,SHP-20260729-05081
2026-07-30 15:12:00,TRK-127,Rute-M,Bogor Transit Hub,739.4,1200,14.04,2.0,17.4,DELAYED,NO,SHP-20260730-05082
2026-07-31 18:23:00,TRK-130,Rute-R,Depok Hub,740.2,1200,14.48,2.2,18.1,LOADED,YES,SHP-20260731-05083
2026-07-01 10:34:00,TRK-133,Rute-E,Bekasi Logistics Hub,741.1,1200,14.92,2.3,18.7,RETURNING,NO,SHP-20260701-05084
2026-07-02 13:45:00,TRK-136,Rute-J,Petamburan Hub,742.0,1400,15.36,2.5,19.3,DELIVERED,YES,SHP-20260702-05085
2026-07-03 16:56:00,TRK-139,Rute-O,Grogol Hub (Jakbar),742.9,1200,15.8,2.6,19.9,IN_TRANSIT,YES,SHP-20260703-05086
2026-07-04 10:07:00,TRK-142,Rute-B,Central Hub (Jakarta),743.8,1200,16.24,2.8,20.5,DELAYED,NO,SHP-20260704-05087
2026-07-05 13:18:00,TRK-145,Rute-G,Gudang West (Tangerang),744.6,1200,16.68,0.4,21.2,LOADED,YES,SHP-20260705-05088
2026-07-06 16:29:00,TRK-148,Rute-L,Cikarang Industrial Hub,745.5,1200,17.12,0.6,21.8,RETURNING,NO,SHP-20260706-05089
2026-07-07 08:40:00,TRK-151,Rute-Q,Bogor Transit Hub,746.4,1400,17.56,0.7,22.4,DELIVERED,YES,SHP-20260707-05090
2026-07-08 11:51:00,TRK-154,Rute-D,Depok Hub,747.3,1200,18.0,0.9,23.0,IN_TRANSIT,YES,SHP-20260708-05091
2026-07-09 15:02:00,TRK-157,Rute-I,Bekasi Logistics Hub,748.2,1200,18.44,1.0,23.6,DELAYED,NO,SHP-20260709-05092
2026-07-10 18:13:00,TRK-160,Rute-N,Petamburan Hub,749.0,1200,18.88,1.2,24.3,LOADED,YES,SHP-20260710-05093
2026-07-11 11:24:00,TRK-163,Rute-A,Grogol Hub (Jakbar),749.9,1200,19.32,1.4,24.9,RETURNING,NO,SHP-20260711-05094
2026-07-12 13:35:00,TRK-166,Rute-F,Central Hub (Jakarta),750.8,1400,19.76,1.5,25.5,DELIVERED,YES,SHP-20260712-05095
2026-07-13 16:46:00,TRK-169,Rute-K,Gudang West (Tangerang),751.7,1200,20.2,1.7,26.1,IN_TRANSIT,YES,SHP-20260713-05096
2026-07-14 09:57:00,TRK-172,Rute-P,Cikarang Industrial Hub,752.6,1200,20.64,1.8,26.7,DELAYED,NO,SHP-20260714-05097
2026-07-15 13:08:00,TRK-175,Rute-C,Bogor Transit Hub,753.4,1200,21.08,2.0,27.4,LOADED,YES,SHP-20260715-05098
2026-07-16 16:19:00,TRK-178,Rute-H,Depok Hub,754.3,1200,21.52,2.2,28.0,RETURNING,NO,SHP-20260716-05099
2026-07-17 08:30:00,TRK-001,Rute-M,Bekasi Logistics Hub,755.2,1400,21.96,2.3,28.6,DELIVERED,YES,SHP-20260717-05100
2026-07-18 11:41:00,TRK-004,Rute-R,Petamburan Hub,756.1,1200,22.4,2.5,29.2,IN_TRANSIT,YES,SHP-20260718-05101
2026-07-19 14:52:00,TRK-007,Rute-E,Grogol Hub (Jakbar),757.0,1200,22.84,2.6,29.8,DELAYED,NO,SHP-20260719-05102
2026-07-20 18:03:00,TRK-010,Rute-J,Central Hub (Jakarta),757.8,1200,23.28,2.8,30.5,LOADED,YES,SHP-20260720-05103
2026-07-21 11:14:00,TRK-013,Rute-O,Gudang West (Tangerang),758.7,1200,23.72,0.4,31.1,RETURNING,NO,SHP-20260721-05104
2026-07-22 14:25:00,TRK-016,Rute-B,Cikarang Industrial Hub,759.6,1400,24.16,0.6,31.7,DELIVERED,YES,SHP-20260722-05105
2026-07-23 16:36:00,TRK-019,Rute-G,Bogor Transit Hub,760.5,1200,24.6,0.7,32.3,IN_TRANSIT,YES,SHP-20260723-05106
2026-07-24 09:47:00,TRK-022,Rute-L,Depok Hub,761.4,1200,25.04,0.9,32.9,DELAYED,NO,SHP-20260724-05107
2026-07-25 12:58:00,TRK-025,Rute-Q,Bekasi Logistics Hub,762.2,1200,25.48,1.0,33.6,LOADED,YES,SHP-20260725-05108
2026-07-26 16:09:00,TRK-028,Rute-D,Petamburan Hub,763.1,1200,25.92,1.2,34.2,RETURNING,NO,SHP-20260726-05109
2026-07-27 09:20:00,TRK-031,Rute-I,Grogol Hub (Jakbar),764.0,1400,26.36,1.4,34.8,DELIVERED,YES,SHP-20260727-05110
2026-07-28 11:31:00,TRK-034,Rute-N,Central Hub (Jakarta),764.9,1200,26.8,1.5,35.4,IN_TRANSIT,YES,SHP-20260728-05111
2026-07-29 14:42:00,TRK-037,Rute-A,Gudang West (Tangerang),765.8,1200,11.4,1.7,36.0,DELAYED,NO,SHP-20260729-05112
2026-07-30 17:53:00,TRK-040,Rute-F,Cikarang Industrial Hub,766.6,1200,11.84,1.8,36.7,LOADED,YES,SHP-20260730-05113
2026-07-31 11:04:00,TRK-043,Rute-K,Bogor Transit Hub,767.5,1200,12.28,2.0,37.3,RETURNING,NO,SHP-20260731-05114
2026-07-01 14:15:00,TRK-046,Rute-P,Depok Hub,768.4,1400,12.72,2.2,37.9,DELIVERED,YES,SHP-20260701-05115
2026-07-02 17:26:00,TRK-049,Rute-C,Bekasi Logistics Hub,769.3,1200,13.16,2.3,38.5,IN_TRANSIT,YES,SHP-20260702-05116
2026-07-03 09:37:00,TRK-052,Rute-H,Petamburan Hub,770.2,1200,13.6,2.5,39.1,DELAYED,NO,SHP-20260703-05117
2026-07-04 12:48:00,TRK-055,Rute-M,Grogol Hub (Jakbar),771.0,1200,14.04,2.6,39.8,LOADED,YES,SHP-20260704-05118
2026-07-05 15:59:00,TRK-058,Rute-R,Central Hub (Jakarta),771.9,1200,14.48,2.8,40.4,RETURNING,NO,SHP-20260705-05119
2026-07-06 09:10:00,TRK-061,Rute-E,Gudang West (Tangerang),772.8,1400,14.92,0.4,41.0,DELIVERED,YES,SHP-20260706-05120
2026-07-07 12:21:00,TRK-064,Rute-J,Cikarang Industrial Hub,773.7,1200,15.36,0.6,41.6,IN_TRANSIT,YES,SHP-20260707-05121
2026-07-08 14:32:00,TRK-067,Rute-O,Bogor Transit Hub,774.6,1200,15.8,0.7,42.2,DELAYED,NO,SHP-20260708-05122
2026-07-09 17:43:00,TRK-070,Rute-B,Depok Hub,775.4,1200,16.24,0.9,42.9,LOADED,YES,SHP-20260709-05123
2026-07-10 10:54:00,TRK-073,Rute-G,Bekasi Logistics Hub,776.3,1200,16.68,1.0,43.5,RETURNING,NO,SHP-20260710-05124
2026-07-11 14:05:00,TRK-076,Rute-L,Petamburan Hub,777.2,1400,17.12,1.2,44.1,DELIVERED,YES,SHP-20260711-05125
2026-07-12 17:16:00,TRK-079,Rute-Q,Grogol Hub (Jakbar),778.1,1200,17.56,1.4,44.7,IN_TRANSIT,YES,SHP-20260712-05126
2026-07-13 10:27:00,TRK-082,Rute-D,Central Hub (Jakarta),779.0,1200,18.0,1.5,45.3,DELAYED,NO,SHP-20260713-05127
2026-07-14 12:38:00,TRK-085,Rute-I,Gudang West (Tangerang),779.8,1200,18.44,1.7,46.0,LOADED,YES,SHP-20260714-05128
2026-07-15 15:49:00,TRK-088,Rute-N,Cikarang Industrial Hub,780.7,1200,18.88,1.8,46.6,RETURNING,NO,SHP-20260715-05129
2026-07-16 09:00:00,TRK-091,Rute-A,Bogor Transit Hub,781.6,1400,19.32,2.0,47.2,DELIVERED,YES,SHP-20260716-05130
2026-07-17 12:11:00,TRK-094,Rute-F,Depok Hub,782.5,1200,19.76,2.2,47.8,IN_TRANSIT,YES,SHP-20260717-05131
2026-07-18 15:22:00,TRK-097,Rute-K,Bekasi Logistics Hub,783.4,1200,20.2,2.3,48.4,DELAYED,NO,SHP-20260718-05132
2026-07-19 17:33:00,TRK-100,Rute-P,Petamburan Hub,784.2,1200,20.64,2.5,49.1,LOADED,YES,SHP-20260719-05133
2026-07-20 10:44:00,TRK-103,Rute-C,Grogol Hub (Jakbar),785.1,1200,21.08,2.6,49.7,RETURNING,NO,SHP-20260720-05134
2026-07-21 13:55:00,TRK-106,Rute-H,Central Hub (Jakarta),786.0,1400,21.52,2.8,50.3,DELIVERED,YES,SHP-20260721-05135
2026-07-22 17:06:00,TRK-109,Rute-M,Gudang West (Tangerang),786.9,1200,21.96,0.4,50.9,IN_TRANSIT,YES,SHP-20260722-05136
2026-07-23 10:17:00,TRK-112,Rute-R,Cikarang Industrial Hub,787.8,1200,22.4,0.6,51.5,DELAYED,NO,SHP-20260723-05137
2026-07-24 13:28:00,TRK-115,Rute-E,Bogor Transit Hub,788.6,1200,22.84,0.7,52.2,LOADED,YES,SHP-20260724-05138
2026-07-25 15:39:00,TRK-118,Rute-J,Depok Hub,789.5,1200,23.28,0.9,52.8,RETURNING,NO,SHP-20260725-05139
2026-07-26 08:50:00,TRK-121,Rute-O,Bekasi Logistics Hub,790.4,1400,23.72,1.0,53.4,DELIVERED,YES,SHP-20260726-05140
2026-07-27 12:01:00,TRK-124,Rute-B,Petamburan Hub,791.3,1200,24.16,1.2,54.0,IN_TRANSIT,YES,SHP-20260727-05141
2026-07-28 15:12:00,TRK-127,Rute-G,Grogol Hub (Jakbar),792.2,1200,24.6,1.4,54.6,DELAYED,NO,SHP-20260728-05142
2026-07-29 18:23:00,TRK-130,Rute-L,Central Hub (Jakarta),793.0,1200,25.04,1.5,55.3,LOADED,YES,SHP-20260729-05143
2026-07-30 10:34:00,TRK-133,Rute-Q,Gudang West (Tangerang),793.9,1200,25.48,1.7,55.9,RETURNING,NO,SHP-20260730-05144
2026-07-31 13:45:00,TRK-136,Rute-D,Cikarang Industrial Hub,794.8,1400,25.92,1.8,56.5,DELIVERED,YES,SHP-20260731-05145
2026-07-01 16:56:00,TRK-139,Rute-I,Bogor Transit Hub,795.7,1200,26.36,2.0,57.1,IN_TRANSIT,YES,SHP-20260701-05146
2026-07-02 10:07:00,TRK-142,Rute-N,Depok Hub,796.6,1200,26.8,2.2,57.7,DELAYED,NO,SHP-20260702-05147
2026-07-03 13:18:00,TRK-145,Rute-A,Bekasi Logistics Hub,797.4,1200,11.4,2.3,58.4,LOADED,YES,SHP-20260703-05148
2026-07-04 16:29:00,TRK-148,Rute-F,Petamburan Hub,798.3,1200,11.84,2.5,59.0,RETURNING,NO,SHP-20260704-05149
2026-07-05 08:40:00,TRK-151,Rute-K,Grogol Hub (Jakbar),799.2,1400,12.28,2.6,59.6,DELIVERED,YES,SHP-20260705-05150
2026-07-06 11:51:00,TRK-154,Rute-P,Central Hub (Jakarta),800.1,1200,12.72,2.8,60.2,IN_TRANSIT,YES,SHP-20260706-05151
2026-07-07 15:02:00,TRK-157,Rute-C,Gudang West (Tangerang),801.0,1200,13.16,0.4,60.8,DELAYED,NO,SHP-20260707-05152
2026-07-08 18:13:00,TRK-160,Rute-H,Cikarang Industrial Hub,801.8,1200,13.6,0.6,61.5,LOADED,YES,SHP-20260708-05153
2026-07-09 11:24:00,TRK-163,Rute-M,Bogor Transit Hub,802.7,1200,14.04,0.7,62.1,RETURNING,NO,SHP-20260709-05154
2026-07-10 13:35:00,TRK-166,Rute-R,Depok Hub,803.6,1400,14.48,0.9,62.7,DELIVERED,YES,SHP-20260710-05155
2026-07-11 16:46:00,TRK-169,Rute-E,Bekasi Logistics Hub,804.5,1200,14.92,1.0,63.3,IN_TRANSIT,YES,SHP-20260711-05156
2026-07-12 09:57:00,TRK-172,Rute-J,Petamburan Hub,805.4,1200,15.36,1.2,63.9,DELAYED,NO,SHP-20260712-05157
2026-07-13 13:08:00,TRK-175,Rute-O,Grogol Hub (Jakbar),806.2,1200,15.8,1.4,64.6,LOADED,YES,SHP-20260713-05158
2026-07-14 16:19:00,TRK-178,Rute-B,Central Hub (Jakarta),807.1,1200,16.24,1.5,65.2,RETURNING,NO,SHP-20260714-05159
2026-07-15 08:30:00,TRK-001,Rute-G,Gudang West (Tangerang),808.0,1400,16.68,1.7,65.8,DELIVERED,YES,SHP-20260715-05160
2026-07-16 11:41:00,TRK-004,Rute-L,Cikarang Industrial Hub,808.9,1200,17.12,1.8,66.4,IN_TRANSIT,YES,SHP-20260716-05161
2026-07-17 14:52:00,TRK-007,Rute-Q,Bogor Transit Hub,809.8,1200,17.56,2.0,67.0,DELAYED,NO,SHP-20260717-05162
2026-07-18 18:03:00,TRK-010,Rute-D,Depok Hub,810.6,1200,18.0,2.2,67.7,LOADED,YES,SHP-20260718-05163
2026-07-19 11:14:00,TRK-013,Rute-I,Bekasi Logistics Hub,811.5,1200,18.44,2.3,68.3,RETURNING,NO,SHP-20260719-05164
2026-07-20 14:25:00,TRK-016,Rute-N,Petamburan Hub,812.4,1400,18.88,2.5,68.9,DELIVERED,YES,SHP-20260720-05165
2026-07-21 16:36:00,TRK-019,Rute-A,Grogol Hub (Jakbar),813.3,1200,19.32,2.6,69.5,IN_TRANSIT,YES,SHP-20260721-05166
2026-07-22 09:47:00,TRK-022,Rute-F,Central Hub (Jakarta),814.2,1200,19.76,2.8,70.1,DELAYED,NO,SHP-20260722-05167
2026-07-23 12:58:00,TRK-025,Rute-K,Gudang West (Tangerang),815.0,1200,20.2,0.4,70.8,LOADED,YES,SHP-20260723-05168
2026-07-24 16:09:00,TRK-028,Rute-P,Cikarang Industrial Hub,815.9,1200,20.64,0.6,71.4,RETURNING,NO,SHP-20260724-05169
2026-07-25 09:20:00,TRK-031,Rute-C,Bogor Transit Hub,816.8,1400,21.08,0.7,72.0,DELIVERED,YES,SHP-20260725-05170
2026-07-26 11:31:00,TRK-034,Rute-H,Depok Hub,817.7,1200,21.52,0.9,72.6,IN_TRANSIT,YES,SHP-20260726-05171
2026-07-27 14:42:00,TRK-037,Rute-M,Bekasi Logistics Hub,818.6,1200,21.96,1.0,73.2,DELAYED,NO,SHP-20260727-05172
2026-07-28 17:53:00,TRK-040,Rute-R,Petamburan Hub,819.4,1200,22.4,1.2,73.9,LOADED,YES,SHP-20260728-05173
2026-07-29 11:04:00,TRK-043,Rute-E,Grogol Hub (Jakbar),820.3,1200,22.84,1.4,74.5,RETURNING,NO,SHP-20260729-05174
2026-07-30 14:15:00,TRK-046,Rute-J,Central Hub (Jakarta),821.2,1400,23.28,1.5,75.1,DELIVERED,YES,SHP-20260730-05175
2026-07-31 17:26:00,TRK-049,Rute-O,Gudang West (Tangerang),822.1,1200,23.72,1.7,75.7,IN_TRANSIT,YES,SHP-20260731-05176
2026-07-01 09:37:00,TRK-052,Rute-B,Cikarang Industrial Hub,823.0,1200,24.16,1.8,76.3,DELAYED,NO,SHP-20260701-05177
2026-07-02 12:48:00,TRK-055,Rute-G,Bogor Transit Hub,823.8,1200,24.6,2.0,77.0,LOADED,YES,SHP-20260702-05178
2026-07-03 15:59:00,TRK-058,Rute-L,Depok Hub,824.7,1200,25.04,2.2,77.6,RETURNING,NO,SHP-20260703-05179
2026-07-04 09:10:00,TRK-061,Rute-Q,Bekasi Logistics Hub,825.6,1400,25.48,2.3,78.2,DELIVERED,YES,SHP-20260704-05180
2026-07-05 12:21:00,TRK-064,Rute-D,Petamburan Hub,826.5,1200,25.92,2.5,78.8,IN_TRANSIT,YES,SHP-20260705-05181
2026-07-06 14:32:00,TRK-067,Rute-I,Grogol Hub (Jakbar),827.4,1200,26.36,2.6,79.4,DELAYED,NO,SHP-20260706-05182
2026-07-07 17:43:00,TRK-070,Rute-N,Central Hub (Jakarta),828.2,1200,26.8,2.8,80.1,LOADED,YES,SHP-20260707-05183
2026-07-08 10:54:00,TRK-073,Rute-A,Gudang West (Tangerang),829.1,1200,11.4,0.4,80.7,RETURNING,NO,SHP-20260708-05184
2026-07-09 14:05:00,TRK-076,Rute-F,Cikarang Industrial Hub,830.0,1400,11.84,0.6,81.3,DELIVERED,YES,SHP-20260709-05185
2026-07-10 17:16:00,TRK-079,Rute-K,Bogor Transit Hub,830.9,1200,12.28,0.7,81.9,IN_TRANSIT,YES,SHP-20260710-05186
2026-07-11 10:27:00,TRK-082,Rute-P,Depok Hub,831.8,1200,12.72,0.9,82.5,DELAYED,NO,SHP-20260711-05187
2026-07-12 12:38:00,TRK-085,Rute-C,Bekasi Logistics Hub,832.6,1200,13.16,1.0,83.2,LOADED,YES,SHP-20260712-05188
2026-07-13 15:49:00,TRK-088,Rute-H,Petamburan Hub,833.5,1200,13.6,1.2,83.8,RETURNING,NO,SHP-20260713-05189
2026-07-14 09:00:00,TRK-091,Rute-M,Grogol Hub (Jakbar),834.4,1400,14.04,1.4,84.4,DELIVERED,YES,SHP-20260714-05190
2026-07-15 12:11:00,TRK-094,Rute-R,Central Hub (Jakarta),835.3,1200,14.48,1.5,85.0,IN_TRANSIT,YES,SHP-20260715-05191
2026-07-16 15:22:00,TRK-097,Rute-E,Gudang West (Tangerang),836.2,1200,14.92,1.7,85.6,DELAYED,NO,SHP-20260716-05192
2026-07-17 17:33:00,TRK-100,Rute-J,Cikarang Industrial Hub,837.0,1200,15.36,1.8,86.3,LOADED,YES,SHP-20260717-05193
2026-07-18 10:44:00,TRK-103,Rute-O,Bogor Transit Hub,837.9,1200,15.8,2.0,86.9,RETURNING,NO,SHP-20260718-05194
2026-07-19 13:55:00,TRK-106,Rute-B,Depok Hub,838.8,1400,16.24,2.2,87.5,DELIVERED,YES,SHP-20260719-05195
2026-07-20 17:06:00,TRK-109,Rute-G,Bekasi Logistics Hub,839.7,1200,16.68,2.3,88.1,IN_TRANSIT,YES,SHP-20260720-05196
2026-07-21 10:17:00,TRK-112,Rute-L,Petamburan Hub,840.6,1200,17.12,2.5,88.7,DELAYED,NO,SHP-20260721-05197
2026-07-22 13:28:00,TRK-115,Rute-Q,Grogol Hub (Jakbar),841.4,1200,17.56,2.6,89.4,LOADED,YES,SHP-20260722-05198
2026-07-23 15:39:00,TRK-118,Rute-D,Central Hub (Jakarta),842.3,1200,18.0,2.8,90.0,RETURNING,NO,SHP-20260723-05199
2026-07-24 08:50:00,TRK-121,Rute-I,Gudang West (Tangerang),843.2,1400,18.44,0.4,10.0,DELIVERED,YES,SHP-20260724-05200
2026-07-25 12:01:00,TRK-124,Rute-N,Cikarang Industrial Hub,844.1,1200,18.88,0.6,10.6,IN_TRANSIT,YES,SHP-20260725-05201
2026-07-26 15:12:00,TRK-127,Rute-A,Bogor Transit Hub,845.0,1200,19.32,0.7,11.2,DELAYED,NO,SHP-20260726-05202
2026-07-27 18:23:00,TRK-130,Rute-F,Depok Hub,845.8,1200,19.76,0.9,11.9,LOADED,YES,SHP-20260727-05203
2026-07-28 10:34:00,TRK-133,Rute-K,Bekasi Logistics Hub,846.7,1200,20.2,1.0,12.5,RETURNING,NO,SHP-20260728-05204
2026-07-29 13:45:00,TRK-136,Rute-P,Petamburan Hub,847.6,1400,20.64,1.2,13.1,DELIVERED,YES,SHP-20260729-05205
2026-07-30 16:56:00,TRK-139,Rute-C,Grogol Hub (Jakbar),848.5,1200,21.08,1.4,13.7,IN_TRANSIT,YES,SHP-20260730-05206
2026-07-31 10:07:00,TRK-142,Rute-H,Central Hub (Jakarta),849.4,1200,21.52,1.5,14.3,DELAYED,NO,SHP-20260731-05207
2026-07-01 13:18:00,TRK-145,Rute-M,Gudang West (Tangerang),850.2,1200,21.96,1.7,15.0,LOADED,YES,SHP-20260701-05208
2026-07-02 16:29:00,TRK-148,Rute-R,Cikarang Industrial Hub,851.1,1200,22.4,1.8,15.6,RETURNING,NO,SHP-20260702-05209
2026-07-03 08:40:00,TRK-151,Rute-E,Bogor Transit Hub,852.0,1400,22.84,2.0,16.2,DELIVERED,YES,SHP-20260703-05210
2026-07-04 11:51:00,TRK-154,Rute-J,Depok Hub,852.9,1200,23.28,2.2,16.8,IN_TRANSIT,YES,SHP-20260704-05211
2026-07-05 15:02:00,TRK-157,Rute-O,Bekasi Logistics Hub,853.8,1200,23.72,2.3,17.4,DELAYED,NO,SHP-20260705-05212
2026-07-06 18:13:00,TRK-160,Rute-B,Petamburan Hub,854.6,1200,24.16,2.5,18.1,LOADED,YES,SHP-20260706-05213
2026-07-07 11:24:00,TRK-163,Rute-G,Grogol Hub (Jakbar),855.5,1200,24.6,2.6,18.7,RETURNING,NO,SHP-20260707-05214
2026-07-08 13:35:00,TRK-166,Rute-L,Central Hub (Jakarta),856.4,1400,25.04,2.8,19.3,DELIVERED,YES,SHP-20260708-05215
2026-07-09 16:46:00,TRK-169,Rute-Q,Gudang West (Tangerang),857.3,1200,25.48,0.4,19.9,IN_TRANSIT,YES,SHP-20260709-05216
2026-07-10 09:57:00,TRK-172,Rute-D,Cikarang Industrial Hub,858.2,1200,25.92,0.6,20.5,DELAYED,NO,SHP-20260710-05217
2026-07-11 13:08:00,TRK-175,Rute-I,Bogor Transit Hub,859.0,1200,26.36,0.7,21.2,LOADED,YES,SHP-20260711-05218
2026-07-12 16:19:00,TRK-178,Rute-N,Depok Hub,859.9,1200,26.8,0.9,21.8,RETURNING,NO,SHP-20260712-05219
2026-07-13 08:30:00,TRK-001,Rute-A,Bekasi Logistics Hub,860.8,1400,11.4,1.0,22.4,DELIVERED,YES,SHP-20260713-05220
2026-07-14 11:41:00,TRK-004,Rute-F,Petamburan Hub,861.7,1200,11.84,1.2,23.0,IN_TRANSIT,YES,SHP-20260714-05221
2026-07-15 14:52:00,TRK-007,Rute-K,Grogol Hub (Jakbar),862.6,1200,12.28,1.4,23.6,DELAYED,NO,SHP-20260715-05222
2026-07-16 18:03:00,TRK-010,Rute-P,Central Hub (Jakarta),863.4,1200,12.72,1.5,24.3,LOADED,YES,SHP-20260716-05223
2026-07-17 11:14:00,TRK-013,Rute-C,Gudang West (Tangerang),864.3,1200,13.16,1.7,24.9,RETURNING,NO,SHP-20260717-05224
2026-07-18 14:25:00,TRK-016,Rute-H,Cikarang Industrial Hub,865.2,1400,13.6,1.8,25.5,DELIVERED,YES,SHP-20260718-05225
2026-07-19 16:36:00,TRK-019,Rute-M,Bogor Transit Hub,866.1,1200,14.04,2.0,26.1,IN_TRANSIT,YES,SHP-20260719-05226
2026-07-20 09:47:00,TRK-022,Rute-R,Depok Hub,867.0,1200,14.48,2.2,26.7,DELAYED,NO,SHP-20260720-05227
2026-07-21 12:58:00,TRK-025,Rute-E,Bekasi Logistics Hub,867.8,1200,14.92,2.3,27.4,LOADED,YES,SHP-20260721-05228
2026-07-22 16:09:00,TRK-028,Rute-J,Petamburan Hub,868.7,1200,15.36,2.5,28.0,RETURNING,NO,SHP-20260722-05229
2026-07-23 09:20:00,TRK-031,Rute-O,Grogol Hub (Jakbar),869.6,1400,15.8,2.6,28.6,DELIVERED,YES,SHP-20260723-05230
2026-07-24 11:31:00,TRK-034,Rute-B,Central Hub (Jakarta),870.5,1200,16.24,2.8,29.2,IN_TRANSIT,YES,SHP-20260724-05231
2026-07-25 14:42:00,TRK-037,Rute-G,Gudang West (Tangerang),871.4,1200,16.68,0.4,29.8,DELAYED,NO,SHP-20260725-05232
2026-07-26 17:53:00,TRK-040,Rute-L,Cikarang Industrial Hub,872.2,1200,17.12,0.6,30.5,LOADED,YES,SHP-20260726-05233
2026-07-27 11:04:00,TRK-043,Rute-Q,Bogor Transit Hub,873.1,1200,17.56,0.7,31.1,RETURNING,NO,SHP-20260727-05234
2026-07-28 14:15:00,TRK-046,Rute-D,Depok Hub,874.0,1400,18.0,0.9,31.7,DELIVERED,YES,SHP-20260728-05235
2026-07-29 17:26:00,TRK-049,Rute-I,Bekasi Logistics Hub,874.9,1200,18.44,1.0,32.3,IN_TRANSIT,YES,SHP-20260729-05236
2026-07-30 09:37:00,TRK-052,Rute-N,Petamburan Hub,875.8,1200,18.88,1.2,32.9,DELAYED,NO,SHP-20260730-05237
2026-07-31 12:48:00,TRK-055,Rute-A,Grogol Hub (Jakbar),876.6,1200,19.32,1.4,33.6,LOADED,YES,SHP-20260731-05238
2026-07-01 15:59:00,TRK-058,Rute-F,Central Hub (Jakarta),877.5,1200,19.76,1.5,34.2,RETURNING,NO,SHP-20260701-05239
2026-07-02 09:10:00,TRK-061,Rute-K,Gudang West (Tangerang),878.4,1400,20.2,1.7,34.8,DELIVERED,YES,SHP-20260702-05240
2026-07-03 12:21:00,TRK-064,Rute-P,Cikarang Industrial Hub,879.3,1200,20.64,1.8,35.4,IN_TRANSIT,YES,SHP-20260703-05241
2026-07-04 14:32:00,TRK-067,Rute-C,Bogor Transit Hub,880.2,1200,21.08,2.0,36.0,DELAYED,NO,SHP-20260704-05242
2026-07-05 17:43:00,TRK-070,Rute-H,Depok Hub,881.0,1200,21.52,2.2,36.7,LOADED,YES,SHP-20260705-05243
2026-07-06 10:54:00,TRK-073,Rute-M,Bekasi Logistics Hub,881.9,1200,21.96,2.3,37.3,RETURNING,NO,SHP-20260706-05244
2026-07-07 14:05:00,TRK-076,Rute-R,Petamburan Hub,882.8,1400,22.4,2.5,37.9,DELIVERED,YES,SHP-20260707-05245
2026-07-08 17:16:00,TRK-079,Rute-E,Grogol Hub (Jakbar),883.7,1200,22.84,2.6,38.5,IN_TRANSIT,YES,SHP-20260708-05246
2026-07-09 10:27:00,TRK-082,Rute-J,Central Hub (Jakarta),884.6,1200,23.28,2.8,39.1,DELAYED,NO,SHP-20260709-05247
2026-07-10 12:38:00,TRK-085,Rute-O,Gudang West (Tangerang),885.4,1200,23.72,0.4,39.8,LOADED,YES,SHP-20260710-05248
2026-07-11 15:49:00,TRK-088,Rute-B,Cikarang Industrial Hub,886.3,1200,24.16,0.6,40.4,RETURNING,NO,SHP-20260711-05249
2026-07-12 09:00:00,TRK-091,Rute-G,Bogor Transit Hub,887.2,1400,24.6,0.7,41.0,DELIVERED,YES,SHP-20260712-05250
2026-07-13 12:11:00,TRK-094,Rute-L,Depok Hub,888.1,1200,25.04,0.9,41.6,IN_TRANSIT,YES,SHP-20260713-05251
2026-07-14 15:22:00,TRK-097,Rute-Q,Bekasi Logistics Hub,889.0,1200,25.48,1.0,42.2,DELAYED,NO,SHP-20260714-05252
2026-07-15 17:33:00,TRK-100,Rute-D,Petamburan Hub,889.8,1200,25.92,1.2,42.9,LOADED,YES,SHP-20260715-05253
2026-07-16 10:44:00,TRK-103,Rute-I,Grogol Hub (Jakbar),890.7,1200,26.36,1.4,43.5,RETURNING,NO,SHP-20260716-05254
2026-07-17 13:55:00,TRK-106,Rute-N,Central Hub (Jakarta),891.6,1400,26.8,1.5,44.1,DELIVERED,YES,SHP-20260717-05255
2026-07-18 17:06:00,TRK-109,Rute-A,Gudang West (Tangerang),892.5,1200,11.4,1.7,44.7,IN_TRANSIT,YES,SHP-20260718-05256
2026-07-19 10:17:00,TRK-112,Rute-F,Cikarang Industrial Hub,893.4,1200,11.84,1.8,45.3,DELAYED,NO,SHP-20260719-05257
2026-07-20 13:28:00,TRK-115,Rute-K,Bogor Transit Hub,894.2,1200,12.28,2.0,46.0,LOADED,YES,SHP-20260720-05258
2026-07-21 15:39:00,TRK-118,Rute-P,Depok Hub,895.1,1200,12.72,2.2,46.6,RETURNING,NO,SHP-20260721-05259
2026-07-22 08:50:00,TRK-121,Rute-C,Bekasi Logistics Hub,896.0,1400,13.16,2.3,47.2,DELIVERED,YES,SHP-20260722-05260
2026-07-23 12:01:00,TRK-124,Rute-H,Petamburan Hub,896.9,1200,13.6,2.5,47.8,IN_TRANSIT,YES,SHP-20260723-05261
2026-07-24 15:12:00,TRK-127,Rute-M,Grogol Hub (Jakbar),897.8,1200,14.04,2.6,48.4,DELAYED,NO,SHP-20260724-05262
2026-07-25 18:23:00,TRK-130,Rute-R,Central Hub (Jakarta),898.6,1200,14.48,2.8,49.1,LOADED,YES,SHP-20260725-05263
2026-07-26 10:34:00,TRK-133,Rute-E,Gudang West (Tangerang),899.5,1200,14.92,0.4,49.7,RETURNING,NO,SHP-20260726-05264
2026-07-27 13:45:00,TRK-136,Rute-J,Cikarang Industrial Hub,900.4,1400,15.36,0.6,50.3,DELIVERED,YES,SHP-20260727-05265
2026-07-28 16:56:00,TRK-139,Rute-O,Bogor Transit Hub,901.3,1200,15.8,0.7,50.9,IN_TRANSIT,YES,SHP-20260728-05266
2026-07-29 10:07:00,TRK-142,Rute-B,Depok Hub,902.2,1200,16.24,0.9,51.5,DELAYED,NO,SHP-20260729-05267
2026-07-30 13:18:00,TRK-145,Rute-G,Bekasi Logistics Hub,903.0,1200,16.68,1.0,52.2,LOADED,YES,SHP-20260730-05268
2026-07-31 16:29:00,TRK-148,Rute-L,Petamburan Hub,903.9,1200,17.12,1.2,52.8,RETURNING,NO,SHP-20260731-05269
2026-07-01 08:40:00,TRK-151,Rute-Q,Grogol Hub (Jakbar),904.8,1400,17.56,1.4,53.4,DELIVERED,YES,SHP-20260701-05270
2026-07-02 11:51:00,TRK-154,Rute-D,Central Hub (Jakarta),905.7,1200,18.0,1.5,54.0,IN_TRANSIT,YES,SHP-20260702-05271
2026-07-03 15:02:00,TRK-157,Rute-I,Gudang West (Tangerang),906.6,1200,18.44,1.7,54.6,DELAYED,NO,SHP-20260703-05272
2026-07-04 18:13:00,TRK-160,Rute-N,Cikarang Industrial Hub,907.4,1200,18.88,1.8,55.3,LOADED,YES,SHP-20260704-05273
2026-07-05 11:24:00,TRK-163,Rute-A,Bogor Transit Hub,908.3,1200,19.32,2.0,55.9,RETURNING,NO,SHP-20260705-05274
2026-07-06 13:35:00,TRK-166,Rute-F,Depok Hub,909.2,1400,19.76,2.2,56.5,DELIVERED,YES,SHP-20260706-05275
2026-07-07 16:46:00,TRK-169,Rute-K,Bekasi Logistics Hub,910.1,1200,20.2,2.3,57.1,IN_TRANSIT,YES,SHP-20260707-05276
2026-07-08 09:57:00,TRK-172,Rute-P,Petamburan Hub,911.0,1200,20.64,2.5,57.7,DELAYED,NO,SHP-20260708-05277
2026-07-09 13:08:00,TRK-175,Rute-C,Grogol Hub (Jakbar),911.8,1200,21.08,2.6,58.4,LOADED,YES,SHP-20260709-05278
2026-07-10 16:19:00,TRK-178,Rute-H,Central Hub (Jakarta),912.7,1200,21.52,2.8,59.0,RETURNING,NO,SHP-20260710-05279
2026-07-11 08:30:00,TRK-001,Rute-M,Gudang West (Tangerang),913.6,1400,21.96,0.4,59.6,DELIVERED,YES,SHP-20260711-05280
2026-07-12 11:41:00,TRK-004,Rute-R,Cikarang Industrial Hub,914.5,1200,22.4,0.6,60.2,IN_TRANSIT,YES,SHP-20260712-05281
2026-07-13 14:52:00,TRK-007,Rute-E,Bogor Transit Hub,915.4,1200,22.84,0.7,60.8,DELAYED,NO,SHP-20260713-05282
2026-07-14 18:03:00,TRK-010,Rute-J,Depok Hub,916.2,1200,23.28,0.9,61.5,LOADED,YES,SHP-20260714-05283
2026-07-15 11:14:00,TRK-013,Rute-O,Bekasi Logistics Hub,917.1,1200,23.72,1.0,62.1,RETURNING,NO,SHP-20260715-05284
2026-07-16 14:25:00,TRK-016,Rute-B,Petamburan Hub,918.0,1400,24.16,1.2,62.7,DELIVERED,YES,SHP-20260716-05285
2026-07-17 16:36:00,TRK-019,Rute-G,Grogol Hub (Jakbar),918.9,1200,24.6,1.4,63.3,IN_TRANSIT,YES,SHP-20260717-05286
2026-07-18 09:47:00,TRK-022,Rute-L,Central Hub (Jakarta),919.8,1200,25.04,1.5,63.9,DELAYED,NO,SHP-20260718-05287
2026-07-19 12:58:00,TRK-025,Rute-Q,Gudang West (Tangerang),920.6,1200,25.48,1.7,64.6,LOADED,YES,SHP-20260719-05288
2026-07-20 16:09:00,TRK-028,Rute-D,Cikarang Industrial Hub,921.5,1200,25.92,1.8,65.2,RETURNING,NO,SHP-20260720-05289
2026-07-21 09:20:00,TRK-031,Rute-I,Bogor Transit Hub,922.4,1400,26.36,2.0,65.8,DELIVERED,YES,SHP-20260721-05290
2026-07-22 11:31:00,TRK-034,Rute-N,Depok Hub,923.3,1200,26.8,2.2,66.4,IN_TRANSIT,YES,SHP-20260722-05291
2026-07-23 14:42:00,TRK-037,Rute-A,Bekasi Logistics Hub,924.2,1200,11.4,2.3,67.0,DELAYED,NO,SHP-20260723-05292
2026-07-24 17:53:00,TRK-040,Rute-F,Petamburan Hub,925.0,1200,11.84,2.5,67.7,LOADED,YES,SHP-20260724-05293
2026-07-25 11:04:00,TRK-043,Rute-K,Grogol Hub (Jakbar),925.9,1200,12.28,2.6,68.3,RETURNING,NO,SHP-20260725-05294
2026-07-26 14:15:00,TRK-046,Rute-P,Central Hub (Jakarta),926.8,1400,12.72,2.8,68.9,DELIVERED,YES,SHP-20260726-05295
2026-07-27 17:26:00,TRK-049,Rute-C,Gudang West (Tangerang),927.7,1200,13.16,0.4,69.5,IN_TRANSIT,YES,SHP-20260727-05296
2026-07-28 09:37:00,TRK-052,Rute-H,Cikarang Industrial Hub,928.6,1200,13.6,0.6,70.1,DELAYED,NO,SHP-20260728-05297
2026-07-29 12:48:00,TRK-055,Rute-M,Bogor Transit Hub,929.4,1200,14.04,0.7,70.8,LOADED,YES,SHP-20260729-05298
2026-07-30 15:59:00,TRK-058,Rute-R,Depok Hub,930.3,1200,14.48,0.9,71.4,RETURNING,NO,SHP-20260730-05299
2026-07-31 09:10:00,TRK-061,Rute-E,Bekasi Logistics Hub,931.2,1400,14.92,1.0,72.0,DELIVERED,YES,SHP-20260731-05300
2026-07-01 12:21:00,TRK-064,Rute-J,Petamburan Hub,932.1,1200,15.36,1.2,72.6,IN_TRANSIT,YES,SHP-20260701-05301
2026-07-02 14:32:00,TRK-067,Rute-O,Grogol Hub (Jakbar),933.0,1200,15.8,1.4,73.2,DELAYED,NO,SHP-20260702-05302
2026-07-03 17:43:00,TRK-070,Rute-B,Central Hub (Jakarta),933.8,1200,16.24,1.5,73.9,LOADED,YES,SHP-20260703-05303
2026-07-04 10:54:00,TRK-073,Rute-G,Gudang West (Tangerang),934.7,1200,16.68,1.7,74.5,RETURNING,NO,SHP-20260704-05304
2026-07-05 14:05:00,TRK-076,Rute-L,Cikarang Industrial Hub,935.6,1400,17.12,1.8,75.1,DELIVERED,YES,SHP-20260705-05305
2026-07-06 17:16:00,TRK-079,Rute-Q,Bogor Transit Hub,936.5,1200,17.56,2.0,75.7,IN_TRANSIT,YES,SHP-20260706-05306
2026-07-07 10:27:00,TRK-082,Rute-D,Depok Hub,937.4,1200,18.0,2.2,76.3,DELAYED,NO,SHP-20260707-05307
2026-07-08 12:38:00,TRK-085,Rute-I,Bekasi Logistics Hub,938.2,1200,18.44,2.3,77.0,LOADED,YES,SHP-20260708-05308
2026-07-09 15:49:00,TRK-088,Rute-N,Petamburan Hub,939.1,1200,18.88,2.5,77.6,RETURNING,NO,SHP-20260709-05309
2026-07-10 09:00:00,TRK-091,Rute-A,Grogol Hub (Jakbar),940.0,1400,19.32,2.6,78.2,DELIVERED,YES,SHP-20260710-05310
2026-07-11 12:11:00,TRK-094,Rute-F,Central Hub (Jakarta),940.9,1200,19.76,2.8,78.8,IN_TRANSIT,YES,SHP-20260711-05311
2026-07-12 15:22:00,TRK-097,Rute-K,Gudang West (Tangerang),941.8,1200,20.2,0.4,79.4,DELAYED,NO,SHP-20260712-05312
2026-07-13 17:33:00,TRK-100,Rute-P,Cikarang Industrial Hub,942.6,1200,20.64,0.6,80.1,LOADED,YES,SHP-20260713-05313
2026-07-14 10:44:00,TRK-103,Rute-C,Bogor Transit Hub,943.5,1200,21.08,0.7,80.7,RETURNING,NO,SHP-20260714-05314
2026-07-15 13:55:00,TRK-106,Rute-H,Depok Hub,944.4,1400,21.52,0.9,81.3,DELIVERED,YES,SHP-20260715-05315
2026-07-16 17:06:00,TRK-109,Rute-M,Bekasi Logistics Hub,945.3,1200,21.96,1.0,81.9,IN_TRANSIT,YES,SHP-20260716-05316
2026-07-17 10:17:00,TRK-112,Rute-R,Petamburan Hub,946.2,1200,22.4,1.2,82.5,DELAYED,NO,SHP-20260717-05317
2026-07-18 13:28:00,TRK-115,Rute-E,Grogol Hub (Jakbar),947.0,1200,22.84,1.4,83.2,LOADED,YES,SHP-20260718-05318
2026-07-19 15:39:00,TRK-118,Rute-J,Central Hub (Jakarta),947.9,1200,23.28,1.5,83.8,RETURNING,NO,SHP-20260719-05319
2026-07-20 08:50:00,TRK-121,Rute-O,Gudang West (Tangerang),280.0,1400,23.72,1.7,84.4,DELIVERED,YES,SHP-20260720-05320
2026-07-21 12:01:00,TRK-124,Rute-B,Cikarang Industrial Hub,280.9,1200,24.16,1.8,85.0,IN_TRANSIT,YES,SHP-20260721-05321
2026-07-22 15:12:00,TRK-127,Rute-G,Bogor Transit Hub,281.8,1200,24.6,2.0,85.6,DELAYED,NO,SHP-20260722-05322
2026-07-23 18:23:00,TRK-130,Rute-L,Depok Hub,282.6,1200,25.04,2.2,86.3,LOADED,YES,SHP-20260723-05323
2026-07-24 10:34:00,TRK-133,Rute-Q,Bekasi Logistics Hub,283.5,1200,25.48,2.3,86.9,RETURNING,NO,SHP-20260724-05324
2026-07-25 13:45:00,TRK-136,Rute-D,Petamburan Hub,284.4,1400,25.92,2.5,87.5,DELIVERED,YES,SHP-20260725-05325
2026-07-26 16:56:00,TRK-139,Rute-I,Grogol Hub (Jakbar),285.3,1200,26.36,2.6,88.1,IN_TRANSIT,YES,SHP-20260726-05326
2026-07-27 10:07:00,TRK-142,Rute-N,Central Hub (Jakarta),286.2,1200,26.8,2.8,88.7,DELAYED,NO,SHP-20260727-05327
2026-07-28 13:18:00,TRK-145,Rute-A,Gudang West (Tangerang),287.0,1200,11.4,0.4,89.4,LOADED,YES,SHP-20260728-05328
2026-07-29 16:29:00,TRK-148,Rute-F,Cikarang Industrial Hub,287.9,1200,11.84,0.6,90.0,RETURNING,NO,SHP-20260729-05329
2026-07-30 08:40:00,TRK-151,Rute-K,Bogor Transit Hub,288.8,1400,12.28,0.7,10.0,DELIVERED,YES,SHP-20260730-05330
2026-07-31 11:51:00,TRK-154,Rute-P,Depok Hub,289.7,1200,12.72,0.9,10.6,IN_TRANSIT,YES,SHP-20260731-05331
2026-07-01 15:02:00,TRK-157,Rute-C,Bekasi Logistics Hub,290.6,1200,13.16,1.0,11.2,DELAYED,NO,SHP-20260701-05332
2026-07-02 18:13:00,TRK-160,Rute-H,Petamburan Hub,291.4,1200,13.6,1.2,11.9,LOADED,YES,SHP-20260702-05333
2026-07-03 11:24:00,TRK-163,Rute-M,Grogol Hub (Jakbar),292.3,1200,14.04,1.4,12.5,RETURNING,NO,SHP-20260703-05334
2026-07-04 13:35:00,TRK-166,Rute-R,Central Hub (Jakarta),293.2,1400,14.48,1.5,13.1,DELIVERED,YES,SHP-20260704-05335
2026-07-05 16:46:00,TRK-169,Rute-E,Gudang West (Tangerang),294.1,1200,14.92,1.7,13.7,IN_TRANSIT,YES,SHP-20260705-05336
2026-07-06 09:57:00,TRK-172,Rute-J,Cikarang Industrial Hub,295.0,1200,15.36,1.8,14.3,DELAYED,NO,SHP-20260706-05337
2026-07-07 13:08:00,TRK-175,Rute-O,Bogor Transit Hub,295.8,1200,15.8,2.0,15.0,LOADED,YES,SHP-20260707-05338
2026-07-08 16:19:00,TRK-178,Rute-B,Depok Hub,296.7,1200,16.24,2.2,15.6,RETURNING,NO,SHP-20260708-05339
2026-07-09 08:30:00,TRK-001,Rute-G,Bekasi Logistics Hub,297.6,1400,16.68,2.3,16.2,DELIVERED,YES,SHP-20260709-05340
2026-07-10 11:41:00,TRK-004,Rute-L,Petamburan Hub,298.5,1200,17.12,2.5,16.8,IN_TRANSIT,YES,SHP-20260710-05341
2026-07-11 14:52:00,TRK-007,Rute-Q,Grogol Hub (Jakbar),299.4,1200,17.56,2.6,17.4,DELAYED,NO,SHP-20260711-05342
2026-07-12 18:03:00,TRK-010,Rute-D,Central Hub (Jakarta),300.2,1200,18.0,2.8,18.1,LOADED,YES,SHP-20260712-05343
2026-07-13 11:14:00,TRK-013,Rute-I,Gudang West (Tangerang),301.1,1200,18.44,0.4,18.7,RETURNING,NO,SHP-20260713-05344
2026-07-14 14:25:00,TRK-016,Rute-N,Cikarang Industrial Hub,302.0,1400,18.88,0.6,19.3,DELIVERED,YES,SHP-20260714-05345
2026-07-15 16:36:00,TRK-019,Rute-A,Bogor Transit Hub,302.9,1200,19.32,0.7,19.9,IN_TRANSIT,YES,SHP-20260715-05346
2026-07-16 09:47:00,TRK-022,Rute-F,Depok Hub,303.8,1200,19.76,0.9,20.5,DELAYED,NO,SHP-20260716-05347
2026-07-17 12:58:00,TRK-025,Rute-K,Bekasi Logistics Hub,304.6,1200,20.2,1.0,21.2,LOADED,YES,SHP-20260717-05348
2026-07-18 16:09:00,TRK-028,Rute-P,Petamburan Hub,305.5,1200,20.64,1.2,21.8,RETURNING,NO,SHP-20260718-05349
2026-07-19 09:20:00,TRK-031,Rute-C,Grogol Hub (Jakbar),306.4,1400,21.08,1.4,22.4,DELIVERED,YES,SHP-20260719-05350
2026-07-20 11:31:00,TRK-034,Rute-H,Central Hub (Jakarta),307.3,1200,21.52,1.5,23.0,IN_TRANSIT,YES,SHP-20260720-05351
2026-07-21 14:42:00,TRK-037,Rute-M,Gudang West (Tangerang),308.2,1200,21.96,1.7,23.6,DELAYED,NO,SHP-20260721-05352
2026-07-22 17:53:00,TRK-040,Rute-R,Cikarang Industrial Hub,309.0,1200,22.4,1.8,24.3,LOADED,YES,SHP-20260722-05353
2026-07-23 11:04:00,TRK-043,Rute-E,Bogor Transit Hub,309.9,1200,22.84,2.0,24.9,RETURNING,NO,SHP-20260723-05354
2026-07-24 14:15:00,TRK-046,Rute-J,Depok Hub,310.8,1400,23.28,2.2,25.5,DELIVERED,YES,SHP-20260724-05355
2026-07-25 17:26:00,TRK-049,Rute-O,Bekasi Logistics Hub,311.7,1200,23.72,2.3,26.1,IN_TRANSIT,YES,SHP-20260725-05356
2026-07-26 09:37:00,TRK-052,Rute-B,Petamburan Hub,312.6,1200,24.16,2.5,26.7,DELAYED,NO,SHP-20260726-05357
2026-07-27 12:48:00,TRK-055,Rute-G,Grogol Hub (Jakbar),313.4,1200,24.6,2.6,27.4,LOADED,YES,SHP-20260727-05358
2026-07-28 15:59:00,TRK-058,Rute-L,Central Hub (Jakarta),314.3,1200,25.04,2.8,28.0,RETURNING,NO,SHP-20260728-05359
2026-07-29 09:10:00,TRK-061,Rute-Q,Gudang West (Tangerang),315.2,1400,25.48,0.4,28.6,DELIVERED,YES,SHP-20260729-05360
2026-07-30 12:21:00,TRK-064,Rute-D,Cikarang Industrial Hub,316.1,1200,25.92,0.6,29.2,IN_TRANSIT,YES,SHP-20260730-05361
2026-07-31 14:32:00,TRK-067,Rute-I,Bogor Transit Hub,317.0,1200,26.36,0.7,29.8,DELAYED,NO,SHP-20260731-05362
2026-07-01 17:43:00,TRK-070,Rute-N,Depok Hub,317.8,1200,26.8,0.9,30.5,LOADED,YES,SHP-20260701-05363
2026-07-02 10:54:00,TRK-073,Rute-A,Bekasi Logistics Hub,318.7,1200,11.4,1.0,31.1,RETURNING,NO,SHP-20260702-05364
2026-07-03 14:05:00,TRK-076,Rute-F,Petamburan Hub,319.6,1400,11.84,1.2,31.7,DELIVERED,YES,SHP-20260703-05365
2026-07-04 17:16:00,TRK-079,Rute-K,Grogol Hub (Jakbar),320.5,1200,12.28,1.4,32.3,IN_TRANSIT,YES,SHP-20260704-05366
2026-07-05 10:27:00,TRK-082,Rute-P,Central Hub (Jakarta),321.4,1200,12.72,1.5,32.9,DELAYED,NO,SHP-20260705-05367
2026-07-06 12:38:00,TRK-085,Rute-C,Gudang West (Tangerang),322.2,1200,13.16,1.7,33.6,LOADED,YES,SHP-20260706-05368
2026-07-07 15:49:00,TRK-088,Rute-H,Cikarang Industrial Hub,323.1,1200,13.6,1.8,34.2,RETURNING,NO,SHP-20260707-05369
2026-07-08 09:00:00,TRK-091,Rute-M,Bogor Transit Hub,324.0,1400,14.04,2.0,34.8,DELIVERED,YES,SHP-20260708-05370
2026-07-09 12:11:00,TRK-094,Rute-R,Depok Hub,324.9,1200,14.48,2.2,35.4,IN_TRANSIT,YES,SHP-20260709-05371
2026-07-10 15:22:00,TRK-097,Rute-E,Bekasi Logistics Hub,325.8,1200,14.92,2.3,36.0,DELAYED,NO,SHP-20260710-05372
2026-07-11 17:33:00,TRK-100,Rute-J,Petamburan Hub,326.6,1200,15.36,2.5,36.7,LOADED,YES,SHP-20260711-05373
2026-07-12 10:44:00,TRK-103,Rute-O,Grogol Hub (Jakbar),327.5,1200,15.8,2.6,37.3,RETURNING,NO,SHP-20260712-05374
2026-07-13 13:55:00,TRK-106,Rute-B,Central Hub (Jakarta),328.4,1400,16.24,2.8,37.9,DELIVERED,YES,SHP-20260713-05375
2026-07-14 17:06:00,TRK-109,Rute-G,Gudang West (Tangerang),329.3,1200,16.68,0.4,38.5,IN_TRANSIT,YES,SHP-20260714-05376
2026-07-15 10:17:00,TRK-112,Rute-L,Cikarang Industrial Hub,330.2,1200,17.12,0.6,39.1,DELAYED,NO,SHP-20260715-05377
2026-07-16 13:28:00,TRK-115,Rute-Q,Bogor Transit Hub,331.0,1200,17.56,0.7,39.8,LOADED,YES,SHP-20260716-05378
2026-07-17 15:39:00,TRK-118,Rute-D,Depok Hub,331.9,1200,18.0,0.9,40.4,RETURNING,NO,SHP-20260717-05379
2026-07-18 08:50:00,TRK-121,Rute-I,Bekasi Logistics Hub,332.8,1400,18.44,1.0,41.0,DELIVERED,YES,SHP-20260718-05380
2026-07-19 12:01:00,TRK-124,Rute-N,Petamburan Hub,333.7,1200,18.88,1.2,41.6,IN_TRANSIT,YES,SHP-20260719-05381
2026-07-20 15:12:00,TRK-127,Rute-A,Grogol Hub (Jakbar),334.6,1200,19.32,1.4,42.2,DELAYED,NO,SHP-20260720-05382
2026-07-21 18:23:00,TRK-130,Rute-F,Central Hub (Jakarta),335.4,1200,19.76,1.5,42.9,LOADED,YES,SHP-20260721-05383
2026-07-22 10:34:00,TRK-133,Rute-K,Gudang West (Tangerang),336.3,1200,20.2,1.7,43.5,RETURNING,NO,SHP-20260722-05384
2026-07-23 13:45:00,TRK-136,Rute-P,Cikarang Industrial Hub,337.2,1400,20.64,1.8,44.1,DELIVERED,YES,SHP-20260723-05385
2026-07-24 16:56:00,TRK-139,Rute-C,Bogor Transit Hub,338.1,1200,21.08,2.0,44.7,IN_TRANSIT,YES,SHP-20260724-05386
2026-07-25 10:07:00,TRK-142,Rute-H,Depok Hub,339.0,1200,21.52,2.2,45.3,DELAYED,NO,SHP-20260725-05387
2026-07-26 13:18:00,TRK-145,Rute-M,Bekasi Logistics Hub,339.8,1200,21.96,2.3,46.0,LOADED,YES,SHP-20260726-05388
2026-07-27 16:29:00,TRK-148,Rute-R,Petamburan Hub,340.7,1200,22.4,2.5,46.6,RETURNING,NO,SHP-20260727-05389
2026-07-28 08:40:00,TRK-151,Rute-E,Grogol Hub (Jakbar),341.6,1400,22.84,2.6,47.2,DELIVERED,YES,SHP-20260728-05390
2026-07-29 11:51:00,TRK-154,Rute-J,Central Hub (Jakarta),342.5,1200,23.28,2.8,47.8,IN_TRANSIT,YES,SHP-20260729-05391
2026-07-30 15:02:00,TRK-157,Rute-O,Gudang West (Tangerang),343.4,1200,23.72,0.4,48.4,DELAYED,NO,SHP-20260730-05392
2026-07-31 18:13:00,TRK-160,Rute-B,Cikarang Industrial Hub,344.2,1200,24.16,0.6,49.1,LOADED,YES,SHP-20260731-05393
2026-07-01 11:24:00,TRK-163,Rute-G,Bogor Transit Hub,345.1,1200,24.6,0.7,49.7,RETURNING,NO,SHP-20260701-05394
2026-07-02 13:35:00,TRK-166,Rute-L,Depok Hub,346.0,1400,25.04,0.9,50.3,DELIVERED,YES,SHP-20260702-05395
2026-07-03 16:46:00,TRK-169,Rute-Q,Bekasi Logistics Hub,346.9,1200,25.48,1.0,50.9,IN_TRANSIT,YES,SHP-20260703-05396
2026-07-04 09:57:00,TRK-172,Rute-D,Petamburan Hub,347.8,1200,25.92,1.2,51.5,DELAYED,NO,SHP-20260704-05397
2026-07-05 13:08:00,TRK-175,Rute-I,Grogol Hub (Jakbar),348.6,1200,26.36,1.4,52.2,LOADED,YES,SHP-20260705-05398
2026-07-06 16:19:00,TRK-178,Rute-N,Central Hub (Jakarta),349.5,1200,26.8,1.5,52.8,RETURNING,NO,SHP-20260706-05399
2026-07-07 08:30:00,TRK-001,Rute-A,Gudang West (Tangerang),350.4,1400,11.4,1.7,53.4,DELIVERED,YES,SHP-20260707-05400
2026-07-08 11:41:00,TRK-004,Rute-F,Cikarang Industrial Hub,351.3,1200,11.84,1.8,54.0,IN_TRANSIT,YES,SHP-20260708-05401
2026-07-09 14:52:00,TRK-007,Rute-K,Bogor Transit Hub,352.2,1200,12.28,2.0,54.6,DELAYED,NO,SHP-20260709-05402
2026-07-10 18:03:00,TRK-010,Rute-P,Depok Hub,353.0,1200,12.72,2.2,55.3,LOADED,YES,SHP-20260710-05403
2026-07-11 11:14:00,TRK-013,Rute-C,Bekasi Logistics Hub,353.9,1200,13.16,2.3,55.9,RETURNING,NO,SHP-20260711-05404
2026-07-12 14:25:00,TRK-016,Rute-H,Petamburan Hub,354.8,1400,13.6,2.5,56.5,DELIVERED,YES,SHP-20260712-05405
2026-07-13 16:36:00,TRK-019,Rute-M,Grogol Hub (Jakbar),355.7,1200,14.04,2.6,57.1,IN_TRANSIT,YES,SHP-20260713-05406
2026-07-14 09:47:00,TRK-022,Rute-R,Central Hub (Jakarta),356.6,1200,14.48,2.8,57.7,DELAYED,NO,SHP-20260714-05407
2026-07-15 12:58:00,TRK-025,Rute-E,Gudang West (Tangerang),357.4,1200,14.92,0.4,58.4,LOADED,YES,SHP-20260715-05408
2026-07-16 16:09:00,TRK-028,Rute-J,Cikarang Industrial Hub,358.3,1200,15.36,0.6,59.0,RETURNING,NO,SHP-20260716-05409
2026-07-17 09:20:00,TRK-031,Rute-O,Bogor Transit Hub,359.2,1400,15.8,0.7,59.6,DELIVERED,YES,SHP-20260717-05410
2026-07-18 11:31:00,TRK-034,Rute-B,Depok Hub,360.1,1200,16.24,0.9,60.2,IN_TRANSIT,YES,SHP-20260718-05411
2026-07-19 14:42:00,TRK-037,Rute-G,Bekasi Logistics Hub,361.0,1200,16.68,1.0,60.8,DELAYED,NO,SHP-20260719-05412
2026-07-20 17:53:00,TRK-040,Rute-L,Petamburan Hub,361.8,1200,17.12,1.2,61.5,LOADED,YES,SHP-20260720-05413
2026-07-21 11:04:00,TRK-043,Rute-Q,Grogol Hub (Jakbar),362.7,1200,17.56,1.4,62.1,RETURNING,NO,SHP-20260721-05414
2026-07-22 14:15:00,TRK-046,Rute-D,Central Hub (Jakarta),363.6,1400,18.0,1.5,62.7,DELIVERED,YES,SHP-20260722-05415
2026-07-23 17:26:00,TRK-049,Rute-I,Gudang West (Tangerang),364.5,1200,18.44,1.7,63.3,IN_TRANSIT,YES,SHP-20260723-05416
2026-07-24 09:37:00,TRK-052,Rute-N,Cikarang Industrial Hub,365.4,1200,18.88,1.8,63.9,DELAYED,NO,SHP-20260724-05417
2026-07-25 12:48:00,TRK-055,Rute-A,Bogor Transit Hub,366.2,1200,19.32,2.0,64.6,LOADED,YES,SHP-20260725-05418
2026-07-26 15:59:00,TRK-058,Rute-F,Depok Hub,367.1,1200,19.76,2.2,65.2,RETURNING,NO,SHP-20260726-05419
2026-07-27 09:10:00,TRK-061,Rute-K,Bekasi Logistics Hub,368.0,1400,20.2,2.3,65.8,DELIVERED,YES,SHP-20260727-05420
2026-07-28 12:21:00,TRK-064,Rute-P,Petamburan Hub,368.9,1200,20.64,2.5,66.4,IN_TRANSIT,YES,SHP-20260728-05421
2026-07-29 14:32:00,TRK-067,Rute-C,Grogol Hub (Jakbar),369.8,1200,21.08,2.6,67.0,DELAYED,NO,SHP-20260729-05422
2026-07-30 17:43:00,TRK-070,Rute-H,Central Hub (Jakarta),370.6,1200,21.52,2.8,67.7,LOADED,YES,SHP-20260730-05423
2026-07-31 10:54:00,TRK-073,Rute-M,Gudang West (Tangerang),371.5,1200,21.96,0.4,68.3,RETURNING,NO,SHP-20260731-05424
2026-07-01 14:05:00,TRK-076,Rute-R,Cikarang Industrial Hub,372.4,1400,22.4,0.6,68.9,DELIVERED,YES,SHP-20260701-05425
2026-07-02 17:16:00,TRK-079,Rute-E,Bogor Transit Hub,373.3,1200,22.84,0.7,69.5,IN_TRANSIT,YES,SHP-20260702-05426
2026-07-03 10:27:00,TRK-082,Rute-J,Depok Hub,374.2,1200,23.28,0.9,70.1,DELAYED,NO,SHP-20260703-05427
2026-07-04 12:38:00,TRK-085,Rute-O,Bekasi Logistics Hub,375.0,1200,23.72,1.0,70.8,LOADED,YES,SHP-20260704-05428
2026-07-05 15:49:00,TRK-088,Rute-B,Petamburan Hub,375.9,1200,24.16,1.2,71.4,RETURNING,NO,SHP-20260705-05429
2026-07-06 09:00:00,TRK-091,Rute-G,Grogol Hub (Jakbar),376.8,1400,24.6,1.4,72.0,DELIVERED,YES,SHP-20260706-05430
2026-07-07 12:11:00,TRK-094,Rute-L,Central Hub (Jakarta),377.7,1200,25.04,1.5,72.6,IN_TRANSIT,YES,SHP-20260707-05431
2026-07-08 15:22:00,TRK-097,Rute-Q,Gudang West (Tangerang),378.6,1200,25.48,1.7,73.2,DELAYED,NO,SHP-20260708-05432
2026-07-09 17:33:00,TRK-100,Rute-D,Cikarang Industrial Hub,379.4,1200,25.92,1.8,73.9,LOADED,YES,SHP-20260709-05433
2026-07-10 10:44:00,TRK-103,Rute-I,Bogor Transit Hub,380.3,1200,26.36,2.0,74.5,RETURNING,NO,SHP-20260710-05434
2026-07-11 13:55:00,TRK-106,Rute-N,Depok Hub,381.2,1400,26.8,2.2,75.1,DELIVERED,YES,SHP-20260711-05435
2026-07-12 17:06:00,TRK-109,Rute-A,Bekasi Logistics Hub,382.1,1200,11.4,2.3,75.7,IN_TRANSIT,YES,SHP-20260712-05436
2026-07-13 10:17:00,TRK-112,Rute-F,Petamburan Hub,383.0,1200,11.84,2.5,76.3,DELAYED,NO,SHP-20260713-05437
2026-07-14 13:28:00,TRK-115,Rute-K,Grogol Hub (Jakbar),383.8,1200,12.28,2.6,77.0,LOADED,YES,SHP-20260714-05438
2026-07-15 15:39:00,TRK-118,Rute-P,Central Hub (Jakarta),384.7,1200,12.72,2.8,77.6,RETURNING,NO,SHP-20260715-05439
2026-07-16 08:50:00,TRK-121,Rute-C,Gudang West (Tangerang),385.6,1400,13.16,0.4,78.2,DELIVERED,YES,SHP-20260716-05440
2026-07-17 12:01:00,TRK-124,Rute-H,Cikarang Industrial Hub,386.5,1200,13.6,0.6,78.8,IN_TRANSIT,YES,SHP-20260717-05441
2026-07-18 15:12:00,TRK-127,Rute-M,Bogor Transit Hub,387.4,1200,14.04,0.7,79.4,DELAYED,NO,SHP-20260718-05442
2026-07-19 18:23:00,TRK-130,Rute-R,Depok Hub,388.2,1200,14.48,0.9,80.1,LOADED,YES,SHP-20260719-05443
2026-07-20 10:34:00,TRK-133,Rute-E,Bekasi Logistics Hub,389.1,1200,14.92,1.0,80.7,RETURNING,NO,SHP-20260720-05444
2026-07-21 13:45:00,TRK-136,Rute-J,Petamburan Hub,390.0,1400,15.36,1.2,81.3,DELIVERED,YES,SHP-20260721-05445
2026-07-22 16:56:00,TRK-139,Rute-O,Grogol Hub (Jakbar),390.9,1200,15.8,1.4,81.9,IN_TRANSIT,YES,SHP-20260722-05446
2026-07-23 10:07:00,TRK-142,Rute-B,Central Hub (Jakarta),391.8,1200,16.24,1.5,82.5,DELAYED,NO,SHP-20260723-05447
2026-07-24 13:18:00,TRK-145,Rute-G,Gudang West (Tangerang),392.6,1200,16.68,1.7,83.2,LOADED,YES,SHP-20260724-05448
2026-07-25 16:29:00,TRK-148,Rute-L,Cikarang Industrial Hub,393.5,1200,17.12,1.8,83.8,RETURNING,NO,SHP-20260725-05449
2026-07-26 08:40:00,TRK-151,Rute-Q,Bogor Transit Hub,394.4,1400,17.56,2.0,84.4,DELIVERED,YES,SHP-20260726-05450
2026-07-27 11:51:00,TRK-154,Rute-D,Depok Hub,395.3,1200,18.0,2.2,85.0,IN_TRANSIT,YES,SHP-20260727-05451
2026-07-28 15:02:00,TRK-157,Rute-I,Bekasi Logistics Hub,396.2,1200,18.44,2.3,85.6,DELAYED,NO,SHP-20260728-05452
2026-07-29 18:13:00,TRK-160,Rute-N,Petamburan Hub,397.0,1200,18.88,2.5,86.3,LOADED,YES,SHP-20260729-05453
2026-07-30 11:24:00,TRK-163,Rute-A,Grogol Hub (Jakbar),397.9,1200,19.32,2.6,86.9,RETURNING,NO,SHP-20260730-05454
2026-07-31 13:35:00,TRK-166,Rute-F,Central Hub (Jakarta),398.8,1400,19.76,2.8,87.5,DELIVERED,YES,SHP-20260731-05455
2026-07-01 16:46:00,TRK-169,Rute-K,Gudang West (Tangerang),399.7,1200,20.2,0.4,88.1,IN_TRANSIT,YES,SHP-20260701-05456
2026-07-02 09:57:00,TRK-172,Rute-P,Cikarang Industrial Hub,400.6,1200,20.64,0.6,88.7,DELAYED,NO,SHP-20260702-05457
2026-07-03 13:08:00,TRK-175,Rute-C,Bogor Transit Hub,401.4,1200,21.08,0.7,89.4,LOADED,YES,SHP-20260703-05458
2026-07-04 16:19:00,TRK-178,Rute-H,Depok Hub,402.3,1200,21.52,0.9,90.0,RETURNING,NO,SHP-20260704-05459
2026-07-05 08:30:00,TRK-001,Rute-M,Bekasi Logistics Hub,403.2,1400,21.96,1.0,10.0,DELIVERED,YES,SHP-20260705-05460
2026-07-06 11:41:00,TRK-004,Rute-R,Petamburan Hub,404.1,1200,22.4,1.2,10.6,IN_TRANSIT,YES,SHP-20260706-05461
2026-07-07 14:52:00,TRK-007,Rute-E,Grogol Hub (Jakbar),405.0,1200,22.84,1.4,11.2,DELAYED,NO,SHP-20260707-05462
2026-07-08 18:03:00,TRK-010,Rute-J,Central Hub (Jakarta),405.8,1200,23.28,1.5,11.9,LOADED,YES,SHP-20260708-05463
2026-07-09 11:14:00,TRK-013,Rute-O,Gudang West (Tangerang),406.7,1200,23.72,1.7,12.5,RETURNING,NO,SHP-20260709-05464
2026-07-10 14:25:00,TRK-016,Rute-B,Cikarang Industrial Hub,407.6,1400,24.16,1.8,13.1,DELIVERED,YES,SHP-20260710-05465
2026-07-11 16:36:00,TRK-019,Rute-G,Bogor Transit Hub,408.5,1200,24.6,2.0,13.7,IN_TRANSIT,YES,SHP-20260711-05466
2026-07-12 09:47:00,TRK-022,Rute-L,Depok Hub,409.4,1200,25.04,2.2,14.3,DELAYED,NO,SHP-20260712-05467
2026-07-13 12:58:00,TRK-025,Rute-Q,Bekasi Logistics Hub,410.2,1200,25.48,2.3,15.0,LOADED,YES,SHP-20260713-05468
2026-07-14 16:09:00,TRK-028,Rute-D,Petamburan Hub,411.1,1200,25.92,2.5,15.6,RETURNING,NO,SHP-20260714-05469
2026-07-15 09:20:00,TRK-031,Rute-I,Grogol Hub (Jakbar),412.0,1400,26.36,2.6,16.2,DELIVERED,YES,SHP-20260715-05470
2026-07-16 11:31:00,TRK-034,Rute-N,Central Hub (Jakarta),412.9,1200,26.8,2.8,16.8,IN_TRANSIT,YES,SHP-20260716-05471
2026-07-17 14:42:00,TRK-037,Rute-A,Gudang West (Tangerang),413.8,1200,11.4,0.4,17.4,DELAYED,NO,SHP-20260717-05472
2026-07-18 17:53:00,TRK-040,Rute-F,Cikarang Industrial Hub,414.6,1200,11.84,0.6,18.1,LOADED,YES,SHP-20260718-05473
2026-07-19 11:04:00,TRK-043,Rute-K,Bogor Transit Hub,415.5,1200,12.28,0.7,18.7,RETURNING,NO,SHP-20260719-05474
2026-07-20 14:15:00,TRK-046,Rute-P,Depok Hub,416.4,1400,12.72,0.9,19.3,DELIVERED,YES,SHP-20260720-05475
2026-07-21 17:26:00,TRK-049,Rute-C,Bekasi Logistics Hub,417.3,1200,13.16,1.0,19.9,IN_TRANSIT,YES,SHP-20260721-05476
2026-07-22 09:37:00,TRK-052,Rute-H,Petamburan Hub,418.2,1200,13.6,1.2,20.5,DELAYED,NO,SHP-20260722-05477
2026-07-23 12:48:00,TRK-055,Rute-M,Grogol Hub (Jakbar),419.0,1200,14.04,1.4,21.2,LOADED,YES,SHP-20260723-05478
2026-07-24 15:59:00,TRK-058,Rute-R,Central Hub (Jakarta),419.9,1200,14.48,1.5,21.8,RETURNING,NO,SHP-20260724-05479
2026-07-25 09:10:00,TRK-061,Rute-E,Gudang West (Tangerang),420.8,1400,14.92,1.7,22.4,DELIVERED,YES,SHP-20260725-05480
2026-07-26 12:21:00,TRK-064,Rute-J,Cikarang Industrial Hub,421.7,1200,15.36,1.8,23.0,IN_TRANSIT,YES,SHP-20260726-05481
2026-07-27 14:32:00,TRK-067,Rute-O,Bogor Transit Hub,422.6,1200,15.8,2.0,23.6,DELAYED,NO,SHP-20260727-05482
2026-07-28 17:43:00,TRK-070,Rute-B,Depok Hub,423.4,1200,16.24,2.2,24.3,LOADED,YES,SHP-20260728-05483
2026-07-29 10:54:00,TRK-073,Rute-G,Bekasi Logistics Hub,424.3,1200,16.68,2.3,24.9,RETURNING,NO,SHP-20260729-05484
2026-07-30 14:05:00,TRK-076,Rute-L,Petamburan Hub,425.2,1400,17.12,2.5,25.5,DELIVERED,YES,SHP-20260730-05485
2026-07-31 17:16:00,TRK-079,Rute-Q,Grogol Hub (Jakbar),426.1,1200,17.56,2.6,26.1,IN_TRANSIT,YES,SHP-20260731-05486
2026-07-01 10:27:00,TRK-082,Rute-D,Central Hub (Jakarta),427.0,1200,18.0,2.8,26.7,DELAYED,NO,SHP-20260701-05487
2026-07-02 12:38:00,TRK-085,Rute-I,Gudang West (Tangerang),427.8,1200,18.44,0.4,27.4,LOADED,YES,SHP-20260702-05488
2026-07-03 15:49:00,TRK-088,Rute-N,Cikarang Industrial Hub,428.7,1200,18.88,0.6,28.0,RETURNING,NO,SHP-20260703-05489
2026-07-04 09:00:00,TRK-091,Rute-A,Bogor Transit Hub,429.6,1400,19.32,0.7,28.6,DELIVERED,YES,SHP-20260704-05490
2026-07-05 12:11:00,TRK-094,Rute-F,Depok Hub,430.5,1200,19.76,0.9,29.2,IN_TRANSIT,YES,SHP-20260705-05491
2026-07-06 15:22:00,TRK-097,Rute-K,Bekasi Logistics Hub,431.4,1200,20.2,1.0,29.8,DELAYED,NO,SHP-20260706-05492
2026-07-07 17:33:00,TRK-100,Rute-P,Petamburan Hub,432.2,1200,20.64,1.2,30.5,LOADED,YES,SHP-20260707-05493
2026-07-08 10:44:00,TRK-103,Rute-C,Grogol Hub (Jakbar),433.1,1200,21.08,1.4,31.1,RETURNING,NO,SHP-20260708-05494
2026-07-09 13:55:00,TRK-106,Rute-H,Central Hub (Jakarta),434.0,1400,21.52,1.5,31.7,DELIVERED,YES,SHP-20260709-05495
2026-07-10 17:06:00,TRK-109,Rute-M,Gudang West (Tangerang),434.9,1200,21.96,1.7,32.3,IN_TRANSIT,YES,SHP-20260710-05496
2026-07-11 10:17:00,TRK-112,Rute-R,Cikarang Industrial Hub,435.8,1200,22.4,1.8,32.9,DELAYED,NO,SHP-20260711-05497
2026-07-12 13:28:00,TRK-115,Rute-E,Bogor Transit Hub,436.6,1200,22.84,2.0,33.6,LOADED,YES,SHP-20260712-05498
2026-07-13 15:39:00,TRK-118,Rute-J,Depok Hub,437.5,1200,23.28,2.2,34.2,RETURNING,NO,SHP-20260713-05499
2026-07-14 08:50:00,TRK-121,Rute-O,Bekasi Logistics Hub,438.4,1400,23.72,2.3,34.8,DELIVERED,YES,SHP-20260714-05500
2026-07-15 12:01:00,TRK-124,Rute-B,Petamburan Hub,439.3,1200,24.16,2.5,35.4,IN_TRANSIT,YES,SHP-20260715-05501
2026-07-16 15:12:00,TRK-127,Rute-G,Grogol Hub (Jakbar),440.2,1200,24.6,2.6,36.0,DELAYED,NO,SHP-20260716-05502
2026-07-17 18:23:00,TRK-130,Rute-L,Central Hub (Jakarta),441.0,1200,25.04,2.8,36.7,LOADED,YES,SHP-20260717-05503
2026-07-18 10:34:00,TRK-133,Rute-Q,Gudang West (Tangerang),441.9,1200,25.48,0.4,37.3,RETURNING,NO,SHP-20260718-05504
2026-07-19 13:45:00,TRK-136,Rute-D,Cikarang Industrial Hub,442.8,1400,25.92,0.6,37.9,DELIVERED,YES,SHP-20260719-05505
2026-07-20 16:56:00,TRK-139,Rute-I,Bogor Transit Hub,443.7,1200,26.36,0.7,38.5,IN_TRANSIT,YES,SHP-20260720-05506
2026-07-21 10:07:00,TRK-142,Rute-N,Depok Hub,444.6,1200,26.8,0.9,39.1,DELAYED,NO,SHP-20260721-05507
2026-07-22 13:18:00,TRK-145,Rute-A,Bekasi Logistics Hub,445.4,1200,11.4,1.0,39.8,LOADED,YES,SHP-20260722-05508
2026-07-23 16:29:00,TRK-148,Rute-F,Petamburan Hub,446.3,1200,11.84,1.2,40.4,RETURNING,NO,SHP-20260723-05509
2026-07-24 08:40:00,TRK-151,Rute-K,Grogol Hub (Jakbar),447.2,1400,12.28,1.4,41.0,DELIVERED,YES,SHP-20260724-05510
2026-07-25 11:51:00,TRK-154,Rute-P,Central Hub (Jakarta),448.1,1200,12.72,1.5,41.6,IN_TRANSIT,YES,SHP-20260725-05511
2026-07-26 15:02:00,TRK-157,Rute-C,Gudang West (Tangerang),449.0,1200,13.16,1.7,42.2,DELAYED,NO,SHP-20260726-05512
2026-07-27 18:13:00,TRK-160,Rute-H,Cikarang Industrial Hub,449.8,1200,13.6,1.8,42.9,LOADED,YES,SHP-20260727-05513
2026-07-28 11:24:00,TRK-163,Rute-M,Bogor Transit Hub,450.7,1200,14.04,2.0,43.5,RETURNING,NO,SHP-20260728-05514
2026-07-29 13:35:00,TRK-166,Rute-R,Depok Hub,451.6,1400,14.48,2.2,44.1,DELIVERED,YES,SHP-20260729-05515
2026-07-30 16:46:00,TRK-169,Rute-E,Bekasi Logistics Hub,452.5,1200,14.92,2.3,44.7,IN_TRANSIT,YES,SHP-20260730-05516
2026-07-31 09:57:00,TRK-172,Rute-J,Petamburan Hub,453.4,1200,15.36,2.5,45.3,DELAYED,NO,SHP-20260731-05517
2026-07-01 13:08:00,TRK-175,Rute-O,Grogol Hub (Jakbar),454.2,1200,15.8,2.6,46.0,LOADED,YES,SHP-20260701-05518
2026-07-02 16:19:00,TRK-178,Rute-B,Central Hub (Jakarta),455.1,1200,16.24,2.8,46.6,RETURNING,NO,SHP-20260702-05519
2026-07-03 08:30:00,TRK-001,Rute-G,Gudang West (Tangerang),456.0,1400,16.68,0.4,47.2,DELIVERED,YES,SHP-20260703-05520
2026-07-04 11:41:00,TRK-004,Rute-L,Cikarang Industrial Hub,456.9,1200,17.12,0.6,47.8,IN_TRANSIT,YES,SHP-20260704-05521
2026-07-05 14:52:00,TRK-007,Rute-Q,Bogor Transit Hub,457.8,1200,17.56,0.7,48.4,DELAYED,NO,SHP-20260705-05522
2026-07-06 18:03:00,TRK-010,Rute-D,Depok Hub,458.6,1200,18.0,0.9,49.1,LOADED,YES,SHP-20260706-05523
2026-07-07 11:14:00,TRK-013,Rute-I,Bekasi Logistics Hub,459.5,1200,18.44,1.0,49.7,RETURNING,NO,SHP-20260707-05524
2026-07-08 14:25:00,TRK-016,Rute-N,Petamburan Hub,460.4,1400,18.88,1.2,50.3,DELIVERED,YES,SHP-20260708-05525
2026-07-09 16:36:00,TRK-019,Rute-A,Grogol Hub (Jakbar),461.3,1200,19.32,1.4,50.9,IN_TRANSIT,YES,SHP-20260709-05526
2026-07-10 09:47:00,TRK-022,Rute-F,Central Hub (Jakarta),462.2,1200,19.76,1.5,51.5,DELAYED,NO,SHP-20260710-05527
2026-07-11 12:58:00,TRK-025,Rute-K,Gudang West (Tangerang),463.0,1200,20.2,1.7,52.2,LOADED,YES,SHP-20260711-05528
2026-07-12 16:09:00,TRK-028,Rute-P,Cikarang Industrial Hub,463.9,1200,20.64,1.8,52.8,RETURNING,NO,SHP-20260712-05529
2026-07-13 09:20:00,TRK-031,Rute-C,Bogor Transit Hub,464.8,1400,21.08,2.0,53.4,DELIVERED,YES,SHP-20260713-05530
2026-07-14 11:31:00,TRK-034,Rute-H,Depok Hub,465.7,1200,21.52,2.2,54.0,IN_TRANSIT,YES,SHP-20260714-05531
2026-07-15 14:42:00,TRK-037,Rute-M,Bekasi Logistics Hub,466.6,1200,21.96,2.3,54.6,DELAYED,NO,SHP-20260715-05532
2026-07-16 17:53:00,TRK-040,Rute-R,Petamburan Hub,467.4,1200,22.4,2.5,55.3,LOADED,YES,SHP-20260716-05533
2026-07-17 11:04:00,TRK-043,Rute-E,Grogol Hub (Jakbar),468.3,1200,22.84,2.6,55.9,RETURNING,NO,SHP-20260717-05534
2026-07-18 14:15:00,TRK-046,Rute-J,Central Hub (Jakarta),469.2,1400,23.28,2.8,56.5,DELIVERED,YES,SHP-20260718-05535
2026-07-19 17:26:00,TRK-049,Rute-O,Gudang West (Tangerang),470.1,1200,23.72,0.4,57.1,IN_TRANSIT,YES,SHP-20260719-05536
2026-07-20 09:37:00,TRK-052,Rute-B,Cikarang Industrial Hub,471.0,1200,24.16,0.6,57.7,DELAYED,NO,SHP-20260720-05537
2026-07-21 12:48:00,TRK-055,Rute-G,Bogor Transit Hub,471.8,1200,24.6,0.7,58.4,LOADED,YES,SHP-20260721-05538
2026-07-22 15:59:00,TRK-058,Rute-L,Depok Hub,472.7,1200,25.04,0.9,59.0,RETURNING,NO,SHP-20260722-05539
2026-07-23 09:10:00,TRK-061,Rute-Q,Bekasi Logistics Hub,473.6,1400,25.48,1.0,59.6,DELIVERED,YES,SHP-20260723-05540
2026-07-24 12:21:00,TRK-064,Rute-D,Petamburan Hub,474.5,1200,25.92,1.2,60.2,IN_TRANSIT,YES,SHP-20260724-05541
2026-07-25 14:32:00,TRK-067,Rute-I,Grogol Hub (Jakbar),475.4,1200,26.36,1.4,60.8,DELAYED,NO,SHP-20260725-05542
2026-07-26 17:43:00,TRK-070,Rute-N,Central Hub (Jakarta),476.2,1200,26.8,1.5,61.5,LOADED,YES,SHP-20260726-05543
2026-07-27 10:54:00,TRK-073,Rute-A,Gudang West (Tangerang),477.1,1200,11.4,1.7,62.1,RETURNING,NO,SHP-20260727-05544
2026-07-28 14:05:00,TRK-076,Rute-F,Cikarang Industrial Hub,478.0,1400,11.84,1.8,62.7,DELIVERED,YES,SHP-20260728-05545
2026-07-29 17:16:00,TRK-079,Rute-K,Bogor Transit Hub,478.9,1200,12.28,2.0,63.3,IN_TRANSIT,YES,SHP-20260729-05546
2026-07-30 10:27:00,TRK-082,Rute-P,Depok Hub,479.8,1200,12.72,2.2,63.9,DELAYED,NO,SHP-20260730-05547
2026-07-31 12:38:00,TRK-085,Rute-C,Bekasi Logistics Hub,480.6,1200,13.16,2.3,64.6,LOADED,YES,SHP-20260731-05548
2026-07-01 15:49:00,TRK-088,Rute-H,Petamburan Hub,481.5,1200,13.6,2.5,65.2,RETURNING,NO,SHP-20260701-05549
2026-07-02 09:00:00,TRK-091,Rute-M,Grogol Hub (Jakbar),482.4,1400,14.04,2.6,65.8,DELIVERED,YES,SHP-20260702-05550
2026-07-03 12:11:00,TRK-094,Rute-R,Central Hub (Jakarta),483.3,1200,14.48,2.8,66.4,IN_TRANSIT,YES,SHP-20260703-05551
2026-07-04 15:22:00,TRK-097,Rute-E,Gudang West (Tangerang),484.2,1200,14.92,0.4,67.0,DELAYED,NO,SHP-20260704-05552
2026-07-05 17:33:00,TRK-100,Rute-J,Cikarang Industrial Hub,485.0,1200,15.36,0.6,67.7,LOADED,YES,SHP-20260705-05553
2026-07-06 10:44:00,TRK-103,Rute-O,Bogor Transit Hub,485.9,1200,15.8,0.7,68.3,RETURNING,NO,SHP-20260706-05554
2026-07-07 13:55:00,TRK-106,Rute-B,Depok Hub,486.8,1400,16.24,0.9,68.9,DELIVERED,YES,SHP-20260707-05555
2026-07-08 17:06:00,TRK-109,Rute-G,Bekasi Logistics Hub,487.7,1200,16.68,1.0,69.5,IN_TRANSIT,YES,SHP-20260708-05556
2026-07-09 10:17:00,TRK-112,Rute-L,Petamburan Hub,488.6,1200,17.12,1.2,70.1,DELAYED,NO,SHP-20260709-05557
2026-07-10 13:28:00,TRK-115,Rute-Q,Grogol Hub (Jakbar),489.4,1200,17.56,1.4,70.8,LOADED,YES,SHP-20260710-05558
2026-07-11 15:39:00,TRK-118,Rute-D,Central Hub (Jakarta),490.3,1200,18.0,1.5,71.4,RETURNING,NO,SHP-20260711-05559
2026-07-12 08:50:00,TRK-121,Rute-I,Gudang West (Tangerang),491.2,1400,18.44,1.7,72.0,DELIVERED,YES,SHP-20260712-05560
2026-07-13 12:01:00,TRK-124,Rute-N,Cikarang Industrial Hub,492.1,1200,18.88,1.8,72.6,IN_TRANSIT,YES,SHP-20260713-05561
2026-07-14 15:12:00,TRK-127,Rute-A,Bogor Transit Hub,493.0,1200,19.32,2.0,73.2,DELAYED,NO,SHP-20260714-05562
2026-07-15 18:23:00,TRK-130,Rute-F,Depok Hub,493.8,1200,19.76,2.2,73.9,LOADED,YES,SHP-20260715-05563
2026-07-16 10:34:00,TRK-133,Rute-K,Bekasi Logistics Hub,494.7,1200,20.2,2.3,74.5,RETURNING,NO,SHP-20260716-05564
2026-07-17 13:45:00,TRK-136,Rute-P,Petamburan Hub,495.6,1400,20.64,2.5,75.1,DELIVERED,YES,SHP-20260717-05565
2026-07-18 16:56:00,TRK-139,Rute-C,Grogol Hub (Jakbar),496.5,1200,21.08,2.6,75.7,IN_TRANSIT,YES,SHP-20260718-05566
2026-07-19 10:07:00,TRK-142,Rute-H,Central Hub (Jakarta),497.4,1200,21.52,2.8,76.3,DELAYED,NO,SHP-20260719-05567
2026-07-20 13:18:00,TRK-145,Rute-M,Gudang West (Tangerang),498.2,1200,21.96,0.4,77.0,LOADED,YES,SHP-20260720-05568
2026-07-21 16:29:00,TRK-148,Rute-R,Cikarang Industrial Hub,499.1,1200,22.4,0.6,77.6,RETURNING,NO,SHP-20260721-05569
2026-07-22 08:40:00,TRK-151,Rute-E,Bogor Transit Hub,500.0,1400,22.84,0.7,78.2,DELIVERED,YES,SHP-20260722-05570
2026-07-23 11:51:00,TRK-154,Rute-J,Depok Hub,500.9,1200,23.28,0.9,78.8,IN_TRANSIT,YES,SHP-20260723-05571
2026-07-24 15:02:00,TRK-157,Rute-O,Bekasi Logistics Hub,501.8,1200,23.72,1.0,79.4,DELAYED,NO,SHP-20260724-05572
2026-07-25 18:13:00,TRK-160,Rute-B,Petamburan Hub,502.6,1200,24.16,1.2,80.1,LOADED,YES,SHP-20260725-05573
2026-07-26 11:24:00,TRK-163,Rute-G,Grogol Hub (Jakbar),503.5,1200,24.6,1.4,80.7,RETURNING,NO,SHP-20260726-05574
2026-07-27 13:35:00,TRK-166,Rute-L,Central Hub (Jakarta),504.4,1400,25.04,1.5,81.3,DELIVERED,YES,SHP-20260727-05575
2026-07-28 16:46:00,TRK-169,Rute-Q,Gudang West (Tangerang),505.3,1200,25.48,1.7,81.9,IN_TRANSIT,YES,SHP-20260728-05576
2026-07-29 09:57:00,TRK-172,Rute-D,Cikarang Industrial Hub,506.2,1200,25.92,1.8,82.5,DELAYED,NO,SHP-20260729-05577
2026-07-30 13:08:00,TRK-175,Rute-I,Bogor Transit Hub,507.0,1200,26.36,2.0,83.2,LOADED,YES,SHP-20260730-05578
2026-07-31 16:19:00,TRK-178,Rute-N,Depok Hub,507.9,1200,26.8,2.2,83.8,RETURNING,NO,SHP-20260731-05579
2026-07-01 08:30:00,TRK-001,Rute-A,Bekasi Logistics Hub,508.8,1400,11.4,2.3,84.4,DELIVERED,YES,SHP-20260701-05580
2026-07-02 11:41:00,TRK-004,Rute-F,Petamburan Hub,509.7,1200,11.84,2.5,85.0,IN_TRANSIT,YES,SHP-20260702-05581
2026-07-03 14:52:00,TRK-007,Rute-K,Grogol Hub (Jakbar),510.6,1200,12.28,2.6,85.6,DELAYED,NO,SHP-20260703-05582
2026-07-04 18:03:00,TRK-010,Rute-P,Central Hub (Jakarta),511.4,1200,12.72,2.8,86.3,LOADED,YES,SHP-20260704-05583
2026-07-05 11:14:00,TRK-013,Rute-C,Gudang West (Tangerang),512.3,1200,13.16,0.4,86.9,RETURNING,NO,SHP-20260705-05584
2026-07-06 14:25:00,TRK-016,Rute-H,Cikarang Industrial Hub,513.2,1400,13.6,0.6,87.5,DELIVERED,YES,SHP-20260706-05585
2026-07-07 16:36:00,TRK-019,Rute-M,Bogor Transit Hub,514.1,1200,14.04,0.7,88.1,IN_TRANSIT,YES,SHP-20260707-05586
2026-07-08 09:47:00,TRK-022,Rute-R,Depok Hub,515.0,1200,14.48,0.9,88.7,DELAYED,NO,SHP-20260708-05587
2026-07-09 12:58:00,TRK-025,Rute-E,Bekasi Logistics Hub,515.8,1200,14.92,1.0,89.4,LOADED,YES,SHP-20260709-05588
2026-07-10 16:09:00,TRK-028,Rute-J,Petamburan Hub,516.7,1200,15.36,1.2,90.0,RETURNING,NO,SHP-20260710-05589
2026-07-11 09:20:00,TRK-031,Rute-O,Grogol Hub (Jakbar),517.6,1400,15.8,1.4,10.0,DELIVERED,YES,SHP-20260711-05590
2026-07-12 11:31:00,TRK-034,Rute-B,Central Hub (Jakarta),518.5,1200,16.24,1.5,10.6,IN_TRANSIT,YES,SHP-20260712-05591
2026-07-13 14:42:00,TRK-037,Rute-G,Gudang West (Tangerang),519.4,1200,16.68,1.7,11.2,DELAYED,NO,SHP-20260713-05592
2026-07-14 17:53:00,TRK-040,Rute-L,Cikarang Industrial Hub,520.2,1200,17.12,1.8,11.9,LOADED,YES,SHP-20260714-05593
2026-07-15 11:04:00,TRK-043,Rute-Q,Bogor Transit Hub,521.1,1200,17.56,2.0,12.5,RETURNING,NO,SHP-20260715-05594
2026-07-16 14:15:00,TRK-046,Rute-D,Depok Hub,522.0,1400,18.0,2.2,13.1,DELIVERED,YES,SHP-20260716-05595
2026-07-17 17:26:00,TRK-049,Rute-I,Bekasi Logistics Hub,522.9,1200,18.44,2.3,13.7,IN_TRANSIT,YES,SHP-20260717-05596
2026-07-18 09:37:00,TRK-052,Rute-N,Petamburan Hub,523.8,1200,18.88,2.5,14.3,DELAYED,NO,SHP-20260718-05597
2026-07-19 12:48:00,TRK-055,Rute-A,Grogol Hub (Jakbar),524.6,1200,19.32,2.6,15.0,LOADED,YES,SHP-20260719-05598
2026-07-20 15:59:00,TRK-058,Rute-F,Central Hub (Jakarta),525.5,1200,19.76,2.8,15.6,RETURNING,NO,SHP-20260720-05599
2026-07-21 09:10:00,TRK-061,Rute-K,Gudang West (Tangerang),526.4,1400,20.2,0.4,16.2,DELIVERED,YES,SHP-20260721-05600
2026-07-22 12:21:00,TRK-064,Rute-P,Cikarang Industrial Hub,527.3,1200,20.64,0.6,16.8,IN_TRANSIT,YES,SHP-20260722-05601
2026-07-23 14:32:00,TRK-067,Rute-C,Bogor Transit Hub,528.2,1200,21.08,0.7,17.4,DELAYED,NO,SHP-20260723-05602
2026-07-24 17:43:00,TRK-070,Rute-H,Depok Hub,529.0,1200,21.52,0.9,18.1,LOADED,YES,SHP-20260724-05603
2026-07-25 10:54:00,TRK-073,Rute-M,Bekasi Logistics Hub,529.9,1200,21.96,1.0,18.7,RETURNING,NO,SHP-20260725-05604
2026-07-26 14:05:00,TRK-076,Rute-R,Petamburan Hub,530.8,1400,22.4,1.2,19.3,DELIVERED,YES,SHP-20260726-05605
2026-07-27 17:16:00,TRK-079,Rute-E,Grogol Hub (Jakbar),531.7,1200,22.84,1.4,19.9,IN_TRANSIT,YES,SHP-20260727-05606
2026-07-28 10:27:00,TRK-082,Rute-J,Central Hub (Jakarta),532.6,1200,23.28,1.5,20.5,DELAYED,NO,SHP-20260728-05607
2026-07-29 12:38:00,TRK-085,Rute-O,Gudang West (Tangerang),533.4,1200,23.72,1.7,21.2,LOADED,YES,SHP-20260729-05608
2026-07-30 15:49:00,TRK-088,Rute-B,Cikarang Industrial Hub,534.3,1200,24.16,1.8,21.8,RETURNING,NO,SHP-20260730-05609
2026-07-31 09:00:00,TRK-091,Rute-G,Bogor Transit Hub,535.2,1400,24.6,2.0,22.4,DELIVERED,YES,SHP-20260731-05610
2026-07-01 12:11:00,TRK-094,Rute-L,Depok Hub,536.1,1200,25.04,2.2,23.0,IN_TRANSIT,YES,SHP-20260701-05611
2026-07-02 15:22:00,TRK-097,Rute-Q,Bekasi Logistics Hub,537.0,1200,25.48,2.3,23.6,DELAYED,NO,SHP-20260702-05612
2026-07-03 17:33:00,TRK-100,Rute-D,Petamburan Hub,537.8,1200,25.92,2.5,24.3,LOADED,YES,SHP-20260703-05613
2026-07-04 10:44:00,TRK-103,Rute-I,Grogol Hub (Jakbar),538.7,1200,26.36,2.6,24.9,RETURNING,NO,SHP-20260704-05614
2026-07-05 13:55:00,TRK-106,Rute-N,Central Hub (Jakarta),539.6,1400,26.8,2.8,25.5,DELIVERED,YES,SHP-20260705-05615
2026-07-06 17:06:00,TRK-109,Rute-A,Gudang West (Tangerang),540.5,1200,11.4,0.4,26.1,IN_TRANSIT,YES,SHP-20260706-05616
2026-07-07 10:17:00,TRK-112,Rute-F,Cikarang Industrial Hub,541.4,1200,11.84,0.6,26.7,DELAYED,NO,SHP-20260707-05617
2026-07-08 13:28:00,TRK-115,Rute-K,Bogor Transit Hub,542.2,1200,12.28,0.7,27.4,LOADED,YES,SHP-20260708-05618
2026-07-09 15:39:00,TRK-118,Rute-P,Depok Hub,543.1,1200,12.72,0.9,28.0,RETURNING,NO,SHP-20260709-05619
2026-07-10 08:50:00,TRK-121,Rute-C,Bekasi Logistics Hub,544.0,1400,13.16,1.0,28.6,DELIVERED,YES,SHP-20260710-05620
2026-07-11 12:01:00,TRK-124,Rute-H,Petamburan Hub,544.9,1200,13.6,1.2,29.2,IN_TRANSIT,YES,SHP-20260711-05621
2026-07-12 15:12:00,TRK-127,Rute-M,Grogol Hub (Jakbar),545.8,1200,14.04,1.4,29.8,DELAYED,NO,SHP-20260712-05622
2026-07-13 18:23:00,TRK-130,Rute-R,Central Hub (Jakarta),546.6,1200,14.48,1.5,30.5,LOADED,YES,SHP-20260713-05623
2026-07-14 10:34:00,TRK-133,Rute-E,Gudang West (Tangerang),547.5,1200,14.92,1.7,31.1,RETURNING,NO,SHP-20260714-05624
2026-07-15 13:45:00,TRK-136,Rute-J,Cikarang Industrial Hub,548.4,1400,15.36,1.8,31.7,DELIVERED,YES,SHP-20260715-05625
2026-07-16 16:56:00,TRK-139,Rute-O,Bogor Transit Hub,549.3,1200,15.8,2.0,32.3,IN_TRANSIT,YES,SHP-20260716-05626
2026-07-17 10:07:00,TRK-142,Rute-B,Depok Hub,550.2,1200,16.24,2.2,32.9,DELAYED,NO,SHP-20260717-05627
2026-07-18 13:18:00,TRK-145,Rute-G,Bekasi Logistics Hub,551.0,1200,16.68,2.3,33.6,LOADED,YES,SHP-20260718-05628
2026-07-19 16:29:00,TRK-148,Rute-L,Petamburan Hub,551.9,1200,17.12,2.5,34.2,RETURNING,NO,SHP-20260719-05629
2026-07-20 08:40:00,TRK-151,Rute-Q,Grogol Hub (Jakbar),552.8,1400,17.56,2.6,34.8,DELIVERED,YES,SHP-20260720-05630
2026-07-21 11:51:00,TRK-154,Rute-D,Central Hub (Jakarta),553.7,1200,18.0,2.8,35.4,IN_TRANSIT,YES,SHP-20260721-05631
2026-07-22 15:02:00,TRK-157,Rute-I,Gudang West (Tangerang),554.6,1200,18.44,0.4,36.0,DELAYED,NO,SHP-20260722-05632
2026-07-23 18:13:00,TRK-160,Rute-N,Cikarang Industrial Hub,555.4,1200,18.88,0.6,36.7,LOADED,YES,SHP-20260723-05633
2026-07-24 11:24:00,TRK-163,Rute-A,Bogor Transit Hub,556.3,1200,19.32,0.7,37.3,RETURNING,NO,SHP-20260724-05634
2026-07-25 13:35:00,TRK-166,Rute-F,Depok Hub,557.2,1400,19.76,0.9,37.9,DELIVERED,YES,SHP-20260725-05635
2026-07-26 16:46:00,TRK-169,Rute-K,Bekasi Logistics Hub,558.1,1200,20.2,1.0,38.5,IN_TRANSIT,YES,SHP-20260726-05636
2026-07-27 09:57:00,TRK-172,Rute-P,Petamburan Hub,559.0,1200,20.64,1.2,39.1,DELAYED,NO,SHP-20260727-05637
2026-07-28 13:08:00,TRK-175,Rute-C,Grogol Hub (Jakbar),559.8,1200,21.08,1.4,39.8,LOADED,YES,SHP-20260728-05638
2026-07-29 16:19:00,TRK-178,Rute-H,Central Hub (Jakarta),560.7,1200,21.52,1.5,40.4,RETURNING,NO,SHP-20260729-05639
2026-07-30 08:30:00,TRK-001,Rute-M,Gudang West (Tangerang),561.6,1400,21.96,1.7,41.0,DELIVERED,YES,SHP-20260730-05640
2026-07-31 11:41:00,TRK-004,Rute-R,Cikarang Industrial Hub,562.5,1200,22.4,1.8,41.6,IN_TRANSIT,YES,SHP-20260731-05641
2026-07-01 14:52:00,TRK-007,Rute-E,Bogor Transit Hub,563.4,1200,22.84,2.0,42.2,DELAYED,NO,SHP-20260701-05642
2026-07-02 18:03:00,TRK-010,Rute-J,Depok Hub,564.2,1200,23.28,2.2,42.9,LOADED,YES,SHP-20260702-05643
2026-07-03 11:14:00,TRK-013,Rute-O,Bekasi Logistics Hub,565.1,1200,23.72,2.3,43.5,RETURNING,NO,SHP-20260703-05644
2026-07-04 14:25:00,TRK-016,Rute-B,Petamburan Hub,566.0,1400,24.16,2.5,44.1,DELIVERED,YES,SHP-20260704-05645
2026-07-05 16:36:00,TRK-019,Rute-G,Grogol Hub (Jakbar),566.9,1200,24.6,2.6,44.7,IN_TRANSIT,YES,SHP-20260705-05646
2026-07-06 09:47:00,TRK-022,Rute-L,Central Hub (Jakarta),567.8,1200,25.04,2.8,45.3,DELAYED,NO,SHP-20260706-05647
2026-07-07 12:58:00,TRK-025,Rute-Q,Gudang West (Tangerang),568.6,1200,25.48,0.4,46.0,LOADED,YES,SHP-20260707-05648
2026-07-08 16:09:00,TRK-028,Rute-D,Cikarang Industrial Hub,569.5,1200,25.92,0.6,46.6,RETURNING,NO,SHP-20260708-05649
2026-07-09 09:20:00,TRK-031,Rute-I,Bogor Transit Hub,570.4,1400,26.36,0.7,47.2,DELIVERED,YES,SHP-20260709-05650
2026-07-10 11:31:00,TRK-034,Rute-N,Depok Hub,571.3,1200,26.8,0.9,47.8,IN_TRANSIT,YES,SHP-20260710-05651
2026-07-11 14:42:00,TRK-037,Rute-A,Bekasi Logistics Hub,572.2,1200,11.4,1.0,48.4,DELAYED,NO,SHP-20260711-05652
2026-07-12 17:53:00,TRK-040,Rute-F,Petamburan Hub,573.0,1200,11.84,1.2,49.1,LOADED,YES,SHP-20260712-05653
2026-07-13 11:04:00,TRK-043,Rute-K,Grogol Hub (Jakbar),573.9,1200,12.28,1.4,49.7,RETURNING,NO,SHP-20260713-05654
2026-07-14 14:15:00,TRK-046,Rute-P,Central Hub (Jakarta),574.8,1400,12.72,1.5,50.3,DELIVERED,YES,SHP-20260714-05655
2026-07-15 17:26:00,TRK-049,Rute-C,Gudang West (Tangerang),575.7,1200,13.16,1.7,50.9,IN_TRANSIT,YES,SHP-20260715-05656
2026-07-16 09:37:00,TRK-052,Rute-H,Cikarang Industrial Hub,576.6,1200,13.6,1.8,51.5,DELAYED,NO,SHP-20260716-05657
2026-07-17 12:48:00,TRK-055,Rute-M,Bogor Transit Hub,577.4,1200,14.04,2.0,52.2,LOADED,YES,SHP-20260717-05658
2026-07-18 15:59:00,TRK-058,Rute-R,Depok Hub,578.3,1200,14.48,2.2,52.8,RETURNING,NO,SHP-20260718-05659
2026-07-19 09:10:00,TRK-061,Rute-E,Bekasi Logistics Hub,579.2,1400,14.92,2.3,53.4,DELIVERED,YES,SHP-20260719-05660
2026-07-20 12:21:00,TRK-064,Rute-J,Petamburan Hub,580.1,1200,15.36,2.5,54.0,IN_TRANSIT,YES,SHP-20260720-05661
2026-07-21 14:32:00,TRK-067,Rute-O,Grogol Hub (Jakbar),581.0,1200,15.8,2.6,54.6,DELAYED,NO,SHP-20260721-05662
2026-07-22 17:43:00,TRK-070,Rute-B,Central Hub (Jakarta),581.8,1200,16.24,2.8,55.3,LOADED,YES,SHP-20260722-05663
2026-07-23 10:54:00,TRK-073,Rute-G,Gudang West (Tangerang),582.7,1200,16.68,0.4,55.9,RETURNING,NO,SHP-20260723-05664
2026-07-24 14:05:00,TRK-076,Rute-L,Cikarang Industrial Hub,583.6,1400,17.12,0.6,56.5,DELIVERED,YES,SHP-20260724-05665
2026-07-25 17:16:00,TRK-079,Rute-Q,Bogor Transit Hub,584.5,1200,17.56,0.7,57.1,IN_TRANSIT,YES,SHP-20260725-05666
2026-07-26 10:27:00,TRK-082,Rute-D,Depok Hub,585.4,1200,18.0,0.9,57.7,DELAYED,NO,SHP-20260726-05667
2026-07-27 12:38:00,TRK-085,Rute-I,Bekasi Logistics Hub,586.2,1200,18.44,1.0,58.4,LOADED,YES,SHP-20260727-05668
2026-07-28 15:49:00,TRK-088,Rute-N,Petamburan Hub,587.1,1200,18.88,1.2,59.0,RETURNING,NO,SHP-20260728-05669
2026-07-29 09:00:00,TRK-091,Rute-A,Grogol Hub (Jakbar),588.0,1400,19.32,1.4,59.6,DELIVERED,YES,SHP-20260729-05670
2026-07-30 12:11:00,TRK-094,Rute-F,Central Hub (Jakarta),588.9,1200,19.76,1.5,60.2,IN_TRANSIT,YES,SHP-20260730-05671
2026-07-31 15:22:00,TRK-097,Rute-K,Gudang West (Tangerang),589.8,1200,20.2,1.7,60.8,DELAYED,NO,SHP-20260731-05672
2026-07-01 17:33:00,TRK-100,Rute-P,Cikarang Industrial Hub,590.6,1200,20.64,1.8,61.5,LOADED,YES,SHP-20260701-05673
2026-07-02 10:44:00,TRK-103,Rute-C,Bogor Transit Hub,591.5,1200,21.08,2.0,62.1,RETURNING,NO,SHP-20260702-05674
2026-07-03 13:55:00,TRK-106,Rute-H,Depok Hub,592.4,1400,21.52,2.2,62.7,DELIVERED,YES,SHP-20260703-05675
2026-07-04 17:06:00,TRK-109,Rute-M,Bekasi Logistics Hub,593.3,1200,21.96,2.3,63.3,IN_TRANSIT,YES,SHP-20260704-05676
2026-07-05 10:17:00,TRK-112,Rute-R,Petamburan Hub,594.2,1200,22.4,2.5,63.9,DELAYED,NO,SHP-20260705-05677
2026-07-06 13:28:00,TRK-115,Rute-E,Grogol Hub (Jakbar),595.0,1200,22.84,2.6,64.6,LOADED,YES,SHP-20260706-05678
2026-07-07 15:39:00,TRK-118,Rute-J,Central Hub (Jakarta),595.9,1200,23.28,2.8,65.2,RETURNING,NO,SHP-20260707-05679
2026-07-08 08:50:00,TRK-121,Rute-O,Gudang West (Tangerang),596.8,1400,23.72,0.4,65.8,DELIVERED,YES,SHP-20260708-05680
2026-07-09 12:01:00,TRK-124,Rute-B,Cikarang Industrial Hub,597.7,1200,24.16,0.6,66.4,IN_TRANSIT,YES,SHP-20260709-05681
2026-07-10 15:12:00,TRK-127,Rute-G,Bogor Transit Hub,598.6,1200,24.6,0.7,67.0,DELAYED,NO,SHP-20260710-05682
2026-07-11 18:23:00,TRK-130,Rute-L,Depok Hub,599.4,1200,25.04,0.9,67.7,LOADED,YES,SHP-20260711-05683
2026-07-12 10:34:00,TRK-133,Rute-Q,Bekasi Logistics Hub,600.3,1200,25.48,1.0,68.3,RETURNING,NO,SHP-20260712-05684
2026-07-13 13:45:00,TRK-136,Rute-D,Petamburan Hub,601.2,1400,25.92,1.2,68.9,DELIVERED,YES,SHP-20260713-05685
2026-07-14 16:56:00,TRK-139,Rute-I,Grogol Hub (Jakbar),602.1,1200,26.36,1.4,69.5,IN_TRANSIT,YES,SHP-20260714-05686
2026-07-15 10:07:00,TRK-142,Rute-N,Central Hub (Jakarta),603.0,1200,26.8,1.5,70.1,DELAYED,NO,SHP-20260715-05687
2026-07-16 13:18:00,TRK-145,Rute-A,Gudang West (Tangerang),603.8,1200,11.4,1.7,70.8,LOADED,YES,SHP-20260716-05688
2026-07-17 16:29:00,TRK-148,Rute-F,Cikarang Industrial Hub,604.7,1200,11.84,1.8,71.4,RETURNING,NO,SHP-20260717-05689
2026-07-18 08:40:00,TRK-151,Rute-K,Bogor Transit Hub,605.6,1400,12.28,2.0,72.0,DELIVERED,YES,SHP-20260718-05690
2026-07-19 11:51:00,TRK-154,Rute-P,Depok Hub,606.5,1200,12.72,2.2,72.6,IN_TRANSIT,YES,SHP-20260719-05691
2026-07-20 15:02:00,TRK-157,Rute-C,Bekasi Logistics Hub,607.4,1200,13.16,2.3,73.2,DELAYED,NO,SHP-20260720-05692
2026-07-21 18:13:00,TRK-160,Rute-H,Petamburan Hub,608.2,1200,13.6,2.5,73.9,LOADED,YES,SHP-20260721-05693
2026-07-22 11:24:00,TRK-163,Rute-M,Grogol Hub (Jakbar),609.1,1200,14.04,2.6,74.5,RETURNING,NO,SHP-20260722-05694
2026-07-23 13:35:00,TRK-166,Rute-R,Central Hub (Jakarta),610.0,1400,14.48,2.8,75.1,DELIVERED,YES,SHP-20260723-05695
2026-07-24 16:46:00,TRK-169,Rute-E,Gudang West (Tangerang),610.9,1200,14.92,0.4,75.7,IN_TRANSIT,YES,SHP-20260724-05696
2026-07-25 09:57:00,TRK-172,Rute-J,Cikarang Industrial Hub,611.8,1200,15.36,0.6,76.3,DELAYED,NO,SHP-20260725-05697
2026-07-26 13:08:00,TRK-175,Rute-O,Bogor Transit Hub,612.6,1200,15.8,0.7,77.0,LOADED,YES,SHP-20260726-05698
2026-07-27 16:19:00,TRK-178,Rute-B,Depok Hub,613.5,1200,16.24,0.9,77.6,RETURNING,NO,SHP-20260727-05699
2026-07-28 08:30:00,TRK-001,Rute-G,Bekasi Logistics Hub,614.4,1400,16.68,1.0,78.2,DELIVERED,YES,SHP-20260728-05700
2026-07-29 11:41:00,TRK-004,Rute-L,Petamburan Hub,615.3,1200,17.12,1.2,78.8,IN_TRANSIT,YES,SHP-20260729-05701
2026-07-30 14:52:00,TRK-007,Rute-Q,Grogol Hub (Jakbar),616.2,1200,17.56,1.4,79.4,DELAYED,NO,SHP-20260730-05702
2026-07-31 18:03:00,TRK-010,Rute-D,Central Hub (Jakarta),617.0,1200,18.0,1.5,80.1,LOADED,YES,SHP-20260731-05703
2026-07-01 11:14:00,TRK-013,Rute-I,Gudang West (Tangerang),617.9,1200,18.44,1.7,80.7,RETURNING,NO,SHP-20260701-05704
2026-07-02 14:25:00,TRK-016,Rute-N,Cikarang Industrial Hub,618.8,1400,18.88,1.8,81.3,DELIVERED,YES,SHP-20260702-05705
2026-07-03 16:36:00,TRK-019,Rute-A,Bogor Transit Hub,619.7,1200,19.32,2.0,81.9,IN_TRANSIT,YES,SHP-20260703-05706
2026-07-04 09:47:00,TRK-022,Rute-F,Depok Hub,620.6,1200,19.76,2.2,82.5,DELAYED,NO,SHP-20260704-05707
2026-07-05 12:58:00,TRK-025,Rute-K,Bekasi Logistics Hub,621.4,1200,20.2,2.3,83.2,LOADED,YES,SHP-20260705-05708
2026-07-06 16:09:00,TRK-028,Rute-P,Petamburan Hub,622.3,1200,20.64,2.5,83.8,RETURNING,NO,SHP-20260706-05709
2026-07-07 09:20:00,TRK-031,Rute-C,Grogol Hub (Jakbar),623.2,1400,21.08,2.6,84.4,DELIVERED,YES,SHP-20260707-05710
2026-07-08 11:31:00,TRK-034,Rute-H,Central Hub (Jakarta),624.1,1200,21.52,2.8,85.0,IN_TRANSIT,YES,SHP-20260708-05711
2026-07-09 14:42:00,TRK-037,Rute-M,Gudang West (Tangerang),625.0,1200,21.96,0.4,85.6,DELAYED,NO,SHP-20260709-05712
2026-07-10 17:53:00,TRK-040,Rute-R,Cikarang Industrial Hub,625.8,1200,22.4,0.6,86.3,LOADED,YES,SHP-20260710-05713
2026-07-11 11:04:00,TRK-043,Rute-E,Bogor Transit Hub,626.7,1200,22.84,0.7,86.9,RETURNING,NO,SHP-20260711-05714
2026-07-12 14:15:00,TRK-046,Rute-J,Depok Hub,627.6,1400,23.28,0.9,87.5,DELIVERED,YES,SHP-20260712-05715
2026-07-13 17:26:00,TRK-049,Rute-O,Bekasi Logistics Hub,628.5,1200,23.72,1.0,88.1,IN_TRANSIT,YES,SHP-20260713-05716
2026-07-14 09:37:00,TRK-052,Rute-B,Petamburan Hub,629.4,1200,24.16,1.2,88.7,DELAYED,NO,SHP-20260714-05717
2026-07-15 12:48:00,TRK-055,Rute-G,Grogol Hub (Jakbar),630.2,1200,24.6,1.4,89.4,LOADED,YES,SHP-20260715-05718
2026-07-16 15:59:00,TRK-058,Rute-L,Central Hub (Jakarta),631.1,1200,25.04,1.5,90.0,RETURNING,NO,SHP-20260716-05719
2026-07-17 09:10:00,TRK-061,Rute-Q,Gudang West (Tangerang),632.0,1400,25.48,1.7,10.0,DELIVERED,YES,SHP-20260717-05720
2026-07-18 12:21:00,TRK-064,Rute-D,Cikarang Industrial Hub,632.9,1200,25.92,1.8,10.6,IN_TRANSIT,YES,SHP-20260718-05721
2026-07-19 14:32:00,TRK-067,Rute-I,Bogor Transit Hub,633.8,1200,26.36,2.0,11.2,DELAYED,NO,SHP-20260719-05722
2026-07-20 17:43:00,TRK-070,Rute-N,Depok Hub,634.6,1200,26.8,2.2,11.9,LOADED,YES,SHP-20260720-05723
2026-07-21 10:54:00,TRK-073,Rute-A,Bekasi Logistics Hub,635.5,1200,11.4,2.3,12.5,RETURNING,NO,SHP-20260721-05724
2026-07-22 14:05:00,TRK-076,Rute-F,Petamburan Hub,636.4,1400,11.84,2.5,13.1,DELIVERED,YES,SHP-20260722-05725
2026-07-23 17:16:00,TRK-079,Rute-K,Grogol Hub (Jakbar),637.3,1200,12.28,2.6,13.7,IN_TRANSIT,YES,SHP-20260723-05726
2026-07-24 10:27:00,TRK-082,Rute-P,Central Hub (Jakarta),638.2,1200,12.72,2.8,14.3,DELAYED,NO,SHP-20260724-05727
2026-07-25 12:38:00,TRK-085,Rute-C,Gudang West (Tangerang),639.0,1200,13.16,0.4,15.0,LOADED,YES,SHP-20260725-05728
2026-07-26 15:49:00,TRK-088,Rute-H,Cikarang Industrial Hub,639.9,1200,13.6,0.6,15.6,RETURNING,NO,SHP-20260726-05729
2026-07-27 09:00:00,TRK-091,Rute-M,Bogor Transit Hub,640.8,1400,14.04,0.7,16.2,DELIVERED,YES,SHP-20260727-05730
2026-07-28 12:11:00,TRK-094,Rute-R,Depok Hub,641.7,1200,14.48,0.9,16.8,IN_TRANSIT,YES,SHP-20260728-05731
2026-07-29 15:22:00,TRK-097,Rute-E,Bekasi Logistics Hub,642.6,1200,14.92,1.0,17.4,DELAYED,NO,SHP-20260729-05732
2026-07-30 17:33:00,TRK-100,Rute-J,Petamburan Hub,643.4,1200,15.36,1.2,18.1,LOADED,YES,SHP-20260730-05733
2026-07-31 10:44:00,TRK-103,Rute-O,Grogol Hub (Jakbar),644.3,1200,15.8,1.4,18.7,RETURNING,NO,SHP-20260731-05734
2026-07-01 13:55:00,TRK-106,Rute-B,Central Hub (Jakarta),645.2,1400,16.24,1.5,19.3,DELIVERED,YES,SHP-20260701-05735
2026-07-02 17:06:00,TRK-109,Rute-G,Gudang West (Tangerang),646.1,1200,16.68,1.7,19.9,IN_TRANSIT,YES,SHP-20260702-05736
2026-07-03 10:17:00,TRK-112,Rute-L,Cikarang Industrial Hub,647.0,1200,17.12,1.8,20.5,DELAYED,NO,SHP-20260703-05737
2026-07-04 13:28:00,TRK-115,Rute-Q,Bogor Transit Hub,647.8,1200,17.56,2.0,21.2,LOADED,YES,SHP-20260704-05738
2026-07-05 15:39:00,TRK-118,Rute-D,Depok Hub,648.7,1200,18.0,2.2,21.8,RETURNING,NO,SHP-20260705-05739
2026-07-06 08:50:00,TRK-121,Rute-I,Bekasi Logistics Hub,649.6,1400,18.44,2.3,22.4,DELIVERED,YES,SHP-20260706-05740
2026-07-07 12:01:00,TRK-124,Rute-N,Petamburan Hub,650.5,1200,18.88,2.5,23.0,IN_TRANSIT,YES,SHP-20260707-05741
2026-07-08 15:12:00,TRK-127,Rute-A,Grogol Hub (Jakbar),651.4,1200,19.32,2.6,23.6,DELAYED,NO,SHP-20260708-05742
2026-07-09 18:23:00,TRK-130,Rute-F,Central Hub (Jakarta),652.2,1200,19.76,2.8,24.3,LOADED,YES,SHP-20260709-05743
2026-07-10 10:34:00,TRK-133,Rute-K,Gudang West (Tangerang),653.1,1200,20.2,0.4,24.9,RETURNING,NO,SHP-20260710-05744
2026-07-11 13:45:00,TRK-136,Rute-P,Cikarang Industrial Hub,654.0,1400,20.64,0.6,25.5,DELIVERED,YES,SHP-20260711-05745
2026-07-12 16:56:00,TRK-139,Rute-C,Bogor Transit Hub,654.9,1200,21.08,0.7,26.1,IN_TRANSIT,YES,SHP-20260712-05746
2026-07-13 10:07:00,TRK-142,Rute-H,Depok Hub,655.8,1200,21.52,0.9,26.7,DELAYED,NO,SHP-20260713-05747
2026-07-14 13:18:00,TRK-145,Rute-M,Bekasi Logistics Hub,656.6,1200,21.96,1.0,27.4,LOADED,YES,SHP-20260714-05748
2026-07-15 16:29:00,TRK-148,Rute-R,Petamburan Hub,657.5,1200,22.4,1.2,28.0,RETURNING,NO,SHP-20260715-05749
2026-07-16 08:40:00,TRK-151,Rute-E,Grogol Hub (Jakbar),658.4,1400,22.84,1.4,28.6,DELIVERED,YES,SHP-20260716-05750
2026-07-17 11:51:00,TRK-154,Rute-J,Central Hub (Jakarta),659.3,1200,23.28,1.5,29.2,IN_TRANSIT,YES,SHP-20260717-05751
2026-07-18 15:02:00,TRK-157,Rute-O,Gudang West (Tangerang),660.2,1200,23.72,1.7,29.8,DELAYED,NO,SHP-20260718-05752
2026-07-19 18:13:00,TRK-160,Rute-B,Cikarang Industrial Hub,661.0,1200,24.16,1.8,30.5,LOADED,YES,SHP-20260719-05753
2026-07-20 11:24:00,TRK-163,Rute-G,Bogor Transit Hub,661.9,1200,24.6,2.0,31.1,RETURNING,NO,SHP-20260720-05754
2026-07-21 13:35:00,TRK-166,Rute-L,Depok Hub,662.8,1400,25.04,2.2,31.7,DELIVERED,YES,SHP-20260721-05755
2026-07-22 16:46:00,TRK-169,Rute-Q,Bekasi Logistics Hub,663.7,1200,25.48,2.3,32.3,IN_TRANSIT,YES,SHP-20260722-05756
2026-07-23 09:57:00,TRK-172,Rute-D,Petamburan Hub,664.6,1200,25.92,2.5,32.9,DELAYED,NO,SHP-20260723-05757
2026-07-24 13:08:00,TRK-175,Rute-I,Grogol Hub (Jakbar),665.4,1200,26.36,2.6,33.6,LOADED,YES,SHP-20260724-05758
2026-07-25 16:19:00,TRK-178,Rute-N,Central Hub (Jakarta),666.3,1200,26.8,2.8,34.2,RETURNING,NO,SHP-20260725-05759
2026-07-26 08:30:00,TRK-001,Rute-A,Gudang West (Tangerang),667.2,1400,11.4,0.4,34.8,DELIVERED,YES,SHP-20260726-05760
2026-07-27 11:41:00,TRK-004,Rute-F,Cikarang Industrial Hub,668.1,1200,11.84,0.6,35.4,IN_TRANSIT,YES,SHP-20260727-05761
2026-07-28 14:52:00,TRK-007,Rute-K,Bogor Transit Hub,669.0,1200,12.28,0.7,36.0,DELAYED,NO,SHP-20260728-05762
2026-07-29 18:03:00,TRK-010,Rute-P,Depok Hub,669.8,1200,12.72,0.9,36.7,LOADED,YES,SHP-20260729-05763
2026-07-30 11:14:00,TRK-013,Rute-C,Bekasi Logistics Hub,670.7,1200,13.16,1.0,37.3,RETURNING,NO,SHP-20260730-05764
2026-07-31 14:25:00,TRK-016,Rute-H,Petamburan Hub,671.6,1400,13.6,1.2,37.9,DELIVERED,YES,SHP-20260731-05765
2026-07-01 16:36:00,TRK-019,Rute-M,Grogol Hub (Jakbar),672.5,1200,14.04,1.4,38.5,IN_TRANSIT,YES,SHP-20260701-05766
2026-07-02 09:47:00,TRK-022,Rute-R,Central Hub (Jakarta),673.4,1200,14.48,1.5,39.1,DELAYED,NO,SHP-20260702-05767
2026-07-03 12:58:00,TRK-025,Rute-E,Gudang West (Tangerang),674.2,1200,14.92,1.7,39.8,LOADED,YES,SHP-20260703-05768
2026-07-04 16:09:00,TRK-028,Rute-J,Cikarang Industrial Hub,675.1,1200,15.36,1.8,40.4,RETURNING,NO,SHP-20260704-05769
2026-07-05 09:20:00,TRK-031,Rute-O,Bogor Transit Hub,676.0,1400,15.8,2.0,41.0,DELIVERED,YES,SHP-20260705-05770
2026-07-06 11:31:00,TRK-034,Rute-B,Depok Hub,676.9,1200,16.24,2.2,41.6,IN_TRANSIT,YES,SHP-20260706-05771
2026-07-07 14:42:00,TRK-037,Rute-G,Bekasi Logistics Hub,677.8,1200,16.68,2.3,42.2,DELAYED,NO,SHP-20260707-05772
2026-07-08 17:53:00,TRK-040,Rute-L,Petamburan Hub,678.6,1200,17.12,2.5,42.9,LOADED,YES,SHP-20260708-05773
2026-07-09 11:04:00,TRK-043,Rute-Q,Grogol Hub (Jakbar),679.5,1200,17.56,2.6,43.5,RETURNING,NO,SHP-20260709-05774
2026-07-10 14:15:00,TRK-046,Rute-D,Central Hub (Jakarta),680.4,1400,18.0,2.8,44.1,DELIVERED,YES,SHP-20260710-05775
2026-07-11 17:26:00,TRK-049,Rute-I,Gudang West (Tangerang),681.3,1200,18.44,0.4,44.7,IN_TRANSIT,YES,SHP-20260711-05776
2026-07-12 09:37:00,TRK-052,Rute-N,Cikarang Industrial Hub,682.2,1200,18.88,0.6,45.3,DELAYED,NO,SHP-20260712-05777
2026-07-13 12:48:00,TRK-055,Rute-A,Bogor Transit Hub,683.0,1200,19.32,0.7,46.0,LOADED,YES,SHP-20260713-05778
2026-07-14 15:59:00,TRK-058,Rute-F,Depok Hub,683.9,1200,19.76,0.9,46.6,RETURNING,NO,SHP-20260714-05779
2026-07-15 09:10:00,TRK-061,Rute-K,Bekasi Logistics Hub,684.8,1400,20.2,1.0,47.2,DELIVERED,YES,SHP-20260715-05780
2026-07-16 12:21:00,TRK-064,Rute-P,Petamburan Hub,685.7,1200,20.64,1.2,47.8,IN_TRANSIT,YES,SHP-20260716-05781
2026-07-17 14:32:00,TRK-067,Rute-C,Grogol Hub (Jakbar),686.6,1200,21.08,1.4,48.4,DELAYED,NO,SHP-20260717-05782
2026-07-18 17:43:00,TRK-070,Rute-H,Central Hub (Jakarta),687.4,1200,21.52,1.5,49.1,LOADED,YES,SHP-20260718-05783
2026-07-19 10:54:00,TRK-073,Rute-M,Gudang West (Tangerang),688.3,1200,21.96,1.7,49.7,RETURNING,NO,SHP-20260719-05784
2026-07-20 14:05:00,TRK-076,Rute-R,Cikarang Industrial Hub,689.2,1400,22.4,1.8,50.3,DELIVERED,YES,SHP-20260720-05785
2026-07-21 17:16:00,TRK-079,Rute-E,Bogor Transit Hub,690.1,1200,22.84,2.0,50.9,IN_TRANSIT,YES,SHP-20260721-05786
2026-07-22 10:27:00,TRK-082,Rute-J,Depok Hub,691.0,1200,23.28,2.2,51.5,DELAYED,NO,SHP-20260722-05787
2026-07-23 12:38:00,TRK-085,Rute-O,Bekasi Logistics Hub,691.8,1200,23.72,2.3,52.2,LOADED,YES,SHP-20260723-05788
2026-07-24 15:49:00,TRK-088,Rute-B,Petamburan Hub,692.7,1200,24.16,2.5,52.8,RETURNING,NO,SHP-20260724-05789
2026-07-25 09:00:00,TRK-091,Rute-G,Grogol Hub (Jakbar),693.6,1400,24.6,2.6,53.4,DELIVERED,YES,SHP-20260725-05790
2026-07-26 12:11:00,TRK-094,Rute-L,Central Hub (Jakarta),694.5,1200,25.04,2.8,54.0,IN_TRANSIT,YES,SHP-20260726-05791
2026-07-27 15:22:00,TRK-097,Rute-Q,Gudang West (Tangerang),695.4,1200,25.48,0.4,54.6,DELAYED,NO,SHP-20260727-05792
2026-07-28 17:33:00,TRK-100,Rute-D,Cikarang Industrial Hub,696.2,1200,25.92,0.6,55.3,LOADED,YES,SHP-20260728-05793
2026-07-29 10:44:00,TRK-103,Rute-I,Bogor Transit Hub,697.1,1200,26.36,0.7,55.9,RETURNING,NO,SHP-20260729-05794
2026-07-30 13:55:00,TRK-106,Rute-N,Depok Hub,698.0,1400,26.8,0.9,56.5,DELIVERED,YES,SHP-20260730-05795
2026-07-31 17:06:00,TRK-109,Rute-A,Bekasi Logistics Hub,698.9,1200,11.4,1.0,57.1,IN_TRANSIT,YES,SHP-20260731-05796
2026-07-01 10:17:00,TRK-112,Rute-F,Petamburan Hub,699.8,1200,11.84,1.2,57.7,DELAYED,NO,SHP-20260701-05797
2026-07-02 13:28:00,TRK-115,Rute-K,Grogol Hub (Jakbar),700.6,1200,12.28,1.4,58.4,LOADED,YES,SHP-20260702-05798
2026-07-03 15:39:00,TRK-118,Rute-P,Central Hub (Jakarta),701.5,1200,12.72,1.5,59.0,RETURNING,NO,SHP-20260703-05799
2026-07-04 08:50:00,TRK-121,Rute-C,Gudang West (Tangerang),702.4,1400,13.16,1.7,59.6,DELIVERED,YES,SHP-20260704-05800
2026-07-05 12:01:00,TRK-124,Rute-H,Cikarang Industrial Hub,703.3,1200,13.6,1.8,60.2,IN_TRANSIT,YES,SHP-20260705-05801
2026-07-06 15:12:00,TRK-127,Rute-M,Bogor Transit Hub,704.2,1200,14.04,2.0,60.8,DELAYED,NO,SHP-20260706-05802
2026-07-07 18:23:00,TRK-130,Rute-R,Depok Hub,705.0,1200,14.48,2.2,61.5,LOADED,YES,SHP-20260707-05803
2026-07-08 10:34:00,TRK-133,Rute-E,Bekasi Logistics Hub,705.9,1200,14.92,2.3,62.1,RETURNING,NO,SHP-20260708-05804
2026-07-09 13:45:00,TRK-136,Rute-J,Petamburan Hub,706.8,1400,15.36,2.5,62.7,DELIVERED,YES,SHP-20260709-05805
2026-07-10 16:56:00,TRK-139,Rute-O,Grogol Hub (Jakbar),707.7,1200,15.8,2.6,63.3,IN_TRANSIT,YES,SHP-20260710-05806
2026-07-11 10:07:00,TRK-142,Rute-B,Central Hub (Jakarta),708.6,1200,16.24,2.8,63.9,DELAYED,NO,SHP-20260711-05807
2026-07-12 13:18:00,TRK-145,Rute-G,Gudang West (Tangerang),709.4,1200,16.68,0.4,64.6,LOADED,YES,SHP-20260712-05808
2026-07-13 16:29:00,TRK-148,Rute-L,Cikarang Industrial Hub,710.3,1200,17.12,0.6,65.2,RETURNING,NO,SHP-20260713-05809
2026-07-14 08:40:00,TRK-151,Rute-Q,Bogor Transit Hub,711.2,1400,17.56,0.7,65.8,DELIVERED,YES,SHP-20260714-05810
2026-07-15 11:51:00,TRK-154,Rute-D,Depok Hub,712.1,1200,18.0,0.9,66.4,IN_TRANSIT,YES,SHP-20260715-05811
2026-07-16 15:02:00,TRK-157,Rute-I,Bekasi Logistics Hub,713.0,1200,18.44,1.0,67.0,DELAYED,NO,SHP-20260716-05812
2026-07-17 18:13:00,TRK-160,Rute-N,Petamburan Hub,713.8,1200,18.88,1.2,67.7,LOADED,YES,SHP-20260717-05813
2026-07-18 11:24:00,TRK-163,Rute-A,Grogol Hub (Jakbar),714.7,1200,19.32,1.4,68.3,RETURNING,NO,SHP-20260718-05814
2026-07-19 13:35:00,TRK-166,Rute-F,Central Hub (Jakarta),715.6,1400,19.76,1.5,68.9,DELIVERED,YES,SHP-20260719-05815
2026-07-20 16:46:00,TRK-169,Rute-K,Gudang West (Tangerang),716.5,1200,20.2,1.7,69.5,IN_TRANSIT,YES,SHP-20260720-05816
2026-07-21 09:57:00,TRK-172,Rute-P,Cikarang Industrial Hub,717.4,1200,20.64,1.8,70.1,DELAYED,NO,SHP-20260721-05817
2026-07-22 13:08:00,TRK-175,Rute-C,Bogor Transit Hub,718.2,1200,21.08,2.0,70.8,LOADED,YES,SHP-20260722-05818
2026-07-23 16:19:00,TRK-178,Rute-H,Depok Hub,719.1,1200,21.52,2.2,71.4,RETURNING,NO,SHP-20260723-05819
2026-07-24 08:30:00,TRK-001,Rute-M,Bekasi Logistics Hub,720.0,1400,21.96,2.3,72.0,DELIVERED,YES,SHP-20260724-05820
2026-07-25 11:41:00,TRK-004,Rute-R,Petamburan Hub,720.9,1200,22.4,2.5,72.6,IN_TRANSIT,YES,SHP-20260725-05821
2026-07-26 14:52:00,TRK-007,Rute-E,Grogol Hub (Jakbar),721.8,1200,22.84,2.6,73.2,DELAYED,NO,SHP-20260726-05822
2026-07-27 18:03:00,TRK-010,Rute-J,Central Hub (Jakarta),722.6,1200,23.28,2.8,73.9,LOADED,YES,SHP-20260727-05823
2026-07-28 11:14:00,TRK-013,Rute-O,Gudang West (Tangerang),723.5,1200,23.72,0.4,74.5,RETURNING,NO,SHP-20260728-05824
2026-07-29 14:25:00,TRK-016,Rute-B,Cikarang Industrial Hub,724.4,1400,24.16,0.6,75.1,DELIVERED,YES,SHP-20260729-05825
2026-07-30 16:36:00,TRK-019,Rute-G,Bogor Transit Hub,725.3,1200,24.6,0.7,75.7,IN_TRANSIT,YES,SHP-20260730-05826
2026-07-31 09:47:00,TRK-022,Rute-L,Depok Hub,726.2,1200,25.04,0.9,76.3,DELAYED,NO,SHP-20260731-05827
2026-07-01 12:58:00,TRK-025,Rute-Q,Bekasi Logistics Hub,727.0,1200,25.48,1.0,77.0,LOADED,YES,SHP-20260701-05828
2026-07-02 16:09:00,TRK-028,Rute-D,Petamburan Hub,727.9,1200,25.92,1.2,77.6,RETURNING,NO,SHP-20260702-05829
2026-07-03 09:20:00,TRK-031,Rute-I,Grogol Hub (Jakbar),728.8,1400,26.36,1.4,78.2,DELIVERED,YES,SHP-20260703-05830
2026-07-04 11:31:00,TRK-034,Rute-N,Central Hub (Jakarta),729.7,1200,26.8,1.5,78.8,IN_TRANSIT,YES,SHP-20260704-05831
2026-07-05 14:42:00,TRK-037,Rute-A,Gudang West (Tangerang),730.6,1200,11.4,1.7,79.4,DELAYED,NO,SHP-20260705-05832
2026-07-06 17:53:00,TRK-040,Rute-F,Cikarang Industrial Hub,731.4,1200,11.84,1.8,80.1,LOADED,YES,SHP-20260706-05833
2026-07-07 11:04:00,TRK-043,Rute-K,Bogor Transit Hub,732.3,1200,12.28,2.0,80.7,RETURNING,NO,SHP-20260707-05834
2026-07-08 14:15:00,TRK-046,Rute-P,Depok Hub,733.2,1400,12.72,2.2,81.3,DELIVERED,YES,SHP-20260708-05835
2026-07-09 17:26:00,TRK-049,Rute-C,Bekasi Logistics Hub,734.1,1200,13.16,2.3,81.9,IN_TRANSIT,YES,SHP-20260709-05836
2026-07-10 09:37:00,TRK-052,Rute-H,Petamburan Hub,735.0,1200,13.6,2.5,82.5,DELAYED,NO,SHP-20260710-05837
2026-07-11 12:48:00,TRK-055,Rute-M,Grogol Hub (Jakbar),735.8,1200,14.04,2.6,83.2,LOADED,YES,SHP-20260711-05838
2026-07-12 15:59:00,TRK-058,Rute-R,Central Hub (Jakarta),736.7,1200,14.48,2.8,83.8,RETURNING,NO,SHP-20260712-05839
2026-07-13 09:10:00,TRK-061,Rute-E,Gudang West (Tangerang),737.6,1400,14.92,0.4,84.4,DELIVERED,YES,SHP-20260713-05840
2026-07-14 12:21:00,TRK-064,Rute-J,Cikarang Industrial Hub,738.5,1200,15.36,0.6,85.0,IN_TRANSIT,YES,SHP-20260714-05841
2026-07-15 14:32:00,TRK-067,Rute-O,Bogor Transit Hub,739.4,1200,15.8,0.7,85.6,DELAYED,NO,SHP-20260715-05842
2026-07-16 17:43:00,TRK-070,Rute-B,Depok Hub,740.2,1200,16.24,0.9,86.3,LOADED,YES,SHP-20260716-05843
2026-07-17 10:54:00,TRK-073,Rute-G,Bekasi Logistics Hub,741.1,1200,16.68,1.0,86.9,RETURNING,NO,SHP-20260717-05844
2026-07-18 14:05:00,TRK-076,Rute-L,Petamburan Hub,742.0,1400,17.12,1.2,87.5,DELIVERED,YES,SHP-20260718-05845
2026-07-19 17:16:00,TRK-079,Rute-Q,Grogol Hub (Jakbar),742.9,1200,17.56,1.4,88.1,IN_TRANSIT,YES,SHP-20260719-05846
2026-07-20 10:27:00,TRK-082,Rute-D,Central Hub (Jakarta),743.8,1200,18.0,1.5,88.7,DELAYED,NO,SHP-20260720-05847
2026-07-21 12:38:00,TRK-085,Rute-I,Gudang West (Tangerang),744.6,1200,18.44,1.7,89.4,LOADED,YES,SHP-20260721-05848
2026-07-22 15:49:00,TRK-088,Rute-N,Cikarang Industrial Hub,745.5,1200,18.88,1.8,90.0,RETURNING,NO,SHP-20260722-05849
2026-07-23 09:00:00,TRK-091,Rute-A,Bogor Transit Hub,746.4,1400,19.32,2.0,10.0,DELIVERED,YES,SHP-20260723-05850
2026-07-24 12:11:00,TRK-094,Rute-F,Depok Hub,747.3,1200,19.76,2.2,10.6,IN_TRANSIT,YES,SHP-20260724-05851
2026-07-25 15:22:00,TRK-097,Rute-K,Bekasi Logistics Hub,748.2,1200,20.2,2.3,11.2,DELAYED,NO,SHP-20260725-05852
2026-07-26 17:33:00,TRK-100,Rute-P,Petamburan Hub,749.0,1200,20.64,2.5,11.9,LOADED,YES,SHP-20260726-05853
2026-07-27 10:44:00,TRK-103,Rute-C,Grogol Hub (Jakbar),749.9,1200,21.08,2.6,12.5,RETURNING,NO,SHP-20260727-05854
2026-07-28 13:55:00,TRK-106,Rute-H,Central Hub (Jakarta),750.8,1400,21.52,2.8,13.1,DELIVERED,YES,SHP-20260728-05855
2026-07-29 17:06:00,TRK-109,Rute-M,Gudang West (Tangerang),751.7,1200,21.96,0.4,13.7,IN_TRANSIT,YES,SHP-20260729-05856
2026-07-30 10:17:00,TRK-112,Rute-R,Cikarang Industrial Hub,752.6,1200,22.4,0.6,14.3,DELAYED,NO,SHP-20260730-05857
2026-07-31 13:28:00,TRK-115,Rute-E,Bogor Transit Hub,753.4,1200,22.84,0.7,15.0,LOADED,YES,SHP-20260731-05858
2026-07-01 15:39:00,TRK-118,Rute-J,Depok Hub,754.3,1200,23.28,0.9,15.6,RETURNING,NO,SHP-20260701-05859
2026-07-02 08:50:00,TRK-121,Rute-O,Bekasi Logistics Hub,755.2,1400,23.72,1.0,16.2,DELIVERED,YES,SHP-20260702-05860
2026-07-03 12:01:00,TRK-124,Rute-B,Petamburan Hub,756.1,1200,24.16,1.2,16.8,IN_TRANSIT,YES,SHP-20260703-05861
2026-07-04 15:12:00,TRK-127,Rute-G,Grogol Hub (Jakbar),757.0,1200,24.6,1.4,17.4,DELAYED,NO,SHP-20260704-05862
2026-07-05 18:23:00,TRK-130,Rute-L,Central Hub (Jakarta),757.8,1200,25.04,1.5,18.1,LOADED,YES,SHP-20260705-05863
2026-07-06 10:34:00,TRK-133,Rute-Q,Gudang West (Tangerang),758.7,1200,25.48,1.7,18.7,RETURNING,NO,SHP-20260706-05864
2026-07-07 13:45:00,TRK-136,Rute-D,Cikarang Industrial Hub,759.6,1400,25.92,1.8,19.3,DELIVERED,YES,SHP-20260707-05865
2026-07-08 16:56:00,TRK-139,Rute-I,Bogor Transit Hub,760.5,1200,26.36,2.0,19.9,IN_TRANSIT,YES,SHP-20260708-05866
2026-07-09 10:07:00,TRK-142,Rute-N,Depok Hub,761.4,1200,26.8,2.2,20.5,DELAYED,NO,SHP-20260709-05867
2026-07-10 13:18:00,TRK-145,Rute-A,Bekasi Logistics Hub,762.2,1200,11.4,2.3,21.2,LOADED,YES,SHP-20260710-05868
2026-07-11 16:29:00,TRK-148,Rute-F,Petamburan Hub,763.1,1200,11.84,2.5,21.8,RETURNING,NO,SHP-20260711-05869
2026-07-12 08:40:00,TRK-151,Rute-K,Grogol Hub (Jakbar),764.0,1400,12.28,2.6,22.4,DELIVERED,YES,SHP-20260712-05870
2026-07-13 11:51:00,TRK-154,Rute-P,Central Hub (Jakarta),764.9,1200,12.72,2.8,23.0,IN_TRANSIT,YES,SHP-20260713-05871
2026-07-14 15:02:00,TRK-157,Rute-C,Gudang West (Tangerang),765.8,1200,13.16,0.4,23.6,DELAYED,NO,SHP-20260714-05872
2026-07-15 18:13:00,TRK-160,Rute-H,Cikarang Industrial Hub,766.6,1200,13.6,0.6,24.3,LOADED,YES,SHP-20260715-05873
2026-07-16 11:24:00,TRK-163,Rute-M,Bogor Transit Hub,767.5,1200,14.04,0.7,24.9,RETURNING,NO,SHP-20260716-05874
2026-07-17 13:35:00,TRK-166,Rute-R,Depok Hub,768.4,1400,14.48,0.9,25.5,DELIVERED,YES,SHP-20260717-05875
2026-07-18 16:46:00,TRK-169,Rute-E,Bekasi Logistics Hub,769.3,1200,14.92,1.0,26.1,IN_TRANSIT,YES,SHP-20260718-05876
2026-07-19 09:57:00,TRK-172,Rute-J,Petamburan Hub,770.2,1200,15.36,1.2,26.7,DELAYED,NO,SHP-20260719-05877
2026-07-20 13:08:00,TRK-175,Rute-O,Grogol Hub (Jakbar),771.0,1200,15.8,1.4,27.4,LOADED,YES,SHP-20260720-05878
2026-07-21 16:19:00,TRK-178,Rute-B,Central Hub (Jakarta),771.9,1200,16.24,1.5,28.0,RETURNING,NO,SHP-20260721-05879
2026-07-22 08:30:00,TRK-001,Rute-G,Gudang West (Tangerang),772.8,1400,16.68,1.7,28.6,DELIVERED,YES,SHP-20260722-05880
2026-07-23 11:41:00,TRK-004,Rute-L,Cikarang Industrial Hub,773.7,1200,17.12,1.8,29.2,IN_TRANSIT,YES,SHP-20260723-05881
2026-07-24 14:52:00,TRK-007,Rute-Q,Bogor Transit Hub,774.6,1200,17.56,2.0,29.8,DELAYED,NO,SHP-20260724-05882
2026-07-25 18:03:00,TRK-010,Rute-D,Depok Hub,775.4,1200,18.0,2.2,30.5,LOADED,YES,SHP-20260725-05883
2026-07-26 11:14:00,TRK-013,Rute-I,Bekasi Logistics Hub,776.3,1200,18.44,2.3,31.1,RETURNING,NO,SHP-20260726-05884
2026-07-27 14:25:00,TRK-016,Rute-N,Petamburan Hub,777.2,1400,18.88,2.5,31.7,DELIVERED,YES,SHP-20260727-05885
2026-07-28 16:36:00,TRK-019,Rute-A,Grogol Hub (Jakbar),778.1,1200,19.32,2.6,32.3,IN_TRANSIT,YES,SHP-20260728-05886
2026-07-29 09:47:00,TRK-022,Rute-F,Central Hub (Jakarta),779.0,1200,19.76,2.8,32.9,DELAYED,NO,SHP-20260729-05887
2026-07-30 12:58:00,TRK-025,Rute-K,Gudang West (Tangerang),779.8,1200,20.2,0.4,33.6,LOADED,YES,SHP-20260730-05888
2026-07-31 16:09:00,TRK-028,Rute-P,Cikarang Industrial Hub,780.7,1200,20.64,0.6,34.2,RETURNING,NO,SHP-20260731-05889
2026-07-01 09:20:00,TRK-031,Rute-C,Bogor Transit Hub,781.6,1400,21.08,0.7,34.8,DELIVERED,YES,SHP-20260701-05890
2026-07-02 11:31:00,TRK-034,Rute-H,Depok Hub,782.5,1200,21.52,0.9,35.4,IN_TRANSIT,YES,SHP-20260702-05891
2026-07-03 14:42:00,TRK-037,Rute-M,Bekasi Logistics Hub,783.4,1200,21.96,1.0,36.0,DELAYED,NO,SHP-20260703-05892
2026-07-04 17:53:00,TRK-040,Rute-R,Petamburan Hub,784.2,1200,22.4,1.2,36.7,LOADED,YES,SHP-20260704-05893
2026-07-05 11:04:00,TRK-043,Rute-E,Grogol Hub (Jakbar),785.1,1200,22.84,1.4,37.3,RETURNING,NO,SHP-20260705-05894
2026-07-06 14:15:00,TRK-046,Rute-J,Central Hub (Jakarta),786.0,1400,23.28,1.5,37.9,DELIVERED,YES,SHP-20260706-05895
2026-07-07 17:26:00,TRK-049,Rute-O,Gudang West (Tangerang),786.9,1200,23.72,1.7,38.5,IN_TRANSIT,YES,SHP-20260707-05896
2026-07-08 09:37:00,TRK-052,Rute-B,Cikarang Industrial Hub,787.8,1200,24.16,1.8,39.1,DELAYED,NO,SHP-20260708-05897
2026-07-09 12:48:00,TRK-055,Rute-G,Bogor Transit Hub,788.6,1200,24.6,2.0,39.8,LOADED,YES,SHP-20260709-05898
2026-07-10 15:59:00,TRK-058,Rute-L,Depok Hub,789.5,1200,25.04,2.2,40.4,RETURNING,NO,SHP-20260710-05899
2026-07-11 09:10:00,TRK-061,Rute-Q,Bekasi Logistics Hub,790.4,1400,25.48,2.3,41.0,DELIVERED,YES,SHP-20260711-05900
2026-07-12 12:21:00,TRK-064,Rute-D,Petamburan Hub,791.3,1200,25.92,2.5,41.6,IN_TRANSIT,YES,SHP-20260712-05901
2026-07-13 14:32:00,TRK-067,Rute-I,Grogol Hub (Jakbar),792.2,1200,26.36,2.6,42.2,DELAYED,NO,SHP-20260713-05902
2026-07-14 17:43:00,TRK-070,Rute-N,Central Hub (Jakarta),793.0,1200,26.8,2.8,42.9,LOADED,YES,SHP-20260714-05903
2026-07-15 10:54:00,TRK-073,Rute-A,Gudang West (Tangerang),793.9,1200,11.4,0.4,43.5,RETURNING,NO,SHP-20260715-05904
2026-07-16 14:05:00,TRK-076,Rute-F,Cikarang Industrial Hub,794.8,1400,11.84,0.6,44.1,DELIVERED,YES,SHP-20260716-05905
2026-07-17 17:16:00,TRK-079,Rute-K,Bogor Transit Hub,795.7,1200,12.28,0.7,44.7,IN_TRANSIT,YES,SHP-20260717-05906
2026-07-18 10:27:00,TRK-082,Rute-P,Depok Hub,796.6,1200,12.72,0.9,45.3,DELAYED,NO,SHP-20260718-05907
2026-07-19 12:38:00,TRK-085,Rute-C,Bekasi Logistics Hub,797.4,1200,13.16,1.0,46.0,LOADED,YES,SHP-20260719-05908
2026-07-20 15:49:00,TRK-088,Rute-H,Petamburan Hub,798.3,1200,13.6,1.2,46.6,RETURNING,NO,SHP-20260720-05909
2026-07-21 09:00:00,TRK-091,Rute-M,Grogol Hub (Jakbar),799.2,1400,14.04,1.4,47.2,DELIVERED,YES,SHP-20260721-05910
2026-07-22 12:11:00,TRK-094,Rute-R,Central Hub (Jakarta),800.1,1200,14.48,1.5,47.8,IN_TRANSIT,YES,SHP-20260722-05911
2026-07-23 15:22:00,TRK-097,Rute-E,Gudang West (Tangerang),801.0,1200,14.92,1.7,48.4,DELAYED,NO,SHP-20260723-05912
2026-07-24 17:33:00,TRK-100,Rute-J,Cikarang Industrial Hub,801.8,1200,15.36,1.8,49.1,LOADED,YES,SHP-20260724-05913
2026-07-25 10:44:00,TRK-103,Rute-O,Bogor Transit Hub,802.7,1200,15.8,2.0,49.7,RETURNING,NO,SHP-20260725-05914
2026-07-26 13:55:00,TRK-106,Rute-B,Depok Hub,803.6,1400,16.24,2.2,50.3,DELIVERED,YES,SHP-20260726-05915
2026-07-27 17:06:00,TRK-109,Rute-G,Bekasi Logistics Hub,804.5,1200,16.68,2.3,50.9,IN_TRANSIT,YES,SHP-20260727-05916
2026-07-28 10:17:00,TRK-112,Rute-L,Petamburan Hub,805.4,1200,17.12,2.5,51.5,DELAYED,NO,SHP-20260728-05917
2026-07-29 13:28:00,TRK-115,Rute-Q,Grogol Hub (Jakbar),806.2,1200,17.56,2.6,52.2,LOADED,YES,SHP-20260729-05918
2026-07-30 15:39:00,TRK-118,Rute-D,Central Hub (Jakarta),807.1,1200,18.0,2.8,52.8,RETURNING,NO,SHP-20260730-05919
2026-07-31 08:50:00,TRK-121,Rute-I,Gudang West (Tangerang),808.0,1400,18.44,0.4,53.4,DELIVERED,YES,SHP-20260731-05920
2026-07-01 12:01:00,TRK-124,Rute-N,Cikarang Industrial Hub,808.9,1200,18.88,0.6,54.0,IN_TRANSIT,YES,SHP-20260701-05921
2026-07-02 15:12:00,TRK-127,Rute-A,Bogor Transit Hub,809.8,1200,19.32,0.7,54.6,DELAYED,NO,SHP-20260702-05922
2026-07-03 18:23:00,TRK-130,Rute-F,Depok Hub,810.6,1200,19.76,0.9,55.3,LOADED,YES,SHP-20260703-05923
2026-07-04 10:34:00,TRK-133,Rute-K,Bekasi Logistics Hub,811.5,1200,20.2,1.0,55.9,RETURNING,NO,SHP-20260704-05924
2026-07-05 13:45:00,TRK-136,Rute-P,Petamburan Hub,812.4,1400,20.64,1.2,56.5,DELIVERED,YES,SHP-20260705-05925
2026-07-06 16:56:00,TRK-139,Rute-C,Grogol Hub (Jakbar),813.3,1200,21.08,1.4,57.1,IN_TRANSIT,YES,SHP-20260706-05926
2026-07-07 10:07:00,TRK-142,Rute-H,Central Hub (Jakarta),814.2,1200,21.52,1.5,57.7,DELAYED,NO,SHP-20260707-05927
2026-07-08 13:18:00,TRK-145,Rute-M,Gudang West (Tangerang),815.0,1200,21.96,1.7,58.4,LOADED,YES,SHP-20260708-05928
2026-07-09 16:29:00,TRK-148,Rute-R,Cikarang Industrial Hub,815.9,1200,22.4,1.8,59.0,RETURNING,NO,SHP-20260709-05929
2026-07-10 08:40:00,TRK-151,Rute-E,Bogor Transit Hub,816.8,1400,22.84,2.0,59.6,DELIVERED,YES,SHP-20260710-05930
2026-07-11 11:51:00,TRK-154,Rute-J,Depok Hub,817.7,1200,23.28,2.2,60.2,IN_TRANSIT,YES,SHP-20260711-05931
2026-07-12 15:02:00,TRK-157,Rute-O,Bekasi Logistics Hub,818.6,1200,23.72,2.3,60.8,DELAYED,NO,SHP-20260712-05932
2026-07-13 18:13:00,TRK-160,Rute-B,Petamburan Hub,819.4,1200,24.16,2.5,61.5,LOADED,YES,SHP-20260713-05933
2026-07-14 11:24:00,TRK-163,Rute-G,Grogol Hub (Jakbar),820.3,1200,24.6,2.6,62.1,RETURNING,NO,SHP-20260714-05934
2026-07-15 13:35:00,TRK-166,Rute-L,Central Hub (Jakarta),821.2,1400,25.04,2.8,62.7,DELIVERED,YES,SHP-20260715-05935
2026-07-16 16:46:00,TRK-169,Rute-Q,Gudang West (Tangerang),822.1,1200,25.48,0.4,63.3,IN_TRANSIT,YES,SHP-20260716-05936
2026-07-17 09:57:00,TRK-172,Rute-D,Cikarang Industrial Hub,823.0,1200,25.92,0.6,63.9,DELAYED,NO,SHP-20260717-05937
2026-07-18 13:08:00,TRK-175,Rute-I,Bogor Transit Hub,823.8,1200,26.36,0.7,64.6,LOADED,YES,SHP-20260718-05938
2026-07-19 16:19:00,TRK-178,Rute-N,Depok Hub,824.7,1200,26.8,0.9,65.2,RETURNING,NO,SHP-20260719-05939
2026-07-20 08:30:00,TRK-001,Rute-A,Bekasi Logistics Hub,825.6,1400,11.4,1.0,65.8,DELIVERED,YES,SHP-20260720-05940
2026-07-21 11:41:00,TRK-004,Rute-F,Petamburan Hub,826.5,1200,11.84,1.2,66.4,IN_TRANSIT,YES,SHP-20260721-05941
2026-07-22 14:52:00,TRK-007,Rute-K,Grogol Hub (Jakbar),827.4,1200,12.28,1.4,67.0,DELAYED,NO,SHP-20260722-05942
2026-07-23 18:03:00,TRK-010,Rute-P,Central Hub (Jakarta),828.2,1200,12.72,1.5,67.7,LOADED,YES,SHP-20260723-05943
2026-07-24 11:14:00,TRK-013,Rute-C,Gudang West (Tangerang),829.1,1200,13.16,1.7,68.3,RETURNING,NO,SHP-20260724-05944
2026-07-25 14:25:00,TRK-016,Rute-H,Cikarang Industrial Hub,830.0,1400,13.6,1.8,68.9,DELIVERED,YES,SHP-20260725-05945
2026-07-26 16:36:00,TRK-019,Rute-M,Bogor Transit Hub,830.9,1200,14.04,2.0,69.5,IN_TRANSIT,YES,SHP-20260726-05946
2026-07-27 09:47:00,TRK-022,Rute-R,Depok Hub,831.8,1200,14.48,2.2,70.1,DELAYED,NO,SHP-20260727-05947
2026-07-28 12:58:00,TRK-025,Rute-E,Bekasi Logistics Hub,832.6,1200,14.92,2.3,70.8,LOADED,YES,SHP-20260728-05948
2026-07-29 16:09:00,TRK-028,Rute-J,Petamburan Hub,833.5,1200,15.36,2.5,71.4,RETURNING,NO,SHP-20260729-05949
2026-07-30 09:20:00,TRK-031,Rute-O,Grogol Hub (Jakbar),834.4,1400,15.8,2.6,72.0,DELIVERED,YES,SHP-20260730-05950
2026-07-31 11:31:00,TRK-034,Rute-B,Central Hub (Jakarta),835.3,1200,16.24,2.8,72.6,IN_TRANSIT,YES,SHP-20260731-05951
2026-07-01 14:42:00,TRK-037,Rute-G,Gudang West (Tangerang),836.2,1200,16.68,0.4,73.2,DELAYED,NO,SHP-20260701-05952
2026-07-02 17:53:00,TRK-040,Rute-L,Cikarang Industrial Hub,837.0,1200,17.12,0.6,73.9,LOADED,YES,SHP-20260702-05953
2026-07-03 11:04:00,TRK-043,Rute-Q,Bogor Transit Hub,837.9,1200,17.56,0.7,74.5,RETURNING,NO,SHP-20260703-05954
2026-07-04 14:15:00,TRK-046,Rute-D,Depok Hub,838.8,1400,18.0,0.9,75.1,DELIVERED,YES,SHP-20260704-05955
2026-07-05 17:26:00,TRK-049,Rute-I,Bekasi Logistics Hub,839.7,1200,18.44,1.0,75.7,IN_TRANSIT,YES,SHP-20260705-05956
2026-07-06 09:37:00,TRK-052,Rute-N,Petamburan Hub,840.6,1200,18.88,1.2,76.3,DELAYED,NO,SHP-20260706-05957
2026-07-07 12:48:00,TRK-055,Rute-A,Grogol Hub (Jakbar),841.4,1200,19.32,1.4,77.0,LOADED,YES,SHP-20260707-05958
2026-07-08 15:59:00,TRK-058,Rute-F,Central Hub (Jakarta),842.3,1200,19.76,1.5,77.6,RETURNING,NO,SHP-20260708-05959
2026-07-09 09:10:00,TRK-061,Rute-K,Gudang West (Tangerang),843.2,1400,20.2,1.7,78.2,DELIVERED,YES,SHP-20260709-05960
2026-07-10 12:21:00,TRK-064,Rute-P,Cikarang Industrial Hub,844.1,1200,20.64,1.8,78.8,IN_TRANSIT,YES,SHP-20260710-05961
2026-07-11 14:32:00,TRK-067,Rute-C,Bogor Transit Hub,845.0,1200,21.08,2.0,79.4,DELAYED,NO,SHP-20260711-05962
2026-07-12 17:43:00,TRK-070,Rute-H,Depok Hub,845.8,1200,21.52,2.2,80.1,LOADED,YES,SHP-20260712-05963
2026-07-13 10:54:00,TRK-073,Rute-M,Bekasi Logistics Hub,846.7,1200,21.96,2.3,80.7,RETURNING,NO,SHP-20260713-05964
2026-07-14 14:05:00,TRK-076,Rute-R,Petamburan Hub,847.6,1400,22.4,2.5,81.3,DELIVERED,YES,SHP-20260714-05965
2026-07-15 17:16:00,TRK-079,Rute-E,Grogol Hub (Jakbar),848.5,1200,22.84,2.6,81.9,IN_TRANSIT,YES,SHP-20260715-05966
2026-07-16 10:27:00,TRK-082,Rute-J,Central Hub (Jakarta),849.4,1200,23.28,2.8,82.5,DELAYED,NO,SHP-20260716-05967
2026-07-17 12:38:00,TRK-085,Rute-O,Gudang West (Tangerang),850.2,1200,23.72,0.4,83.2,LOADED,YES,SHP-20260717-05968
2026-07-18 15:49:00,TRK-088,Rute-B,Cikarang Industrial Hub,851.1,1200,24.16,0.6,83.8,RETURNING,NO,SHP-20260718-05969
2026-07-19 09:00:00,TRK-091,Rute-G,Bogor Transit Hub,852.0,1400,24.6,0.7,84.4,DELIVERED,YES,SHP-20260719-05970
2026-07-20 12:11:00,TRK-094,Rute-L,Depok Hub,852.9,1200,25.04,0.9,85.0,IN_TRANSIT,YES,SHP-20260720-05971
2026-07-21 15:22:00,TRK-097,Rute-Q,Bekasi Logistics Hub,853.8,1200,25.48,1.0,85.6,DELAYED,NO,SHP-20260721-05972
2026-07-22 17:33:00,TRK-100,Rute-D,Petamburan Hub,854.6,1200,25.92,1.2,86.3,LOADED,YES,SHP-20260722-05973
2026-07-23 10:44:00,TRK-103,Rute-I,Grogol Hub (Jakbar),855.5,1200,26.36,1.4,86.9,RETURNING,NO,SHP-20260723-05974
2026-07-24 13:55:00,TRK-106,Rute-N,Central Hub (Jakarta),856.4,1400,26.8,1.5,87.5,DELIVERED,YES,SHP-20260724-05975
2026-07-25 17:06:00,TRK-109,Rute-A,Gudang West (Tangerang),857.3,1200,11.4,1.7,88.1,IN_TRANSIT,YES,SHP-20260725-05976
2026-07-26 10:17:00,TRK-112,Rute-F,Cikarang Industrial Hub,858.2,1200,11.84,1.8,88.7,DELAYED,NO,SHP-20260726-05977
2026-07-27 13:28:00,TRK-115,Rute-K,Bogor Transit Hub,859.0,1200,12.28,2.0,89.4,LOADED,YES,SHP-20260727-05978
2026-07-28 15:39:00,TRK-118,Rute-P,Depok Hub,859.9,1200,12.72,2.2,90.0,RETURNING,NO,SHP-20260728-05979
2026-07-29 08:50:00,TRK-121,Rute-C,Bekasi Logistics Hub,860.8,1400,13.16,2.3,10.0,DELIVERED,YES,SHP-20260729-05980
2026-07-30 12:01:00,TRK-124,Rute-H,Petamburan Hub,861.7,1200,13.6,2.5,10.6,IN_TRANSIT,YES,SHP-20260730-05981
2026-07-31 15:12:00,TRK-127,Rute-M,Grogol Hub (Jakbar),862.6,1200,14.04,2.6,11.2,DELAYED,NO,SHP-20260731-05982
2026-07-01 18:23:00,TRK-130,Rute-R,Central Hub (Jakarta),863.4,1200,14.48,2.8,11.9,LOADED,YES,SHP-20260701-05983
2026-07-02 10:34:00,TRK-133,Rute-E,Gudang West (Tangerang),864.3,1200,14.92,0.4,12.5,RETURNING,NO,SHP-20260702-05984
2026-07-03 13:45:00,TRK-136,Rute-J,Cikarang Industrial Hub,865.2,1400,15.36,0.6,13.1,DELIVERED,YES,SHP-20260703-05985
2026-07-04 16:56:00,TRK-139,Rute-O,Bogor Transit Hub,866.1,1200,15.8,0.7,13.7,IN_TRANSIT,YES,SHP-20260704-05986
2026-07-05 10:07:00,TRK-142,Rute-B,Depok Hub,867.0,1200,16.24,0.9,14.3,DELAYED,NO,SHP-20260705-05987
2026-07-06 13:18:00,TRK-145,Rute-G,Bekasi Logistics Hub,867.8,1200,16.68,1.0,15.0,LOADED,YES,SHP-20260706-05988
2026-07-07 16:29:00,TRK-148,Rute-L,Petamburan Hub,868.7,1200,17.12,1.2,15.6,RETURNING,NO,SHP-20260707-05989
2026-07-08 08:40:00,TRK-151,Rute-Q,Grogol Hub (Jakbar),869.6,1400,17.56,1.4,16.2,DELIVERED,YES,SHP-20260708-05990
2026-07-09 11:51:00,TRK-154,Rute-D,Central Hub (Jakarta),870.5,1200,18.0,1.5,16.8,IN_TRANSIT,YES,SHP-20260709-05991
2026-07-10 15:02:00,TRK-157,Rute-I,Gudang West (Tangerang),871.4,1200,18.44,1.7,17.4,DELAYED,NO,SHP-20260710-05992
2026-07-11 18:13:00,TRK-160,Rute-N,Cikarang Industrial Hub,872.2,1200,18.88,1.8,18.1,LOADED,YES,SHP-20260711-05993
2026-07-12 11:24:00,TRK-163,Rute-A,Bogor Transit Hub,873.1,1200,19.32,2.0,18.7,RETURNING,NO,SHP-20260712-05994
2026-07-13 13:35:00,TRK-166,Rute-F,Depok Hub,874.0,1400,19.76,2.2,19.3,DELIVERED,YES,SHP-20260713-05995
2026-07-14 16:46:00,TRK-169,Rute-K,Bekasi Logistics Hub,874.9,1200,20.2,2.3,19.9,IN_TRANSIT,YES,SHP-20260714-05996
2026-07-15 09:57:00,TRK-172,Rute-P,Petamburan Hub,875.8,1200,20.64,2.5,20.5,DELAYED,NO,SHP-20260715-05997
2026-07-16 13:08:00,TRK-175,Rute-C,Grogol Hub (Jakbar),876.6,1200,21.08,2.6,21.2,LOADED,YES,SHP-20260716-05998
2026-07-17 16:19:00,TRK-178,Rute-H,Central Hub (Jakarta),877.5,1200,21.52,2.8,21.8,RETURNING,NO,SHP-20260717-05999
2026-07-18 08:30:00,TRK-001,Rute-M,Gudang West (Tangerang),878.4,1400,21.96,0.4,22.4,DELIVERED,YES,SHP-20260718-06000
2026-07-19 11:41:00,TRK-004,Rute-R,Cikarang Industrial Hub,879.3,1200,22.4,0.6,23.0,IN_TRANSIT,YES,SHP-20260719-06001
2026-07-20 14:52:00,TRK-007,Rute-E,Bogor Transit Hub,880.2,1200,22.84,0.7,23.6,DELAYED,NO,SHP-20260720-06002
2026-07-21 18:03:00,TRK-010,Rute-J,Depok Hub,881.0,1200,23.28,0.9,24.3,LOADED,YES,SHP-20260721-06003
2026-07-22 11:14:00,TRK-013,Rute-O,Bekasi Logistics Hub,881.9,1200,23.72,1.0,24.9,RETURNING,NO,SHP-20260722-06004
2026-07-23 14:25:00,TRK-016,Rute-B,Petamburan Hub,882.8,1400,24.16,1.2,25.5,DELIVERED,YES,SHP-20260723-06005
2026-07-24 16:36:00,TRK-019,Rute-G,Grogol Hub (Jakbar),883.7,1200,24.6,1.4,26.1,IN_TRANSIT,YES,SHP-20260724-06006
2026-07-25 09:47:00,TRK-022,Rute-L,Central Hub (Jakarta),884.6,1200,25.04,1.5,26.7,DELAYED,NO,SHP-20260725-06007
2026-07-26 12:58:00,TRK-025,Rute-Q,Gudang West (Tangerang),885.4,1200,25.48,1.7,27.4,LOADED,YES,SHP-20260726-06008
2026-07-27 16:09:00,TRK-028,Rute-D,Cikarang Industrial Hub,886.3,1200,25.92,1.8,28.0,RETURNING,NO,SHP-20260727-06009
2026-07-28 09:20:00,TRK-031,Rute-I,Bogor Transit Hub,887.2,1400,26.36,2.0,28.6,DELIVERED,YES,SHP-20260728-06010
2026-07-29 11:31:00,TRK-034,Rute-N,Depok Hub,888.1,1200,26.8,2.2,29.2,IN_TRANSIT,YES,SHP-20260729-06011
2026-07-30 14:42:00,TRK-037,Rute-A,Bekasi Logistics Hub,889.0,1200,11.4,2.3,29.8,DELAYED,NO,SHP-20260730-06012
2026-07-31 17:53:00,TRK-040,Rute-F,Petamburan Hub,889.8,1200,11.84,2.5,30.5,LOADED,YES,SHP-20260731-06013
2026-07-01 11:04:00,TRK-043,Rute-K,Grogol Hub (Jakbar),890.7,1200,12.28,2.6,31.1,RETURNING,NO,SHP-20260701-06014
2026-07-02 14:15:00,TRK-046,Rute-P,Central Hub (Jakarta),891.6,1400,12.72,2.8,31.7,DELIVERED,YES,SHP-20260702-06015
2026-07-03 17:26:00,TRK-049,Rute-C,Gudang West (Tangerang),892.5,1200,13.16,0.4,32.3,IN_TRANSIT,YES,SHP-20260703-06016
2026-07-04 09:37:00,TRK-052,Rute-H,Cikarang Industrial Hub,893.4,1200,13.6,0.6,32.9,DELAYED,NO,SHP-20260704-06017
2026-07-05 12:48:00,TRK-055,Rute-M,Bogor Transit Hub,894.2,1200,14.04,0.7,33.6,LOADED,YES,SHP-20260705-06018
2026-07-06 15:59:00,TRK-058,Rute-R,Depok Hub,895.1,1200,14.48,0.9,34.2,RETURNING,NO,SHP-20260706-06019
2026-07-07 09:10:00,TRK-061,Rute-E,Bekasi Logistics Hub,896.0,1400,14.92,1.0,34.8,DELIVERED,YES,SHP-20260707-06020
2026-07-08 12:21:00,TRK-064,Rute-J,Petamburan Hub,896.9,1200,15.36,1.2,35.4,IN_TRANSIT,YES,SHP-20260708-06021
2026-07-09 14:32:00,TRK-067,Rute-O,Grogol Hub (Jakbar),897.8,1200,15.8,1.4,36.0,DELAYED,NO,SHP-20260709-06022
2026-07-10 17:43:00,TRK-070,Rute-B,Central Hub (Jakarta),898.6,1200,16.24,1.5,36.7,LOADED,YES,SHP-20260710-06023
2026-07-11 10:54:00,TRK-073,Rute-G,Gudang West (Tangerang),899.5,1200,16.68,1.7,37.3,RETURNING,NO,SHP-20260711-06024
2026-07-12 14:05:00,TRK-076,Rute-L,Cikarang Industrial Hub,900.4,1400,17.12,1.8,37.9,DELIVERED,YES,SHP-20260712-06025
2026-07-13 17:16:00,TRK-079,Rute-Q,Bogor Transit Hub,901.3,1200,17.56,2.0,38.5,IN_TRANSIT,YES,SHP-20260713-06026
2026-07-14 10:27:00,TRK-082,Rute-D,Depok Hub,902.2,1200,18.0,2.2,39.1,DELAYED,NO,SHP-20260714-06027
2026-07-15 12:38:00,TRK-085,Rute-I,Bekasi Logistics Hub,903.0,1200,18.44,2.3,39.8,LOADED,YES,SHP-20260715-06028
2026-07-16 15:49:00,TRK-088,Rute-N,Petamburan Hub,903.9,1200,18.88,2.5,40.4,RETURNING,NO,SHP-20260716-06029
2026-07-17 09:00:00,TRK-091,Rute-A,Grogol Hub (Jakbar),904.8,1400,19.32,2.6,41.0,DELIVERED,YES,SHP-20260717-06030
2026-07-18 12:11:00,TRK-094,Rute-F,Central Hub (Jakarta),905.7,1200,19.76,2.8,41.6,IN_TRANSIT,YES,SHP-20260718-06031
2026-07-19 15:22:00,TRK-097,Rute-K,Gudang West (Tangerang),906.6,1200,20.2,0.4,42.2,DELAYED,NO,SHP-20260719-06032
2026-07-20 17:33:00,TRK-100,Rute-P,Cikarang Industrial Hub,907.4,1200,20.64,0.6,42.9,LOADED,YES,SHP-20260720-06033
2026-07-21 10:44:00,TRK-103,Rute-C,Bogor Transit Hub,908.3,1200,21.08,0.7,43.5,RETURNING,NO,SHP-20260721-06034
2026-07-22 13:55:00,TRK-106,Rute-H,Depok Hub,909.2,1400,21.52,0.9,44.1,DELIVERED,YES,SHP-20260722-06035
2026-07-23 17:06:00,TRK-109,Rute-M,Bekasi Logistics Hub,910.1,1200,21.96,1.0,44.7,IN_TRANSIT,YES,SHP-20260723-06036
2026-07-24 10:17:00,TRK-112,Rute-R,Petamburan Hub,911.0,1200,22.4,1.2,45.3,DELAYED,NO,SHP-20260724-06037
2026-07-25 13:28:00,TRK-115,Rute-E,Grogol Hub (Jakbar),911.8,1200,22.84,1.4,46.0,LOADED,YES,SHP-20260725-06038
2026-07-26 15:39:00,TRK-118,Rute-J,Central Hub (Jakarta),912.7,1200,23.28,1.5,46.6,RETURNING,NO,SHP-20260726-06039
2026-07-27 08:50:00,TRK-121,Rute-O,Gudang West (Tangerang),913.6,1400,23.72,1.7,47.2,DELIVERED,YES,SHP-20260727-06040
2026-07-28 12:01:00,TRK-124,Rute-B,Cikarang Industrial Hub,914.5,1200,24.16,1.8,47.8,IN_TRANSIT,YES,SHP-20260728-06041
2026-07-29 15:12:00,TRK-127,Rute-G,Bogor Transit Hub,915.4,1200,24.6,2.0,48.4,DELAYED,NO,SHP-20260729-06042
2026-07-30 18:23:00,TRK-130,Rute-L,Depok Hub,916.2,1200,25.04,2.2,49.1,LOADED,YES,SHP-20260730-06043
2026-07-31 10:34:00,TRK-133,Rute-Q,Bekasi Logistics Hub,917.1,1200,25.48,2.3,49.7,RETURNING,NO,SHP-20260731-06044
2026-07-01 13:45:00,TRK-136,Rute-D,Petamburan Hub,918.0,1400,25.92,2.5,50.3,DELIVERED,YES,SHP-20260701-06045
2026-07-02 16:56:00,TRK-139,Rute-I,Grogol Hub (Jakbar),918.9,1200,26.36,2.6,50.9,IN_TRANSIT,YES,SHP-20260702-06046
2026-07-03 10:07:00,TRK-142,Rute-N,Central Hub (Jakarta),919.8,1200,26.8,2.8,51.5,DELAYED,NO,SHP-20260703-06047
2026-07-04 13:18:00,TRK-145,Rute-A,Gudang West (Tangerang),920.6,1200,11.4,0.4,52.2,LOADED,YES,SHP-20260704-06048
2026-07-05 16:29:00,TRK-148,Rute-F,Cikarang Industrial Hub,921.5,1200,11.84,0.6,52.8,RETURNING,NO,SHP-20260705-06049
2026-07-06 08:40:00,TRK-151,Rute-K,Bogor Transit Hub,922.4,1400,12.28,0.7,53.4,DELIVERED,YES,SHP-20260706-06050
2026-07-07 11:51:00,TRK-154,Rute-P,Depok Hub,923.3,1200,12.72,0.9,54.0,IN_TRANSIT,YES,SHP-20260707-06051
2026-07-08 15:02:00,TRK-157,Rute-C,Bekasi Logistics Hub,924.2,1200,13.16,1.0,54.6,DELAYED,NO,SHP-20260708-06052
2026-07-09 18:13:00,TRK-160,Rute-H,Petamburan Hub,925.0,1200,13.6,1.2,55.3,LOADED,YES,SHP-20260709-06053
2026-07-10 11:24:00,TRK-163,Rute-M,Grogol Hub (Jakbar),925.9,1200,14.04,1.4,55.9,RETURNING,NO,SHP-20260710-06054
2026-07-11 13:35:00,TRK-166,Rute-R,Central Hub (Jakarta),926.8,1400,14.48,1.5,56.5,DELIVERED,YES,SHP-20260711-06055
2026-07-12 16:46:00,TRK-169,Rute-E,Gudang West (Tangerang),927.7,1200,14.92,1.7,57.1,IN_TRANSIT,YES,SHP-20260712-06056
2026-07-13 09:57:00,TRK-172,Rute-J,Cikarang Industrial Hub,928.6,1200,15.36,1.8,57.7,DELAYED,NO,SHP-20260713-06057
2026-07-14 13:08:00,TRK-175,Rute-O,Bogor Transit Hub,929.4,1200,15.8,2.0,58.4,LOADED,YES,SHP-20260714-06058
2026-07-15 16:19:00,TRK-178,Rute-B,Depok Hub,930.3,1200,16.24,2.2,59.0,RETURNING,NO,SHP-20260715-06059
2026-07-16 08:30:00,TRK-001,Rute-G,Bekasi Logistics Hub,931.2,1400,16.68,2.3,59.6,DELIVERED,YES,SHP-20260716-06060
2026-07-17 11:41:00,TRK-004,Rute-L,Petamburan Hub,932.1,1200,17.12,2.5,60.2,IN_TRANSIT,YES,SHP-20260717-06061
2026-07-18 14:52:00,TRK-007,Rute-Q,Grogol Hub (Jakbar),933.0,1200,17.56,2.6,60.8,DELAYED,NO,SHP-20260718-06062
2026-07-19 18:03:00,TRK-010,Rute-D,Central Hub (Jakarta),933.8,1200,18.0,2.8,61.5,LOADED,YES,SHP-20260719-06063
2026-07-20 11:14:00,TRK-013,Rute-I,Gudang West (Tangerang),934.7,1200,18.44,0.4,62.1,RETURNING,NO,SHP-20260720-06064
2026-07-21 14:25:00,TRK-016,Rute-N,Cikarang Industrial Hub,935.6,1400,18.88,0.6,62.7,DELIVERED,YES,SHP-20260721-06065
2026-07-22 16:36:00,TRK-019,Rute-A,Bogor Transit Hub,936.5,1200,19.32,0.7,63.3,IN_TRANSIT,YES,SHP-20260722-06066
2026-07-23 09:47:00,TRK-022,Rute-F,Depok Hub,937.4,1200,19.76,0.9,63.9,DELAYED,NO,SHP-20260723-06067
2026-07-24 12:58:00,TRK-025,Rute-K,Bekasi Logistics Hub,938.2,1200,20.2,1.0,64.6,LOADED,YES,SHP-20260724-06068
2026-07-25 16:09:00,TRK-028,Rute-P,Petamburan Hub,939.1,1200,20.64,1.2,65.2,RETURNING,NO,SHP-20260725-06069
2026-07-26 09:20:00,TRK-031,Rute-C,Grogol Hub (Jakbar),940.0,1400,21.08,1.4,65.8,DELIVERED,YES,SHP-20260726-06070
2026-07-27 11:31:00,TRK-034,Rute-H,Central Hub (Jakarta),940.9,1200,21.52,1.5,66.4,IN_TRANSIT,YES,SHP-20260727-06071
2026-07-28 14:42:00,TRK-037,Rute-M,Gudang West (Tangerang),941.8,1200,21.96,1.7,67.0,DELAYED,NO,SHP-20260728-06072
2026-07-29 17:53:00,TRK-040,Rute-R,Cikarang Industrial Hub,942.6,1200,22.4,1.8,67.7,LOADED,YES,SHP-20260729-06073
2026-07-30 11:04:00,TRK-043,Rute-E,Bogor Transit Hub,943.5,1200,22.84,2.0,68.3,RETURNING,NO,SHP-20260730-06074
2026-07-31 14:15:00,TRK-046,Rute-J,Depok Hub,944.4,1400,23.28,2.2,68.9,DELIVERED,YES,SHP-20260731-06075
2026-07-01 17:26:00,TRK-049,Rute-O,Bekasi Logistics Hub,945.3,1200,23.72,2.3,69.5,IN_TRANSIT,YES,SHP-20260701-06076
2026-07-02 09:37:00,TRK-052,Rute-B,Petamburan Hub,946.2,1200,24.16,2.5,70.1,DELAYED,NO,SHP-20260702-06077
2026-07-03 12:48:00,TRK-055,Rute-G,Grogol Hub (Jakbar),947.0,1200,24.6,2.6,70.8,LOADED,YES,SHP-20260703-06078
2026-07-04 15:59:00,TRK-058,Rute-L,Central Hub (Jakarta),947.9,1200,25.04,2.8,71.4,RETURNING,NO,SHP-20260704-06079
2026-07-05 09:10:00,TRK-061,Rute-Q,Gudang West (Tangerang),280.0,1400,25.48,0.4,72.0,DELIVERED,YES,SHP-20260705-06080
2026-07-06 12:21:00,TRK-064,Rute-D,Cikarang Industrial Hub,280.9,1200,25.92,0.6,72.6,IN_TRANSIT,YES,SHP-20260706-06081
2026-07-07 14:32:00,TRK-067,Rute-I,Bogor Transit Hub,281.8,1200,26.36,0.7,73.2,DELAYED,NO,SHP-20260707-06082
2026-07-08 17:43:00,TRK-070,Rute-N,Depok Hub,282.6,1200,26.8,0.9,73.9,LOADED,YES,SHP-20260708-06083
2026-07-09 10:54:00,TRK-073,Rute-A,Bekasi Logistics Hub,283.5,1200,11.4,1.0,74.5,RETURNING,NO,SHP-20260709-06084
2026-07-10 14:05:00,TRK-076,Rute-F,Petamburan Hub,284.4,1400,11.84,1.2,75.1,DELIVERED,YES,SHP-20260710-06085
2026-07-11 17:16:00,TRK-079,Rute-K,Grogol Hub (Jakbar),285.3,1200,12.28,1.4,75.7,IN_TRANSIT,YES,SHP-20260711-06086
2026-07-12 10:27:00,TRK-082,Rute-P,Central Hub (Jakarta),286.2,1200,12.72,1.5,76.3,DELAYED,NO,SHP-20260712-06087
2026-07-13 12:38:00,TRK-085,Rute-C,Gudang West (Tangerang),287.0,1200,13.16,1.7,77.0,LOADED,YES,SHP-20260713-06088
2026-07-14 15:49:00,TRK-088,Rute-H,Cikarang Industrial Hub,287.9,1200,13.6,1.8,77.6,RETURNING,NO,SHP-20260714-06089
2026-07-15 09:00:00,TRK-091,Rute-M,Bogor Transit Hub,288.8,1400,14.04,2.0,78.2,DELIVERED,YES,SHP-20260715-06090
2026-07-16 12:11:00,TRK-094,Rute-R,Depok Hub,289.7,1200,14.48,2.2,78.8,IN_TRANSIT,YES,SHP-20260716-06091
2026-07-17 15:22:00,TRK-097,Rute-E,Bekasi Logistics Hub,290.6,1200,14.92,2.3,79.4,DELAYED,NO,SHP-20260717-06092
2026-07-18 17:33:00,TRK-100,Rute-J,Petamburan Hub,291.4,1200,15.36,2.5,80.1,LOADED,YES,SHP-20260718-06093
2026-07-19 10:44:00,TRK-103,Rute-O,Grogol Hub (Jakbar),292.3,1200,15.8,2.6,80.7,RETURNING,NO,SHP-20260719-06094
2026-07-20 13:55:00,TRK-106,Rute-B,Central Hub (Jakarta),293.2,1400,16.24,2.8,81.3,DELIVERED,YES,SHP-20260720-06095
2026-07-21 17:06:00,TRK-109,Rute-G,Gudang West (Tangerang),294.1,1200,16.68,0.4,81.9,IN_TRANSIT,YES,SHP-20260721-06096
2026-07-22 10:17:00,TRK-112,Rute-L,Cikarang Industrial Hub,295.0,1200,17.12,0.6,82.5,DELAYED,NO,SHP-20260722-06097
2026-07-23 13:28:00,TRK-115,Rute-Q,Bogor Transit Hub,295.8,1200,17.56,0.7,83.2,LOADED,YES,SHP-20260723-06098
2026-07-24 15:39:00,TRK-118,Rute-D,Depok Hub,296.7,1200,18.0,0.9,83.8,RETURNING,NO,SHP-20260724-06099
2026-07-25 08:50:00,TRK-121,Rute-I,Bekasi Logistics Hub,297.6,1400,18.44,1.0,84.4,DELIVERED,YES,SHP-20260725-06100
2026-07-26 12:01:00,TRK-124,Rute-N,Petamburan Hub,298.5,1200,18.88,1.2,85.0,IN_TRANSIT,YES,SHP-20260726-06101
2026-07-27 15:12:00,TRK-127,Rute-A,Grogol Hub (Jakbar),299.4,1200,19.32,1.4,85.6,DELAYED,NO,SHP-20260727-06102
2026-07-28 18:23:00,TRK-130,Rute-F,Central Hub (Jakarta),300.2,1200,19.76,1.5,86.3,LOADED,YES,SHP-20260728-06103
2026-07-29 10:34:00,TRK-133,Rute-K,Gudang West (Tangerang),301.1,1200,20.2,1.7,86.9,RETURNING,NO,SHP-20260729-06104
2026-07-30 13:45:00,TRK-136,Rute-P,Cikarang Industrial Hub,302.0,1400,20.64,1.8,87.5,DELIVERED,YES,SHP-20260730-06105
2026-07-31 16:56:00,TRK-139,Rute-C,Bogor Transit Hub,302.9,1200,21.08,2.0,88.1,IN_TRANSIT,YES,SHP-20260731-06106
2026-07-01 10:07:00,TRK-142,Rute-H,Depok Hub,303.8,1200,21.52,2.2,88.7,DELAYED,NO,SHP-20260701-06107
2026-07-02 13:18:00,TRK-145,Rute-M,Bekasi Logistics Hub,304.6,1200,21.96,2.3,89.4,LOADED,YES,SHP-20260702-06108
2026-07-03 16:29:00,TRK-148,Rute-R,Petamburan Hub,305.5,1200,22.4,2.5,90.0,RETURNING,NO,SHP-20260703-06109
2026-07-04 08:40:00,TRK-151,Rute-E,Grogol Hub (Jakbar),306.4,1400,22.84,2.6,10.0,DELIVERED,YES,SHP-20260704-06110
2026-07-05 11:51:00,TRK-154,Rute-J,Central Hub (Jakarta),307.3,1200,23.28,2.8,10.6,IN_TRANSIT,YES,SHP-20260705-06111
2026-07-06 15:02:00,TRK-157,Rute-O,Gudang West (Tangerang),308.2,1200,23.72,0.4,11.2,DELAYED,NO,SHP-20260706-06112
2026-07-07 18:13:00,TRK-160,Rute-B,Cikarang Industrial Hub,309.0,1200,24.16,0.6,11.9,LOADED,YES,SHP-20260707-06113
2026-07-08 11:24:00,TRK-163,Rute-G,Bogor Transit Hub,309.9,1200,24.6,0.7,12.5,RETURNING,NO,SHP-20260708-06114
2026-07-09 13:35:00,TRK-166,Rute-L,Depok Hub,310.8,1400,25.04,0.9,13.1,DELIVERED,YES,SHP-20260709-06115
2026-07-10 16:46:00,TRK-169,Rute-Q,Bekasi Logistics Hub,311.7,1200,25.48,1.0,13.7,IN_TRANSIT,YES,SHP-20260710-06116
2026-07-11 09:57:00,TRK-172,Rute-D,Petamburan Hub,312.6,1200,25.92,1.2,14.3,DELAYED,NO,SHP-20260711-06117
2026-07-12 13:08:00,TRK-175,Rute-I,Grogol Hub (Jakbar),313.4,1200,26.36,1.4,15.0,LOADED,YES,SHP-20260712-06118
2026-07-13 16:19:00,TRK-178,Rute-N,Central Hub (Jakarta),314.3,1200,26.8,1.5,15.6,RETURNING,NO,SHP-20260713-06119
2026-07-14 08:30:00,TRK-001,Rute-A,Gudang West (Tangerang),315.2,1400,11.4,1.7,16.2,DELIVERED,YES,SHP-20260714-06120
2026-07-15 11:41:00,TRK-004,Rute-F,Cikarang Industrial Hub,316.1,1200,11.84,1.8,16.8,IN_TRANSIT,YES,SHP-20260715-06121
2026-07-16 14:52:00,TRK-007,Rute-K,Bogor Transit Hub,317.0,1200,12.28,2.0,17.4,DELAYED,NO,SHP-20260716-06122
2026-07-17 18:03:00,TRK-010,Rute-P,Depok Hub,317.8,1200,12.72,2.2,18.1,LOADED,YES,SHP-20260717-06123
2026-07-18 11:14:00,TRK-013,Rute-C,Bekasi Logistics Hub,318.7,1200,13.16,2.3,18.7,RETURNING,NO,SHP-20260718-06124
2026-07-19 14:25:00,TRK-016,Rute-H,Petamburan Hub,319.6,1400,13.6,2.5,19.3,DELIVERED,YES,SHP-20260719-06125
2026-07-20 16:36:00,TRK-019,Rute-M,Grogol Hub (Jakbar),320.5,1200,14.04,2.6,19.9,IN_TRANSIT,YES,SHP-20260720-06126
2026-07-21 09:47:00,TRK-022,Rute-R,Central Hub (Jakarta),321.4,1200,14.48,2.8,20.5,DELAYED,NO,SHP-20260721-06127
2026-07-22 12:58:00,TRK-025,Rute-E,Gudang West (Tangerang),322.2,1200,14.92,0.4,21.2,LOADED,YES,SHP-20260722-06128
2026-07-23 16:09:00,TRK-028,Rute-J,Cikarang Industrial Hub,323.1,1200,15.36,0.6,21.8,RETURNING,NO,SHP-20260723-06129
2026-07-24 09:20:00,TRK-031,Rute-O,Bogor Transit Hub,324.0,1400,15.8,0.7,22.4,DELIVERED,YES,SHP-20260724-06130
2026-07-25 11:31:00,TRK-034,Rute-B,Depok Hub,324.9,1200,16.24,0.9,23.0,IN_TRANSIT,YES,SHP-20260725-06131
2026-07-26 14:42:00,TRK-037,Rute-G,Bekasi Logistics Hub,325.8,1200,16.68,1.0,23.6,DELAYED,NO,SHP-20260726-06132
2026-07-27 17:53:00,TRK-040,Rute-L,Petamburan Hub,326.6,1200,17.12,1.2,24.3,LOADED,YES,SHP-20260727-06133
2026-07-28 11:04:00,TRK-043,Rute-Q,Grogol Hub (Jakbar),327.5,1200,17.56,1.4,24.9,RETURNING,NO,SHP-20260728-06134
2026-07-29 14:15:00,TRK-046,Rute-D,Central Hub (Jakarta),328.4,1400,18.0,1.5,25.5,DELIVERED,YES,SHP-20260729-06135
2026-07-30 17:26:00,TRK-049,Rute-I,Gudang West (Tangerang),329.3,1200,18.44,1.7,26.1,IN_TRANSIT,YES,SHP-20260730-06136
2026-07-31 09:37:00,TRK-052,Rute-N,Cikarang Industrial Hub,330.2,1200,18.88,1.8,26.7,DELAYED,NO,SHP-20260731-06137
2026-07-01 12:48:00,TRK-055,Rute-A,Bogor Transit Hub,331.0,1200,19.32,2.0,27.4,LOADED,YES,SHP-20260701-06138
2026-07-02 15:59:00,TRK-058,Rute-F,Depok Hub,331.9,1200,19.76,2.2,28.0,RETURNING,NO,SHP-20260702-06139
2026-07-03 09:10:00,TRK-061,Rute-K,Bekasi Logistics Hub,332.8,1400,20.2,2.3,28.6,DELIVERED,YES,SHP-20260703-06140
2026-07-04 12:21:00,TRK-064,Rute-P,Petamburan Hub,333.7,1200,20.64,2.5,29.2,IN_TRANSIT,YES,SHP-20260704-06141
2026-07-05 14:32:00,TRK-067,Rute-C,Grogol Hub (Jakbar),334.6,1200,21.08,2.6,29.8,DELAYED,NO,SHP-20260705-06142
2026-07-06 17:43:00,TRK-070,Rute-H,Central Hub (Jakarta),335.4,1200,21.52,2.8,30.5,LOADED,YES,SHP-20260706-06143
2026-07-07 10:54:00,TRK-073,Rute-M,Gudang West (Tangerang),336.3,1200,21.96,0.4,31.1,RETURNING,NO,SHP-20260707-06144
2026-07-08 14:05:00,TRK-076,Rute-R,Cikarang Industrial Hub,337.2,1400,22.4,0.6,31.7,DELIVERED,YES,SHP-20260708-06145
2026-07-09 17:16:00,TRK-079,Rute-E,Bogor Transit Hub,338.1,1200,22.84,0.7,32.3,IN_TRANSIT,YES,SHP-20260709-06146
2026-07-10 10:27:00,TRK-082,Rute-J,Depok Hub,339.0,1200,23.28,0.9,32.9,DELAYED,NO,SHP-20260710-06147
2026-07-11 12:38:00,TRK-085,Rute-O,Bekasi Logistics Hub,339.8,1200,23.72,1.0,33.6,LOADED,YES,SHP-20260711-06148
2026-07-12 15:49:00,TRK-088,Rute-B,Petamburan Hub,340.7,1200,24.16,1.2,34.2,RETURNING,NO,SHP-20260712-06149
2026-07-13 09:00:00,TRK-091,Rute-G,Grogol Hub (Jakbar),341.6,1400,24.6,1.4,34.8,DELIVERED,YES,SHP-20260713-06150
2026-07-14 12:11:00,TRK-094,Rute-L,Central Hub (Jakarta),342.5,1200,25.04,1.5,35.4,IN_TRANSIT,YES,SHP-20260714-06151
2026-07-15 15:22:00,TRK-097,Rute-Q,Gudang West (Tangerang),343.4,1200,25.48,1.7,36.0,DELAYED,NO,SHP-20260715-06152
2026-07-16 17:33:00,TRK-100,Rute-D,Cikarang Industrial Hub,344.2,1200,25.92,1.8,36.7,LOADED,YES,SHP-20260716-06153
2026-07-17 10:44:00,TRK-103,Rute-I,Bogor Transit Hub,345.1,1200,26.36,2.0,37.3,RETURNING,NO,SHP-20260717-06154
2026-07-18 13:55:00,TRK-106,Rute-N,Depok Hub,346.0,1400,26.8,2.2,37.9,DELIVERED,YES,SHP-20260718-06155
2026-07-19 17:06:00,TRK-109,Rute-A,Bekasi Logistics Hub,346.9,1200,11.4,2.3,38.5,IN_TRANSIT,YES,SHP-20260719-06156
2026-07-20 10:17:00,TRK-112,Rute-F,Petamburan Hub,347.8,1200,11.84,2.5,39.1,DELAYED,NO,SHP-20260720-06157
2026-07-21 13:28:00,TRK-115,Rute-K,Grogol Hub (Jakbar),348.6,1200,12.28,2.6,39.8,LOADED,YES,SHP-20260721-06158
2026-07-22 15:39:00,TRK-118,Rute-P,Central Hub (Jakarta),349.5,1200,12.72,2.8,40.4,RETURNING,NO,SHP-20260722-06159
2026-07-23 08:50:00,TRK-121,Rute-C,Gudang West (Tangerang),350.4,1400,13.16,0.4,41.0,DELIVERED,YES,SHP-20260723-06160
2026-07-24 12:01:00,TRK-124,Rute-H,Cikarang Industrial Hub,351.3,1200,13.6,0.6,41.6,IN_TRANSIT,YES,SHP-20260724-06161
2026-07-25 15:12:00,TRK-127,Rute-M,Bogor Transit Hub,352.2,1200,14.04,0.7,42.2,DELAYED,NO,SHP-20260725-06162
2026-07-26 18:23:00,TRK-130,Rute-R,Depok Hub,353.0,1200,14.48,0.9,42.9,LOADED,YES,SHP-20260726-06163
2026-07-27 10:34:00,TRK-133,Rute-E,Bekasi Logistics Hub,353.9,1200,14.92,1.0,43.5,RETURNING,NO,SHP-20260727-06164
2026-07-28 13:45:00,TRK-136,Rute-J,Petamburan Hub,354.8,1400,15.36,1.2,44.1,DELIVERED,YES,SHP-20260728-06165
2026-07-29 16:56:00,TRK-139,Rute-O,Grogol Hub (Jakbar),355.7,1200,15.8,1.4,44.7,IN_TRANSIT,YES,SHP-20260729-06166
2026-07-30 10:07:00,TRK-142,Rute-B,Central Hub (Jakarta),356.6,1200,16.24,1.5,45.3,DELAYED,NO,SHP-20260730-06167
2026-07-31 13:18:00,TRK-145,Rute-G,Gudang West (Tangerang),357.4,1200,16.68,1.7,46.0,LOADED,YES,SHP-20260731-06168
2026-07-01 16:29:00,TRK-148,Rute-L,Cikarang Industrial Hub,358.3,1200,17.12,1.8,46.6,RETURNING,NO,SHP-20260701-06169
2026-07-02 08:40:00,TRK-151,Rute-Q,Bogor Transit Hub,359.2,1400,17.56,2.0,47.2,DELIVERED,YES,SHP-20260702-06170
2026-07-03 11:51:00,TRK-154,Rute-D,Depok Hub,360.1,1200,18.0,2.2,47.8,IN_TRANSIT,YES,SHP-20260703-06171
2026-07-04 15:02:00,TRK-157,Rute-I,Bekasi Logistics Hub,361.0,1200,18.44,2.3,48.4,DELAYED,NO,SHP-20260704-06172
2026-07-05 18:13:00,TRK-160,Rute-N,Petamburan Hub,361.8,1200,18.88,2.5,49.1,LOADED,YES,SHP-20260705-06173
2026-07-06 11:24:00,TRK-163,Rute-A,Grogol Hub (Jakbar),362.7,1200,19.32,2.6,49.7,RETURNING,NO,SHP-20260706-06174
2026-07-07 13:35:00,TRK-166,Rute-F,Central Hub (Jakarta),363.6,1400,19.76,2.8,50.3,DELIVERED,YES,SHP-20260707-06175
2026-07-08 16:46:00,TRK-169,Rute-K,Gudang West (Tangerang),364.5,1200,20.2,0.4,50.9,IN_TRANSIT,YES,SHP-20260708-06176
2026-07-09 09:57:00,TRK-172,Rute-P,Cikarang Industrial Hub,365.4,1200,20.64,0.6,51.5,DELAYED,NO,SHP-20260709-06177
2026-07-10 13:08:00,TRK-175,Rute-C,Bogor Transit Hub,366.2,1200,21.08,0.7,52.2,LOADED,YES,SHP-20260710-06178
2026-07-11 16:19:00,TRK-178,Rute-H,Depok Hub,367.1,1200,21.52,0.9,52.8,RETURNING,NO,SHP-20260711-06179
2026-07-12 08:30:00,TRK-001,Rute-M,Bekasi Logistics Hub,368.0,1400,21.96,1.0,53.4,DELIVERED,YES,SHP-20260712-06180
2026-07-13 11:41:00,TRK-004,Rute-R,Petamburan Hub,368.9,1200,22.4,1.2,54.0,IN_TRANSIT,YES,SHP-20260713-06181
2026-07-14 14:52:00,TRK-007,Rute-E,Grogol Hub (Jakbar),369.8,1200,22.84,1.4,54.6,DELAYED,NO,SHP-20260714-06182
2026-07-15 18:03:00,TRK-010,Rute-J,Central Hub (Jakarta),370.6,1200,23.28,1.5,55.3,LOADED,YES,SHP-20260715-06183
2026-07-16 11:14:00,TRK-013,Rute-O,Gudang West (Tangerang),371.5,1200,23.72,1.7,55.9,RETURNING,NO,SHP-20260716-06184
2026-07-17 14:25:00,TRK-016,Rute-B,Cikarang Industrial Hub,372.4,1400,24.16,1.8,56.5,DELIVERED,YES,SHP-20260717-06185
2026-07-18 16:36:00,TRK-019,Rute-G,Bogor Transit Hub,373.3,1200,24.6,2.0,57.1,IN_TRANSIT,YES,SHP-20260718-06186
2026-07-19 09:47:00,TRK-022,Rute-L,Depok Hub,374.2,1200,25.04,2.2,57.7,DELAYED,NO,SHP-20260719-06187
2026-07-20 12:58:00,TRK-025,Rute-Q,Bekasi Logistics Hub,375.0,1200,25.48,2.3,58.4,LOADED,YES,SHP-20260720-06188
2026-07-21 16:09:00,TRK-028,Rute-D,Petamburan Hub,375.9,1200,25.92,2.5,59.0,RETURNING,NO,SHP-20260721-06189
2026-07-22 09:20:00,TRK-031,Rute-I,Grogol Hub (Jakbar),376.8,1400,26.36,2.6,59.6,DELIVERED,YES,SHP-20260722-06190
2026-07-23 11:31:00,TRK-034,Rute-N,Central Hub (Jakarta),377.7,1200,26.8,2.8,60.2,IN_TRANSIT,YES,SHP-20260723-06191
2026-07-24 14:42:00,TRK-037,Rute-A,Gudang West (Tangerang),378.6,1200,11.4,0.4,60.8,DELAYED,NO,SHP-20260724-06192
2026-07-25 17:53:00,TRK-040,Rute-F,Cikarang Industrial Hub,379.4,1200,11.84,0.6,61.5,LOADED,YES,SHP-20260725-06193
2026-07-26 11:04:00,TRK-043,Rute-K,Bogor Transit Hub,380.3,1200,12.28,0.7,62.1,RETURNING,NO,SHP-20260726-06194
2026-07-27 14:15:00,TRK-046,Rute-P,Depok Hub,381.2,1400,12.72,0.9,62.7,DELIVERED,YES,SHP-20260727-06195
2026-07-28 17:26:00,TRK-049,Rute-C,Bekasi Logistics Hub,382.1,1200,13.16,1.0,63.3,IN_TRANSIT,YES,SHP-20260728-06196
2026-07-29 09:37:00,TRK-052,Rute-H,Petamburan Hub,383.0,1200,13.6,1.2,63.9,DELAYED,NO,SHP-20260729-06197
2026-07-30 12:48:00,TRK-055,Rute-M,Grogol Hub (Jakbar),383.8,1200,14.04,1.4,64.6,LOADED,YES,SHP-20260730-06198
2026-07-31 15:59:00,TRK-058,Rute-R,Central Hub (Jakarta),384.7,1200,14.48,1.5,65.2,RETURNING,NO,SHP-20260731-06199
2026-07-01 09:10:00,TRK-061,Rute-E,Gudang West (Tangerang),385.6,1400,14.92,1.7,65.8,DELIVERED,YES,SHP-20260701-06200
2026-07-02 12:21:00,TRK-064,Rute-J,Cikarang Industrial Hub,386.5,1200,15.36,1.8,66.4,IN_TRANSIT,YES,SHP-20260702-06201
2026-07-03 14:32:00,TRK-067,Rute-O,Bogor Transit Hub,387.4,1200,15.8,2.0,67.0,DELAYED,NO,SHP-20260703-06202
2026-07-04 17:43:00,TRK-070,Rute-B,Depok Hub,388.2,1200,16.24,2.2,67.7,LOADED,YES,SHP-20260704-06203
2026-07-05 10:54:00,TRK-073,Rute-G,Bekasi Logistics Hub,389.1,1200,16.68,2.3,68.3,RETURNING,NO,SHP-20260705-06204
2026-07-06 14:05:00,TRK-076,Rute-L,Petamburan Hub,390.0,1400,17.12,2.5,68.9,DELIVERED,YES,SHP-20260706-06205
2026-07-07 17:16:00,TRK-079,Rute-Q,Grogol Hub (Jakbar),390.9,1200,17.56,2.6,69.5,IN_TRANSIT,YES,SHP-20260707-06206
2026-07-08 10:27:00,TRK-082,Rute-D,Central Hub (Jakarta),391.8,1200,18.0,2.8,70.1,DELAYED,NO,SHP-20260708-06207
2026-07-09 12:38:00,TRK-085,Rute-I,Gudang West (Tangerang),392.6,1200,18.44,0.4,70.8,LOADED,YES,SHP-20260709-06208
2026-07-10 15:49:00,TRK-088,Rute-N,Cikarang Industrial Hub,393.5,1200,18.88,0.6,71.4,RETURNING,NO,SHP-20260710-06209
2026-07-11 09:00:00,TRK-091,Rute-A,Bogor Transit Hub,394.4,1400,19.32,0.7,72.0,DELIVERED,YES,SHP-20260711-06210
2026-07-12 12:11:00,TRK-094,Rute-F,Depok Hub,395.3,1200,19.76,0.9,72.6,IN_TRANSIT,YES,SHP-20260712-06211
2026-07-13 15:22:00,TRK-097,Rute-K,Bekasi Logistics Hub,396.2,1200,20.2,1.0,73.2,DELAYED,NO,SHP-20260713-06212
2026-07-14 17:33:00,TRK-100,Rute-P,Petamburan Hub,397.0,1200,20.64,1.2,73.9,LOADED,YES,SHP-20260714-06213
2026-07-15 10:44:00,TRK-103,Rute-C,Grogol Hub (Jakbar),397.9,1200,21.08,1.4,74.5,RETURNING,NO,SHP-20260715-06214
2026-07-16 13:55:00,TRK-106,Rute-H,Central Hub (Jakarta),398.8,1400,21.52,1.5,75.1,DELIVERED,YES,SHP-20260716-06215
2026-07-17 17:06:00,TRK-109,Rute-M,Gudang West (Tangerang),399.7,1200,21.96,1.7,75.7,IN_TRANSIT,YES,SHP-20260717-06216
2026-07-18 10:17:00,TRK-112,Rute-R,Cikarang Industrial Hub,400.6,1200,22.4,1.8,76.3,DELAYED,NO,SHP-20260718-06217
2026-07-19 13:28:00,TRK-115,Rute-E,Bogor Transit Hub,401.4,1200,22.84,2.0,77.0,LOADED,YES,SHP-20260719-06218
2026-07-20 15:39:00,TRK-118,Rute-J,Depok Hub,402.3,1200,23.28,2.2,77.6,RETURNING,NO,SHP-20260720-06219
2026-07-21 08:50:00,TRK-121,Rute-O,Bekasi Logistics Hub,403.2,1400,23.72,2.3,78.2,DELIVERED,YES,SHP-20260721-06220
2026-07-22 12:01:00,TRK-124,Rute-B,Petamburan Hub,404.1,1200,24.16,2.5,78.8,IN_TRANSIT,YES,SHP-20260722-06221
2026-07-23 15:12:00,TRK-127,Rute-G,Grogol Hub (Jakbar),405.0,1200,24.6,2.6,79.4,DELAYED,NO,SHP-20260723-06222
2026-07-24 18:23:00,TRK-130,Rute-L,Central Hub (Jakarta),405.8,1200,25.04,2.8,80.1,LOADED,YES,SHP-20260724-06223
2026-07-25 10:34:00,TRK-133,Rute-Q,Gudang West (Tangerang),406.7,1200,25.48,0.4,80.7,RETURNING,NO,SHP-20260725-06224
2026-07-26 13:45:00,TRK-136,Rute-D,Cikarang Industrial Hub,407.6,1400,25.92,0.6,81.3,DELIVERED,YES,SHP-20260726-06225
2026-07-27 16:56:00,TRK-139,Rute-I,Bogor Transit Hub,408.5,1200,26.36,0.7,81.9,IN_TRANSIT,YES,SHP-20260727-06226
2026-07-28 10:07:00,TRK-142,Rute-N,Depok Hub,409.4,1200,26.8,0.9,82.5,DELAYED,NO,SHP-20260728-06227
2026-07-29 13:18:00,TRK-145,Rute-A,Bekasi Logistics Hub,410.2,1200,11.4,1.0,83.2,LOADED,YES,SHP-20260729-06228
2026-07-30 16:29:00,TRK-148,Rute-F,Petamburan Hub,411.1,1200,11.84,1.2,83.8,RETURNING,NO,SHP-20260730-06229
2026-07-31 08:40:00,TRK-151,Rute-K,Grogol Hub (Jakbar),412.0,1400,12.28,1.4,84.4,DELIVERED,YES,SHP-20260731-06230
2026-07-01 11:51:00,TRK-154,Rute-P,Central Hub (Jakarta),412.9,1200,12.72,1.5,85.0,IN_TRANSIT,YES,SHP-20260701-06231
2026-07-02 15:02:00,TRK-157,Rute-C,Gudang West (Tangerang),413.8,1200,13.16,1.7,85.6,DELAYED,NO,SHP-20260702-06232
2026-07-03 18:13:00,TRK-160,Rute-H,Cikarang Industrial Hub,414.6,1200,13.6,1.8,86.3,LOADED,YES,SHP-20260703-06233
2026-07-04 11:24:00,TRK-163,Rute-M,Bogor Transit Hub,415.5,1200,14.04,2.0,86.9,RETURNING,NO,SHP-20260704-06234
2026-07-05 13:35:00,TRK-166,Rute-R,Depok Hub,416.4,1400,14.48,2.2,87.5,DELIVERED,YES,SHP-20260705-06235
2026-07-06 16:46:00,TRK-169,Rute-E,Bekasi Logistics Hub,417.3,1200,14.92,2.3,88.1,IN_TRANSIT,YES,SHP-20260706-06236
2026-07-07 09:57:00,TRK-172,Rute-J,Petamburan Hub,418.2,1200,15.36,2.5,88.7,DELAYED,NO,SHP-20260707-06237
2026-07-08 13:08:00,TRK-175,Rute-O,Grogol Hub (Jakbar),419.0,1200,15.8,2.6,89.4,LOADED,YES,SHP-20260708-06238
2026-07-09 16:19:00,TRK-178,Rute-B,Central Hub (Jakarta),419.9,1200,16.24,2.8,90.0,RETURNING,NO,SHP-20260709-06239
2026-07-10 08:30:00,TRK-001,Rute-G,Gudang West (Tangerang),420.8,1400,16.68,0.4,10.0,DELIVERED,YES,SHP-20260710-06240
2026-07-11 11:41:00,TRK-004,Rute-L,Cikarang Industrial Hub,421.7,1200,17.12,0.6,10.6,IN_TRANSIT,YES,SHP-20260711-06241
2026-07-12 14:52:00,TRK-007,Rute-Q,Bogor Transit Hub,422.6,1200,17.56,0.7,11.2,DELAYED,NO,SHP-20260712-06242
2026-07-13 18:03:00,TRK-010,Rute-D,Depok Hub,423.4,1200,18.0,0.9,11.9,LOADED,YES,SHP-20260713-06243
2026-07-14 11:14:00,TRK-013,Rute-I,Bekasi Logistics Hub,424.3,1200,18.44,1.0,12.5,RETURNING,NO,SHP-20260714-06244
2026-07-15 14:25:00,TRK-016,Rute-N,Petamburan Hub,425.2,1400,18.88,1.2,13.1,DELIVERED,YES,SHP-20260715-06245
2026-07-16 16:36:00,TRK-019,Rute-A,Grogol Hub (Jakbar),426.1,1200,19.32,1.4,13.7,IN_TRANSIT,YES,SHP-20260716-06246
2026-07-17 09:47:00,TRK-022,Rute-F,Central Hub (Jakarta),427.0,1200,19.76,1.5,14.3,DELAYED,NO,SHP-20260717-06247
2026-07-18 12:58:00,TRK-025,Rute-K,Gudang West (Tangerang),427.8,1200,20.2,1.7,15.0,LOADED,YES,SHP-20260718-06248
2026-07-19 16:09:00,TRK-028,Rute-P,Cikarang Industrial Hub,428.7,1200,20.64,1.8,15.6,RETURNING,NO,SHP-20260719-06249
2026-07-20 09:20:00,TRK-031,Rute-C,Bogor Transit Hub,429.6,1400,21.08,2.0,16.2,DELIVERED,YES,SHP-20260720-06250
2026-07-21 11:31:00,TRK-034,Rute-H,Depok Hub,430.5,1200,21.52,2.2,16.8,IN_TRANSIT,YES,SHP-20260721-06251
2026-07-22 14:42:00,TRK-037,Rute-M,Bekasi Logistics Hub,431.4,1200,21.96,2.3,17.4,DELAYED,NO,SHP-20260722-06252
2026-07-23 17:53:00,TRK-040,Rute-R,Petamburan Hub,432.2,1200,22.4,2.5,18.1,LOADED,YES,SHP-20260723-06253
2026-07-24 11:04:00,TRK-043,Rute-E,Grogol Hub (Jakbar),433.1,1200,22.84,2.6,18.7,RETURNING,NO,SHP-20260724-06254
2026-07-25 14:15:00,TRK-046,Rute-J,Central Hub (Jakarta),434.0,1400,23.28,2.8,19.3,DELIVERED,YES,SHP-20260725-06255
2026-07-26 17:26:00,TRK-049,Rute-O,Gudang West (Tangerang),434.9,1200,23.72,0.4,19.9,IN_TRANSIT,YES,SHP-20260726-06256
2026-07-27 09:37:00,TRK-052,Rute-B,Cikarang Industrial Hub,435.8,1200,24.16,0.6,20.5,DELAYED,NO,SHP-20260727-06257
2026-07-28 12:48:00,TRK-055,Rute-G,Bogor Transit Hub,436.6,1200,24.6,0.7,21.2,LOADED,YES,SHP-20260728-06258
2026-07-29 15:59:00,TRK-058,Rute-L,Depok Hub,437.5,1200,25.04,0.9,21.8,RETURNING,NO,SHP-20260729-06259
2026-07-30 09:10:00,TRK-061,Rute-Q,Bekasi Logistics Hub,438.4,1400,25.48,1.0,22.4,DELIVERED,YES,SHP-20260730-06260
2026-07-31 12:21:00,TRK-064,Rute-D,Petamburan Hub,439.3,1200,25.92,1.2,23.0,IN_TRANSIT,YES,SHP-20260731-06261
2026-07-01 14:32:00,TRK-067,Rute-I,Grogol Hub (Jakbar),440.2,1200,26.36,1.4,23.6,DELAYED,NO,SHP-20260701-06262
2026-07-02 17:43:00,TRK-070,Rute-N,Central Hub (Jakarta),441.0,1200,26.8,1.5,24.3,LOADED,YES,SHP-20260702-06263
2026-07-03 10:54:00,TRK-073,Rute-A,Gudang West (Tangerang),441.9,1200,11.4,1.7,24.9,RETURNING,NO,SHP-20260703-06264
2026-07-04 14:05:00,TRK-076,Rute-F,Cikarang Industrial Hub,442.8,1400,11.84,1.8,25.5,DELIVERED,YES,SHP-20260704-06265
2026-07-05 17:16:00,TRK-079,Rute-K,Bogor Transit Hub,443.7,1200,12.28,2.0,26.1,IN_TRANSIT,YES,SHP-20260705-06266
2026-07-06 10:27:00,TRK-082,Rute-P,Depok Hub,444.6,1200,12.72,2.2,26.7,DELAYED,NO,SHP-20260706-06267
2026-07-07 12:38:00,TRK-085,Rute-C,Bekasi Logistics Hub,445.4,1200,13.16,2.3,27.4,LOADED,YES,SHP-20260707-06268
2026-07-08 15:49:00,TRK-088,Rute-H,Petamburan Hub,446.3,1200,13.6,2.5,28.0,RETURNING,NO,SHP-20260708-06269
2026-07-09 09:00:00,TRK-091,Rute-M,Grogol Hub (Jakbar),447.2,1400,14.04,2.6,28.6,DELIVERED,YES,SHP-20260709-06270
2026-07-10 12:11:00,TRK-094,Rute-R,Central Hub (Jakarta),448.1,1200,14.48,2.8,29.2,IN_TRANSIT,YES,SHP-20260710-06271
2026-07-11 15:22:00,TRK-097,Rute-E,Gudang West (Tangerang),449.0,1200,14.92,0.4,29.8,DELAYED,NO,SHP-20260711-06272
2026-07-12 17:33:00,TRK-100,Rute-J,Cikarang Industrial Hub,449.8,1200,15.36,0.6,30.5,LOADED,YES,SHP-20260712-06273
2026-07-13 10:44:00,TRK-103,Rute-O,Bogor Transit Hub,450.7,1200,15.8,0.7,31.1,RETURNING,NO,SHP-20260713-06274
2026-07-14 13:55:00,TRK-106,Rute-B,Depok Hub,451.6,1400,16.24,0.9,31.7,DELIVERED,YES,SHP-20260714-06275
2026-07-15 17:06:00,TRK-109,Rute-G,Bekasi Logistics Hub,452.5,1200,16.68,1.0,32.3,IN_TRANSIT,YES,SHP-20260715-06276
2026-07-16 10:17:00,TRK-112,Rute-L,Petamburan Hub,453.4,1200,17.12,1.2,32.9,DELAYED,NO,SHP-20260716-06277
2026-07-17 13:28:00,TRK-115,Rute-Q,Grogol Hub (Jakbar),454.2,1200,17.56,1.4,33.6,LOADED,YES,SHP-20260717-06278
2026-07-18 15:39:00,TRK-118,Rute-D,Central Hub (Jakarta),455.1,1200,18.0,1.5,34.2,RETURNING,NO,SHP-20260718-06279
2026-07-19 08:50:00,TRK-121,Rute-I,Gudang West (Tangerang),456.0,1400,18.44,1.7,34.8,DELIVERED,YES,SHP-20260719-06280
2026-07-20 12:01:00,TRK-124,Rute-N,Cikarang Industrial Hub,456.9,1200,18.88,1.8,35.4,IN_TRANSIT,YES,SHP-20260720-06281
2026-07-21 15:12:00,TRK-127,Rute-A,Bogor Transit Hub,457.8,1200,19.32,2.0,36.0,DELAYED,NO,SHP-20260721-06282
2026-07-22 18:23:00,TRK-130,Rute-F,Depok Hub,458.6,1200,19.76,2.2,36.7,LOADED,YES,SHP-20260722-06283
2026-07-23 10:34:00,TRK-133,Rute-K,Bekasi Logistics Hub,459.5,1200,20.2,2.3,37.3,RETURNING,NO,SHP-20260723-06284
2026-07-24 13:45:00,TRK-136,Rute-P,Petamburan Hub,460.4,1400,20.64,2.5,37.9,DELIVERED,YES,SHP-20260724-06285
2026-07-25 16:56:00,TRK-139,Rute-C,Grogol Hub (Jakbar),461.3,1200,21.08,2.6,38.5,IN_TRANSIT,YES,SHP-20260725-06286
2026-07-26 10:07:00,TRK-142,Rute-H,Central Hub (Jakarta),462.2,1200,21.52,2.8,39.1,DELAYED,NO,SHP-20260726-06287
2026-07-27 13:18:00,TRK-145,Rute-M,Gudang West (Tangerang),463.0,1200,21.96,0.4,39.8,LOADED,YES,SHP-20260727-06288
2026-07-28 16:29:00,TRK-148,Rute-R,Cikarang Industrial Hub,463.9,1200,22.4,0.6,40.4,RETURNING,NO,SHP-20260728-06289
2026-07-29 08:40:00,TRK-151,Rute-E,Bogor Transit Hub,464.8,1400,22.84,0.7,41.0,DELIVERED,YES,SHP-20260729-06290
2026-07-30 11:51:00,TRK-154,Rute-J,Depok Hub,465.7,1200,23.28,0.9,41.6,IN_TRANSIT,YES,SHP-20260730-06291
2026-07-31 15:02:00,TRK-157,Rute-O,Bekasi Logistics Hub,466.6,1200,23.72,1.0,42.2,DELAYED,NO,SHP-20260731-06292
2026-07-01 18:13:00,TRK-160,Rute-B,Petamburan Hub,467.4,1200,24.16,1.2,42.9,LOADED,YES,SHP-20260701-06293
2026-07-02 11:24:00,TRK-163,Rute-G,Grogol Hub (Jakbar),468.3,1200,24.6,1.4,43.5,RETURNING,NO,SHP-20260702-06294
2026-07-03 13:35:00,TRK-166,Rute-L,Central Hub (Jakarta),469.2,1400,25.04,1.5,44.1,DELIVERED,YES,SHP-20260703-06295
2026-07-04 16:46:00,TRK-169,Rute-Q,Gudang West (Tangerang),470.1,1200,25.48,1.7,44.7,IN_TRANSIT,YES,SHP-20260704-06296
2026-07-05 09:57:00,TRK-172,Rute-D,Cikarang Industrial Hub,471.0,1200,25.92,1.8,45.3,DELAYED,NO,SHP-20260705-06297
2026-07-06 13:08:00,TRK-175,Rute-I,Bogor Transit Hub,471.8,1200,26.36,2.0,46.0,LOADED,YES,SHP-20260706-06298
2026-07-07 16:19:00,TRK-178,Rute-N,Depok Hub,472.7,1200,26.8,2.2,46.6,RETURNING,NO,SHP-20260707-06299
2026-07-08 08:30:00,TRK-001,Rute-A,Bekasi Logistics Hub,473.6,1400,11.4,2.3,47.2,DELIVERED,YES,SHP-20260708-06300
2026-07-09 11:41:00,TRK-004,Rute-F,Petamburan Hub,474.5,1200,11.84,2.5,47.8,IN_TRANSIT,YES,SHP-20260709-06301
2026-07-10 14:52:00,TRK-007,Rute-K,Grogol Hub (Jakbar),475.4,1200,12.28,2.6,48.4,DELAYED,NO,SHP-20260710-06302
2026-07-11 18:03:00,TRK-010,Rute-P,Central Hub (Jakarta),476.2,1200,12.72,2.8,49.1,LOADED,YES,SHP-20260711-06303
2026-07-12 11:14:00,TRK-013,Rute-C,Gudang West (Tangerang),477.1,1200,13.16,0.4,49.7,RETURNING,NO,SHP-20260712-06304
2026-07-13 14:25:00,TRK-016,Rute-H,Cikarang Industrial Hub,478.0,1400,13.6,0.6,50.3,DELIVERED,YES,SHP-20260713-06305
2026-07-14 16:36:00,TRK-019,Rute-M,Bogor Transit Hub,478.9,1200,14.04,0.7,50.9,IN_TRANSIT,YES,SHP-20260714-06306
2026-07-15 09:47:00,TRK-022,Rute-R,Depok Hub,479.8,1200,14.48,0.9,51.5,DELAYED,NO,SHP-20260715-06307
2026-07-16 12:58:00,TRK-025,Rute-E,Bekasi Logistics Hub,480.6,1200,14.92,1.0,52.2,LOADED,YES,SHP-20260716-06308
2026-07-17 16:09:00,TRK-028,Rute-J,Petamburan Hub,481.5,1200,15.36,1.2,52.8,RETURNING,NO,SHP-20260717-06309
2026-07-18 09:20:00,TRK-031,Rute-O,Grogol Hub (Jakbar),482.4,1400,15.8,1.4,53.4,DELIVERED,YES,SHP-20260718-06310
2026-07-19 11:31:00,TRK-034,Rute-B,Central Hub (Jakarta),483.3,1200,16.24,1.5,54.0,IN_TRANSIT,YES,SHP-20260719-06311
2026-07-20 14:42:00,TRK-037,Rute-G,Gudang West (Tangerang),484.2,1200,16.68,1.7,54.6,DELAYED,NO,SHP-20260720-06312
2026-07-21 17:53:00,TRK-040,Rute-L,Cikarang Industrial Hub,485.0,1200,17.12,1.8,55.3,LOADED,YES,SHP-20260721-06313
2026-07-22 11:04:00,TRK-043,Rute-Q,Bogor Transit Hub,485.9,1200,17.56,2.0,55.9,RETURNING,NO,SHP-20260722-06314
2026-07-23 14:15:00,TRK-046,Rute-D,Depok Hub,486.8,1400,18.0,2.2,56.5,DELIVERED,YES,SHP-20260723-06315
2026-07-24 17:26:00,TRK-049,Rute-I,Bekasi Logistics Hub,487.7,1200,18.44,2.3,57.1,IN_TRANSIT,YES,SHP-20260724-06316
2026-07-25 09:37:00,TRK-052,Rute-N,Petamburan Hub,488.6,1200,18.88,2.5,57.7,DELAYED,NO,SHP-20260725-06317
2026-07-26 12:48:00,TRK-055,Rute-A,Grogol Hub (Jakbar),489.4,1200,19.32,2.6,58.4,LOADED,YES,SHP-20260726-06318
2026-07-27 15:59:00,TRK-058,Rute-F,Central Hub (Jakarta),490.3,1200,19.76,2.8,59.0,RETURNING,NO,SHP-20260727-06319
2026-07-28 09:10:00,TRK-061,Rute-K,Gudang West (Tangerang),491.2,1400,20.2,0.4,59.6,DELIVERED,YES,SHP-20260728-06320
2026-07-29 12:21:00,TRK-064,Rute-P,Cikarang Industrial Hub,492.1,1200,20.64,0.6,60.2,IN_TRANSIT,YES,SHP-20260729-06321
2026-07-30 14:32:00,TRK-067,Rute-C,Bogor Transit Hub,493.0,1200,21.08,0.7,60.8,DELAYED,NO,SHP-20260730-06322
2026-07-31 17:43:00,TRK-070,Rute-H,Depok Hub,493.8,1200,21.52,0.9,61.5,LOADED,YES,SHP-20260731-06323
2026-07-01 10:54:00,TRK-073,Rute-M,Bekasi Logistics Hub,494.7,1200,21.96,1.0,62.1,RETURNING,NO,SHP-20260701-06324
2026-07-02 14:05:00,TRK-076,Rute-R,Petamburan Hub,495.6,1400,22.4,1.2,62.7,DELIVERED,YES,SHP-20260702-06325
2026-07-03 17:16:00,TRK-079,Rute-E,Grogol Hub (Jakbar),496.5,1200,22.84,1.4,63.3,IN_TRANSIT,YES,SHP-20260703-06326
2026-07-04 10:27:00,TRK-082,Rute-J,Central Hub (Jakarta),497.4,1200,23.28,1.5,63.9,DELAYED,NO,SHP-20260704-06327
2026-07-05 12:38:00,TRK-085,Rute-O,Gudang West (Tangerang),498.2,1200,23.72,1.7,64.6,LOADED,YES,SHP-20260705-06328
2026-07-06 15:49:00,TRK-088,Rute-B,Cikarang Industrial Hub,499.1,1200,24.16,1.8,65.2,RETURNING,NO,SHP-20260706-06329
2026-07-07 09:00:00,TRK-091,Rute-G,Bogor Transit Hub,500.0,1400,24.6,2.0,65.8,DELIVERED,YES,SHP-20260707-06330
2026-07-08 12:11:00,TRK-094,Rute-L,Depok Hub,500.9,1200,25.04,2.2,66.4,IN_TRANSIT,YES,SHP-20260708-06331
2026-07-09 15:22:00,TRK-097,Rute-Q,Bekasi Logistics Hub,501.8,1200,25.48,2.3,67.0,DELAYED,NO,SHP-20260709-06332
2026-07-10 17:33:00,TRK-100,Rute-D,Petamburan Hub,502.6,1200,25.92,2.5,67.7,LOADED,YES,SHP-20260710-06333
2026-07-11 10:44:00,TRK-103,Rute-I,Grogol Hub (Jakbar),503.5,1200,26.36,2.6,68.3,RETURNING,NO,SHP-20260711-06334
2026-07-12 13:55:00,TRK-106,Rute-N,Central Hub (Jakarta),504.4,1400,26.8,2.8,68.9,DELIVERED,YES,SHP-20260712-06335
2026-07-13 17:06:00,TRK-109,Rute-A,Gudang West (Tangerang),505.3,1200,11.4,0.4,69.5,IN_TRANSIT,YES,SHP-20260713-06336
2026-07-14 10:17:00,TRK-112,Rute-F,Cikarang Industrial Hub,506.2,1200,11.84,0.6,70.1,DELAYED,NO,SHP-20260714-06337
2026-07-15 13:28:00,TRK-115,Rute-K,Bogor Transit Hub,507.0,1200,12.28,0.7,70.8,LOADED,YES,SHP-20260715-06338
2026-07-16 15:39:00,TRK-118,Rute-P,Depok Hub,507.9,1200,12.72,0.9,71.4,RETURNING,NO,SHP-20260716-06339
2026-07-17 08:50:00,TRK-121,Rute-C,Bekasi Logistics Hub,508.8,1400,13.16,1.0,72.0,DELIVERED,YES,SHP-20260717-06340
2026-07-18 12:01:00,TRK-124,Rute-H,Petamburan Hub,509.7,1200,13.6,1.2,72.6,IN_TRANSIT,YES,SHP-20260718-06341
2026-07-19 15:12:00,TRK-127,Rute-M,Grogol Hub (Jakbar),510.6,1200,14.04,1.4,73.2,DELAYED,NO,SHP-20260719-06342
2026-07-20 18:23:00,TRK-130,Rute-R,Central Hub (Jakarta),511.4,1200,14.48,1.5,73.9,LOADED,YES,SHP-20260720-06343
2026-07-21 10:34:00,TRK-133,Rute-E,Gudang West (Tangerang),512.3,1200,14.92,1.7,74.5,RETURNING,NO,SHP-20260721-06344
2026-07-22 13:45:00,TRK-136,Rute-J,Cikarang Industrial Hub,513.2,1400,15.36,1.8,75.1,DELIVERED,YES,SHP-20260722-06345
2026-07-23 16:56:00,TRK-139,Rute-O,Bogor Transit Hub,514.1,1200,15.8,2.0,75.7,IN_TRANSIT,YES,SHP-20260723-06346
2026-07-24 10:07:00,TRK-142,Rute-B,Depok Hub,515.0,1200,16.24,2.2,76.3,DELAYED,NO,SHP-20260724-06347
2026-07-25 13:18:00,TRK-145,Rute-G,Bekasi Logistics Hub,515.8,1200,16.68,2.3,77.0,LOADED,YES,SHP-20260725-06348
2026-07-26 16:29:00,TRK-148,Rute-L,Petamburan Hub,516.7,1200,17.12,2.5,77.6,RETURNING,NO,SHP-20260726-06349
2026-07-27 08:40:00,TRK-151,Rute-Q,Grogol Hub (Jakbar),517.6,1400,17.56,2.6,78.2,DELIVERED,YES,SHP-20260727-06350
2026-07-28 11:51:00,TRK-154,Rute-D,Central Hub (Jakarta),518.5,1200,18.0,2.8,78.8,IN_TRANSIT,YES,SHP-20260728-06351
2026-07-29 15:02:00,TRK-157,Rute-I,Gudang West (Tangerang),519.4,1200,18.44,0.4,79.4,DELAYED,NO,SHP-20260729-06352
2026-07-30 18:13:00,TRK-160,Rute-N,Cikarang Industrial Hub,520.2,1200,18.88,0.6,80.1,LOADED,YES,SHP-20260730-06353
2026-07-31 11:24:00,TRK-163,Rute-A,Bogor Transit Hub,521.1,1200,19.32,0.7,80.7,RETURNING,NO,SHP-20260731-06354
2026-07-01 13:35:00,TRK-166,Rute-F,Depok Hub,522.0,1400,19.76,0.9,81.3,DELIVERED,YES,SHP-20260701-06355
2026-07-02 16:46:00,TRK-169,Rute-K,Bekasi Logistics Hub,522.9,1200,20.2,1.0,81.9,IN_TRANSIT,YES,SHP-20260702-06356
2026-07-03 09:57:00,TRK-172,Rute-P,Petamburan Hub,523.8,1200,20.64,1.2,82.5,DELAYED,NO,SHP-20260703-06357
2026-07-04 13:08:00,TRK-175,Rute-C,Grogol Hub (Jakbar),524.6,1200,21.08,1.4,83.2,LOADED,YES,SHP-20260704-06358
2026-07-05 16:19:00,TRK-178,Rute-H,Central Hub (Jakarta),525.5,1200,21.52,1.5,83.8,RETURNING,NO,SHP-20260705-06359
2026-07-06 08:30:00,TRK-001,Rute-M,Gudang West (Tangerang),526.4,1400,21.96,1.7,84.4,DELIVERED,YES,SHP-20260706-06360
2026-07-07 11:41:00,TRK-004,Rute-R,Cikarang Industrial Hub,527.3,1200,22.4,1.8,85.0,IN_TRANSIT,YES,SHP-20260707-06361
2026-07-08 14:52:00,TRK-007,Rute-E,Bogor Transit Hub,528.2,1200,22.84,2.0,85.6,DELAYED,NO,SHP-20260708-06362
2026-07-09 18:03:00,TRK-010,Rute-J,Depok Hub,529.0,1200,23.28,2.2,86.3,LOADED,YES,SHP-20260709-06363
2026-07-10 11:14:00,TRK-013,Rute-O,Bekasi Logistics Hub,529.9,1200,23.72,2.3,86.9,RETURNING,NO,SHP-20260710-06364
2026-07-11 14:25:00,TRK-016,Rute-B,Petamburan Hub,530.8,1400,24.16,2.5,87.5,DELIVERED,YES,SHP-20260711-06365
2026-07-12 16:36:00,TRK-019,Rute-G,Grogol Hub (Jakbar),531.7,1200,24.6,2.6,88.1,IN_TRANSIT,YES,SHP-20260712-06366
2026-07-13 09:47:00,TRK-022,Rute-L,Central Hub (Jakarta),532.6,1200,25.04,2.8,88.7,DELAYED,NO,SHP-20260713-06367
2026-07-14 12:58:00,TRK-025,Rute-Q,Gudang West (Tangerang),533.4,1200,25.48,0.4,89.4,LOADED,YES,SHP-20260714-06368
2026-07-15 16:09:00,TRK-028,Rute-D,Cikarang Industrial Hub,534.3,1200,25.92,0.6,90.0,RETURNING,NO,SHP-20260715-06369
2026-07-16 09:20:00,TRK-031,Rute-I,Bogor Transit Hub,535.2,1400,26.36,0.7,10.0,DELIVERED,YES,SHP-20260716-06370
2026-07-17 11:31:00,TRK-034,Rute-N,Depok Hub,536.1,1200,26.8,0.9,10.6,IN_TRANSIT,YES,SHP-20260717-06371
2026-07-18 14:42:00,TRK-037,Rute-A,Bekasi Logistics Hub,537.0,1200,11.4,1.0,11.2,DELAYED,NO,SHP-20260718-06372
2026-07-19 17:53:00,TRK-040,Rute-F,Petamburan Hub,537.8,1200,11.84,1.2,11.9,LOADED,YES,SHP-20260719-06373
2026-07-20 11:04:00,TRK-043,Rute-K,Grogol Hub (Jakbar),538.7,1200,12.28,1.4,12.5,RETURNING,NO,SHP-20260720-06374
2026-07-21 14:15:00,TRK-046,Rute-P,Central Hub (Jakarta),539.6,1400,12.72,1.5,13.1,DELIVERED,YES,SHP-20260721-06375
2026-07-22 17:26:00,TRK-049,Rute-C,Gudang West (Tangerang),540.5,1200,13.16,1.7,13.7,IN_TRANSIT,YES,SHP-20260722-06376
2026-07-23 09:37:00,TRK-052,Rute-H,Cikarang Industrial Hub,541.4,1200,13.6,1.8,14.3,DELAYED,NO,SHP-20260723-06377
2026-07-24 12:48:00,TRK-055,Rute-M,Bogor Transit Hub,542.2,1200,14.04,2.0,15.0,LOADED,YES,SHP-20260724-06378
2026-07-25 15:59:00,TRK-058,Rute-R,Depok Hub,543.1,1200,14.48,2.2,15.6,RETURNING,NO,SHP-20260725-06379
2026-07-26 09:10:00,TRK-061,Rute-E,Bekasi Logistics Hub,544.0,1400,14.92,2.3,16.2,DELIVERED,YES,SHP-20260726-06380
2026-07-27 12:21:00,TRK-064,Rute-J,Petamburan Hub,544.9,1200,15.36,2.5,16.8,IN_TRANSIT,YES,SHP-20260727-06381
2026-07-28 14:32:00,TRK-067,Rute-O,Grogol Hub (Jakbar),545.8,1200,15.8,2.6,17.4,DELAYED,NO,SHP-20260728-06382
2026-07-29 17:43:00,TRK-070,Rute-B,Central Hub (Jakarta),546.6,1200,16.24,2.8,18.1,LOADED,YES,SHP-20260729-06383
2026-07-30 10:54:00,TRK-073,Rute-G,Gudang West (Tangerang),547.5,1200,16.68,0.4,18.7,RETURNING,NO,SHP-20260730-06384
2026-07-31 14:05:00,TRK-076,Rute-L,Cikarang Industrial Hub,548.4,1400,17.12,0.6,19.3,DELIVERED,YES,SHP-20260731-06385
2026-07-01 17:16:00,TRK-079,Rute-Q,Bogor Transit Hub,549.3,1200,17.56,0.7,19.9,IN_TRANSIT,YES,SHP-20260701-06386
2026-07-02 10:27:00,TRK-082,Rute-D,Depok Hub,550.2,1200,18.0,0.9,20.5,DELAYED,NO,SHP-20260702-06387
2026-07-03 12:38:00,TRK-085,Rute-I,Bekasi Logistics Hub,551.0,1200,18.44,1.0,21.2,LOADED,YES,SHP-20260703-06388
2026-07-04 15:49:00,TRK-088,Rute-N,Petamburan Hub,551.9,1200,18.88,1.2,21.8,RETURNING,NO,SHP-20260704-06389
2026-07-05 09:00:00,TRK-091,Rute-A,Grogol Hub (Jakbar),552.8,1400,19.32,1.4,22.4,DELIVERED,YES,SHP-20260705-06390
2026-07-06 12:11:00,TRK-094,Rute-F,Central Hub (Jakarta),553.7,1200,19.76,1.5,23.0,IN_TRANSIT,YES,SHP-20260706-06391
2026-07-07 15:22:00,TRK-097,Rute-K,Gudang West (Tangerang),554.6,1200,20.2,1.7,23.6,DELAYED,NO,SHP-20260707-06392
2026-07-08 17:33:00,TRK-100,Rute-P,Cikarang Industrial Hub,555.4,1200,20.64,1.8,24.3,LOADED,YES,SHP-20260708-06393
2026-07-09 10:44:00,TRK-103,Rute-C,Bogor Transit Hub,556.3,1200,21.08,2.0,24.9,RETURNING,NO,SHP-20260709-06394
2026-07-10 13:55:00,TRK-106,Rute-H,Depok Hub,557.2,1400,21.52,2.2,25.5,DELIVERED,YES,SHP-20260710-06395
2026-07-11 17:06:00,TRK-109,Rute-M,Bekasi Logistics Hub,558.1,1200,21.96,2.3,26.1,IN_TRANSIT,YES,SHP-20260711-06396
2026-07-12 10:17:00,TRK-112,Rute-R,Petamburan Hub,559.0,1200,22.4,2.5,26.7,DELAYED,NO,SHP-20260712-06397
2026-07-13 13:28:00,TRK-115,Rute-E,Grogol Hub (Jakbar),559.8,1200,22.84,2.6,27.4,LOADED,YES,SHP-20260713-06398
2026-07-14 15:39:00,TRK-118,Rute-J,Central Hub (Jakarta),560.7,1200,23.28,2.8,28.0,RETURNING,NO,SHP-20260714-06399
2026-07-15 08:50:00,TRK-121,Rute-O,Gudang West (Tangerang),561.6,1400,23.72,0.4,28.6,DELIVERED,YES,SHP-20260715-06400
2026-07-16 12:01:00,TRK-124,Rute-B,Cikarang Industrial Hub,562.5,1200,24.16,0.6,29.2,IN_TRANSIT,YES,SHP-20260716-06401
2026-07-17 15:12:00,TRK-127,Rute-G,Bogor Transit Hub,563.4,1200,24.6,0.7,29.8,DELAYED,NO,SHP-20260717-06402
2026-07-18 18:23:00,TRK-130,Rute-L,Depok Hub,564.2,1200,25.04,0.9,30.5,LOADED,YES,SHP-20260718-06403
2026-07-19 10:34:00,TRK-133,Rute-Q,Bekasi Logistics Hub,565.1,1200,25.48,1.0,31.1,RETURNING,NO,SHP-20260719-06404
2026-07-20 13:45:00,TRK-136,Rute-D,Petamburan Hub,566.0,1400,25.92,1.2,31.7,DELIVERED,YES,SHP-20260720-06405
2026-07-21 16:56:00,TRK-139,Rute-I,Grogol Hub (Jakbar),566.9,1200,26.36,1.4,32.3,IN_TRANSIT,YES,SHP-20260721-06406
2026-07-22 10:07:00,TRK-142,Rute-N,Central Hub (Jakarta),567.8,1200,26.8,1.5,32.9,DELAYED,NO,SHP-20260722-06407
2026-07-23 13:18:00,TRK-145,Rute-A,Gudang West (Tangerang),568.6,1200,11.4,1.7,33.6,LOADED,YES,SHP-20260723-06408
2026-07-24 16:29:00,TRK-148,Rute-F,Cikarang Industrial Hub,569.5,1200,11.84,1.8,34.2,RETURNING,NO,SHP-20260724-06409
2026-07-25 08:40:00,TRK-151,Rute-K,Bogor Transit Hub,570.4,1400,12.28,2.0,34.8,DELIVERED,YES,SHP-20260725-06410
2026-07-26 11:51:00,TRK-154,Rute-P,Depok Hub,571.3,1200,12.72,2.2,35.4,IN_TRANSIT,YES,SHP-20260726-06411
2026-07-27 15:02:00,TRK-157,Rute-C,Bekasi Logistics Hub,572.2,1200,13.16,2.3,36.0,DELAYED,NO,SHP-20260727-06412
2026-07-28 18:13:00,TRK-160,Rute-H,Petamburan Hub,573.0,1200,13.6,2.5,36.7,LOADED,YES,SHP-20260728-06413
2026-07-29 11:24:00,TRK-163,Rute-M,Grogol Hub (Jakbar),573.9,1200,14.04,2.6,37.3,RETURNING,NO,SHP-20260729-06414
2026-07-30 13:35:00,TRK-166,Rute-R,Central Hub (Jakarta),574.8,1400,14.48,2.8,37.9,DELIVERED,YES,SHP-20260730-06415
2026-07-31 16:46:00,TRK-169,Rute-E,Gudang West (Tangerang),575.7,1200,14.92,0.4,38.5,IN_TRANSIT,YES,SHP-20260731-06416
2026-07-01 09:57:00,TRK-172,Rute-J,Cikarang Industrial Hub,576.6,1200,15.36,0.6,39.1,DELAYED,NO,SHP-20260701-06417
2026-07-02 13:08:00,TRK-175,Rute-O,Bogor Transit Hub,577.4,1200,15.8,0.7,39.8,LOADED,YES,SHP-20260702-06418
2026-07-03 16:19:00,TRK-178,Rute-B,Depok Hub,578.3,1200,16.24,0.9,40.4,RETURNING,NO,SHP-20260703-06419
2026-07-04 08:30:00,TRK-001,Rute-G,Bekasi Logistics Hub,579.2,1400,16.68,1.0,41.0,DELIVERED,YES,SHP-20260704-06420
2026-07-05 11:41:00,TRK-004,Rute-L,Petamburan Hub,580.1,1200,17.12,1.2,41.6,IN_TRANSIT,YES,SHP-20260705-06421
2026-07-06 14:52:00,TRK-007,Rute-Q,Grogol Hub (Jakbar),581.0,1200,17.56,1.4,42.2,DELAYED,NO,SHP-20260706-06422
2026-07-07 18:03:00,TRK-010,Rute-D,Central Hub (Jakarta),581.8,1200,18.0,1.5,42.9,LOADED,YES,SHP-20260707-06423
2026-07-08 11:14:00,TRK-013,Rute-I,Gudang West (Tangerang),582.7,1200,18.44,1.7,43.5,RETURNING,NO,SHP-20260708-06424
2026-07-09 14:25:00,TRK-016,Rute-N,Cikarang Industrial Hub,583.6,1400,18.88,1.8,44.1,DELIVERED,YES,SHP-20260709-06425
2026-07-10 16:36:00,TRK-019,Rute-A,Bogor Transit Hub,584.5,1200,19.32,2.0,44.7,IN_TRANSIT,YES,SHP-20260710-06426
2026-07-11 09:47:00,TRK-022,Rute-F,Depok Hub,585.4,1200,19.76,2.2,45.3,DELAYED,NO,SHP-20260711-06427
2026-07-12 12:58:00,TRK-025,Rute-K,Bekasi Logistics Hub,586.2,1200,20.2,2.3,46.0,LOADED,YES,SHP-20260712-06428
2026-07-13 16:09:00,TRK-028,Rute-P,Petamburan Hub,587.1,1200,20.64,2.5,46.6,RETURNING,NO,SHP-20260713-06429
2026-07-14 09:20:00,TRK-031,Rute-C,Grogol Hub (Jakbar),588.0,1400,21.08,2.6,47.2,DELIVERED,YES,SHP-20260714-06430
2026-07-15 11:31:00,TRK-034,Rute-H,Central Hub (Jakarta),588.9,1200,21.52,2.8,47.8,IN_TRANSIT,YES,SHP-20260715-06431
2026-07-16 14:42:00,TRK-037,Rute-M,Gudang West (Tangerang),589.8,1200,21.96,0.4,48.4,DELAYED,NO,SHP-20260716-06432
2026-07-17 17:53:00,TRK-040,Rute-R,Cikarang Industrial Hub,590.6,1200,22.4,0.6,49.1,LOADED,YES,SHP-20260717-06433
2026-07-18 11:04:00,TRK-043,Rute-E,Bogor Transit Hub,591.5,1200,22.84,0.7,49.7,RETURNING,NO,SHP-20260718-06434
2026-07-19 14:15:00,TRK-046,Rute-J,Depok Hub,592.4,1400,23.28,0.9,50.3,DELIVERED,YES,SHP-20260719-06435
2026-07-20 17:26:00,TRK-049,Rute-O,Bekasi Logistics Hub,593.3,1200,23.72,1.0,50.9,IN_TRANSIT,YES,SHP-20260720-06436
2026-07-21 09:37:00,TRK-052,Rute-B,Petamburan Hub,594.2,1200,24.16,1.2,51.5,DELAYED,NO,SHP-20260721-06437
2026-07-22 12:48:00,TRK-055,Rute-G,Grogol Hub (Jakbar),595.0,1200,24.6,1.4,52.2,LOADED,YES,SHP-20260722-06438
2026-07-23 15:59:00,TRK-058,Rute-L,Central Hub (Jakarta),595.9,1200,25.04,1.5,52.8,RETURNING,NO,SHP-20260723-06439
2026-07-24 09:10:00,TRK-061,Rute-Q,Gudang West (Tangerang),596.8,1400,25.48,1.7,53.4,DELIVERED,YES,SHP-20260724-06440
2026-07-25 12:21:00,TRK-064,Rute-D,Cikarang Industrial Hub,597.7,1200,25.92,1.8,54.0,IN_TRANSIT,YES,SHP-20260725-06441
2026-07-26 14:32:00,TRK-067,Rute-I,Bogor Transit Hub,598.6,1200,26.36,2.0,54.6,DELAYED,NO,SHP-20260726-06442
2026-07-27 17:43:00,TRK-070,Rute-N,Depok Hub,599.4,1200,26.8,2.2,55.3,LOADED,YES,SHP-20260727-06443
2026-07-28 10:54:00,TRK-073,Rute-A,Bekasi Logistics Hub,600.3,1200,11.4,2.3,55.9,RETURNING,NO,SHP-20260728-06444
2026-07-29 14:05:00,TRK-076,Rute-F,Petamburan Hub,601.2,1400,11.84,2.5,56.5,DELIVERED,YES,SHP-20260729-06445
2026-07-30 17:16:00,TRK-079,Rute-K,Grogol Hub (Jakbar),602.1,1200,12.28,2.6,57.1,IN_TRANSIT,YES,SHP-20260730-06446
2026-07-31 10:27:00,TRK-082,Rute-P,Central Hub (Jakarta),603.0,1200,12.72,2.8,57.7,DELAYED,NO,SHP-20260731-06447
2026-07-01 12:38:00,TRK-085,Rute-C,Gudang West (Tangerang),603.8,1200,13.16,0.4,58.4,LOADED,YES,SHP-20260701-06448
2026-07-02 15:49:00,TRK-088,Rute-H,Cikarang Industrial Hub,604.7,1200,13.6,0.6,59.0,RETURNING,NO,SHP-20260702-06449
2026-07-03 09:00:00,TRK-091,Rute-M,Bogor Transit Hub,605.6,1400,14.04,0.7,59.6,DELIVERED,YES,SHP-20260703-06450
2026-07-04 12:11:00,TRK-094,Rute-R,Depok Hub,606.5,1200,14.48,0.9,60.2,IN_TRANSIT,YES,SHP-20260704-06451
2026-07-05 15:22:00,TRK-097,Rute-E,Bekasi Logistics Hub,607.4,1200,14.92,1.0,60.8,DELAYED,NO,SHP-20260705-06452
2026-07-06 17:33:00,TRK-100,Rute-J,Petamburan Hub,608.2,1200,15.36,1.2,61.5,LOADED,YES,SHP-20260706-06453
2026-07-07 10:44:00,TRK-103,Rute-O,Grogol Hub (Jakbar),609.1,1200,15.8,1.4,62.1,RETURNING,NO,SHP-20260707-06454
2026-07-08 13:55:00,TRK-106,Rute-B,Central Hub (Jakarta),610.0,1400,16.24,1.5,62.7,DELIVERED,YES,SHP-20260708-06455
2026-07-09 17:06:00,TRK-109,Rute-G,Gudang West (Tangerang),610.9,1200,16.68,1.7,63.3,IN_TRANSIT,YES,SHP-20260709-06456
2026-07-10 10:17:00,TRK-112,Rute-L,Cikarang Industrial Hub,611.8,1200,17.12,1.8,63.9,DELAYED,NO,SHP-20260710-06457
2026-07-11 13:28:00,TRK-115,Rute-Q,Bogor Transit Hub,612.6,1200,17.56,2.0,64.6,LOADED,YES,SHP-20260711-06458
2026-07-12 15:39:00,TRK-118,Rute-D,Depok Hub,613.5,1200,18.0,2.2,65.2,RETURNING,NO,SHP-20260712-06459
2026-07-13 08:50:00,TRK-121,Rute-I,Bekasi Logistics Hub,614.4,1400,18.44,2.3,65.8,DELIVERED,YES,SHP-20260713-06460
2026-07-14 12:01:00,TRK-124,Rute-N,Petamburan Hub,615.3,1200,18.88,2.5,66.4,IN_TRANSIT,YES,SHP-20260714-06461
2026-07-15 15:12:00,TRK-127,Rute-A,Grogol Hub (Jakbar),616.2,1200,19.32,2.6,67.0,DELAYED,NO,SHP-20260715-06462
2026-07-16 18:23:00,TRK-130,Rute-F,Central Hub (Jakarta),617.0,1200,19.76,2.8,67.7,LOADED,YES,SHP-20260716-06463
2026-07-17 10:34:00,TRK-133,Rute-K,Gudang West (Tangerang),617.9,1200,20.2,0.4,68.3,RETURNING,NO,SHP-20260717-06464
2026-07-18 13:45:00,TRK-136,Rute-P,Cikarang Industrial Hub,618.8,1400,20.64,0.6,68.9,DELIVERED,YES,SHP-20260718-06465
2026-07-19 16:56:00,TRK-139,Rute-C,Bogor Transit Hub,619.7,1200,21.08,0.7,69.5,IN_TRANSIT,YES,SHP-20260719-06466
2026-07-20 10:07:00,TRK-142,Rute-H,Depok Hub,620.6,1200,21.52,0.9,70.1,DELAYED,NO,SHP-20260720-06467
2026-07-21 13:18:00,TRK-145,Rute-M,Bekasi Logistics Hub,621.4,1200,21.96,1.0,70.8,LOADED,YES,SHP-20260721-06468
2026-07-22 16:29:00,TRK-148,Rute-R,Petamburan Hub,622.3,1200,22.4,1.2,71.4,RETURNING,NO,SHP-20260722-06469
2026-07-23 08:40:00,TRK-151,Rute-E,Grogol Hub (Jakbar),623.2,1400,22.84,1.4,72.0,DELIVERED,YES,SHP-20260723-06470
2026-07-24 11:51:00,TRK-154,Rute-J,Central Hub (Jakarta),624.1,1200,23.28,1.5,72.6,IN_TRANSIT,YES,SHP-20260724-06471
2026-07-25 15:02:00,TRK-157,Rute-O,Gudang West (Tangerang),625.0,1200,23.72,1.7,73.2,DELAYED,NO,SHP-20260725-06472
2026-07-26 18:13:00,TRK-160,Rute-B,Cikarang Industrial Hub,625.8,1200,24.16,1.8,73.9,LOADED,YES,SHP-20260726-06473
2026-07-27 11:24:00,TRK-163,Rute-G,Bogor Transit Hub,626.7,1200,24.6,2.0,74.5,RETURNING,NO,SHP-20260727-06474
2026-07-28 13:35:00,TRK-166,Rute-L,Depok Hub,627.6,1400,25.04,2.2,75.1,DELIVERED,YES,SHP-20260728-06475
2026-07-29 16:46:00,TRK-169,Rute-Q,Bekasi Logistics Hub,628.5,1200,25.48,2.3,75.7,IN_TRANSIT,YES,SHP-20260729-06476
2026-07-30 09:57:00,TRK-172,Rute-D,Petamburan Hub,629.4,1200,25.92,2.5,76.3,DELAYED,NO,SHP-20260730-06477
2026-07-31 13:08:00,TRK-175,Rute-I,Grogol Hub (Jakbar),630.2,1200,26.36,2.6,77.0,LOADED,YES,SHP-20260731-06478
2026-07-01 16:19:00,TRK-178,Rute-N,Central Hub (Jakarta),631.1,1200,26.8,2.8,77.6,RETURNING,NO,SHP-20260701-06479
2026-07-02 08:30:00,TRK-001,Rute-A,Gudang West (Tangerang),632.0,1400,11.4,0.4,78.2,DELIVERED,YES,SHP-20260702-06480
2026-07-03 11:41:00,TRK-004,Rute-F,Cikarang Industrial Hub,632.9,1200,11.84,0.6,78.8,IN_TRANSIT,YES,SHP-20260703-06481
2026-07-04 14:52:00,TRK-007,Rute-K,Bogor Transit Hub,633.8,1200,12.28,0.7,79.4,DELAYED,NO,SHP-20260704-06482
2026-07-05 18:03:00,TRK-010,Rute-P,Depok Hub,634.6,1200,12.72,0.9,80.1,LOADED,YES,SHP-20260705-06483
2026-07-06 11:14:00,TRK-013,Rute-C,Bekasi Logistics Hub,635.5,1200,13.16,1.0,80.7,RETURNING,NO,SHP-20260706-06484
2026-07-07 14:25:00,TRK-016,Rute-H,Petamburan Hub,636.4,1400,13.6,1.2,81.3,DELIVERED,YES,SHP-20260707-06485
2026-07-08 16:36:00,TRK-019,Rute-M,Grogol Hub (Jakbar),637.3,1200,14.04,1.4,81.9,IN_TRANSIT,YES,SHP-20260708-06486
2026-07-09 09:47:00,TRK-022,Rute-R,Central Hub (Jakarta),638.2,1200,14.48,1.5,82.5,DELAYED,NO,SHP-20260709-06487
2026-07-10 12:58:00,TRK-025,Rute-E,Gudang West (Tangerang),639.0,1200,14.92,1.7,83.2,LOADED,YES,SHP-20260710-06488
2026-07-11 16:09:00,TRK-028,Rute-J,Cikarang Industrial Hub,639.9,1200,15.36,1.8,83.8,RETURNING,NO,SHP-20260711-06489
2026-07-12 09:20:00,TRK-031,Rute-O,Bogor Transit Hub,640.8,1400,15.8,2.0,84.4,DELIVERED,YES,SHP-20260712-06490
2026-07-13 11:31:00,TRK-034,Rute-B,Depok Hub,641.7,1200,16.24,2.2,85.0,IN_TRANSIT,YES,SHP-20260713-06491
2026-07-14 14:42:00,TRK-037,Rute-G,Bekasi Logistics Hub,642.6,1200,16.68,2.3,85.6,DELAYED,NO,SHP-20260714-06492
2026-07-15 17:53:00,TRK-040,Rute-L,Petamburan Hub,643.4,1200,17.12,2.5,86.3,LOADED,YES,SHP-20260715-06493
2026-07-16 11:04:00,TRK-043,Rute-Q,Grogol Hub (Jakbar),644.3,1200,17.56,2.6,86.9,RETURNING,NO,SHP-20260716-06494
2026-07-17 14:15:00,TRK-046,Rute-D,Central Hub (Jakarta),645.2,1400,18.0,2.8,87.5,DELIVERED,YES,SHP-20260717-06495
2026-07-18 17:26:00,TRK-049,Rute-I,Gudang West (Tangerang),646.1,1200,18.44,0.4,88.1,IN_TRANSIT,YES,SHP-20260718-06496
2026-07-19 09:37:00,TRK-052,Rute-N,Cikarang Industrial Hub,647.0,1200,18.88,0.6,88.7,DELAYED,NO,SHP-20260719-06497
2026-07-20 12:48:00,TRK-055,Rute-A,Bogor Transit Hub,647.8,1200,19.32,0.7,89.4,LOADED,YES,SHP-20260720-06498
2026-07-21 15:59:00,TRK-058,Rute-F,Depok Hub,648.7,1200,19.76,0.9,90.0,RETURNING,NO,SHP-20260721-06499
2026-07-22 09:10:00,TRK-061,Rute-K,Bekasi Logistics Hub,649.6,1400,20.2,1.0,10.0,DELIVERED,YES,SHP-20260722-06500
2026-07-23 12:21:00,TRK-064,Rute-P,Petamburan Hub,650.5,1200,20.64,1.2,10.6,IN_TRANSIT,YES,SHP-20260723-06501
2026-07-24 14:32:00,TRK-067,Rute-C,Grogol Hub (Jakbar),651.4,1200,21.08,1.4,11.2,DELAYED,NO,SHP-20260724-06502
2026-07-25 17:43:00,TRK-070,Rute-H,Central Hub (Jakarta),652.2,1200,21.52,1.5,11.9,LOADED,YES,SHP-20260725-06503
2026-07-26 10:54:00,TRK-073,Rute-M,Gudang West (Tangerang),653.1,1200,21.96,1.7,12.5,RETURNING,NO,SHP-20260726-06504
2026-07-27 14:05:00,TRK-076,Rute-R,Cikarang Industrial Hub,654.0,1400,22.4,1.8,13.1,DELIVERED,YES,SHP-20260727-06505
2026-07-28 17:16:00,TRK-079,Rute-E,Bogor Transit Hub,654.9,1200,22.84,2.0,13.7,IN_TRANSIT,YES,SHP-20260728-06506
2026-07-29 10:27:00,TRK-082,Rute-J,Depok Hub,655.8,1200,23.28,2.2,14.3,DELAYED,NO,SHP-20260729-06507
2026-07-30 12:38:00,TRK-085,Rute-O,Bekasi Logistics Hub,656.6,1200,23.72,2.3,15.0,LOADED,YES,SHP-20260730-06508
2026-07-31 15:49:00,TRK-088,Rute-B,Petamburan Hub,657.5,1200,24.16,2.5,15.6,RETURNING,NO,SHP-20260731-06509
2026-07-01 09:00:00,TRK-091,Rute-G,Grogol Hub (Jakbar),658.4,1400,24.6,2.6,16.2,DELIVERED,YES,SHP-20260701-06510
2026-07-02 12:11:00,TRK-094,Rute-L,Central Hub (Jakarta),659.3,1200,25.04,2.8,16.8,IN_TRANSIT,YES,SHP-20260702-06511
2026-07-03 15:22:00,TRK-097,Rute-Q,Gudang West (Tangerang),660.2,1200,25.48,0.4,17.4,DELAYED,NO,SHP-20260703-06512
2026-07-04 17:33:00,TRK-100,Rute-D,Cikarang Industrial Hub,661.0,1200,25.92,0.6,18.1,LOADED,YES,SHP-20260704-06513
2026-07-05 10:44:00,TRK-103,Rute-I,Bogor Transit Hub,661.9,1200,26.36,0.7,18.7,RETURNING,NO,SHP-20260705-06514
2026-07-06 13:55:00,TRK-106,Rute-N,Depok Hub,662.8,1400,26.8,0.9,19.3,DELIVERED,YES,SHP-20260706-06515
2026-07-07 17:06:00,TRK-109,Rute-A,Bekasi Logistics Hub,663.7,1200,11.4,1.0,19.9,IN_TRANSIT,YES,SHP-20260707-06516
2026-07-08 10:17:00,TRK-112,Rute-F,Petamburan Hub,664.6,1200,11.84,1.2,20.5,DELAYED,NO,SHP-20260708-06517
2026-07-09 13:28:00,TRK-115,Rute-K,Grogol Hub (Jakbar),665.4,1200,12.28,1.4,21.2,LOADED,YES,SHP-20260709-06518
2026-07-10 15:39:00,TRK-118,Rute-P,Central Hub (Jakarta),666.3,1200,12.72,1.5,21.8,RETURNING,NO,SHP-20260710-06519
2026-07-11 08:50:00,TRK-121,Rute-C,Gudang West (Tangerang),667.2,1400,13.16,1.7,22.4,DELIVERED,YES,SHP-20260711-06520
2026-07-12 12:01:00,TRK-124,Rute-H,Cikarang Industrial Hub,668.1,1200,13.6,1.8,23.0,IN_TRANSIT,YES,SHP-20260712-06521
2026-07-13 15:12:00,TRK-127,Rute-M,Bogor Transit Hub,669.0,1200,14.04,2.0,23.6,DELAYED,NO,SHP-20260713-06522
2026-07-14 18:23:00,TRK-130,Rute-R,Depok Hub,669.8,1200,14.48,2.2,24.3,LOADED,YES,SHP-20260714-06523
2026-07-15 10:34:00,TRK-133,Rute-E,Bekasi Logistics Hub,670.7,1200,14.92,2.3,24.9,RETURNING,NO,SHP-20260715-06524
2026-07-16 13:45:00,TRK-136,Rute-J,Petamburan Hub,671.6,1400,15.36,2.5,25.5,DELIVERED,YES,SHP-20260716-06525
2026-07-17 16:56:00,TRK-139,Rute-O,Grogol Hub (Jakbar),672.5,1200,15.8,2.6,26.1,IN_TRANSIT,YES,SHP-20260717-06526
2026-07-18 10:07:00,TRK-142,Rute-B,Central Hub (Jakarta),673.4,1200,16.24,2.8,26.7,DELAYED,NO,SHP-20260718-06527
2026-07-19 13:18:00,TRK-145,Rute-G,Gudang West (Tangerang),674.2,1200,16.68,0.4,27.4,LOADED,YES,SHP-20260719-06528
2026-07-20 16:29:00,TRK-148,Rute-L,Cikarang Industrial Hub,675.1,1200,17.12,0.6,28.0,RETURNING,NO,SHP-20260720-06529
2026-07-21 08:40:00,TRK-151,Rute-Q,Bogor Transit Hub,676.0,1400,17.56,0.7,28.6,DELIVERED,YES,SHP-20260721-06530
2026-07-22 11:51:00,TRK-154,Rute-D,Depok Hub,676.9,1200,18.0,0.9,29.2,IN_TRANSIT,YES,SHP-20260722-06531
2026-07-23 15:02:00,TRK-157,Rute-I,Bekasi Logistics Hub,677.8,1200,18.44,1.0,29.8,DELAYED,NO,SHP-20260723-06532
2026-07-24 18:13:00,TRK-160,Rute-N,Petamburan Hub,678.6,1200,18.88,1.2,30.5,LOADED,YES,SHP-20260724-06533
2026-07-25 11:24:00,TRK-163,Rute-A,Grogol Hub (Jakbar),679.5,1200,19.32,1.4,31.1,RETURNING,NO,SHP-20260725-06534
2026-07-26 13:35:00,TRK-166,Rute-F,Central Hub (Jakarta),680.4,1400,19.76,1.5,31.7,DELIVERED,YES,SHP-20260726-06535
2026-07-27 16:46:00,TRK-169,Rute-K,Gudang West (Tangerang),681.3,1200,20.2,1.7,32.3,IN_TRANSIT,YES,SHP-20260727-06536
2026-07-28 09:57:00,TRK-172,Rute-P,Cikarang Industrial Hub,682.2,1200,20.64,1.8,32.9,DELAYED,NO,SHP-20260728-06537
2026-07-29 13:08:00,TRK-175,Rute-C,Bogor Transit Hub,683.0,1200,21.08,2.0,33.6,LOADED,YES,SHP-20260729-06538
2026-07-30 16:19:00,TRK-178,Rute-H,Depok Hub,683.9,1200,21.52,2.2,34.2,RETURNING,NO,SHP-20260730-06539
2026-07-31 08:30:00,TRK-001,Rute-M,Bekasi Logistics Hub,684.8,1400,21.96,2.3,34.8,DELIVERED,YES,SHP-20260731-06540
2026-07-01 11:41:00,TRK-004,Rute-R,Petamburan Hub,685.7,1200,22.4,2.5,35.4,IN_TRANSIT,YES,SHP-20260701-06541
2026-07-02 14:52:00,TRK-007,Rute-E,Grogol Hub (Jakbar),686.6,1200,22.84,2.6,36.0,DELAYED,NO,SHP-20260702-06542
2026-07-03 18:03:00,TRK-010,Rute-J,Central Hub (Jakarta),687.4,1200,23.28,2.8,36.7,LOADED,YES,SHP-20260703-06543
2026-07-04 11:14:00,TRK-013,Rute-O,Gudang West (Tangerang),688.3,1200,23.72,0.4,37.3,RETURNING,NO,SHP-20260704-06544
2026-07-05 14:25:00,TRK-016,Rute-B,Cikarang Industrial Hub,689.2,1400,24.16,0.6,37.9,DELIVERED,YES,SHP-20260705-06545
2026-07-06 16:36:00,TRK-019,Rute-G,Bogor Transit Hub,690.1,1200,24.6,0.7,38.5,IN_TRANSIT,YES,SHP-20260706-06546
2026-07-07 09:47:00,TRK-022,Rute-L,Depok Hub,691.0,1200,25.04,0.9,39.1,DELAYED,NO,SHP-20260707-06547
2026-07-08 12:58:00,TRK-025,Rute-Q,Bekasi Logistics Hub,691.8,1200,25.48,1.0,39.8,LOADED,YES,SHP-20260708-06548
2026-07-09 16:09:00,TRK-028,Rute-D,Petamburan Hub,692.7,1200,25.92,1.2,40.4,RETURNING,NO,SHP-20260709-06549
2026-07-10 09:20:00,TRK-031,Rute-I,Grogol Hub (Jakbar),693.6,1400,26.36,1.4,41.0,DELIVERED,YES,SHP-20260710-06550
2026-07-11 11:31:00,TRK-034,Rute-N,Central Hub (Jakarta),694.5,1200,26.8,1.5,41.6,IN_TRANSIT,YES,SHP-20260711-06551
2026-07-12 14:42:00,TRK-037,Rute-A,Gudang West (Tangerang),695.4,1200,11.4,1.7,42.2,DELAYED,NO,SHP-20260712-06552
2026-07-13 17:53:00,TRK-040,Rute-F,Cikarang Industrial Hub,696.2,1200,11.84,1.8,42.9,LOADED,YES,SHP-20260713-06553
2026-07-14 11:04:00,TRK-043,Rute-K,Bogor Transit Hub,697.1,1200,12.28,2.0,43.5,RETURNING,NO,SHP-20260714-06554
2026-07-15 14:15:00,TRK-046,Rute-P,Depok Hub,698.0,1400,12.72,2.2,44.1,DELIVERED,YES,SHP-20260715-06555
2026-07-16 17:26:00,TRK-049,Rute-C,Bekasi Logistics Hub,698.9,1200,13.16,2.3,44.7,IN_TRANSIT,YES,SHP-20260716-06556
2026-07-17 09:37:00,TRK-052,Rute-H,Petamburan Hub,699.8,1200,13.6,2.5,45.3,DELAYED,NO,SHP-20260717-06557
2026-07-18 12:48:00,TRK-055,Rute-M,Grogol Hub (Jakbar),700.6,1200,14.04,2.6,46.0,LOADED,YES,SHP-20260718-06558
2026-07-19 15:59:00,TRK-058,Rute-R,Central Hub (Jakarta),701.5,1200,14.48,2.8,46.6,RETURNING,NO,SHP-20260719-06559
2026-07-20 09:10:00,TRK-061,Rute-E,Gudang West (Tangerang),702.4,1400,14.92,0.4,47.2,DELIVERED,YES,SHP-20260720-06560
2026-07-21 12:21:00,TRK-064,Rute-J,Cikarang Industrial Hub,703.3,1200,15.36,0.6,47.8,IN_TRANSIT,YES,SHP-20260721-06561
2026-07-22 14:32:00,TRK-067,Rute-O,Bogor Transit Hub,704.2,1200,15.8,0.7,48.4,DELAYED,NO,SHP-20260722-06562
2026-07-23 17:43:00,TRK-070,Rute-B,Depok Hub,705.0,1200,16.24,0.9,49.1,LOADED,YES,SHP-20260723-06563
2026-07-24 10:54:00,TRK-073,Rute-G,Bekasi Logistics Hub,705.9,1200,16.68,1.0,49.7,RETURNING,NO,SHP-20260724-06564
2026-07-25 14:05:00,TRK-076,Rute-L,Petamburan Hub,706.8,1400,17.12,1.2,50.3,DELIVERED,YES,SHP-20260725-06565
2026-07-26 17:16:00,TRK-079,Rute-Q,Grogol Hub (Jakbar),707.7,1200,17.56,1.4,50.9,IN_TRANSIT,YES,SHP-20260726-06566
2026-07-27 10:27:00,TRK-082,Rute-D,Central Hub (Jakarta),708.6,1200,18.0,1.5,51.5,DELAYED,NO,SHP-20260727-06567
2026-07-28 12:38:00,TRK-085,Rute-I,Gudang West (Tangerang),709.4,1200,18.44,1.7,52.2,LOADED,YES,SHP-20260728-06568
2026-07-29 15:49:00,TRK-088,Rute-N,Cikarang Industrial Hub,710.3,1200,18.88,1.8,52.8,RETURNING,NO,SHP-20260729-06569
2026-07-30 09:00:00,TRK-091,Rute-A,Bogor Transit Hub,711.2,1400,19.32,2.0,53.4,DELIVERED,YES,SHP-20260730-06570
2026-07-31 12:11:00,TRK-094,Rute-F,Depok Hub,712.1,1200,19.76,2.2,54.0,IN_TRANSIT,YES,SHP-20260731-06571
2026-07-01 15:22:00,TRK-097,Rute-K,Bekasi Logistics Hub,713.0,1200,20.2,2.3,54.6,DELAYED,NO,SHP-20260701-06572
2026-07-02 17:33:00,TRK-100,Rute-P,Petamburan Hub,713.8,1200,20.64,2.5,55.3,LOADED,YES,SHP-20260702-06573
2026-07-03 10:44:00,TRK-103,Rute-C,Grogol Hub (Jakbar),714.7,1200,21.08,2.6,55.9,RETURNING,NO,SHP-20260703-06574
2026-07-04 13:55:00,TRK-106,Rute-H,Central Hub (Jakarta),715.6,1400,21.52,2.8,56.5,DELIVERED,YES,SHP-20260704-06575
2026-07-05 17:06:00,TRK-109,Rute-M,Gudang West (Tangerang),716.5,1200,21.96,0.4,57.1,IN_TRANSIT,YES,SHP-20260705-06576
2026-07-06 10:17:00,TRK-112,Rute-R,Cikarang Industrial Hub,717.4,1200,22.4,0.6,57.7,DELAYED,NO,SHP-20260706-06577
2026-07-07 13:28:00,TRK-115,Rute-E,Bogor Transit Hub,718.2,1200,22.84,0.7,58.4,LOADED,YES,SHP-20260707-06578
2026-07-08 15:39:00,TRK-118,Rute-J,Depok Hub,719.1,1200,23.28,0.9,59.0,RETURNING,NO,SHP-20260708-06579
2026-07-09 08:50:00,TRK-121,Rute-O,Bekasi Logistics Hub,720.0,1400,23.72,1.0,59.6,DELIVERED,YES,SHP-20260709-06580
2026-07-10 12:01:00,TRK-124,Rute-B,Petamburan Hub,720.9,1200,24.16,1.2,60.2,IN_TRANSIT,YES,SHP-20260710-06581
2026-07-11 15:12:00,TRK-127,Rute-G,Grogol Hub (Jakbar),721.8,1200,24.6,1.4,60.8,DELAYED,NO,SHP-20260711-06582
2026-07-12 18:23:00,TRK-130,Rute-L,Central Hub (Jakarta),722.6,1200,25.04,1.5,61.5,LOADED,YES,SHP-20260712-06583
2026-07-13 10:34:00,TRK-133,Rute-Q,Gudang West (Tangerang),723.5,1200,25.48,1.7,62.1,RETURNING,NO,SHP-20260713-06584
2026-07-14 13:45:00,TRK-136,Rute-D,Cikarang Industrial Hub,724.4,1400,25.92,1.8,62.7,DELIVERED,YES,SHP-20260714-06585
2026-07-15 16:56:00,TRK-139,Rute-I,Bogor Transit Hub,725.3,1200,26.36,2.0,63.3,IN_TRANSIT,YES,SHP-20260715-06586
2026-07-16 10:07:00,TRK-142,Rute-N,Depok Hub,726.2,1200,26.8,2.2,63.9,DELAYED,NO,SHP-20260716-06587
2026-07-17 13:18:00,TRK-145,Rute-A,Bekasi Logistics Hub,727.0,1200,11.4,2.3,64.6,LOADED,YES,SHP-20260717-06588
2026-07-18 16:29:00,TRK-148,Rute-F,Petamburan Hub,727.9,1200,11.84,2.5,65.2,RETURNING,NO,SHP-20260718-06589
2026-07-19 08:40:00,TRK-151,Rute-K,Grogol Hub (Jakbar),728.8,1400,12.28,2.6,65.8,DELIVERED,YES,SHP-20260719-06590
2026-07-20 11:51:00,TRK-154,Rute-P,Central Hub (Jakarta),729.7,1200,12.72,2.8,66.4,IN_TRANSIT,YES,SHP-20260720-06591
2026-07-21 15:02:00,TRK-157,Rute-C,Gudang West (Tangerang),730.6,1200,13.16,0.4,67.0,DELAYED,NO,SHP-20260721-06592
2026-07-22 18:13:00,TRK-160,Rute-H,Cikarang Industrial Hub,731.4,1200,13.6,0.6,67.7,LOADED,YES,SHP-20260722-06593
2026-07-23 11:24:00,TRK-163,Rute-M,Bogor Transit Hub,732.3,1200,14.04,0.7,68.3,RETURNING,NO,SHP-20260723-06594
2026-07-24 13:35:00,TRK-166,Rute-R,Depok Hub,733.2,1400,14.48,0.9,68.9,DELIVERED,YES,SHP-20260724-06595
2026-07-25 16:46:00,TRK-169,Rute-E,Bekasi Logistics Hub,734.1,1200,14.92,1.0,69.5,IN_TRANSIT,YES,SHP-20260725-06596
2026-07-26 09:57:00,TRK-172,Rute-J,Petamburan Hub,735.0,1200,15.36,1.2,70.1,DELAYED,NO,SHP-20260726-06597
2026-07-27 13:08:00,TRK-175,Rute-O,Grogol Hub (Jakbar),735.8,1200,15.8,1.4,70.8,LOADED,YES,SHP-20260727-06598
2026-07-28 16:19:00,TRK-178,Rute-B,Central Hub (Jakarta),736.7,1200,16.24,1.5,71.4,RETURNING,NO,SHP-20260728-06599
2026-07-29 08:30:00,TRK-001,Rute-G,Gudang West (Tangerang),737.6,1400,16.68,1.7,72.0,DELIVERED,YES,SHP-20260729-06600
2026-07-30 11:41:00,TRK-004,Rute-L,Cikarang Industrial Hub,738.5,1200,17.12,1.8,72.6,IN_TRANSIT,YES,SHP-20260730-06601
2026-07-31 14:52:00,TRK-007,Rute-Q,Bogor Transit Hub,739.4,1200,17.56,2.0,73.2,DELAYED,NO,SHP-20260731-06602
2026-07-01 18:03:00,TRK-010,Rute-D,Depok Hub,740.2,1200,18.0,2.2,73.9,LOADED,YES,SHP-20260701-06603
2026-07-02 11:14:00,TRK-013,Rute-I,Bekasi Logistics Hub,741.1,1200,18.44,2.3,74.5,RETURNING,NO,SHP-20260702-06604
2026-07-03 14:25:00,TRK-016,Rute-N,Petamburan Hub,742.0,1400,18.88,2.5,75.1,DELIVERED,YES,SHP-20260703-06605
2026-07-04 16:36:00,TRK-019,Rute-A,Grogol Hub (Jakbar),742.9,1200,19.32,2.6,75.7,IN_TRANSIT,YES,SHP-20260704-06606
2026-07-05 09:47:00,TRK-022,Rute-F,Central Hub (Jakarta),743.8,1200,19.76,2.8,76.3,DELAYED,NO,SHP-20260705-06607
2026-07-06 12:58:00,TRK-025,Rute-K,Gudang West (Tangerang),744.6,1200,20.2,0.4,77.0,LOADED,YES,SHP-20260706-06608
2026-07-07 16:09:00,TRK-028,Rute-P,Cikarang Industrial Hub,745.5,1200,20.64,0.6,77.6,RETURNING,NO,SHP-20260707-06609
2026-07-08 09:20:00,TRK-031,Rute-C,Bogor Transit Hub,746.4,1400,21.08,0.7,78.2,DELIVERED,YES,SHP-20260708-06610
2026-07-09 11:31:00,TRK-034,Rute-H,Depok Hub,747.3,1200,21.52,0.9,78.8,IN_TRANSIT,YES,SHP-20260709-06611
2026-07-10 14:42:00,TRK-037,Rute-M,Bekasi Logistics Hub,748.2,1200,21.96,1.0,79.4,DELAYED,NO,SHP-20260710-06612
2026-07-11 17:53:00,TRK-040,Rute-R,Petamburan Hub,749.0,1200,22.4,1.2,80.1,LOADED,YES,SHP-20260711-06613
2026-07-12 11:04:00,TRK-043,Rute-E,Grogol Hub (Jakbar),749.9,1200,22.84,1.4,80.7,RETURNING,NO,SHP-20260712-06614
2026-07-13 14:15:00,TRK-046,Rute-J,Central Hub (Jakarta),750.8,1400,23.28,1.5,81.3,DELIVERED,YES,SHP-20260713-06615
2026-07-14 17:26:00,TRK-049,Rute-O,Gudang West (Tangerang),751.7,1200,23.72,1.7,81.9,IN_TRANSIT,YES,SHP-20260714-06616
2026-07-15 09:37:00,TRK-052,Rute-B,Cikarang Industrial Hub,752.6,1200,24.16,1.8,82.5,DELAYED,NO,SHP-20260715-06617
2026-07-16 12:48:00,TRK-055,Rute-G,Bogor Transit Hub,753.4,1200,24.6,2.0,83.2,LOADED,YES,SHP-20260716-06618
2026-07-17 15:59:00,TRK-058,Rute-L,Depok Hub,754.3,1200,25.04,2.2,83.8,RETURNING,NO,SHP-20260717-06619
2026-07-18 09:10:00,TRK-061,Rute-Q,Bekasi Logistics Hub,755.2,1400,25.48,2.3,84.4,DELIVERED,YES,SHP-20260718-06620
2026-07-19 12:21:00,TRK-064,Rute-D,Petamburan Hub,756.1,1200,25.92,2.5,85.0,IN_TRANSIT,YES,SHP-20260719-06621
2026-07-20 14:32:00,TRK-067,Rute-I,Grogol Hub (Jakbar),757.0,1200,26.36,2.6,85.6,DELAYED,NO,SHP-20260720-06622
2026-07-21 17:43:00,TRK-070,Rute-N,Central Hub (Jakarta),757.8,1200,26.8,2.8,86.3,LOADED,YES,SHP-20260721-06623
2026-07-22 10:54:00,TRK-073,Rute-A,Gudang West (Tangerang),758.7,1200,11.4,0.4,86.9,RETURNING,NO,SHP-20260722-06624
2026-07-23 14:05:00,TRK-076,Rute-F,Cikarang Industrial Hub,759.6,1400,11.84,0.6,87.5,DELIVERED,YES,SHP-20260723-06625
2026-07-24 17:16:00,TRK-079,Rute-K,Bogor Transit Hub,760.5,1200,12.28,0.7,88.1,IN_TRANSIT,YES,SHP-20260724-06626
2026-07-25 10:27:00,TRK-082,Rute-P,Depok Hub,761.4,1200,12.72,0.9,88.7,DELAYED,NO,SHP-20260725-06627
2026-07-26 12:38:00,TRK-085,Rute-C,Bekasi Logistics Hub,762.2,1200,13.16,1.0,89.4,LOADED,YES,SHP-20260726-06628
2026-07-27 15:49:00,TRK-088,Rute-H,Petamburan Hub,763.1,1200,13.6,1.2,90.0,RETURNING,NO,SHP-20260727-06629
2026-07-28 09:00:00,TRK-091,Rute-M,Grogol Hub (Jakbar),764.0,1400,14.04,1.4,10.0,DELIVERED,YES,SHP-20260728-06630
2026-07-29 12:11:00,TRK-094,Rute-R,Central Hub (Jakarta),764.9,1200,14.48,1.5,10.6,IN_TRANSIT,YES,SHP-20260729-06631
2026-07-30 15:22:00,TRK-097,Rute-E,Gudang West (Tangerang),765.8,1200,14.92,1.7,11.2,DELAYED,NO,SHP-20260730-06632
2026-07-31 17:33:00,TRK-100,Rute-J,Cikarang Industrial Hub,766.6,1200,15.36,1.8,11.9,LOADED,YES,SHP-20260731-06633
2026-07-01 10:44:00,TRK-103,Rute-O,Bogor Transit Hub,767.5,1200,15.8,2.0,12.5,RETURNING,NO,SHP-20260701-06634
2026-07-02 13:55:00,TRK-106,Rute-B,Depok Hub,768.4,1400,16.24,2.2,13.1,DELIVERED,YES,SHP-20260702-06635
2026-07-03 17:06:00,TRK-109,Rute-G,Bekasi Logistics Hub,769.3,1200,16.68,2.3,13.7,IN_TRANSIT,YES,SHP-20260703-06636
2026-07-04 10:17:00,TRK-112,Rute-L,Petamburan Hub,770.2,1200,17.12,2.5,14.3,DELAYED,NO,SHP-20260704-06637
2026-07-05 13:28:00,TRK-115,Rute-Q,Grogol Hub (Jakbar),771.0,1200,17.56,2.6,15.0,LOADED,YES,SHP-20260705-06638
2026-07-06 15:39:00,TRK-118,Rute-D,Central Hub (Jakarta),771.9,1200,18.0,2.8,15.6,RETURNING,NO,SHP-20260706-06639
2026-07-07 08:50:00,TRK-121,Rute-I,Gudang West (Tangerang),772.8,1400,18.44,0.4,16.2,DELIVERED,YES,SHP-20260707-06640
2026-07-08 12:01:00,TRK-124,Rute-N,Cikarang Industrial Hub,773.7,1200,18.88,0.6,16.8,IN_TRANSIT,YES,SHP-20260708-06641
2026-07-09 15:12:00,TRK-127,Rute-A,Bogor Transit Hub,774.6,1200,19.32,0.7,17.4,DELAYED,NO,SHP-20260709-06642
2026-07-10 18:23:00,TRK-130,Rute-F,Depok Hub,775.4,1200,19.76,0.9,18.1,LOADED,YES,SHP-20260710-06643
2026-07-11 10:34:00,TRK-133,Rute-K,Bekasi Logistics Hub,776.3,1200,20.2,1.0,18.7,RETURNING,NO,SHP-20260711-06644
2026-07-12 13:45:00,TRK-136,Rute-P,Petamburan Hub,777.2,1400,20.64,1.2,19.3,DELIVERED,YES,SHP-20260712-06645
2026-07-13 16:56:00,TRK-139,Rute-C,Grogol Hub (Jakbar),778.1,1200,21.08,1.4,19.9,IN_TRANSIT,YES,SHP-20260713-06646
2026-07-14 10:07:00,TRK-142,Rute-H,Central Hub (Jakarta),779.0,1200,21.52,1.5,20.5,DELAYED,NO,SHP-20260714-06647
2026-07-15 13:18:00,TRK-145,Rute-M,Gudang West (Tangerang),779.8,1200,21.96,1.7,21.2,LOADED,YES,SHP-20260715-06648
2026-07-16 16:29:00,TRK-148,Rute-R,Cikarang Industrial Hub,780.7,1200,22.4,1.8,21.8,RETURNING,NO,SHP-20260716-06649
2026-07-17 08:40:00,TRK-151,Rute-E,Bogor Transit Hub,781.6,1400,22.84,2.0,22.4,DELIVERED,YES,SHP-20260717-06650
2026-07-18 11:51:00,TRK-154,Rute-J,Depok Hub,782.5,1200,23.28,2.2,23.0,IN_TRANSIT,YES,SHP-20260718-06651
2026-07-19 15:02:00,TRK-157,Rute-O,Bekasi Logistics Hub,783.4,1200,23.72,2.3,23.6,DELAYED,NO,SHP-20260719-06652
2026-07-20 18:13:00,TRK-160,Rute-B,Petamburan Hub,784.2,1200,24.16,2.5,24.3,LOADED,YES,SHP-20260720-06653
2026-07-21 11:24:00,TRK-163,Rute-G,Grogol Hub (Jakbar),785.1,1200,24.6,2.6,24.9,RETURNING,NO,SHP-20260721-06654
2026-07-22 13:35:00,TRK-166,Rute-L,Central Hub (Jakarta),786.0,1400,25.04,2.8,25.5,DELIVERED,YES,SHP-20260722-06655
2026-07-23 16:46:00,TRK-169,Rute-Q,Gudang West (Tangerang),786.9,1200,25.48,0.4,26.1,IN_TRANSIT,YES,SHP-20260723-06656
2026-07-24 09:57:00,TRK-172,Rute-D,Cikarang Industrial Hub,787.8,1200,25.92,0.6,26.7,DELAYED,NO,SHP-20260724-06657
2026-07-25 13:08:00,TRK-175,Rute-I,Bogor Transit Hub,788.6,1200,26.36,0.7,27.4,LOADED,YES,SHP-20260725-06658
2026-07-26 16:19:00,TRK-178,Rute-N,Depok Hub,789.5,1200,26.8,0.9,28.0,RETURNING,NO,SHP-20260726-06659
2026-07-27 08:30:00,TRK-001,Rute-A,Bekasi Logistics Hub,790.4,1400,11.4,1.0,28.6,DELIVERED,YES,SHP-20260727-06660
2026-07-28 11:41:00,TRK-004,Rute-F,Petamburan Hub,791.3,1200,11.84,1.2,29.2,IN_TRANSIT,YES,SHP-20260728-06661
2026-07-29 14:52:00,TRK-007,Rute-K,Grogol Hub (Jakbar),792.2,1200,12.28,1.4,29.8,DELAYED,NO,SHP-20260729-06662
2026-07-30 18:03:00,TRK-010,Rute-P,Central Hub (Jakarta),793.0,1200,12.72,1.5,30.5,LOADED,YES,SHP-20260730-06663
2026-07-31 11:14:00,TRK-013,Rute-C,Gudang West (Tangerang),793.9,1200,13.16,1.7,31.1,RETURNING,NO,SHP-20260731-06664
2026-07-01 14:25:00,TRK-016,Rute-H,Cikarang Industrial Hub,794.8,1400,13.6,1.8,31.7,DELIVERED,YES,SHP-20260701-06665
2026-07-02 16:36:00,TRK-019,Rute-M,Bogor Transit Hub,795.7,1200,14.04,2.0,32.3,IN_TRANSIT,YES,SHP-20260702-06666
2026-07-03 09:47:00,TRK-022,Rute-R,Depok Hub,796.6,1200,14.48,2.2,32.9,DELAYED,NO,SHP-20260703-06667
2026-07-04 12:58:00,TRK-025,Rute-E,Bekasi Logistics Hub,797.4,1200,14.92,2.3,33.6,LOADED,YES,SHP-20260704-06668
2026-07-05 16:09:00,TRK-028,Rute-J,Petamburan Hub,798.3,1200,15.36,2.5,34.2,RETURNING,NO,SHP-20260705-06669
2026-07-06 09:20:00,TRK-031,Rute-O,Grogol Hub (Jakbar),799.2,1400,15.8,2.6,34.8,DELIVERED,YES,SHP-20260706-06670
2026-07-07 11:31:00,TRK-034,Rute-B,Central Hub (Jakarta),800.1,1200,16.24,2.8,35.4,IN_TRANSIT,YES,SHP-20260707-06671
2026-07-08 14:42:00,TRK-037,Rute-G,Gudang West (Tangerang),801.0,1200,16.68,0.4,36.0,DELAYED,NO,SHP-20260708-06672
2026-07-09 17:53:00,TRK-040,Rute-L,Cikarang Industrial Hub,801.8,1200,17.12,0.6,36.7,LOADED,YES,SHP-20260709-06673
2026-07-10 11:04:00,TRK-043,Rute-Q,Bogor Transit Hub,802.7,1200,17.56,0.7,37.3,RETURNING,NO,SHP-20260710-06674
2026-07-11 14:15:00,TRK-046,Rute-D,Depok Hub,803.6,1400,18.0,0.9,37.9,DELIVERED,YES,SHP-20260711-06675
2026-07-12 17:26:00,TRK-049,Rute-I,Bekasi Logistics Hub,804.5,1200,18.44,1.0,38.5,IN_TRANSIT,YES,SHP-20260712-06676
2026-07-13 09:37:00,TRK-052,Rute-N,Petamburan Hub,805.4,1200,18.88,1.2,39.1,DELAYED,NO,SHP-20260713-06677
2026-07-14 12:48:00,TRK-055,Rute-A,Grogol Hub (Jakbar),806.2,1200,19.32,1.4,39.8,LOADED,YES,SHP-20260714-06678
2026-07-15 15:59:00,TRK-058,Rute-F,Central Hub (Jakarta),807.1,1200,19.76,1.5,40.4,RETURNING,NO,SHP-20260715-06679
2026-07-16 09:10:00,TRK-061,Rute-K,Gudang West (Tangerang),808.0,1400,20.2,1.7,41.0,DELIVERED,YES,SHP-20260716-06680
2026-07-17 12:21:00,TRK-064,Rute-P,Cikarang Industrial Hub,808.9,1200,20.64,1.8,41.6,IN_TRANSIT,YES,SHP-20260717-06681
2026-07-18 14:32:00,TRK-067,Rute-C,Bogor Transit Hub,809.8,1200,21.08,2.0,42.2,DELAYED,NO,SHP-20260718-06682
2026-07-19 17:43:00,TRK-070,Rute-H,Depok Hub,810.6,1200,21.52,2.2,42.9,LOADED,YES,SHP-20260719-06683
2026-07-20 10:54:00,TRK-073,Rute-M,Bekasi Logistics Hub,811.5,1200,21.96,2.3,43.5,RETURNING,NO,SHP-20260720-06684
2026-07-21 14:05:00,TRK-076,Rute-R,Petamburan Hub,812.4,1400,22.4,2.5,44.1,DELIVERED,YES,SHP-20260721-06685
2026-07-22 17:16:00,TRK-079,Rute-E,Grogol Hub (Jakbar),813.3,1200,22.84,2.6,44.7,IN_TRANSIT,YES,SHP-20260722-06686
2026-07-23 10:27:00,TRK-082,Rute-J,Central Hub (Jakarta),814.2,1200,23.28,2.8,45.3,DELAYED,NO,SHP-20260723-06687
2026-07-24 12:38:00,TRK-085,Rute-O,Gudang West (Tangerang),815.0,1200,23.72,0.4,46.0,LOADED,YES,SHP-20260724-06688
2026-07-25 15:49:00,TRK-088,Rute-B,Cikarang Industrial Hub,815.9,1200,24.16,0.6,46.6,RETURNING,NO,SHP-20260725-06689
2026-07-26 09:00:00,TRK-091,Rute-G,Bogor Transit Hub,816.8,1400,24.6,0.7,47.2,DELIVERED,YES,SHP-20260726-06690
2026-07-27 12:11:00,TRK-094,Rute-L,Depok Hub,817.7,1200,25.04,0.9,47.8,IN_TRANSIT,YES,SHP-20260727-06691
2026-07-28 15:22:00,TRK-097,Rute-Q,Bekasi Logistics Hub,818.6,1200,25.48,1.0,48.4,DELAYED,NO,SHP-20260728-06692
2026-07-29 17:33:00,TRK-100,Rute-D,Petamburan Hub,819.4,1200,25.92,1.2,49.1,LOADED,YES,SHP-20260729-06693
2026-07-30 10:44:00,TRK-103,Rute-I,Grogol Hub (Jakbar),820.3,1200,26.36,1.4,49.7,RETURNING,NO,SHP-20260730-06694
2026-07-31 13:55:00,TRK-106,Rute-N,Central Hub (Jakarta),821.2,1400,26.8,1.5,50.3,DELIVERED,YES,SHP-20260731-06695
2026-07-01 17:06:00,TRK-109,Rute-A,Gudang West (Tangerang),822.1,1200,11.4,1.7,50.9,IN_TRANSIT,YES,SHP-20260701-06696
2026-07-02 10:17:00,TRK-112,Rute-F,Cikarang Industrial Hub,823.0,1200,11.84,1.8,51.5,DELAYED,NO,SHP-20260702-06697
2026-07-03 13:28:00,TRK-115,Rute-K,Bogor Transit Hub,823.8,1200,12.28,2.0,52.2,LOADED,YES,SHP-20260703-06698
2026-07-04 15:39:00,TRK-118,Rute-P,Depok Hub,824.7,1200,12.72,2.2,52.8,RETURNING,NO,SHP-20260704-06699
2026-07-05 08:50:00,TRK-121,Rute-C,Bekasi Logistics Hub,825.6,1400,13.16,2.3,53.4,DELIVERED,YES,SHP-20260705-06700
2026-07-06 12:01:00,TRK-124,Rute-H,Petamburan Hub,826.5,1200,13.6,2.5,54.0,IN_TRANSIT,YES,SHP-20260706-06701
2026-07-07 15:12:00,TRK-127,Rute-M,Grogol Hub (Jakbar),827.4,1200,14.04,2.6,54.6,DELAYED,NO,SHP-20260707-06702
2026-07-08 18:23:00,TRK-130,Rute-R,Central Hub (Jakarta),828.2,1200,14.48,2.8,55.3,LOADED,YES,SHP-20260708-06703
2026-07-09 10:34:00,TRK-133,Rute-E,Gudang West (Tangerang),829.1,1200,14.92,0.4,55.9,RETURNING,NO,SHP-20260709-06704
2026-07-10 13:45:00,TRK-136,Rute-J,Cikarang Industrial Hub,830.0,1400,15.36,0.6,56.5,DELIVERED,YES,SHP-20260710-06705
2026-07-11 16:56:00,TRK-139,Rute-O,Bogor Transit Hub,830.9,1200,15.8,0.7,57.1,IN_TRANSIT,YES,SHP-20260711-06706
2026-07-12 10:07:00,TRK-142,Rute-B,Depok Hub,831.8,1200,16.24,0.9,57.7,DELAYED,NO,SHP-20260712-06707
2026-07-13 13:18:00,TRK-145,Rute-G,Bekasi Logistics Hub,832.6,1200,16.68,1.0,58.4,LOADED,YES,SHP-20260713-06708
2026-07-14 16:29:00,TRK-148,Rute-L,Petamburan Hub,833.5,1200,17.12,1.2,59.0,RETURNING,NO,SHP-20260714-06709
2026-07-15 08:40:00,TRK-151,Rute-Q,Grogol Hub (Jakbar),834.4,1400,17.56,1.4,59.6,DELIVERED,YES,SHP-20260715-06710
2026-07-16 11:51:00,TRK-154,Rute-D,Central Hub (Jakarta),835.3,1200,18.0,1.5,60.2,IN_TRANSIT,YES,SHP-20260716-06711
2026-07-17 15:02:00,TRK-157,Rute-I,Gudang West (Tangerang),836.2,1200,18.44,1.7,60.8,DELAYED,NO,SHP-20260717-06712
2026-07-18 18:13:00,TRK-160,Rute-N,Cikarang Industrial Hub,837.0,1200,18.88,1.8,61.5,LOADED,YES,SHP-20260718-06713
2026-07-19 11:24:00,TRK-163,Rute-A,Bogor Transit Hub,837.9,1200,19.32,2.0,62.1,RETURNING,NO,SHP-20260719-06714
2026-07-20 13:35:00,TRK-166,Rute-F,Depok Hub,838.8,1400,19.76,2.2,62.7,DELIVERED,YES,SHP-20260720-06715
2026-07-21 16:46:00,TRK-169,Rute-K,Bekasi Logistics Hub,839.7,1200,20.2,2.3,63.3,IN_TRANSIT,YES,SHP-20260721-06716
2026-07-22 09:57:00,TRK-172,Rute-P,Petamburan Hub,840.6,1200,20.64,2.5,63.9,DELAYED,NO,SHP-20260722-06717
2026-07-23 13:08:00,TRK-175,Rute-C,Grogol Hub (Jakbar),841.4,1200,21.08,2.6,64.6,LOADED,YES,SHP-20260723-06718
2026-07-24 16:19:00,TRK-178,Rute-H,Central Hub (Jakarta),842.3,1200,21.52,2.8,65.2,RETURNING,NO,SHP-20260724-06719
2026-07-25 08:30:00,TRK-001,Rute-M,Gudang West (Tangerang),843.2,1400,21.96,0.4,65.8,DELIVERED,YES,SHP-20260725-06720
2026-07-26 11:41:00,TRK-004,Rute-R,Cikarang Industrial Hub,844.1,1200,22.4,0.6,66.4,IN_TRANSIT,YES,SHP-20260726-06721
2026-07-27 14:52:00,TRK-007,Rute-E,Bogor Transit Hub,845.0,1200,22.84,0.7,67.0,DELAYED,NO,SHP-20260727-06722
2026-07-28 18:03:00,TRK-010,Rute-J,Depok Hub,845.8,1200,23.28,0.9,67.7,LOADED,YES,SHP-20260728-06723
2026-07-29 11:14:00,TRK-013,Rute-O,Bekasi Logistics Hub,846.7,1200,23.72,1.0,68.3,RETURNING,NO,SHP-20260729-06724
2026-07-30 14:25:00,TRK-016,Rute-B,Petamburan Hub,847.6,1400,24.16,1.2,68.9,DELIVERED,YES,SHP-20260730-06725
2026-07-31 16:36:00,TRK-019,Rute-G,Grogol Hub (Jakbar),848.5,1200,24.6,1.4,69.5,IN_TRANSIT,YES,SHP-20260731-06726
2026-07-01 09:47:00,TRK-022,Rute-L,Central Hub (Jakarta),849.4,1200,25.04,1.5,70.1,DELAYED,NO,SHP-20260701-06727
2026-07-02 12:58:00,TRK-025,Rute-Q,Gudang West (Tangerang),850.2,1200,25.48,1.7,70.8,LOADED,YES,SHP-20260702-06728
2026-07-03 16:09:00,TRK-028,Rute-D,Cikarang Industrial Hub,851.1,1200,25.92,1.8,71.4,RETURNING,NO,SHP-20260703-06729
2026-07-04 09:20:00,TRK-031,Rute-I,Bogor Transit Hub,852.0,1400,26.36,2.0,72.0,DELIVERED,YES,SHP-20260704-06730
2026-07-05 11:31:00,TRK-034,Rute-N,Depok Hub,852.9,1200,26.8,2.2,72.6,IN_TRANSIT,YES,SHP-20260705-06731
2026-07-06 14:42:00,TRK-037,Rute-A,Bekasi Logistics Hub,853.8,1200,11.4,2.3,73.2,DELAYED,NO,SHP-20260706-06732
2026-07-07 17:53:00,TRK-040,Rute-F,Petamburan Hub,854.6,1200,11.84,2.5,73.9,LOADED,YES,SHP-20260707-06733
2026-07-08 11:04:00,TRK-043,Rute-K,Grogol Hub (Jakbar),855.5,1200,12.28,2.6,74.5,RETURNING,NO,SHP-20260708-06734
2026-07-09 14:15:00,TRK-046,Rute-P,Central Hub (Jakarta),856.4,1400,12.72,2.8,75.1,DELIVERED,YES,SHP-20260709-06735
2026-07-10 17:26:00,TRK-049,Rute-C,Gudang West (Tangerang),857.3,1200,13.16,0.4,75.7,IN_TRANSIT,YES,SHP-20260710-06736
2026-07-11 09:37:00,TRK-052,Rute-H,Cikarang Industrial Hub,858.2,1200,13.6,0.6,76.3,DELAYED,NO,SHP-20260711-06737
2026-07-12 12:48:00,TRK-055,Rute-M,Bogor Transit Hub,859.0,1200,14.04,0.7,77.0,LOADED,YES,SHP-20260712-06738
2026-07-13 15:59:00,TRK-058,Rute-R,Depok Hub,859.9,1200,14.48,0.9,77.6,RETURNING,NO,SHP-20260713-06739
2026-07-14 09:10:00,TRK-061,Rute-E,Bekasi Logistics Hub,860.8,1400,14.92,1.0,78.2,DELIVERED,YES,SHP-20260714-06740
2026-07-15 12:21:00,TRK-064,Rute-J,Petamburan Hub,861.7,1200,15.36,1.2,78.8,IN_TRANSIT,YES,SHP-20260715-06741
2026-07-16 14:32:00,TRK-067,Rute-O,Grogol Hub (Jakbar),862.6,1200,15.8,1.4,79.4,DELAYED,NO,SHP-20260716-06742
2026-07-17 17:43:00,TRK-070,Rute-B,Central Hub (Jakarta),863.4,1200,16.24,1.5,80.1,LOADED,YES,SHP-20260717-06743
2026-07-18 10:54:00,TRK-073,Rute-G,Gudang West (Tangerang),864.3,1200,16.68,1.7,80.7,RETURNING,NO,SHP-20260718-06744
2026-07-19 14:05:00,TRK-076,Rute-L,Cikarang Industrial Hub,865.2,1400,17.12,1.8,81.3,DELIVERED,YES,SHP-20260719-06745
2026-07-20 17:16:00,TRK-079,Rute-Q,Bogor Transit Hub,866.1,1200,17.56,2.0,81.9,IN_TRANSIT,YES,SHP-20260720-06746
2026-07-21 10:27:00,TRK-082,Rute-D,Depok Hub,867.0,1200,18.0,2.2,82.5,DELAYED,NO,SHP-20260721-06747
2026-07-22 12:38:00,TRK-085,Rute-I,Bekasi Logistics Hub,867.8,1200,18.44,2.3,83.2,LOADED,YES,SHP-20260722-06748
2026-07-23 15:49:00,TRK-088,Rute-N,Petamburan Hub,868.7,1200,18.88,2.5,83.8,RETURNING,NO,SHP-20260723-06749
2026-07-24 09:00:00,TRK-091,Rute-A,Grogol Hub (Jakbar),869.6,1400,19.32,2.6,84.4,DELIVERED,YES,SHP-20260724-06750
2026-07-25 12:11:00,TRK-094,Rute-F,Central Hub (Jakarta),870.5,1200,19.76,2.8,85.0,IN_TRANSIT,YES,SHP-20260725-06751
2026-07-26 15:22:00,TRK-097,Rute-K,Gudang West (Tangerang),871.4,1200,20.2,0.4,85.6,DELAYED,NO,SHP-20260726-06752
2026-07-27 17:33:00,TRK-100,Rute-P,Cikarang Industrial Hub,872.2,1200,20.64,0.6,86.3,LOADED,YES,SHP-20260727-06753
2026-07-28 10:44:00,TRK-103,Rute-C,Bogor Transit Hub,873.1,1200,21.08,0.7,86.9,RETURNING,NO,SHP-20260728-06754
2026-07-29 13:55:00,TRK-106,Rute-H,Depok Hub,874.0,1400,21.52,0.9,87.5,DELIVERED,YES,SHP-20260729-06755
2026-07-30 17:06:00,TRK-109,Rute-M,Bekasi Logistics Hub,874.9,1200,21.96,1.0,88.1,IN_TRANSIT,YES,SHP-20260730-06756
2026-07-31 10:17:00,TRK-112,Rute-R,Petamburan Hub,875.8,1200,22.4,1.2,88.7,DELAYED,NO,SHP-20260731-06757
2026-07-01 13:28:00,TRK-115,Rute-E,Grogol Hub (Jakbar),876.6,1200,22.84,1.4,89.4,LOADED,YES,SHP-20260701-06758
2026-07-02 15:39:00,TRK-118,Rute-J,Central Hub (Jakarta),877.5,1200,23.28,1.5,90.0,RETURNING,NO,SHP-20260702-06759
2026-07-03 08:50:00,TRK-121,Rute-O,Gudang West (Tangerang),878.4,1400,23.72,1.7,10.0,DELIVERED,YES,SHP-20260703-06760
2026-07-04 12:01:00,TRK-124,Rute-B,Cikarang Industrial Hub,879.3,1200,24.16,1.8,10.6,IN_TRANSIT,YES,SHP-20260704-06761
2026-07-05 15:12:00,TRK-127,Rute-G,Bogor Transit Hub,880.2,1200,24.6,2.0,11.2,DELAYED,NO,SHP-20260705-06762
2026-07-06 18:23:00,TRK-130,Rute-L,Depok Hub,881.0,1200,25.04,2.2,11.9,LOADED,YES,SHP-20260706-06763
2026-07-07 10:34:00,TRK-133,Rute-Q,Bekasi Logistics Hub,881.9,1200,25.48,2.3,12.5,RETURNING,NO,SHP-20260707-06764
2026-07-08 13:45:00,TRK-136,Rute-D,Petamburan Hub,882.8,1400,25.92,2.5,13.1,DELIVERED,YES,SHP-20260708-06765
2026-07-09 16:56:00,TRK-139,Rute-I,Grogol Hub (Jakbar),883.7,1200,26.36,2.6,13.7,IN_TRANSIT,YES,SHP-20260709-06766
2026-07-10 10:07:00,TRK-142,Rute-N,Central Hub (Jakarta),884.6,1200,26.8,2.8,14.3,DELAYED,NO,SHP-20260710-06767
2026-07-11 13:18:00,TRK-145,Rute-A,Gudang West (Tangerang),885.4,1200,11.4,0.4,15.0,LOADED,YES,SHP-20260711-06768
2026-07-12 16:29:00,TRK-148,Rute-F,Cikarang Industrial Hub,886.3,1200,11.84,0.6,15.6,RETURNING,NO,SHP-20260712-06769
2026-07-13 08:40:00,TRK-151,Rute-K,Bogor Transit Hub,887.2,1400,12.28,0.7,16.2,DELIVERED,YES,SHP-20260713-06770
2026-07-14 11:51:00,TRK-154,Rute-P,Depok Hub,888.1,1200,12.72,0.9,16.8,IN_TRANSIT,YES,SHP-20260714-06771
2026-07-15 15:02:00,TRK-157,Rute-C,Bekasi Logistics Hub,889.0,1200,13.16,1.0,17.4,DELAYED,NO,SHP-20260715-06772
2026-07-16 18:13:00,TRK-160,Rute-H,Petamburan Hub,889.8,1200,13.6,1.2,18.1,LOADED,YES,SHP-20260716-06773
2026-07-17 11:24:00,TRK-163,Rute-M,Grogol Hub (Jakbar),890.7,1200,14.04,1.4,18.7,RETURNING,NO,SHP-20260717-06774
2026-07-18 13:35:00,TRK-166,Rute-R,Central Hub (Jakarta),891.6,1400,14.48,1.5,19.3,DELIVERED,YES,SHP-20260718-06775
2026-07-19 16:46:00,TRK-169,Rute-E,Gudang West (Tangerang),892.5,1200,14.92,1.7,19.9,IN_TRANSIT,YES,SHP-20260719-06776
2026-07-20 09:57:00,TRK-172,Rute-J,Cikarang Industrial Hub,893.4,1200,15.36,1.8,20.5,DELAYED,NO,SHP-20260720-06777
2026-07-21 13:08:00,TRK-175,Rute-O,Bogor Transit Hub,894.2,1200,15.8,2.0,21.2,LOADED,YES,SHP-20260721-06778
2026-07-22 16:19:00,TRK-178,Rute-B,Depok Hub,895.1,1200,16.24,2.2,21.8,RETURNING,NO,SHP-20260722-06779
2026-07-23 08:30:00,TRK-001,Rute-G,Bekasi Logistics Hub,896.0,1400,16.68,2.3,22.4,DELIVERED,YES,SHP-20260723-06780
2026-07-24 11:41:00,TRK-004,Rute-L,Petamburan Hub,896.9,1200,17.12,2.5,23.0,IN_TRANSIT,YES,SHP-20260724-06781
2026-07-25 14:52:00,TRK-007,Rute-Q,Grogol Hub (Jakbar),897.8,1200,17.56,2.6,23.6,DELAYED,NO,SHP-20260725-06782
2026-07-26 18:03:00,TRK-010,Rute-D,Central Hub (Jakarta),898.6,1200,18.0,2.8,24.3,LOADED,YES,SHP-20260726-06783
2026-07-27 11:14:00,TRK-013,Rute-I,Gudang West (Tangerang),899.5,1200,18.44,0.4,24.9,RETURNING,NO,SHP-20260727-06784
2026-07-28 14:25:00,TRK-016,Rute-N,Cikarang Industrial Hub,900.4,1400,18.88,0.6,25.5,DELIVERED,YES,SHP-20260728-06785
2026-07-29 16:36:00,TRK-019,Rute-A,Bogor Transit Hub,901.3,1200,19.32,0.7,26.1,IN_TRANSIT,YES,SHP-20260729-06786
2026-07-30 09:47:00,TRK-022,Rute-F,Depok Hub,902.2,1200,19.76,0.9,26.7,DELAYED,NO,SHP-20260730-06787
2026-07-31 12:58:00,TRK-025,Rute-K,Bekasi Logistics Hub,903.0,1200,20.2,1.0,27.4,LOADED,YES,SHP-20260731-06788
2026-07-01 16:09:00,TRK-028,Rute-P,Petamburan Hub,903.9,1200,20.64,1.2,28.0,RETURNING,NO,SHP-20260701-06789
2026-07-02 09:20:00,TRK-031,Rute-C,Grogol Hub (Jakbar),904.8,1400,21.08,1.4,28.6,DELIVERED,YES,SHP-20260702-06790
2026-07-03 11:31:00,TRK-034,Rute-H,Central Hub (Jakarta),905.7,1200,21.52,1.5,29.2,IN_TRANSIT,YES,SHP-20260703-06791
2026-07-04 14:42:00,TRK-037,Rute-M,Gudang West (Tangerang),906.6,1200,21.96,1.7,29.8,DELAYED,NO,SHP-20260704-06792
2026-07-05 17:53:00,TRK-040,Rute-R,Cikarang Industrial Hub,907.4,1200,22.4,1.8,30.5,LOADED,YES,SHP-20260705-06793
2026-07-06 11:04:00,TRK-043,Rute-E,Bogor Transit Hub,908.3,1200,22.84,2.0,31.1,RETURNING,NO,SHP-20260706-06794
2026-07-07 14:15:00,TRK-046,Rute-J,Depok Hub,909.2,1400,23.28,2.2,31.7,DELIVERED,YES,SHP-20260707-06795
2026-07-08 17:26:00,TRK-049,Rute-O,Bekasi Logistics Hub,910.1,1200,23.72,2.3,32.3,IN_TRANSIT,YES,SHP-20260708-06796
2026-07-09 09:37:00,TRK-052,Rute-B,Petamburan Hub,911.0,1200,24.16,2.5,32.9,DELAYED,NO,SHP-20260709-06797
2026-07-10 12:48:00,TRK-055,Rute-G,Grogol Hub (Jakbar),911.8,1200,24.6,2.6,33.6,LOADED,YES,SHP-20260710-06798
2026-07-11 15:59:00,TRK-058,Rute-L,Central Hub (Jakarta),912.7,1200,25.04,2.8,34.2,RETURNING,NO,SHP-20260711-06799
2026-07-12 09:10:00,TRK-061,Rute-Q,Gudang West (Tangerang),913.6,1400,25.48,0.4,34.8,DELIVERED,YES,SHP-20260712-06800
2026-07-13 12:21:00,TRK-064,Rute-D,Cikarang Industrial Hub,914.5,1200,25.92,0.6,35.4,IN_TRANSIT,YES,SHP-20260713-06801
2026-07-14 14:32:00,TRK-067,Rute-I,Bogor Transit Hub,915.4,1200,26.36,0.7,36.0,DELAYED,NO,SHP-20260714-06802
2026-07-15 17:43:00,TRK-070,Rute-N,Depok Hub,916.2,1200,26.8,0.9,36.7,LOADED,YES,SHP-20260715-06803
2026-07-16 10:54:00,TRK-073,Rute-A,Bekasi Logistics Hub,917.1,1200,11.4,1.0,37.3,RETURNING,NO,SHP-20260716-06804
2026-07-17 14:05:00,TRK-076,Rute-F,Petamburan Hub,918.0,1400,11.84,1.2,37.9,DELIVERED,YES,SHP-20260717-06805
2026-07-18 17:16:00,TRK-079,Rute-K,Grogol Hub (Jakbar),918.9,1200,12.28,1.4,38.5,IN_TRANSIT,YES,SHP-20260718-06806
2026-07-19 10:27:00,TRK-082,Rute-P,Central Hub (Jakarta),919.8,1200,12.72,1.5,39.1,DELAYED,NO,SHP-20260719-06807
2026-07-20 12:38:00,TRK-085,Rute-C,Gudang West (Tangerang),920.6,1200,13.16,1.7,39.8,LOADED,YES,SHP-20260720-06808
2026-07-21 15:49:00,TRK-088,Rute-H,Cikarang Industrial Hub,921.5,1200,13.6,1.8,40.4,RETURNING,NO,SHP-20260721-06809
2026-07-22 09:00:00,TRK-091,Rute-M,Bogor Transit Hub,922.4,1400,14.04,2.0,41.0,DELIVERED,YES,SHP-20260722-06810
2026-07-23 12:11:00,TRK-094,Rute-R,Depok Hub,923.3,1200,14.48,2.2,41.6,IN_TRANSIT,YES,SHP-20260723-06811
2026-07-24 15:22:00,TRK-097,Rute-E,Bekasi Logistics Hub,924.2,1200,14.92,2.3,42.2,DELAYED,NO,SHP-20260724-06812
2026-07-25 17:33:00,TRK-100,Rute-J,Petamburan Hub,925.0,1200,15.36,2.5,42.9,LOADED,YES,SHP-20260725-06813
2026-07-26 10:44:00,TRK-103,Rute-O,Grogol Hub (Jakbar),925.9,1200,15.8,2.6,43.5,RETURNING,NO,SHP-20260726-06814
2026-07-27 13:55:00,TRK-106,Rute-B,Central Hub (Jakarta),926.8,1400,16.24,2.8,44.1,DELIVERED,YES,SHP-20260727-06815
2026-07-28 17:06:00,TRK-109,Rute-G,Gudang West (Tangerang),927.7,1200,16.68,0.4,44.7,IN_TRANSIT,YES,SHP-20260728-06816
2026-07-29 10:17:00,TRK-112,Rute-L,Cikarang Industrial Hub,928.6,1200,17.12,0.6,45.3,DELAYED,NO,SHP-20260729-06817
2026-07-30 13:28:00,TRK-115,Rute-Q,Bogor Transit Hub,929.4,1200,17.56,0.7,46.0,LOADED,YES,SHP-20260730-06818
2026-07-31 15:39:00,TRK-118,Rute-D,Depok Hub,930.3,1200,18.0,0.9,46.6,RETURNING,NO,SHP-20260731-06819
2026-07-01 08:50:00,TRK-121,Rute-I,Bekasi Logistics Hub,931.2,1400,18.44,1.0,47.2,DELIVERED,YES,SHP-20260701-06820
2026-07-02 12:01:00,TRK-124,Rute-N,Petamburan Hub,932.1,1200,18.88,1.2,47.8,IN_TRANSIT,YES,SHP-20260702-06821
2026-07-03 15:12:00,TRK-127,Rute-A,Grogol Hub (Jakbar),933.0,1200,19.32,1.4,48.4,DELAYED,NO,SHP-20260703-06822
2026-07-04 18:23:00,TRK-130,Rute-F,Central Hub (Jakarta),933.8,1200,19.76,1.5,49.1,LOADED,YES,SHP-20260704-06823
2026-07-05 10:34:00,TRK-133,Rute-K,Gudang West (Tangerang),934.7,1200,20.2,1.7,49.7,RETURNING,NO,SHP-20260705-06824
2026-07-06 13:45:00,TRK-136,Rute-P,Cikarang Industrial Hub,935.6,1400,20.64,1.8,50.3,DELIVERED,YES,SHP-20260706-06825
2026-07-07 16:56:00,TRK-139,Rute-C,Bogor Transit Hub,936.5,1200,21.08,2.0,50.9,IN_TRANSIT,YES,SHP-20260707-06826
2026-07-08 10:07:00,TRK-142,Rute-H,Depok Hub,937.4,1200,21.52,2.2,51.5,DELAYED,NO,SHP-20260708-06827
2026-07-09 13:18:00,TRK-145,Rute-M,Bekasi Logistics Hub,938.2,1200,21.96,2.3,52.2,LOADED,YES,SHP-20260709-06828
2026-07-10 16:29:00,TRK-148,Rute-R,Petamburan Hub,939.1,1200,22.4,2.5,52.8,RETURNING,NO,SHP-20260710-06829
2026-07-11 08:40:00,TRK-151,Rute-E,Grogol Hub (Jakbar),940.0,1400,22.84,2.6,53.4,DELIVERED,YES,SHP-20260711-06830
2026-07-12 11:51:00,TRK-154,Rute-J,Central Hub (Jakarta),940.9,1200,23.28,2.8,54.0,IN_TRANSIT,YES,SHP-20260712-06831
2026-07-13 15:02:00,TRK-157,Rute-O,Gudang West (Tangerang),941.8,1200,23.72,0.4,54.6,DELAYED,NO,SHP-20260713-06832
2026-07-14 18:13:00,TRK-160,Rute-B,Cikarang Industrial Hub,942.6,1200,24.16,0.6,55.3,LOADED,YES,SHP-20260714-06833
2026-07-15 11:24:00,TRK-163,Rute-G,Bogor Transit Hub,943.5,1200,24.6,0.7,55.9,RETURNING,NO,SHP-20260715-06834
2026-07-16 13:35:00,TRK-166,Rute-L,Depok Hub,944.4,1400,25.04,0.9,56.5,DELIVERED,YES,SHP-20260716-06835
2026-07-17 16:46:00,TRK-169,Rute-Q,Bekasi Logistics Hub,945.3,1200,25.48,1.0,57.1,IN_TRANSIT,YES,SHP-20260717-06836
2026-07-18 09:57:00,TRK-172,Rute-D,Petamburan Hub,946.2,1200,25.92,1.2,57.7,DELAYED,NO,SHP-20260718-06837
2026-07-19 13:08:00,TRK-175,Rute-I,Grogol Hub (Jakbar),947.0,1200,26.36,1.4,58.4,LOADED,YES,SHP-20260719-06838
2026-07-20 16:19:00,TRK-178,Rute-N,Central Hub (Jakarta),947.9,1200,26.8,1.5,59.0,RETURNING,NO,SHP-20260720-06839
2026-07-21 08:30:00,TRK-001,Rute-A,Gudang West (Tangerang),280.0,1400,11.4,1.7,59.6,DELIVERED,YES,SHP-20260721-06840
2026-07-22 11:41:00,TRK-004,Rute-F,Cikarang Industrial Hub,280.9,1200,11.84,1.8,60.2,IN_TRANSIT,YES,SHP-20260722-06841
2026-07-23 14:52:00,TRK-007,Rute-K,Bogor Transit Hub,281.8,1200,12.28,2.0,60.8,DELAYED,NO,SHP-20260723-06842
2026-07-24 18:03:00,TRK-010,Rute-P,Depok Hub,282.6,1200,12.72,2.2,61.5,LOADED,YES,SHP-20260724-06843
2026-07-25 11:14:00,TRK-013,Rute-C,Bekasi Logistics Hub,283.5,1200,13.16,2.3,62.1,RETURNING,NO,SHP-20260725-06844
2026-07-26 14:25:00,TRK-016,Rute-H,Petamburan Hub,284.4,1400,13.6,2.5,62.7,DELIVERED,YES,SHP-20260726-06845
2026-07-27 16:36:00,TRK-019,Rute-M,Grogol Hub (Jakbar),285.3,1200,14.04,2.6,63.3,IN_TRANSIT,YES,SHP-20260727-06846
2026-07-28 09:47:00,TRK-022,Rute-R,Central Hub (Jakarta),286.2,1200,14.48,2.8,63.9,DELAYED,NO,SHP-20260728-06847
2026-07-29 12:58:00,TRK-025,Rute-E,Gudang West (Tangerang),287.0,1200,14.92,0.4,64.6,LOADED,YES,SHP-20260729-06848
2026-07-30 16:09:00,TRK-028,Rute-J,Cikarang Industrial Hub,287.9,1200,15.36,0.6,65.2,RETURNING,NO,SHP-20260730-06849
2026-07-31 09:20:00,TRK-031,Rute-O,Bogor Transit Hub,288.8,1400,15.8,0.7,65.8,DELIVERED,YES,SHP-20260731-06850
2026-07-01 11:31:00,TRK-034,Rute-B,Depok Hub,289.7,1200,16.24,0.9,66.4,IN_TRANSIT,YES,SHP-20260701-06851
2026-07-02 14:42:00,TRK-037,Rute-G,Bekasi Logistics Hub,290.6,1200,16.68,1.0,67.0,DELAYED,NO,SHP-20260702-06852
2026-07-03 17:53:00,TRK-040,Rute-L,Petamburan Hub,291.4,1200,17.12,1.2,67.7,LOADED,YES,SHP-20260703-06853
2026-07-04 11:04:00,TRK-043,Rute-Q,Grogol Hub (Jakbar),292.3,1200,17.56,1.4,68.3,RETURNING,NO,SHP-20260704-06854
2026-07-05 14:15:00,TRK-046,Rute-D,Central Hub (Jakarta),293.2,1400,18.0,1.5,68.9,DELIVERED,YES,SHP-20260705-06855
2026-07-06 17:26:00,TRK-049,Rute-I,Gudang West (Tangerang),294.1,1200,18.44,1.7,69.5,IN_TRANSIT,YES,SHP-20260706-06856
2026-07-07 09:37:00,TRK-052,Rute-N,Cikarang Industrial Hub,295.0,1200,18.88,1.8,70.1,DELAYED,NO,SHP-20260707-06857
2026-07-08 12:48:00,TRK-055,Rute-A,Bogor Transit Hub,295.8,1200,19.32,2.0,70.8,LOADED,YES,SHP-20260708-06858
2026-07-09 15:59:00,TRK-058,Rute-F,Depok Hub,296.7,1200,19.76,2.2,71.4,RETURNING,NO,SHP-20260709-06859
2026-07-10 09:10:00,TRK-061,Rute-K,Bekasi Logistics Hub,297.6,1400,20.2,2.3,72.0,DELIVERED,YES,SHP-20260710-06860
2026-07-11 12:21:00,TRK-064,Rute-P,Petamburan Hub,298.5,1200,20.64,2.5,72.6,IN_TRANSIT,YES,SHP-20260711-06861
2026-07-12 14:32:00,TRK-067,Rute-C,Grogol Hub (Jakbar),299.4,1200,21.08,2.6,73.2,DELAYED,NO,SHP-20260712-06862
2026-07-13 17:43:00,TRK-070,Rute-H,Central Hub (Jakarta),300.2,1200,21.52,2.8,73.9,LOADED,YES,SHP-20260713-06863
2026-07-14 10:54:00,TRK-073,Rute-M,Gudang West (Tangerang),301.1,1200,21.96,0.4,74.5,RETURNING,NO,SHP-20260714-06864
2026-07-15 14:05:00,TRK-076,Rute-R,Cikarang Industrial Hub,302.0,1400,22.4,0.6,75.1,DELIVERED,YES,SHP-20260715-06865
2026-07-16 17:16:00,TRK-079,Rute-E,Bogor Transit Hub,302.9,1200,22.84,0.7,75.7,IN_TRANSIT,YES,SHP-20260716-06866
2026-07-17 10:27:00,TRK-082,Rute-J,Depok Hub,303.8,1200,23.28,0.9,76.3,DELAYED,NO,SHP-20260717-06867
2026-07-18 12:38:00,TRK-085,Rute-O,Bekasi Logistics Hub,304.6,1200,23.72,1.0,77.0,LOADED,YES,SHP-20260718-06868
2026-07-19 15:49:00,TRK-088,Rute-B,Petamburan Hub,305.5,1200,24.16,1.2,77.6,RETURNING,NO,SHP-20260719-06869
2026-07-20 09:00:00,TRK-091,Rute-G,Grogol Hub (Jakbar),306.4,1400,24.6,1.4,78.2,DELIVERED,YES,SHP-20260720-06870
2026-07-21 12:11:00,TRK-094,Rute-L,Central Hub (Jakarta),307.3,1200,25.04,1.5,78.8,IN_TRANSIT,YES,SHP-20260721-06871
2026-07-22 15:22:00,TRK-097,Rute-Q,Gudang West (Tangerang),308.2,1200,25.48,1.7,79.4,DELAYED,NO,SHP-20260722-06872
2026-07-23 17:33:00,TRK-100,Rute-D,Cikarang Industrial Hub,309.0,1200,25.92,1.8,80.1,LOADED,YES,SHP-20260723-06873
2026-07-24 10:44:00,TRK-103,Rute-I,Bogor Transit Hub,309.9,1200,26.36,2.0,80.7,RETURNING,NO,SHP-20260724-06874
2026-07-25 13:55:00,TRK-106,Rute-N,Depok Hub,310.8,1400,26.8,2.2,81.3,DELIVERED,YES,SHP-20260725-06875
2026-07-26 17:06:00,TRK-109,Rute-A,Bekasi Logistics Hub,311.7,1200,11.4,2.3,81.9,IN_TRANSIT,YES,SHP-20260726-06876
2026-07-27 10:17:00,TRK-112,Rute-F,Petamburan Hub,312.6,1200,11.84,2.5,82.5,DELAYED,NO,SHP-20260727-06877
2026-07-28 13:28:00,TRK-115,Rute-K,Grogol Hub (Jakbar),313.4,1200,12.28,2.6,83.2,LOADED,YES,SHP-20260728-06878
2026-07-29 15:39:00,TRK-118,Rute-P,Central Hub (Jakarta),314.3,1200,12.72,2.8,83.8,RETURNING,NO,SHP-20260729-06879
2026-07-30 08:50:00,TRK-121,Rute-C,Gudang West (Tangerang),315.2,1400,13.16,0.4,84.4,DELIVERED,YES,SHP-20260730-06880
2026-07-31 12:01:00,TRK-124,Rute-H,Cikarang Industrial Hub,316.1,1200,13.6,0.6,85.0,IN_TRANSIT,YES,SHP-20260731-06881
2026-07-01 15:12:00,TRK-127,Rute-M,Bogor Transit Hub,317.0,1200,14.04,0.7,85.6,DELAYED,NO,SHP-20260701-06882
2026-07-02 18:23:00,TRK-130,Rute-R,Depok Hub,317.8,1200,14.48,0.9,86.3,LOADED,YES,SHP-20260702-06883
2026-07-03 10:34:00,TRK-133,Rute-E,Bekasi Logistics Hub,318.7,1200,14.92,1.0,86.9,RETURNING,NO,SHP-20260703-06884
2026-07-04 13:45:00,TRK-136,Rute-J,Petamburan Hub,319.6,1400,15.36,1.2,87.5,DELIVERED,YES,SHP-20260704-06885
2026-07-05 16:56:00,TRK-139,Rute-O,Grogol Hub (Jakbar),320.5,1200,15.8,1.4,88.1,IN_TRANSIT,YES,SHP-20260705-06886
2026-07-06 10:07:00,TRK-142,Rute-B,Central Hub (Jakarta),321.4,1200,16.24,1.5,88.7,DELAYED,NO,SHP-20260706-06887
2026-07-07 13:18:00,TRK-145,Rute-G,Gudang West (Tangerang),322.2,1200,16.68,1.7,89.4,LOADED,YES,SHP-20260707-06888
2026-07-08 16:29:00,TRK-148,Rute-L,Cikarang Industrial Hub,323.1,1200,17.12,1.8,90.0,RETURNING,NO,SHP-20260708-06889
2026-07-09 08:40:00,TRK-151,Rute-Q,Bogor Transit Hub,324.0,1400,17.56,2.0,10.0,DELIVERED,YES,SHP-20260709-06890
2026-07-10 11:51:00,TRK-154,Rute-D,Depok Hub,324.9,1200,18.0,2.2,10.6,IN_TRANSIT,YES,SHP-20260710-06891
2026-07-11 15:02:00,TRK-157,Rute-I,Bekasi Logistics Hub,325.8,1200,18.44,2.3,11.2,DELAYED,NO,SHP-20260711-06892
2026-07-12 18:13:00,TRK-160,Rute-N,Petamburan Hub,326.6,1200,18.88,2.5,11.9,LOADED,YES,SHP-20260712-06893
2026-07-13 11:24:00,TRK-163,Rute-A,Grogol Hub (Jakbar),327.5,1200,19.32,2.6,12.5,RETURNING,NO,SHP-20260713-06894
2026-07-14 13:35:00,TRK-166,Rute-F,Central Hub (Jakarta),328.4,1400,19.76,2.8,13.1,DELIVERED,YES,SHP-20260714-06895
2026-07-15 16:46:00,TRK-169,Rute-K,Gudang West (Tangerang),329.3,1200,20.2,0.4,13.7,IN_TRANSIT,YES,SHP-20260715-06896
2026-07-16 09:57:00,TRK-172,Rute-P,Cikarang Industrial Hub,330.2,1200,20.64,0.6,14.3,DELAYED,NO,SHP-20260716-06897
2026-07-17 13:08:00,TRK-175,Rute-C,Bogor Transit Hub,331.0,1200,21.08,0.7,15.0,LOADED,YES,SHP-20260717-06898
2026-07-18 16:19:00,TRK-178,Rute-H,Depok Hub,331.9,1200,21.52,0.9,15.6,RETURNING,NO,SHP-20260718-06899
2026-07-19 08:30:00,TRK-001,Rute-M,Bekasi Logistics Hub,332.8,1400,21.96,1.0,16.2,DELIVERED,YES,SHP-20260719-06900
2026-07-20 11:41:00,TRK-004,Rute-R,Petamburan Hub,333.7,1200,22.4,1.2,16.8,IN_TRANSIT,YES,SHP-20260720-06901
2026-07-21 14:52:00,TRK-007,Rute-E,Grogol Hub (Jakbar),334.6,1200,22.84,1.4,17.4,DELAYED,NO,SHP-20260721-06902
2026-07-22 18:03:00,TRK-010,Rute-J,Central Hub (Jakarta),335.4,1200,23.28,1.5,18.1,LOADED,YES,SHP-20260722-06903
2026-07-23 11:14:00,TRK-013,Rute-O,Gudang West (Tangerang),336.3,1200,23.72,1.7,18.7,RETURNING,NO,SHP-20260723-06904
2026-07-24 14:25:00,TRK-016,Rute-B,Cikarang Industrial Hub,337.2,1400,24.16,1.8,19.3,DELIVERED,YES,SHP-20260724-06905
2026-07-25 16:36:00,TRK-019,Rute-G,Bogor Transit Hub,338.1,1200,24.6,2.0,19.9,IN_TRANSIT,YES,SHP-20260725-06906
2026-07-26 09:47:00,TRK-022,Rute-L,Depok Hub,339.0,1200,25.04,2.2,20.5,DELAYED,NO,SHP-20260726-06907
2026-07-27 12:58:00,TRK-025,Rute-Q,Bekasi Logistics Hub,339.8,1200,25.48,2.3,21.2,LOADED,YES,SHP-20260727-06908
2026-07-28 16:09:00,TRK-028,Rute-D,Petamburan Hub,340.7,1200,25.92,2.5,21.8,RETURNING,NO,SHP-20260728-06909
2026-07-29 09:20:00,TRK-031,Rute-I,Grogol Hub (Jakbar),341.6,1400,26.36,2.6,22.4,DELIVERED,YES,SHP-20260729-06910
2026-07-30 11:31:00,TRK-034,Rute-N,Central Hub (Jakarta),342.5,1200,26.8,2.8,23.0,IN_TRANSIT,YES,SHP-20260730-06911
2026-07-31 14:42:00,TRK-037,Rute-A,Gudang West (Tangerang),343.4,1200,11.4,0.4,23.6,DELAYED,NO,SHP-20260731-06912
2026-07-01 17:53:00,TRK-040,Rute-F,Cikarang Industrial Hub,344.2,1200,11.84,0.6,24.3,LOADED,YES,SHP-20260701-06913
2026-07-02 11:04:00,TRK-043,Rute-K,Bogor Transit Hub,345.1,1200,12.28,0.7,24.9,RETURNING,NO,SHP-20260702-06914
2026-07-03 14:15:00,TRK-046,Rute-P,Depok Hub,346.0,1400,12.72,0.9,25.5,DELIVERED,YES,SHP-20260703-06915
2026-07-04 17:26:00,TRK-049,Rute-C,Bekasi Logistics Hub,346.9,1200,13.16,1.0,26.1,IN_TRANSIT,YES,SHP-20260704-06916
2026-07-05 09:37:00,TRK-052,Rute-H,Petamburan Hub,347.8,1200,13.6,1.2,26.7,DELAYED,NO,SHP-20260705-06917
2026-07-06 12:48:00,TRK-055,Rute-M,Grogol Hub (Jakbar),348.6,1200,14.04,1.4,27.4,LOADED,YES,SHP-20260706-06918
2026-07-07 15:59:00,TRK-058,Rute-R,Central Hub (Jakarta),349.5,1200,14.48,1.5,28.0,RETURNING,NO,SHP-20260707-06919
2026-07-08 09:10:00,TRK-061,Rute-E,Gudang West (Tangerang),350.4,1400,14.92,1.7,28.6,DELIVERED,YES,SHP-20260708-06920
2026-07-09 12:21:00,TRK-064,Rute-J,Cikarang Industrial Hub,351.3,1200,15.36,1.8,29.2,IN_TRANSIT,YES,SHP-20260709-06921
2026-07-10 14:32:00,TRK-067,Rute-O,Bogor Transit Hub,352.2,1200,15.8,2.0,29.8,DELAYED,NO,SHP-20260710-06922
2026-07-11 17:43:00,TRK-070,Rute-B,Depok Hub,353.0,1200,16.24,2.2,30.5,LOADED,YES,SHP-20260711-06923
2026-07-12 10:54:00,TRK-073,Rute-G,Bekasi Logistics Hub,353.9,1200,16.68,2.3,31.1,RETURNING,NO,SHP-20260712-06924
2026-07-13 14:05:00,TRK-076,Rute-L,Petamburan Hub,354.8,1400,17.12,2.5,31.7,DELIVERED,YES,SHP-20260713-06925
2026-07-14 17:16:00,TRK-079,Rute-Q,Grogol Hub (Jakbar),355.7,1200,17.56,2.6,32.3,IN_TRANSIT,YES,SHP-20260714-06926
2026-07-15 10:27:00,TRK-082,Rute-D,Central Hub (Jakarta),356.6,1200,18.0,2.8,32.9,DELAYED,NO,SHP-20260715-06927
2026-07-16 12:38:00,TRK-085,Rute-I,Gudang West (Tangerang),357.4,1200,18.44,0.4,33.6,LOADED,YES,SHP-20260716-06928
2026-07-17 15:49:00,TRK-088,Rute-N,Cikarang Industrial Hub,358.3,1200,18.88,0.6,34.2,RETURNING,NO,SHP-20260717-06929
2026-07-18 09:00:00,TRK-091,Rute-A,Bogor Transit Hub,359.2,1400,19.32,0.7,34.8,DELIVERED,YES,SHP-20260718-06930
2026-07-19 12:11:00,TRK-094,Rute-F,Depok Hub,360.1,1200,19.76,0.9,35.4,IN_TRANSIT,YES,SHP-20260719-06931
2026-07-20 15:22:00,TRK-097,Rute-K,Bekasi Logistics Hub,361.0,1200,20.2,1.0,36.0,DELAYED,NO,SHP-20260720-06932
2026-07-21 17:33:00,TRK-100,Rute-P,Petamburan Hub,361.8,1200,20.64,1.2,36.7,LOADED,YES,SHP-20260721-06933
2026-07-22 10:44:00,TRK-103,Rute-C,Grogol Hub (Jakbar),362.7,1200,21.08,1.4,37.3,RETURNING,NO,SHP-20260722-06934
2026-07-23 13:55:00,TRK-106,Rute-H,Central Hub (Jakarta),363.6,1400,21.52,1.5,37.9,DELIVERED,YES,SHP-20260723-06935
2026-07-24 17:06:00,TRK-109,Rute-M,Gudang West (Tangerang),364.5,1200,21.96,1.7,38.5,IN_TRANSIT,YES,SHP-20260724-06936
2026-07-25 10:17:00,TRK-112,Rute-R,Cikarang Industrial Hub,365.4,1200,22.4,1.8,39.1,DELAYED,NO,SHP-20260725-06937
2026-07-26 13:28:00,TRK-115,Rute-E,Bogor Transit Hub,366.2,1200,22.84,2.0,39.8,LOADED,YES,SHP-20260726-06938
2026-07-27 15:39:00,TRK-118,Rute-J,Depok Hub,367.1,1200,23.28,2.2,40.4,RETURNING,NO,SHP-20260727-06939
2026-07-28 08:50:00,TRK-121,Rute-O,Bekasi Logistics Hub,368.0,1400,23.72,2.3,41.0,DELIVERED,YES,SHP-20260728-06940
2026-07-29 12:01:00,TRK-124,Rute-B,Petamburan Hub,368.9,1200,24.16,2.5,41.6,IN_TRANSIT,YES,SHP-20260729-06941
2026-07-30 15:12:00,TRK-127,Rute-G,Grogol Hub (Jakbar),369.8,1200,24.6,2.6,42.2,DELAYED,NO,SHP-20260730-06942
2026-07-31 18:23:00,TRK-130,Rute-L,Central Hub (Jakarta),370.6,1200,25.04,2.8,42.9,LOADED,YES,SHP-20260731-06943
2026-07-01 10:34:00,TRK-133,Rute-Q,Gudang West (Tangerang),371.5,1200,25.48,0.4,43.5,RETURNING,NO,SHP-20260701-06944
2026-07-02 13:45:00,TRK-136,Rute-D,Cikarang Industrial Hub,372.4,1400,25.92,0.6,44.1,DELIVERED,YES,SHP-20260702-06945
2026-07-03 16:56:00,TRK-139,Rute-I,Bogor Transit Hub,373.3,1200,26.36,0.7,44.7,IN_TRANSIT,YES,SHP-20260703-06946
2026-07-04 10:07:00,TRK-142,Rute-N,Depok Hub,374.2,1200,26.8,0.9,45.3,DELAYED,NO,SHP-20260704-06947
2026-07-05 13:18:00,TRK-145,Rute-A,Bekasi Logistics Hub,375.0,1200,11.4,1.0,46.0,LOADED,YES,SHP-20260705-06948
2026-07-06 16:29:00,TRK-148,Rute-F,Petamburan Hub,375.9,1200,11.84,1.2,46.6,RETURNING,NO,SHP-20260706-06949
2026-07-07 08:40:00,TRK-151,Rute-K,Grogol Hub (Jakbar),376.8,1400,12.28,1.4,47.2,DELIVERED,YES,SHP-20260707-06950
2026-07-08 11:51:00,TRK-154,Rute-P,Central Hub (Jakarta),377.7,1200,12.72,1.5,47.8,IN_TRANSIT,YES,SHP-20260708-06951
2026-07-09 15:02:00,TRK-157,Rute-C,Gudang West (Tangerang),378.6,1200,13.16,1.7,48.4,DELAYED,NO,SHP-20260709-06952
2026-07-10 18:13:00,TRK-160,Rute-H,Cikarang Industrial Hub,379.4,1200,13.6,1.8,49.1,LOADED,YES,SHP-20260710-06953
2026-07-11 11:24:00,TRK-163,Rute-M,Bogor Transit Hub,380.3,1200,14.04,2.0,49.7,RETURNING,NO,SHP-20260711-06954
2026-07-12 13:35:00,TRK-166,Rute-R,Depok Hub,381.2,1400,14.48,2.2,50.3,DELIVERED,YES,SHP-20260712-06955
2026-07-13 16:46:00,TRK-169,Rute-E,Bekasi Logistics Hub,382.1,1200,14.92,2.3,50.9,IN_TRANSIT,YES,SHP-20260713-06956
2026-07-14 09:57:00,TRK-172,Rute-J,Petamburan Hub,383.0,1200,15.36,2.5,51.5,DELAYED,NO,SHP-20260714-06957
2026-07-15 13:08:00,TRK-175,Rute-O,Grogol Hub (Jakbar),383.8,1200,15.8,2.6,52.2,LOADED,YES,SHP-20260715-06958
2026-07-16 16:19:00,TRK-178,Rute-B,Central Hub (Jakarta),384.7,1200,16.24,2.8,52.8,RETURNING,NO,SHP-20260716-06959
2026-07-17 08:30:00,TRK-001,Rute-G,Gudang West (Tangerang),385.6,1400,16.68,0.4,53.4,DELIVERED,YES,SHP-20260717-06960
2026-07-18 11:41:00,TRK-004,Rute-L,Cikarang Industrial Hub,386.5,1200,17.12,0.6,54.0,IN_TRANSIT,YES,SHP-20260718-06961
2026-07-19 14:52:00,TRK-007,Rute-Q,Bogor Transit Hub,387.4,1200,17.56,0.7,54.6,DELAYED,NO,SHP-20260719-06962
2026-07-20 18:03:00,TRK-010,Rute-D,Depok Hub,388.2,1200,18.0,0.9,55.3,LOADED,YES,SHP-20260720-06963
2026-07-21 11:14:00,TRK-013,Rute-I,Bekasi Logistics Hub,389.1,1200,18.44,1.0,55.9,RETURNING,NO,SHP-20260721-06964
2026-07-22 14:25:00,TRK-016,Rute-N,Petamburan Hub,390.0,1400,18.88,1.2,56.5,DELIVERED,YES,SHP-20260722-06965
2026-07-23 16:36:00,TRK-019,Rute-A,Grogol Hub (Jakbar),390.9,1200,19.32,1.4,57.1,IN_TRANSIT,YES,SHP-20260723-06966
2026-07-24 09:47:00,TRK-022,Rute-F,Central Hub (Jakarta),391.8,1200,19.76,1.5,57.7,DELAYED,NO,SHP-20260724-06967
2026-07-25 12:58:00,TRK-025,Rute-K,Gudang West (Tangerang),392.6,1200,20.2,1.7,58.4,LOADED,YES,SHP-20260725-06968
2026-07-26 16:09:00,TRK-028,Rute-P,Cikarang Industrial Hub,393.5,1200,20.64,1.8,59.0,RETURNING,NO,SHP-20260726-06969
2026-07-27 09:20:00,TRK-031,Rute-C,Bogor Transit Hub,394.4,1400,21.08,2.0,59.6,DELIVERED,YES,SHP-20260727-06970
2026-07-28 11:31:00,TRK-034,Rute-H,Depok Hub,395.3,1200,21.52,2.2,60.2,IN_TRANSIT,YES,SHP-20260728-06971
2026-07-29 14:42:00,TRK-037,Rute-M,Bekasi Logistics Hub,396.2,1200,21.96,2.3,60.8,DELAYED,NO,SHP-20260729-06972
2026-07-30 17:53:00,TRK-040,Rute-R,Petamburan Hub,397.0,1200,22.4,2.5,61.5,LOADED,YES,SHP-20260730-06973
2026-07-31 11:04:00,TRK-043,Rute-E,Grogol Hub (Jakbar),397.9,1200,22.84,2.6,62.1,RETURNING,NO,SHP-20260731-06974
2026-07-01 14:15:00,TRK-046,Rute-J,Central Hub (Jakarta),398.8,1400,23.28,2.8,62.7,DELIVERED,YES,SHP-20260701-06975
2026-07-02 17:26:00,TRK-049,Rute-O,Gudang West (Tangerang),399.7,1200,23.72,0.4,63.3,IN_TRANSIT,YES,SHP-20260702-06976
2026-07-03 09:37:00,TRK-052,Rute-B,Cikarang Industrial Hub,400.6,1200,24.16,0.6,63.9,DELAYED,NO,SHP-20260703-06977
2026-07-04 12:48:00,TRK-055,Rute-G,Bogor Transit Hub,401.4,1200,24.6,0.7,64.6,LOADED,YES,SHP-20260704-06978
2026-07-05 15:59:00,TRK-058,Rute-L,Depok Hub,402.3,1200,25.04,0.9,65.2,RETURNING,NO,SHP-20260705-06979
2026-07-06 09:10:00,TRK-061,Rute-Q,Bekasi Logistics Hub,403.2,1400,25.48,1.0,65.8,DELIVERED,YES,SHP-20260706-06980
2026-07-07 12:21:00,TRK-064,Rute-D,Petamburan Hub,404.1,1200,25.92,1.2,66.4,IN_TRANSIT,YES,SHP-20260707-06981
2026-07-08 14:32:00,TRK-067,Rute-I,Grogol Hub (Jakbar),405.0,1200,26.36,1.4,67.0,DELAYED,NO,SHP-20260708-06982
2026-07-09 17:43:00,TRK-070,Rute-N,Central Hub (Jakarta),405.8,1200,26.8,1.5,67.7,LOADED,YES,SHP-20260709-06983
2026-07-10 10:54:00,TRK-073,Rute-A,Gudang West (Tangerang),406.7,1200,11.4,1.7,68.3,RETURNING,NO,SHP-20260710-06984
2026-07-11 14:05:00,TRK-076,Rute-F,Cikarang Industrial Hub,407.6,1400,11.84,1.8,68.9,DELIVERED,YES,SHP-20260711-06985
2026-07-12 17:16:00,TRK-079,Rute-K,Bogor Transit Hub,408.5,1200,12.28,2.0,69.5,IN_TRANSIT,YES,SHP-20260712-06986
2026-07-13 10:27:00,TRK-082,Rute-P,Depok Hub,409.4,1200,12.72,2.2,70.1,DELAYED,NO,SHP-20260713-06987
2026-07-14 12:38:00,TRK-085,Rute-C,Bekasi Logistics Hub,410.2,1200,13.16,2.3,70.8,LOADED,YES,SHP-20260714-06988
2026-07-15 15:49:00,TRK-088,Rute-H,Petamburan Hub,411.1,1200,13.6,2.5,71.4,RETURNING,NO,SHP-20260715-06989
2026-07-16 09:00:00,TRK-091,Rute-M,Grogol Hub (Jakbar),412.0,1400,14.04,2.6,72.0,DELIVERED,YES,SHP-20260716-06990
2026-07-17 12:11:00,TRK-094,Rute-R,Central Hub (Jakarta),412.9,1200,14.48,2.8,72.6,IN_TRANSIT,YES,SHP-20260717-06991
2026-07-18 15:22:00,TRK-097,Rute-E,Gudang West (Tangerang),413.8,1200,14.92,0.4,73.2,DELAYED,NO,SHP-20260718-06992
2026-07-19 17:33:00,TRK-100,Rute-J,Cikarang Industrial Hub,414.6,1200,15.36,0.6,73.9,LOADED,YES,SHP-20260719-06993
2026-07-20 10:44:00,TRK-103,Rute-O,Bogor Transit Hub,415.5,1200,15.8,0.7,74.5,RETURNING,NO,SHP-20260720-06994
2026-07-21 13:55:00,TRK-106,Rute-B,Depok Hub,416.4,1400,16.24,0.9,75.1,DELIVERED,YES,SHP-20260721-06995
2026-07-22 17:06:00,TRK-109,Rute-G,Bekasi Logistics Hub,417.3,1200,16.68,1.0,75.7,IN_TRANSIT,YES,SHP-20260722-06996
2026-07-23 10:17:00,TRK-112,Rute-L,Petamburan Hub,418.2,1200,17.12,1.2,76.3,DELAYED,NO,SHP-20260723-06997
2026-07-24 13:28:00,TRK-115,Rute-Q,Grogol Hub (Jakbar),419.0,1200,17.56,1.4,77.0,LOADED,YES,SHP-20260724-06998
2026-07-25 15:39:00,TRK-118,Rute-D,Central Hub (Jakarta),419.9,1200,18.0,1.5,77.6,RETURNING,NO,SHP-20260725-06999
2026-07-26 08:50:00,TRK-121,Rute-I,Gudang West (Tangerang),420.8,1400,18.44,1.7,78.2,DELIVERED,YES,SHP-20260726-07000
2026-07-27 12:01:00,TRK-124,Rute-N,Cikarang Industrial Hub,421.7,1200,18.88,1.8,78.8,IN_TRANSIT,YES,SHP-20260727-07001
2026-07-28 15:12:00,TRK-127,Rute-A,Bogor Transit Hub,422.6,1200,19.32,2.0,79.4,DELAYED,NO,SHP-20260728-07002
2026-07-29 18:23:00,TRK-130,Rute-F,Depok Hub,423.4,1200,19.76,2.2,80.1,LOADED,YES,SHP-20260729-07003
2026-07-30 10:34:00,TRK-133,Rute-K,Bekasi Logistics Hub,424.3,1200,20.2,2.3,80.7,RETURNING,NO,SHP-20260730-07004
2026-07-31 13:45:00,TRK-136,Rute-P,Petamburan Hub,425.2,1400,20.64,2.5,81.3,DELIVERED,YES,SHP-20260731-07005
2026-07-01 16:56:00,TRK-139,Rute-C,Grogol Hub (Jakbar),426.1,1200,21.08,2.6,81.9,IN_TRANSIT,YES,SHP-20260701-07006
2026-07-02 10:07:00,TRK-142,Rute-H,Central Hub (Jakarta),427.0,1200,21.52,2.8,82.5,DELAYED,NO,SHP-20260702-07007
2026-07-03 13:18:00,TRK-145,Rute-M,Gudang West (Tangerang),427.8,1200,21.96,0.4,83.2,LOADED,YES,SHP-20260703-07008
2026-07-04 16:29:00,TRK-148,Rute-R,Cikarang Industrial Hub,428.7,1200,22.4,0.6,83.8,RETURNING,NO,SHP-20260704-07009
2026-07-05 08:40:00,TRK-151,Rute-E,Bogor Transit Hub,429.6,1400,22.84,0.7,84.4,DELIVERED,YES,SHP-20260705-07010
2026-07-06 11:51:00,TRK-154,Rute-J,Depok Hub,430.5,1200,23.28,0.9,85.0,IN_TRANSIT,YES,SHP-20260706-07011
2026-07-07 15:02:00,TRK-157,Rute-O,Bekasi Logistics Hub,431.4,1200,23.72,1.0,85.6,DELAYED,NO,SHP-20260707-07012
2026-07-08 18:13:00,TRK-160,Rute-B,Petamburan Hub,432.2,1200,24.16,1.2,86.3,LOADED,YES,SHP-20260708-07013
2026-07-09 11:24:00,TRK-163,Rute-G,Grogol Hub (Jakbar),433.1,1200,24.6,1.4,86.9,RETURNING,NO,SHP-20260709-07014
2026-07-10 13:35:00,TRK-166,Rute-L,Central Hub (Jakarta),434.0,1400,25.04,1.5,87.5,DELIVERED,YES,SHP-20260710-07015
2026-07-11 16:46:00,TRK-169,Rute-Q,Gudang West (Tangerang),434.9,1200,25.48,1.7,88.1,IN_TRANSIT,YES,SHP-20260711-07016
2026-07-12 09:57:00,TRK-172,Rute-D,Cikarang Industrial Hub,435.8,1200,25.92,1.8,88.7,DELAYED,NO,SHP-20260712-07017
2026-07-13 13:08:00,TRK-175,Rute-I,Bogor Transit Hub,436.6,1200,26.36,2.0,89.4,LOADED,YES,SHP-20260713-07018
2026-07-14 16:19:00,TRK-178,Rute-N,Depok Hub,437.5,1200,26.8,2.2,90.0,RETURNING,NO,SHP-20260714-07019
2026-07-15 08:30:00,TRK-001,Rute-A,Bekasi Logistics Hub,438.4,1400,11.4,2.3,10.0,DELIVERED,YES,SHP-20260715-07020
2026-07-16 11:41:00,TRK-004,Rute-F,Petamburan Hub,439.3,1200,11.84,2.5,10.6,IN_TRANSIT,YES,SHP-20260716-07021
2026-07-17 14:52:00,TRK-007,Rute-K,Grogol Hub (Jakbar),440.2,1200,12.28,2.6,11.2,DELAYED,NO,SHP-20260717-07022
2026-07-18 18:03:00,TRK-010,Rute-P,Central Hub (Jakarta),441.0,1200,12.72,2.8,11.9,LOADED,YES,SHP-20260718-07023
2026-07-19 11:14:00,TRK-013,Rute-C,Gudang West (Tangerang),441.9,1200,13.16,0.4,12.5,RETURNING,NO,SHP-20260719-07024
2026-07-20 14:25:00,TRK-016,Rute-H,Cikarang Industrial Hub,442.8,1400,13.6,0.6,13.1,DELIVERED,YES,SHP-20260720-07025
2026-07-21 16:36:00,TRK-019,Rute-M,Bogor Transit Hub,443.7,1200,14.04,0.7,13.7,IN_TRANSIT,YES,SHP-20260721-07026
2026-07-22 09:47:00,TRK-022,Rute-R,Depok Hub,444.6,1200,14.48,0.9,14.3,DELAYED,NO,SHP-20260722-07027
2026-07-23 12:58:00,TRK-025,Rute-E,Bekasi Logistics Hub,445.4,1200,14.92,1.0,15.0,LOADED,YES,SHP-20260723-07028
2026-07-24 16:09:00,TRK-028,Rute-J,Petamburan Hub,446.3,1200,15.36,1.2,15.6,RETURNING,NO,SHP-20260724-07029
2026-07-25 09:20:00,TRK-031,Rute-O,Grogol Hub (Jakbar),447.2,1400,15.8,1.4,16.2,DELIVERED,YES,SHP-20260725-07030
2026-07-26 11:31:00,TRK-034,Rute-B,Central Hub (Jakarta),448.1,1200,16.24,1.5,16.8,IN_TRANSIT,YES,SHP-20260726-07031
2026-07-27 14:42:00,TRK-037,Rute-G,Gudang West (Tangerang),449.0,1200,16.68,1.7,17.4,DELAYED,NO,SHP-20260727-07032
2026-07-28 17:53:00,TRK-040,Rute-L,Cikarang Industrial Hub,449.8,1200,17.12,1.8,18.1,LOADED,YES,SHP-20260728-07033
2026-07-29 11:04:00,TRK-043,Rute-Q,Bogor Transit Hub,450.7,1200,17.56,2.0,18.7,RETURNING,NO,SHP-20260729-07034
2026-07-30 14:15:00,TRK-046,Rute-D,Depok Hub,451.6,1400,18.0,2.2,19.3,DELIVERED,YES,SHP-20260730-07035
2026-07-31 17:26:00,TRK-049,Rute-I,Bekasi Logistics Hub,452.5,1200,18.44,2.3,19.9,IN_TRANSIT,YES,SHP-20260731-07036
2026-07-01 09:37:00,TRK-052,Rute-N,Petamburan Hub,453.4,1200,18.88,2.5,20.5,DELAYED,NO,SHP-20260701-07037
2026-07-02 12:48:00,TRK-055,Rute-A,Grogol Hub (Jakbar),454.2,1200,19.32,2.6,21.2,LOADED,YES,SHP-20260702-07038
2026-07-03 15:59:00,TRK-058,Rute-F,Central Hub (Jakarta),455.1,1200,19.76,2.8,21.8,RETURNING,NO,SHP-20260703-07039
2026-07-04 09:10:00,TRK-061,Rute-K,Gudang West (Tangerang),456.0,1400,20.2,0.4,22.4,DELIVERED,YES,SHP-20260704-07040
2026-07-05 12:21:00,TRK-064,Rute-P,Cikarang Industrial Hub,456.9,1200,20.64,0.6,23.0,IN_TRANSIT,YES,SHP-20260705-07041
2026-07-06 14:32:00,TRK-067,Rute-C,Bogor Transit Hub,457.8,1200,21.08,0.7,23.6,DELAYED,NO,SHP-20260706-07042
2026-07-07 17:43:00,TRK-070,Rute-H,Depok Hub,458.6,1200,21.52,0.9,24.3,LOADED,YES,SHP-20260707-07043
2026-07-08 10:54:00,TRK-073,Rute-M,Bekasi Logistics Hub,459.5,1200,21.96,1.0,24.9,RETURNING,NO,SHP-20260708-07044
2026-07-09 14:05:00,TRK-076,Rute-R,Petamburan Hub,460.4,1400,22.4,1.2,25.5,DELIVERED,YES,SHP-20260709-07045
2026-07-10 17:16:00,TRK-079,Rute-E,Grogol Hub (Jakbar),461.3,1200,22.84,1.4,26.1,IN_TRANSIT,YES,SHP-20260710-07046
2026-07-11 10:27:00,TRK-082,Rute-J,Central Hub (Jakarta),462.2,1200,23.28,1.5,26.7,DELAYED,NO,SHP-20260711-07047
2026-07-12 12:38:00,TRK-085,Rute-O,Gudang West (Tangerang),463.0,1200,23.72,1.7,27.4,LOADED,YES,SHP-20260712-07048
2026-07-13 15:49:00,TRK-088,Rute-B,Cikarang Industrial Hub,463.9,1200,24.16,1.8,28.0,RETURNING,NO,SHP-20260713-07049
2026-07-14 09:00:00,TRK-091,Rute-G,Bogor Transit Hub,464.8,1400,24.6,2.0,28.6,DELIVERED,YES,SHP-20260714-07050
2026-07-15 12:11:00,TRK-094,Rute-L,Depok Hub,465.7,1200,25.04,2.2,29.2,IN_TRANSIT,YES,SHP-20260715-07051
2026-07-16 15:22:00,TRK-097,Rute-Q,Bekasi Logistics Hub,466.6,1200,25.48,2.3,29.8,DELAYED,NO,SHP-20260716-07052
2026-07-17 17:33:00,TRK-100,Rute-D,Petamburan Hub,467.4,1200,25.92,2.5,30.5,LOADED,YES,SHP-20260717-07053
2026-07-18 10:44:00,TRK-103,Rute-I,Grogol Hub (Jakbar),468.3,1200,26.36,2.6,31.1,RETURNING,NO,SHP-20260718-07054
2026-07-19 13:55:00,TRK-106,Rute-N,Central Hub (Jakarta),469.2,1400,26.8,2.8,31.7,DELIVERED,YES,SHP-20260719-07055
2026-07-20 17:06:00,TRK-109,Rute-A,Gudang West (Tangerang),470.1,1200,11.4,0.4,32.3,IN_TRANSIT,YES,SHP-20260720-07056
2026-07-21 10:17:00,TRK-112,Rute-F,Cikarang Industrial Hub,471.0,1200,11.84,0.6,32.9,DELAYED,NO,SHP-20260721-07057
2026-07-22 13:28:00,TRK-115,Rute-K,Bogor Transit Hub,471.8,1200,12.28,0.7,33.6,LOADED,YES,SHP-20260722-07058
2026-07-23 15:39:00,TRK-118,Rute-P,Depok Hub,472.7,1200,12.72,0.9,34.2,RETURNING,NO,SHP-20260723-07059
2026-07-24 08:50:00,TRK-121,Rute-C,Bekasi Logistics Hub,473.6,1400,13.16,1.0,34.8,DELIVERED,YES,SHP-20260724-07060
2026-07-25 12:01:00,TRK-124,Rute-H,Petamburan Hub,474.5,1200,13.6,1.2,35.4,IN_TRANSIT,YES,SHP-20260725-07061
2026-07-26 15:12:00,TRK-127,Rute-M,Grogol Hub (Jakbar),475.4,1200,14.04,1.4,36.0,DELAYED,NO,SHP-20260726-07062
2026-07-27 18:23:00,TRK-130,Rute-R,Central Hub (Jakarta),476.2,1200,14.48,1.5,36.7,LOADED,YES,SHP-20260727-07063
2026-07-28 10:34:00,TRK-133,Rute-E,Gudang West (Tangerang),477.1,1200,14.92,1.7,37.3,RETURNING,NO,SHP-20260728-07064
2026-07-29 13:45:00,TRK-136,Rute-J,Cikarang Industrial Hub,478.0,1400,15.36,1.8,37.9,DELIVERED,YES,SHP-20260729-07065
2026-07-30 16:56:00,TRK-139,Rute-O,Bogor Transit Hub,478.9,1200,15.8,2.0,38.5,IN_TRANSIT,YES,SHP-20260730-07066
2026-07-31 10:07:00,TRK-142,Rute-B,Depok Hub,479.8,1200,16.24,2.2,39.1,DELAYED,NO,SHP-20260731-07067
2026-07-01 13:18:00,TRK-145,Rute-G,Bekasi Logistics Hub,480.6,1200,16.68,2.3,39.8,LOADED,YES,SHP-20260701-07068
2026-07-02 16:29:00,TRK-148,Rute-L,Petamburan Hub,481.5,1200,17.12,2.5,40.4,RETURNING,NO,SHP-20260702-07069
2026-07-03 08:40:00,TRK-151,Rute-Q,Grogol Hub (Jakbar),482.4,1400,17.56,2.6,41.0,DELIVERED,YES,SHP-20260703-07070
2026-07-04 11:51:00,TRK-154,Rute-D,Central Hub (Jakarta),483.3,1200,18.0,2.8,41.6,IN_TRANSIT,YES,SHP-20260704-07071
2026-07-05 15:02:00,TRK-157,Rute-I,Gudang West (Tangerang),484.2,1200,18.44,0.4,42.2,DELAYED,NO,SHP-20260705-07072
2026-07-06 18:13:00,TRK-160,Rute-N,Cikarang Industrial Hub,485.0,1200,18.88,0.6,42.9,LOADED,YES,SHP-20260706-07073
2026-07-07 11:24:00,TRK-163,Rute-A,Bogor Transit Hub,485.9,1200,19.32,0.7,43.5,RETURNING,NO,SHP-20260707-07074
2026-07-08 13:35:00,TRK-166,Rute-F,Depok Hub,486.8,1400,19.76,0.9,44.1,DELIVERED,YES,SHP-20260708-07075
2026-07-09 16:46:00,TRK-169,Rute-K,Bekasi Logistics Hub,487.7,1200,20.2,1.0,44.7,IN_TRANSIT,YES,SHP-20260709-07076
2026-07-10 09:57:00,TRK-172,Rute-P,Petamburan Hub,488.6,1200,20.64,1.2,45.3,DELAYED,NO,SHP-20260710-07077
2026-07-11 13:08:00,TRK-175,Rute-C,Grogol Hub (Jakbar),489.4,1200,21.08,1.4,46.0,LOADED,YES,SHP-20260711-07078
2026-07-12 16:19:00,TRK-178,Rute-H,Central Hub (Jakarta),490.3,1200,21.52,1.5,46.6,RETURNING,NO,SHP-20260712-07079
2026-07-13 08:30:00,TRK-001,Rute-M,Gudang West (Tangerang),491.2,1400,21.96,1.7,47.2,DELIVERED,YES,SHP-20260713-07080
2026-07-14 11:41:00,TRK-004,Rute-R,Cikarang Industrial Hub,492.1,1200,22.4,1.8,47.8,IN_TRANSIT,YES,SHP-20260714-07081
2026-07-15 14:52:00,TRK-007,Rute-E,Bogor Transit Hub,493.0,1200,22.84,2.0,48.4,DELAYED,NO,SHP-20260715-07082
2026-07-16 18:03:00,TRK-010,Rute-J,Depok Hub,493.8,1200,23.28,2.2,49.1,LOADED,YES,SHP-20260716-07083
2026-07-17 11:14:00,TRK-013,Rute-O,Bekasi Logistics Hub,494.7,1200,23.72,2.3,49.7,RETURNING,NO,SHP-20260717-07084
2026-07-18 14:25:00,TRK-016,Rute-B,Petamburan Hub,495.6,1400,24.16,2.5,50.3,DELIVERED,YES,SHP-20260718-07085
2026-07-19 16:36:00,TRK-019,Rute-G,Grogol Hub (Jakbar),496.5,1200,24.6,2.6,50.9,IN_TRANSIT,YES,SHP-20260719-07086
2026-07-20 09:47:00,TRK-022,Rute-L,Central Hub (Jakarta),497.4,1200,25.04,2.8,51.5,DELAYED,NO,SHP-20260720-07087
2026-07-21 12:58:00,TRK-025,Rute-Q,Gudang West (Tangerang),498.2,1200,25.48,0.4,52.2,LOADED,YES,SHP-20260721-07088
2026-07-22 16:09:00,TRK-028,Rute-D,Cikarang Industrial Hub,499.1,1200,25.92,0.6,52.8,RETURNING,NO,SHP-20260722-07089
2026-07-23 09:20:00,TRK-031,Rute-I,Bogor Transit Hub,500.0,1400,26.36,0.7,53.4,DELIVERED,YES,SHP-20260723-07090
2026-07-24 11:31:00,TRK-034,Rute-N,Depok Hub,500.9,1200,26.8,0.9,54.0,IN_TRANSIT,YES,SHP-20260724-07091
2026-07-25 14:42:00,TRK-037,Rute-A,Bekasi Logistics Hub,501.8,1200,11.4,1.0,54.6,DELAYED,NO,SHP-20260725-07092
2026-07-26 17:53:00,TRK-040,Rute-F,Petamburan Hub,502.6,1200,11.84,1.2,55.3,LOADED,YES,SHP-20260726-07093
2026-07-27 11:04:00,TRK-043,Rute-K,Grogol Hub (Jakbar),503.5,1200,12.28,1.4,55.9,RETURNING,NO,SHP-20260727-07094
2026-07-28 14:15:00,TRK-046,Rute-P,Central Hub (Jakarta),504.4,1400,12.72,1.5,56.5,DELIVERED,YES,SHP-20260728-07095
2026-07-29 17:26:00,TRK-049,Rute-C,Gudang West (Tangerang),505.3,1200,13.16,1.7,57.1,IN_TRANSIT,YES,SHP-20260729-07096
2026-07-30 09:37:00,TRK-052,Rute-H,Cikarang Industrial Hub,506.2,1200,13.6,1.8,57.7,DELAYED,NO,SHP-20260730-07097
2026-07-31 12:48:00,TRK-055,Rute-M,Bogor Transit Hub,507.0,1200,14.04,2.0,58.4,LOADED,YES,SHP-20260731-07098
2026-07-01 15:59:00,TRK-058,Rute-R,Depok Hub,507.9,1200,14.48,2.2,59.0,RETURNING,NO,SHP-20260701-07099
2026-07-02 09:10:00,TRK-061,Rute-E,Bekasi Logistics Hub,508.8,1400,14.92,2.3,59.6,DELIVERED,YES,SHP-20260702-07100
2026-07-03 12:21:00,TRK-064,Rute-J,Petamburan Hub,509.7,1200,15.36,2.5,60.2,IN_TRANSIT,YES,SHP-20260703-07101
2026-07-04 14:32:00,TRK-067,Rute-O,Grogol Hub (Jakbar),510.6,1200,15.8,2.6,60.8,DELAYED,NO,SHP-20260704-07102
2026-07-05 17:43:00,TRK-070,Rute-B,Central Hub (Jakarta),511.4,1200,16.24,2.8,61.5,LOADED,YES,SHP-20260705-07103
2026-07-06 10:54:00,TRK-073,Rute-G,Gudang West (Tangerang),512.3,1200,16.68,0.4,62.1,RETURNING,NO,SHP-20260706-07104
2026-07-07 14:05:00,TRK-076,Rute-L,Cikarang Industrial Hub,513.2,1400,17.12,0.6,62.7,DELIVERED,YES,SHP-20260707-07105
2026-07-08 17:16:00,TRK-079,Rute-Q,Bogor Transit Hub,514.1,1200,17.56,0.7,63.3,IN_TRANSIT,YES,SHP-20260708-07106
2026-07-09 10:27:00,TRK-082,Rute-D,Depok Hub,515.0,1200,18.0,0.9,63.9,DELAYED,NO,SHP-20260709-07107
2026-07-10 12:38:00,TRK-085,Rute-I,Bekasi Logistics Hub,515.8,1200,18.44,1.0,64.6,LOADED,YES,SHP-20260710-07108
2026-07-11 15:49:00,TRK-088,Rute-N,Petamburan Hub,516.7,1200,18.88,1.2,65.2,RETURNING,NO,SHP-20260711-07109
2026-07-12 09:00:00,TRK-091,Rute-A,Grogol Hub (Jakbar),517.6,1400,19.32,1.4,65.8,DELIVERED,YES,SHP-20260712-07110
2026-07-13 12:11:00,TRK-094,Rute-F,Central Hub (Jakarta),518.5,1200,19.76,1.5,66.4,IN_TRANSIT,YES,SHP-20260713-07111
2026-07-14 15:22:00,TRK-097,Rute-K,Gudang West (Tangerang),519.4,1200,20.2,1.7,67.0,DELAYED,NO,SHP-20260714-07112
2026-07-15 17:33:00,TRK-100,Rute-P,Cikarang Industrial Hub,520.2,1200,20.64,1.8,67.7,LOADED,YES,SHP-20260715-07113
2026-07-16 10:44:00,TRK-103,Rute-C,Bogor Transit Hub,521.1,1200,21.08,2.0,68.3,RETURNING,NO,SHP-20260716-07114
2026-07-17 13:55:00,TRK-106,Rute-H,Depok Hub,522.0,1400,21.52,2.2,68.9,DELIVERED,YES,SHP-20260717-07115
2026-07-18 17:06:00,TRK-109,Rute-M,Bekasi Logistics Hub,522.9,1200,21.96,2.3,69.5,IN_TRANSIT,YES,SHP-20260718-07116
2026-07-19 10:17:00,TRK-112,Rute-R,Petamburan Hub,523.8,1200,22.4,2.5,70.1,DELAYED,NO,SHP-20260719-07117
2026-07-20 13:28:00,TRK-115,Rute-E,Grogol Hub (Jakbar),524.6,1200,22.84,2.6,70.8,LOADED,YES,SHP-20260720-07118
2026-07-21 15:39:00,TRK-118,Rute-J,Central Hub (Jakarta),525.5,1200,23.28,2.8,71.4,RETURNING,NO,SHP-20260721-07119
2026-07-22 08:50:00,TRK-121,Rute-O,Gudang West (Tangerang),526.4,1400,23.72,0.4,72.0,DELIVERED,YES,SHP-20260722-07120
2026-07-23 12:01:00,TRK-124,Rute-B,Cikarang Industrial Hub,527.3,1200,24.16,0.6,72.6,IN_TRANSIT,YES,SHP-20260723-07121
2026-07-24 15:12:00,TRK-127,Rute-G,Bogor Transit Hub,528.2,1200,24.6,0.7,73.2,DELAYED,NO,SHP-20260724-07122
2026-07-25 18:23:00,TRK-130,Rute-L,Depok Hub,529.0,1200,25.04,0.9,73.9,LOADED,YES,SHP-20260725-07123
2026-07-26 10:34:00,TRK-133,Rute-Q,Bekasi Logistics Hub,529.9,1200,25.48,1.0,74.5,RETURNING,NO,SHP-20260726-07124
2026-07-27 13:45:00,TRK-136,Rute-D,Petamburan Hub,530.8,1400,25.92,1.2,75.1,DELIVERED,YES,SHP-20260727-07125
2026-07-28 16:56:00,TRK-139,Rute-I,Grogol Hub (Jakbar),531.7,1200,26.36,1.4,75.7,IN_TRANSIT,YES,SHP-20260728-07126
2026-07-29 10:07:00,TRK-142,Rute-N,Central Hub (Jakarta),532.6,1200,26.8,1.5,76.3,DELAYED,NO,SHP-20260729-07127
2026-07-30 13:18:00,TRK-145,Rute-A,Gudang West (Tangerang),533.4,1200,11.4,1.7,77.0,LOADED,YES,SHP-20260730-07128
2026-07-31 16:29:00,TRK-148,Rute-F,Cikarang Industrial Hub,534.3,1200,11.84,1.8,77.6,RETURNING,NO,SHP-20260731-07129
2026-07-01 08:40:00,TRK-151,Rute-K,Bogor Transit Hub,535.2,1400,12.28,2.0,78.2,DELIVERED,YES,SHP-20260701-07130
2026-07-02 11:51:00,TRK-154,Rute-P,Depok Hub,536.1,1200,12.72,2.2,78.8,IN_TRANSIT,YES,SHP-20260702-07131
2026-07-03 15:02:00,TRK-157,Rute-C,Bekasi Logistics Hub,537.0,1200,13.16,2.3,79.4,DELAYED,NO,SHP-20260703-07132
2026-07-04 18:13:00,TRK-160,Rute-H,Petamburan Hub,537.8,1200,13.6,2.5,80.1,LOADED,YES,SHP-20260704-07133
2026-07-05 11:24:00,TRK-163,Rute-M,Grogol Hub (Jakbar),538.7,1200,14.04,2.6,80.7,RETURNING,NO,SHP-20260705-07134
2026-07-06 13:35:00,TRK-166,Rute-R,Central Hub (Jakarta),539.6,1400,14.48,2.8,81.3,DELIVERED,YES,SHP-20260706-07135
2026-07-07 16:46:00,TRK-169,Rute-E,Gudang West (Tangerang),540.5,1200,14.92,0.4,81.9,IN_TRANSIT,YES,SHP-20260707-07136
2026-07-08 09:57:00,TRK-172,Rute-J,Cikarang Industrial Hub,541.4,1200,15.36,0.6,82.5,DELAYED,NO,SHP-20260708-07137
2026-07-09 13:08:00,TRK-175,Rute-O,Bogor Transit Hub,542.2,1200,15.8,0.7,83.2,LOADED,YES,SHP-20260709-07138
2026-07-10 16:19:00,TRK-178,Rute-B,Depok Hub,543.1,1200,16.24,0.9,83.8,RETURNING,NO,SHP-20260710-07139
2026-07-11 08:30:00,TRK-001,Rute-G,Bekasi Logistics Hub,544.0,1400,16.68,1.0,84.4,DELIVERED,YES,SHP-20260711-07140
2026-07-12 11:41:00,TRK-004,Rute-L,Petamburan Hub,544.9,1200,17.12,1.2,85.0,IN_TRANSIT,YES,SHP-20260712-07141
2026-07-13 14:52:00,TRK-007,Rute-Q,Grogol Hub (Jakbar),545.8,1200,17.56,1.4,85.6,DELAYED,NO,SHP-20260713-07142
2026-07-14 18:03:00,TRK-010,Rute-D,Central Hub (Jakarta),546.6,1200,18.0,1.5,86.3,LOADED,YES,SHP-20260714-07143
2026-07-15 11:14:00,TRK-013,Rute-I,Gudang West (Tangerang),547.5,1200,18.44,1.7,86.9,RETURNING,NO,SHP-20260715-07144
2026-07-16 14:25:00,TRK-016,Rute-N,Cikarang Industrial Hub,548.4,1400,18.88,1.8,87.5,DELIVERED,YES,SHP-20260716-07145
2026-07-17 16:36:00,TRK-019,Rute-A,Bogor Transit Hub,549.3,1200,19.32,2.0,88.1,IN_TRANSIT,YES,SHP-20260717-07146
2026-07-18 09:47:00,TRK-022,Rute-F,Depok Hub,550.2,1200,19.76,2.2,88.7,DELAYED,NO,SHP-20260718-07147
2026-07-19 12:58:00,TRK-025,Rute-K,Bekasi Logistics Hub,551.0,1200,20.2,2.3,89.4,LOADED,YES,SHP-20260719-07148
2026-07-20 16:09:00,TRK-028,Rute-P,Petamburan Hub,551.9,1200,20.64,2.5,90.0,RETURNING,NO,SHP-20260720-07149
2026-07-21 09:20:00,TRK-031,Rute-C,Grogol Hub (Jakbar),552.8,1400,21.08,2.6,10.0,DELIVERED,YES,SHP-20260721-07150
2026-07-22 11:31:00,TRK-034,Rute-H,Central Hub (Jakarta),553.7,1200,21.52,2.8,10.6,IN_TRANSIT,YES,SHP-20260722-07151
2026-07-23 14:42:00,TRK-037,Rute-M,Gudang West (Tangerang),554.6,1200,21.96,0.4,11.2,DELAYED,NO,SHP-20260723-07152
2026-07-24 17:53:00,TRK-040,Rute-R,Cikarang Industrial Hub,555.4,1200,22.4,0.6,11.9,LOADED,YES,SHP-20260724-07153
2026-07-25 11:04:00,TRK-043,Rute-E,Bogor Transit Hub,556.3,1200,22.84,0.7,12.5,RETURNING,NO,SHP-20260725-07154
2026-07-26 14:15:00,TRK-046,Rute-J,Depok Hub,557.2,1400,23.28,0.9,13.1,DELIVERED,YES,SHP-20260726-07155
2026-07-27 17:26:00,TRK-049,Rute-O,Bekasi Logistics Hub,558.1,1200,23.72,1.0,13.7,IN_TRANSIT,YES,SHP-20260727-07156
2026-07-28 09:37:00,TRK-052,Rute-B,Petamburan Hub,559.0,1200,24.16,1.2,14.3,DELAYED,NO,SHP-20260728-07157
2026-07-29 12:48:00,TRK-055,Rute-G,Grogol Hub (Jakbar),559.8,1200,24.6,1.4,15.0,LOADED,YES,SHP-20260729-07158
2026-07-30 15:59:00,TRK-058,Rute-L,Central Hub (Jakarta),560.7,1200,25.04,1.5,15.6,RETURNING,NO,SHP-20260730-07159
2026-07-31 09:10:00,TRK-061,Rute-Q,Gudang West (Tangerang),561.6,1400,25.48,1.7,16.2,DELIVERED,YES,SHP-20260731-07160
2026-07-01 12:21:00,TRK-064,Rute-D,Cikarang Industrial Hub,562.5,1200,25.92,1.8,16.8,IN_TRANSIT,YES,SHP-20260701-07161
2026-07-02 14:32:00,TRK-067,Rute-I,Bogor Transit Hub,563.4,1200,26.36,2.0,17.4,DELAYED,NO,SHP-20260702-07162
2026-07-03 17:43:00,TRK-070,Rute-N,Depok Hub,564.2,1200,26.8,2.2,18.1,LOADED,YES,SHP-20260703-07163
2026-07-04 10:54:00,TRK-073,Rute-A,Bekasi Logistics Hub,565.1,1200,11.4,2.3,18.7,RETURNING,NO,SHP-20260704-07164
2026-07-05 14:05:00,TRK-076,Rute-F,Petamburan Hub,566.0,1400,11.84,2.5,19.3,DELIVERED,YES,SHP-20260705-07165
2026-07-06 17:16:00,TRK-079,Rute-K,Grogol Hub (Jakbar),566.9,1200,12.28,2.6,19.9,IN_TRANSIT,YES,SHP-20260706-07166
2026-07-07 10:27:00,TRK-082,Rute-P,Central Hub (Jakarta),567.8,1200,12.72,2.8,20.5,DELAYED,NO,SHP-20260707-07167
2026-07-08 12:38:00,TRK-085,Rute-C,Gudang West (Tangerang),568.6,1200,13.16,0.4,21.2,LOADED,YES,SHP-20260708-07168
2026-07-09 15:49:00,TRK-088,Rute-H,Cikarang Industrial Hub,569.5,1200,13.6,0.6,21.8,RETURNING,NO,SHP-20260709-07169
2026-07-10 09:00:00,TRK-091,Rute-M,Bogor Transit Hub,570.4,1400,14.04,0.7,22.4,DELIVERED,YES,SHP-20260710-07170
2026-07-11 12:11:00,TRK-094,Rute-R,Depok Hub,571.3,1200,14.48,0.9,23.0,IN_TRANSIT,YES,SHP-20260711-07171
2026-07-12 15:22:00,TRK-097,Rute-E,Bekasi Logistics Hub,572.2,1200,14.92,1.0,23.6,DELAYED,NO,SHP-20260712-07172
2026-07-13 17:33:00,TRK-100,Rute-J,Petamburan Hub,573.0,1200,15.36,1.2,24.3,LOADED,YES,SHP-20260713-07173
2026-07-14 10:44:00,TRK-103,Rute-O,Grogol Hub (Jakbar),573.9,1200,15.8,1.4,24.9,RETURNING,NO,SHP-20260714-07174
2026-07-15 13:55:00,TRK-106,Rute-B,Central Hub (Jakarta),574.8,1400,16.24,1.5,25.5,DELIVERED,YES,SHP-20260715-07175
2026-07-16 17:06:00,TRK-109,Rute-G,Gudang West (Tangerang),575.7,1200,16.68,1.7,26.1,IN_TRANSIT,YES,SHP-20260716-07176
2026-07-17 10:17:00,TRK-112,Rute-L,Cikarang Industrial Hub,576.6,1200,17.12,1.8,26.7,DELAYED,NO,SHP-20260717-07177
2026-07-18 13:28:00,TRK-115,Rute-Q,Bogor Transit Hub,577.4,1200,17.56,2.0,27.4,LOADED,YES,SHP-20260718-07178
2026-07-19 15:39:00,TRK-118,Rute-D,Depok Hub,578.3,1200,18.0,2.2,28.0,RETURNING,NO,SHP-20260719-07179
2026-07-20 08:50:00,TRK-121,Rute-I,Bekasi Logistics Hub,579.2,1400,18.44,2.3,28.6,DELIVERED,YES,SHP-20260720-07180
2026-07-21 12:01:00,TRK-124,Rute-N,Petamburan Hub,580.1,1200,18.88,2.5,29.2,IN_TRANSIT,YES,SHP-20260721-07181
2026-07-22 15:12:00,TRK-127,Rute-A,Grogol Hub (Jakbar),581.0,1200,19.32,2.6,29.8,DELAYED,NO,SHP-20260722-07182
2026-07-23 18:23:00,TRK-130,Rute-F,Central Hub (Jakarta),581.8,1200,19.76,2.8,30.5,LOADED,YES,SHP-20260723-07183
2026-07-24 10:34:00,TRK-133,Rute-K,Gudang West (Tangerang),582.7,1200,20.2,0.4,31.1,RETURNING,NO,SHP-20260724-07184
2026-07-25 13:45:00,TRK-136,Rute-P,Cikarang Industrial Hub,583.6,1400,20.64,0.6,31.7,DELIVERED,YES,SHP-20260725-07185
2026-07-26 16:56:00,TRK-139,Rute-C,Bogor Transit Hub,584.5,1200,21.08,0.7,32.3,IN_TRANSIT,YES,SHP-20260726-07186
2026-07-27 10:07:00,TRK-142,Rute-H,Depok Hub,585.4,1200,21.52,0.9,32.9,DELAYED,NO,SHP-20260727-07187
2026-07-28 13:18:00,TRK-145,Rute-M,Bekasi Logistics Hub,586.2,1200,21.96,1.0,33.6,LOADED,YES,SHP-20260728-07188
2026-07-29 16:29:00,TRK-148,Rute-R,Petamburan Hub,587.1,1200,22.4,1.2,34.2,RETURNING,NO,SHP-20260729-07189
2026-07-30 08:40:00,TRK-151,Rute-E,Grogol Hub (Jakbar),588.0,1400,22.84,1.4,34.8,DELIVERED,YES,SHP-20260730-07190
2026-07-31 11:51:00,TRK-154,Rute-J,Central Hub (Jakarta),588.9,1200,23.28,1.5,35.4,IN_TRANSIT,YES,SHP-20260731-07191
2026-07-01 15:02:00,TRK-157,Rute-O,Gudang West (Tangerang),589.8,1200,23.72,1.7,36.0,DELAYED,NO,SHP-20260701-07192
2026-07-02 18:13:00,TRK-160,Rute-B,Cikarang Industrial Hub,590.6,1200,24.16,1.8,36.7,LOADED,YES,SHP-20260702-07193
2026-07-03 11:24:00,TRK-163,Rute-G,Bogor Transit Hub,591.5,1200,24.6,2.0,37.3,RETURNING,NO,SHP-20260703-07194
2026-07-04 13:35:00,TRK-166,Rute-L,Depok Hub,592.4,1400,25.04,2.2,37.9,DELIVERED,YES,SHP-20260704-07195
2026-07-05 16:46:00,TRK-169,Rute-Q,Bekasi Logistics Hub,593.3,1200,25.48,2.3,38.5,IN_TRANSIT,YES,SHP-20260705-07196
2026-07-06 09:57:00,TRK-172,Rute-D,Petamburan Hub,594.2,1200,25.92,2.5,39.1,DELAYED,NO,SHP-20260706-07197
2026-07-07 13:08:00,TRK-175,Rute-I,Grogol Hub (Jakbar),595.0,1200,26.36,2.6,39.8,LOADED,YES,SHP-20260707-07198
2026-07-08 16:19:00,TRK-178,Rute-N,Central Hub (Jakarta),595.9,1200,26.8,2.8,40.4,RETURNING,NO,SHP-20260708-07199
