timestamp,vehicle_id,route_id,warehouse,cargo_weight_kg,max_capacity_kg,fuel_consumed_liters,idle_time_hours,distance_km,delivery_status,sla_met,dock_slot
2026-07-01 05:00:00,TRK-001,Rute-A,Gudang West (Tangerang),350.0,1200,9.8,0.3,8.0,DELIVERED,YES,DOCK-01
2026-07-02 09:13:00,TRK-008,Rute-C,Petamburan Hub,350.7,1200,10.21,0.4,8.6,IN_TRANSIT,YES,DOCK-02
2026-07-03 13:26:00,TRK-015,Rute-E,Bogor Transit Hub,351.4,1200,10.62,0.6,9.1,IDLE_DOCK,YES,DOCK-03
2026-07-04 17:39:00,TRK-022,Rute-G,Central Hub (Jakarta),352.1,1200,11.03,0.7,9.7,LOADED,YES,DOCK-04
2026-07-05 07:52:00,TRK-029,Rute-I,Bekasi Logistics Hub,352.8,1200,11.44,0.9,10.2,QUEUED,NO,DOCK-05
2026-07-06 11:05:00,TRK-036,Rute-K,Cikarang Industrial Hub,353.5,1200,11.85,1.0,10.8,DELIVERED,YES,DOCK-06
2026-07-07 15:18:00,TRK-043,Rute-M,Grogol Hub (Jakbar),354.2,1200,12.26,1.1,11.3,IN_TRANSIT,YES,DOCK-07
2026-07-08 05:31:00,TRK-050,Rute-O,Depok Hub,354.9,1200,12.67,1.3,11.9,IDLE_DOCK,YES,DOCK-08
2026-07-09 09:44:00,TRK-057,Rute-Q,Gudang West (Tangerang),355.6,1200,13.08,1.4,12.4,LOADED,YES,DOCK-09
2026-07-10 13:57:00,TRK-064,Rute-A,Petamburan Hub,356.3,1200,13.49,1.6,12.9,QUEUED,NO,DOCK-10
2026-07-11 17:10:00,TRK-071,Rute-C,Bogor Transit Hub,357.0,1200,13.9,1.7,13.5,DELIVERED,YES,DOCK-11
2026-07-12 07:23:00,TRK-078,Rute-E,Central Hub (Jakarta),357.7,1200,14.31,1.8,14.1,IN_TRANSIT,YES,DOCK-12
2026-07-13 11:36:00,TRK-085,Rute-G,Bekasi Logistics Hub,358.4,1200,14.72,2.0,14.6,IDLE_DOCK,YES,DOCK-01
2026-07-14 15:49:00,TRK-092,Rute-I,Cikarang Industrial Hub,359.1,1200,15.13,2.1,15.2,LOADED,YES,DOCK-02
2026-07-15 05:02:00,TRK-099,Rute-K,Grogol Hub (Jakbar),359.8,1200,15.54,2.3,15.7,QUEUED,NO,DOCK-03
2026-07-16 09:15:00,TRK-106,Rute-M,Depok Hub,360.5,1200,15.95,2.4,16.2,DELIVERED,YES,DOCK-04
2026-07-17 13:28:00,TRK-113,Rute-O,Gudang West (Tangerang),361.2,1200,16.36,2.5,16.8,IN_TRANSIT,YES,DOCK-05
2026-07-18 17:41:00,TRK-120,Rute-Q,Petamburan Hub,361.9,1200,16.77,2.7,17.4,IDLE_DOCK,YES,DOCK-06
2026-07-19 07:54:00,TRK-127,Rute-A,Bogor Transit Hub,362.6,1200,17.18,2.8,17.9,LOADED,YES,DOCK-07
2026-07-20 11:07:00,TRK-134,Rute-C,Central Hub (Jakarta),363.3,1200,17.59,3.0,18.5,QUEUED,NO,DOCK-08
2026-07-21 15:20:00,TRK-141,Rute-E,Bekasi Logistics Hub,364.0,1200,18.0,0.3,19.0,DELIVERED,YES,DOCK-09
2026-07-22 05:33:00,TRK-148,Rute-G,Cikarang Industrial Hub,364.7,1200,18.41,0.4,19.6,IN_TRANSIT,YES,DOCK-10
2026-07-23 09:46:00,TRK-155,Rute-I,Grogol Hub (Jakbar),365.4,1200,18.82,0.6,20.1,IDLE_DOCK,YES,DOCK-11
2026-07-24 13:59:00,TRK-162,Rute-K,Depok Hub,366.1,1200,19.23,0.7,20.6,LOADED,YES,DOCK-12
2026-07-25 17:12:00,TRK-169,Rute-M,Gudang West (Tangerang),366.8,1200,19.64,0.9,21.2,QUEUED,NO,DOCK-01
2026-07-26 07:25:00,TRK-176,Rute-O,Petamburan Hub,367.5,1200,20.05,1.0,21.8,DELIVERED,YES,DOCK-02
2026-07-27 11:38:00,TRK-003,Rute-Q,Bogor Transit Hub,368.2,1200,20.46,1.1,22.3,IN_TRANSIT,YES,DOCK-03
2026-07-28 15:51:00,TRK-010,Rute-A,Central Hub (Jakarta),368.9,1200,20.87,1.3,22.9,IDLE_DOCK,YES,DOCK-04
2026-07-29 05:04:00,TRK-017,Rute-C,Bekasi Logistics Hub,369.6,1200,21.28,1.4,23.4,LOADED,YES,DOCK-05
2026-07-30 09:17:00,TRK-024,Rute-E,Cikarang Industrial Hub,370.3,1200,21.69,1.6,24.0,QUEUED,NO,DOCK-06
2026-07-31 13:30:00,TRK-031,Rute-G,Grogol Hub (Jakbar),371.0,1200,22.1,1.7,24.5,DELIVERED,YES,DOCK-07
2026-07-01 17:43:00,TRK-038,Rute-I,Depok Hub,371.7,1200,22.51,1.8,25.1,IN_TRANSIT,YES,DOCK-08
2026-07-02 07:56:00,TRK-045,Rute-K,Gudang West (Tangerang),372.4,1200,22.92,2.0,25.6,IDLE_DOCK,YES,DOCK-09
2026-07-03 11:09:00,TRK-052,Rute-M,Petamburan Hub,373.1,1200,23.33,2.1,26.2,LOADED,YES,DOCK-10
2026-07-04 15:22:00,TRK-059,Rute-O,Bogor Transit Hub,373.8,1200,23.74,2.3,26.7,QUEUED,NO,DOCK-11
2026-07-05 05:35:00,TRK-066,Rute-Q,Central Hub (Jakarta),374.5,1200,24.15,2.4,27.2,DELIVERED,YES,DOCK-12
2026-07-06 09:48:00,TRK-073,Rute-A,Bekasi Logistics Hub,375.2,1200,24.56,2.5,27.8,IN_TRANSIT,YES,DOCK-01
2026-07-07 13:01:00,TRK-080,Rute-C,Cikarang Industrial Hub,375.9,1200,24.97,2.7,28.4,IDLE_DOCK,YES,DOCK-02
2026-07-08 17:14:00,TRK-087,Rute-E,Grogol Hub (Jakbar),376.6,1200,25.38,2.8,28.9,LOADED,YES,DOCK-03
2026-07-09 07:27:00,TRK-094,Rute-G,Depok Hub,377.3,1200,25.79,3.0,29.5,QUEUED,NO,DOCK-04
2026-07-10 11:40:00,TRK-101,Rute-I,Gudang West (Tangerang),378.0,1200,9.8,0.3,30.0,DELIVERED,YES,DOCK-05
2026-07-11 15:53:00,TRK-108,Rute-K,Petamburan Hub,378.7,1200,10.21,0.4,30.6,IN_TRANSIT,YES,DOCK-06
2026-07-12 05:06:00,TRK-115,Rute-M,Bogor Transit Hub,379.4,1200,10.62,0.6,31.1,IDLE_DOCK,YES,DOCK-07
2026-07-13 09:19:00,TRK-122,Rute-O,Central Hub (Jakarta),380.1,1200,11.03,0.7,31.7,LOADED,YES,DOCK-08
2026-07-14 13:32:00,TRK-129,Rute-Q,Bekasi Logistics Hub,380.8,1200,11.44,0.9,32.2,QUEUED,NO,DOCK-09
2026-07-15 17:45:00,TRK-136,Rute-A,Cikarang Industrial Hub,381.5,1200,11.85,1.0,32.8,DELIVERED,YES,DOCK-10
2026-07-16 07:58:00,TRK-143,Rute-C,Grogol Hub (Jakbar),382.2,1200,12.26,1.1,33.3,IN_TRANSIT,YES,DOCK-11
2026-07-17 11:11:00,TRK-150,Rute-E,Depok Hub,382.9,1200,12.67,1.3,33.9,IDLE_DOCK,YES,DOCK-12
2026-07-18 15:24:00,TRK-157,Rute-G,Gudang West (Tangerang),383.6,1200,13.08,1.4,34.4,LOADED,YES,DOCK-01
2026-07-19 05:37:00,TRK-164,Rute-I,Petamburan Hub,384.3,1200,13.49,1.6,35.0,QUEUED,NO,DOCK-02
2026-07-20 09:50:00,TRK-171,Rute-K,Bogor Transit Hub,385.0,1200,13.9,1.7,35.5,DELIVERED,YES,DOCK-03
2026-07-21 13:03:00,TRK-178,Rute-M,Central Hub (Jakarta),385.7,1200,14.31,1.8,36.0,IN_TRANSIT,YES,DOCK-04
2026-07-22 17:16:00,TRK-005,Rute-O,Bekasi Logistics Hub,386.4,1200,14.72,2.0,36.6,IDLE_DOCK,YES,DOCK-05
2026-07-23 07:29:00,TRK-012,Rute-Q,Cikarang Industrial Hub,387.1,1200,15.13,2.1,37.2,LOADED,YES,DOCK-06
2026-07-24 11:42:00,TRK-019,Rute-A,Grogol Hub (Jakbar),387.8,1200,15.54,2.3,37.7,QUEUED,NO,DOCK-07
2026-07-25 15:55:00,TRK-026,Rute-C,Depok Hub,388.5,1200,15.95,2.4,38.2,DELIVERED,YES,DOCK-08
2026-07-26 05:08:00,TRK-033,Rute-E,Gudang West (Tangerang),389.2,1200,16.36,2.5,38.8,IN_TRANSIT,YES,DOCK-09
2026-07-27 09:21:00,TRK-040,Rute-G,Petamburan Hub,389.9,1200,16.77,2.7,39.4,IDLE_DOCK,YES,DOCK-10
2026-07-28 13:34:00,TRK-047,Rute-I,Bogor Transit Hub,390.6,1200,17.18,2.8,39.9,LOADED,YES,DOCK-11
2026-07-29 17:47:00,TRK-054,Rute-K,Central Hub (Jakarta),391.3,1200,17.59,3.0,40.5,QUEUED,NO,DOCK-12
2026-07-30 07:00:00,TRK-061,Rute-M,Bekasi Logistics Hub,392.0,1200,18.0,0.3,41.0,DELIVERED,YES,DOCK-01
2026-07-31 11:13:00,TRK-068,Rute-O,Cikarang Industrial Hub,392.7,1200,18.41,0.4,41.6,IN_TRANSIT,YES,DOCK-02
2026-07-01 15:26:00,TRK-075,Rute-Q,Grogol Hub (Jakbar),393.4,1200,18.82,0.6,42.1,IDLE_DOCK,YES,DOCK-03
2026-07-02 05:39:00,TRK-082,Rute-A,Depok Hub,394.1,1200,19.23,0.7,42.7,LOADED,YES,DOCK-04
2026-07-03 09:52:00,TRK-089,Rute-C,Gudang West (Tangerang),394.8,1200,19.64,0.9,43.2,QUEUED,NO,DOCK-05
2026-07-04 13:05:00,TRK-096,Rute-E,Petamburan Hub,395.5,1200,20.05,1.0,43.8,DELIVERED,YES,DOCK-06
2026-07-05 17:18:00,TRK-103,Rute-G,Bogor Transit Hub,396.2,1200,20.46,1.1,44.3,IN_TRANSIT,YES,DOCK-07
2026-07-06 07:31:00,TRK-110,Rute-I,Central Hub (Jakarta),396.9,1200,20.87,1.3,44.9,IDLE_DOCK,YES,DOCK-08
2026-07-07 11:44:00,TRK-117,Rute-K,Bekasi Logistics Hub,397.6,1200,21.28,1.4,45.4,LOADED,YES,DOCK-09
2026-07-08 15:57:00,TRK-124,Rute-M,Cikarang Industrial Hub,398.3,1200,21.69,1.6,46.0,QUEUED,NO,DOCK-10
2026-07-09 05:10:00,TRK-131,Rute-O,Grogol Hub (Jakbar),399.0,1200,22.1,1.7,46.5,DELIVERED,YES,DOCK-11
2026-07-10 09:23:00,TRK-138,Rute-Q,Depok Hub,399.7,1200,22.51,1.8,47.1,IN_TRANSIT,YES,DOCK-12
2026-07-11 13:36:00,TRK-145,Rute-A,Gudang West (Tangerang),400.4,1200,22.92,2.0,47.6,IDLE_DOCK,YES,DOCK-01
2026-07-12 17:49:00,TRK-152,Rute-C,Petamburan Hub,401.1,1200,23.33,2.1,48.2,LOADED,YES,DOCK-02
2026-07-13 07:02:00,TRK-159,Rute-E,Bogor Transit Hub,401.8,1200,23.74,2.3,48.7,QUEUED,NO,DOCK-03
2026-07-14 11:15:00,TRK-166,Rute-G,Central Hub (Jakarta),402.5,1200,24.15,2.4,49.2,DELIVERED,YES,DOCK-04
2026-07-15 15:28:00,TRK-173,Rute-I,Bekasi Logistics Hub,403.2,1200,24.56,2.5,49.8,IN_TRANSIT,YES,DOCK-05
2026-07-16 05:41:00,TRK-180,Rute-K,Cikarang Industrial Hub,403.9,1200,24.97,2.7,50.4,IDLE_DOCK,YES,DOCK-06
2026-07-17 09:54:00,TRK-007,Rute-M,Grogol Hub (Jakbar),404.6,1200,25.38,2.8,50.9,LOADED,YES,DOCK-07
2026-07-18 13:07:00,TRK-014,Rute-O,Depok Hub,405.3,1200,25.79,3.0,51.5,QUEUED,NO,DOCK-08
2026-07-19 17:20:00,TRK-021,Rute-Q,Gudang West (Tangerang),406.0,1200,9.8,0.3,52.0,DELIVERED,YES,DOCK-09
2026-07-20 07:33:00,TRK-028,Rute-A,Petamburan Hub,406.7,1200,10.21,0.4,52.6,IN_TRANSIT,YES,DOCK-10
2026-07-21 11:46:00,TRK-035,Rute-C,Bogor Transit Hub,407.4,1200,10.62,0.6,53.1,IDLE_DOCK,YES,DOCK-11
2026-07-22 15:59:00,TRK-042,Rute-E,Central Hub (Jakarta),408.1,1200,11.03,0.7,53.7,LOADED,YES,DOCK-12
2026-07-23 05:12:00,TRK-049,Rute-G,Bekasi Logistics Hub,408.8,1200,11.44,0.9,54.2,QUEUED,NO,DOCK-01
2026-07-24 09:25:00,TRK-056,Rute-I,Cikarang Industrial Hub,409.5,1200,11.85,1.0,54.8,DELIVERED,YES,DOCK-02
2026-07-25 13:38:00,TRK-063,Rute-K,Grogol Hub (Jakbar),410.2,1200,12.26,1.1,55.3,IN_TRANSIT,YES,DOCK-03
2026-07-26 17:51:00,TRK-070,Rute-M,Depok Hub,410.9,1200,12.67,1.3,55.9,IDLE_DOCK,YES,DOCK-04
2026-07-27 07:04:00,TRK-077,Rute-O,Gudang West (Tangerang),411.6,1200,13.08,1.4,56.4,LOADED,YES,DOCK-05
2026-07-28 11:17:00,TRK-084,Rute-Q,Petamburan Hub,412.3,1200,13.49,1.6,57.0,QUEUED,NO,DOCK-06
2026-07-29 15:30:00,TRK-091,Rute-A,Bogor Transit Hub,413.0,1200,13.9,1.7,57.5,DELIVERED,YES,DOCK-07
2026-07-30 05:43:00,TRK-098,Rute-C,Central Hub (Jakarta),413.7,1200,14.31,1.8,58.1,IN_TRANSIT,YES,DOCK-08
2026-07-31 09:56:00,TRK-105,Rute-E,Bekasi Logistics Hub,414.4,1200,14.72,2.0,58.6,IDLE_DOCK,YES,DOCK-09
2026-07-01 13:09:00,TRK-112,Rute-G,Cikarang Industrial Hub,415.1,1200,15.13,2.1,59.2,LOADED,YES,DOCK-10
2026-07-02 17:22:00,TRK-119,Rute-I,Grogol Hub (Jakbar),415.8,1200,15.54,2.3,59.7,QUEUED,NO,DOCK-11
2026-07-03 07:35:00,TRK-126,Rute-K,Depok Hub,416.5,1200,15.95,2.4,60.3,DELIVERED,YES,DOCK-12
2026-07-04 11:48:00,TRK-133,Rute-M,Gudang West (Tangerang),417.2,1200,16.36,2.5,60.8,IN_TRANSIT,YES,DOCK-01
2026-07-05 15:01:00,TRK-140,Rute-O,Petamburan Hub,417.9,1200,16.77,2.7,61.4,IDLE_DOCK,YES,DOCK-02
2026-07-06 05:14:00,TRK-147,Rute-Q,Bogor Transit Hub,418.6,1200,17.18,2.8,61.9,LOADED,YES,DOCK-03
2026-07-07 09:27:00,TRK-154,Rute-A,Central Hub (Jakarta),419.3,1200,17.59,3.0,62.5,QUEUED,NO,DOCK-04
2026-07-08 13:40:00,TRK-161,Rute-C,Bekasi Logistics Hub,420.0,1200,18.0,0.3,63.0,DELIVERED,YES,DOCK-05
2026-07-09 17:53:00,TRK-168,Rute-E,Cikarang Industrial Hub,420.7,1200,18.41,0.4,63.6,IN_TRANSIT,YES,DOCK-06
2026-07-10 07:06:00,TRK-175,Rute-G,Grogol Hub (Jakbar),421.4,1200,18.82,0.6,64.1,IDLE_DOCK,YES,DOCK-07
2026-07-11 11:19:00,TRK-002,Rute-I,Depok Hub,422.1,1200,19.23,0.7,64.7,LOADED,YES,DOCK-08
2026-07-12 15:32:00,TRK-009,Rute-K,Gudang West (Tangerang),422.8,1200,19.64,0.9,65.2,QUEUED,NO,DOCK-09
2026-07-13 05:45:00,TRK-016,Rute-M,Petamburan Hub,423.5,1200,20.05,1.0,65.8,DELIVERED,YES,DOCK-10
2026-07-14 09:58:00,TRK-023,Rute-O,Bogor Transit Hub,424.2,1200,20.46,1.1,66.3,IN_TRANSIT,YES,DOCK-11
2026-07-15 13:11:00,TRK-030,Rute-Q,Central Hub (Jakarta),424.9,1200,20.87,1.3,66.8,IDLE_DOCK,YES,DOCK-12
2026-07-16 17:24:00,TRK-037,Rute-A,Bekasi Logistics Hub,425.6,1200,21.28,1.4,67.4,LOADED,YES,DOCK-01
2026-07-17 07:37:00,TRK-044,Rute-C,Cikarang Industrial Hub,426.3,1200,21.69,1.6,68.0,QUEUED,NO,DOCK-02
2026-07-18 11:50:00,TRK-051,Rute-E,Grogol Hub (Jakbar),427.0,1200,22.1,1.7,68.5,DELIVERED,YES,DOCK-03
2026-07-19 15:03:00,TRK-058,Rute-G,Depok Hub,427.7,1200,22.51,1.8,69.1,IN_TRANSIT,YES,DOCK-04
2026-07-20 05:16:00,TRK-065,Rute-I,Gudang West (Tangerang),428.4,1200,22.92,2.0,69.6,IDLE_DOCK,YES,DOCK-05
2026-07-21 09:29:00,TRK-072,Rute-K,Petamburan Hub,429.1,1200,23.33,2.1,70.2,LOADED,YES,DOCK-06
2026-07-22 13:42:00,TRK-079,Rute-M,Bogor Transit Hub,429.8,1200,23.74,2.3,70.7,QUEUED,NO,DOCK-07
2026-07-23 17:55:00,TRK-086,Rute-O,Central Hub (Jakarta),430.5,1200,24.15,2.4,71.2,DELIVERED,YES,DOCK-08
2026-07-24 07:08:00,TRK-093,Rute-Q,Bekasi Logistics Hub,431.2,1200,24.56,2.5,71.8,IN_TRANSIT,YES,DOCK-09
2026-07-25 11:21:00,TRK-100,Rute-A,Cikarang Industrial Hub,431.9,1200,24.97,2.7,72.4,IDLE_DOCK,YES,DOCK-10
2026-07-26 15:34:00,TRK-107,Rute-C,Grogol Hub (Jakbar),432.6,1200,25.38,2.8,72.9,LOADED,YES,DOCK-11
2026-07-27 05:47:00,TRK-114,Rute-E,Depok Hub,433.3,1200,25.79,3.0,73.5,QUEUED,NO,DOCK-12
2026-07-28 09:00:00,TRK-121,Rute-G,Gudang West (Tangerang),434.0,1200,9.8,0.3,74.0,DELIVERED,YES,DOCK-01
2026-07-29 13:13:00,TRK-128,Rute-I,Petamburan Hub,434.7,1200,10.21,0.4,74.6,IN_TRANSIT,YES,DOCK-02
2026-07-30 17:26:00,TRK-135,Rute-K,Bogor Transit Hub,435.4,1200,10.62,0.6,75.1,IDLE_DOCK,YES,DOCK-03
2026-07-31 07:39:00,TRK-142,Rute-M,Central Hub (Jakarta),436.1,1200,11.03,0.7,75.7,LOADED,YES,DOCK-04
2026-07-01 11:52:00,TRK-149,Rute-O,Bekasi Logistics Hub,436.8,1200,11.44,0.9,76.2,QUEUED,NO,DOCK-05
2026-07-02 15:05:00,TRK-156,Rute-Q,Cikarang Industrial Hub,437.5,1200,11.85,1.0,76.8,DELIVERED,YES,DOCK-06
2026-07-03 05:18:00,TRK-163,Rute-A,Grogol Hub (Jakbar),438.2,1200,12.26,1.1,77.3,IN_TRANSIT,YES,DOCK-07
2026-07-04 09:31:00,TRK-170,Rute-C,Depok Hub,438.9,1200,12.67,1.3,77.9,IDLE_DOCK,YES,DOCK-08
2026-07-05 13:44:00,TRK-177,Rute-E,Gudang West (Tangerang),439.6,1200,13.08,1.4,78.4,LOADED,YES,DOCK-09
2026-07-06 17:57:00,TRK-004,Rute-G,Petamburan Hub,440.3,1200,13.49,1.6,79.0,QUEUED,NO,DOCK-10
2026-07-07 07:10:00,TRK-011,Rute-I,Bogor Transit Hub,441.0,1200,13.9,1.7,79.5,DELIVERED,YES,DOCK-11
2026-07-08 11:23:00,TRK-018,Rute-K,Central Hub (Jakarta),441.7,1200,14.31,1.8,80.1,IN_TRANSIT,YES,DOCK-12
2026-07-09 15:36:00,TRK-025,Rute-M,Bekasi Logistics Hub,442.4,1200,14.72,2.0,80.6,IDLE_DOCK,YES,DOCK-01
2026-07-10 05:49:00,TRK-032,Rute-O,Cikarang Industrial Hub,443.1,1200,15.13,2.1,81.2,LOADED,YES,DOCK-02
2026-07-11 09:02:00,TRK-039,Rute-Q,Grogol Hub (Jakbar),443.8,1200,15.54,2.3,81.7,QUEUED,NO,DOCK-03
2026-07-12 13:15:00,TRK-046,Rute-A,Depok Hub,444.5,1200,15.95,2.4,82.2,DELIVERED,YES,DOCK-04
2026-07-13 17:28:00,TRK-053,Rute-C,Gudang West (Tangerang),445.2,1200,16.36,2.5,82.8,IN_TRANSIT,YES,DOCK-05
2026-07-14 07:41:00,TRK-060,Rute-E,Petamburan Hub,445.9,1200,16.77,2.7,83.4,IDLE_DOCK,YES,DOCK-06
2026-07-15 11:54:00,TRK-067,Rute-G,Bogor Transit Hub,446.6,1200,17.18,2.8,83.9,LOADED,YES,DOCK-07
2026-07-16 15:07:00,TRK-074,Rute-I,Central Hub (Jakarta),447.3,1200,17.59,3.0,84.5,QUEUED,NO,DOCK-08
2026-07-17 05:20:00,TRK-081,Rute-K,Bekasi Logistics Hub,448.0,1200,18.0,0.3,85.0,DELIVERED,YES,DOCK-09
2026-07-18 09:33:00,TRK-088,Rute-M,Cikarang Industrial Hub,448.7,1200,18.41,0.4,85.6,IN_TRANSIT,YES,DOCK-10
2026-07-19 13:46:00,TRK-095,Rute-O,Grogol Hub (Jakbar),449.4,1200,18.82,0.6,86.1,IDLE_DOCK,YES,DOCK-11
2026-07-20 17:59:00,TRK-102,Rute-Q,Depok Hub,450.1,1200,19.23,0.7,86.7,LOADED,YES,DOCK-12
2026-07-21 07:12:00,TRK-109,Rute-A,Gudang West (Tangerang),450.8,1200,19.64,0.9,87.2,QUEUED,NO,DOCK-01
2026-07-22 11:25:00,TRK-116,Rute-C,Petamburan Hub,451.5,1200,20.05,1.0,87.8,DELIVERED,YES,DOCK-02
2026-07-23 15:38:00,TRK-123,Rute-E,Bogor Transit Hub,452.2,1200,20.46,1.1,88.3,IN_TRANSIT,YES,DOCK-03
2026-07-24 05:51:00,TRK-130,Rute-G,Central Hub (Jakarta),452.9,1200,20.87,1.3,88.9,IDLE_DOCK,YES,DOCK-04
2026-07-25 09:04:00,TRK-137,Rute-I,Bekasi Logistics Hub,453.6,1200,21.28,1.4,89.4,LOADED,YES,DOCK-05
2026-07-26 13:17:00,TRK-144,Rute-K,Cikarang Industrial Hub,454.3,1200,21.69,1.6,90.0,QUEUED,NO,DOCK-06
2026-07-27 17:30:00,TRK-151,Rute-M,Grogol Hub (Jakbar),455.0,1200,22.1,1.7,90.5,DELIVERED,YES,DOCK-07
2026-07-28 07:43:00,TRK-158,Rute-O,Depok Hub,455.7,1200,22.51,1.8,91.1,IN_TRANSIT,YES,DOCK-08
2026-07-29 11:56:00,TRK-165,Rute-Q,Gudang West (Tangerang),456.4,1200,22.92,2.0,91.6,IDLE_DOCK,YES,DOCK-09
2026-07-30 15:09:00,TRK-172,Rute-A,Petamburan Hub,457.1,1200,23.33,2.1,92.2,LOADED,YES,DOCK-10
2026-07-31 05:22:00,TRK-179,Rute-C,Bogor Transit Hub,457.8,1200,23.74,2.3,92.7,QUEUED,NO,DOCK-11
2026-07-01 09:35:00,TRK-006,Rute-E,Central Hub (Jakarta),458.5,1200,24.15,2.4,93.2,DELIVERED,YES,DOCK-12
2026-07-02 13:48:00,TRK-013,Rute-G,Bekasi Logistics Hub,459.2,1200,24.56,2.5,93.8,IN_TRANSIT,YES,DOCK-01
2026-07-03 17:01:00,TRK-020,Rute-I,Cikarang Industrial Hub,459.9,1200,24.97,2.7,94.4,IDLE_DOCK,YES,DOCK-02
2026-07-04 07:14:00,TRK-027,Rute-K,Grogol Hub (Jakbar),460.6,1200,25.38,2.8,94.9,LOADED,YES,DOCK-03
2026-07-05 11:27:00,TRK-034,Rute-M,Depok Hub,461.3,1200,25.79,3.0,95.5,QUEUED,NO,DOCK-04
2026-07-06 15:40:00,TRK-041,Rute-O,Gudang West (Tangerang),462.0,1200,9.8,0.3,8.0,DELIVERED,YES,DOCK-05
2026-07-07 05:53:00,TRK-048,Rute-Q,Petamburan Hub,462.7,1200,10.21,0.4,8.6,IN_TRANSIT,YES,DOCK-06
2026-07-08 09:06:00,TRK-055,Rute-A,Bogor Transit Hub,463.4,1200,10.62,0.6,9.1,IDLE_DOCK,YES,DOCK-07
2026-07-09 13:19:00,TRK-062,Rute-C,Central Hub (Jakarta),464.1,1200,11.03,0.7,9.7,LOADED,YES,DOCK-08
2026-07-10 17:32:00,TRK-069,Rute-E,Bekasi Logistics Hub,464.8,1200,11.44,0.9,10.2,QUEUED,NO,DOCK-09
2026-07-11 07:45:00,TRK-076,Rute-G,Cikarang Industrial Hub,465.5,1200,11.85,1.0,10.8,DELIVERED,YES,DOCK-10
2026-07-12 11:58:00,TRK-083,Rute-I,Grogol Hub (Jakbar),466.2,1200,12.26,1.1,11.3,IN_TRANSIT,YES,DOCK-11
2026-07-13 15:11:00,TRK-090,Rute-K,Depok Hub,466.9,1200,12.67,1.3,11.9,IDLE_DOCK,YES,DOCK-12
2026-07-14 05:24:00,TRK-097,Rute-M,Gudang West (Tangerang),467.6,1200,13.08,1.4,12.4,LOADED,YES,DOCK-01
2026-07-15 09:37:00,TRK-104,Rute-O,Petamburan Hub,468.3,1200,13.49,1.6,12.9,QUEUED,NO,DOCK-02
2026-07-16 13:50:00,TRK-111,Rute-Q,Bogor Transit Hub,469.0,1200,13.9,1.7,13.5,DELIVERED,YES,DOCK-03
2026-07-17 17:03:00,TRK-118,Rute-A,Central Hub (Jakarta),469.7,1200,14.31,1.8,14.1,IN_TRANSIT,YES,DOCK-04
2026-07-18 07:16:00,TRK-125,Rute-C,Bekasi Logistics Hub,470.4,1200,14.72,2.0,14.6,IDLE_DOCK,YES,DOCK-05
2026-07-19 11:29:00,TRK-132,Rute-E,Cikarang Industrial Hub,471.1,1200,15.13,2.1,15.2,LOADED,YES,DOCK-06
2026-07-20 15:42:00,TRK-139,Rute-G,Grogol Hub (Jakbar),471.8,1200,15.54,2.3,15.7,QUEUED,NO,DOCK-07
2026-07-21 05:55:00,TRK-146,Rute-I,Depok Hub,472.5,1200,15.95,2.4,16.2,DELIVERED,YES,DOCK-08
2026-07-22 09:08:00,TRK-153,Rute-K,Gudang West (Tangerang),473.2,1200,16.36,2.5,16.8,IN_TRANSIT,YES,DOCK-09
2026-07-23 13:21:00,TRK-160,Rute-M,Petamburan Hub,473.9,1200,16.77,2.7,17.4,IDLE_DOCK,YES,DOCK-10
2026-07-24 17:34:00,TRK-167,Rute-O,Bogor Transit Hub,474.6,1200,17.18,2.8,17.9,LOADED,YES,DOCK-11
2026-07-25 07:47:00,TRK-174,Rute-Q,Central Hub (Jakarta),475.3,1200,17.59,3.0,18.5,QUEUED,NO,DOCK-12
2026-07-26 11:00:00,TRK-001,Rute-A,Bekasi Logistics Hub,476.0,1200,18.0,0.3,19.0,DELIVERED,YES,DOCK-01
2026-07-27 15:13:00,TRK-008,Rute-C,Cikarang Industrial Hub,476.7,1200,18.41,0.4,19.6,IN_TRANSIT,YES,DOCK-02
2026-07-28 05:26:00,TRK-015,Rute-E,Grogol Hub (Jakbar),477.4,1200,18.82,0.6,20.1,IDLE_DOCK,YES,DOCK-03
2026-07-29 09:39:00,TRK-022,Rute-G,Depok Hub,478.1,1200,19.23,0.7,20.6,LOADED,YES,DOCK-04
2026-07-30 13:52:00,TRK-029,Rute-I,Gudang West (Tangerang),478.8,1200,19.64,0.9,21.2,QUEUED,NO,DOCK-05
2026-07-31 17:05:00,TRK-036,Rute-K,Petamburan Hub,479.5,1200,20.05,1.0,21.8,DELIVERED,YES,DOCK-06
2026-07-01 07:18:00,TRK-043,Rute-M,Bogor Transit Hub,480.2,1200,20.46,1.1,22.3,IN_TRANSIT,YES,DOCK-07
2026-07-02 11:31:00,TRK-050,Rute-O,Central Hub (Jakarta),480.9,1200,20.87,1.3,22.9,IDLE_DOCK,YES,DOCK-08
2026-07-03 15:44:00,TRK-057,Rute-Q,Bekasi Logistics Hub,481.6,1200,21.28,1.4,23.4,LOADED,YES,DOCK-09
2026-07-04 05:57:00,TRK-064,Rute-A,Cikarang Industrial Hub,482.3,1200,21.69,1.6,24.0,QUEUED,NO,DOCK-10
2026-07-05 09:10:00,TRK-071,Rute-C,Grogol Hub (Jakbar),483.0,1200,22.1,1.7,24.5,DELIVERED,YES,DOCK-11
2026-07-06 13:23:00,TRK-078,Rute-E,Depok Hub,483.7,1200,22.51,1.8,25.1,IN_TRANSIT,YES,DOCK-12
2026-07-07 17:36:00,TRK-085,Rute-G,Gudang West (Tangerang),484.4,1200,22.92,2.0,25.6,IDLE_DOCK,YES,DOCK-01
2026-07-08 07:49:00,TRK-092,Rute-I,Petamburan Hub,485.1,1200,23.33,2.1,26.2,LOADED,YES,DOCK-02
2026-07-09 11:02:00,TRK-099,Rute-K,Bogor Transit Hub,485.8,1200,23.74,2.3,26.7,QUEUED,NO,DOCK-03
2026-07-10 15:15:00,TRK-106,Rute-M,Central Hub (Jakarta),486.5,1200,24.15,2.4,27.2,DELIVERED,YES,DOCK-04
2026-07-11 05:28:00,TRK-113,Rute-O,Bekasi Logistics Hub,487.2,1200,24.56,2.5,27.8,IN_TRANSIT,YES,DOCK-05
2026-07-12 09:41:00,TRK-120,Rute-Q,Cikarang Industrial Hub,487.9,1200,24.97,2.7,28.4,IDLE_DOCK,YES,DOCK-06
2026-07-13 13:54:00,TRK-127,Rute-A,Grogol Hub (Jakbar),488.6,1200,25.38,2.8,28.9,LOADED,YES,DOCK-07
2026-07-14 17:07:00,TRK-134,Rute-C,Depok Hub,489.3,1200,25.79,3.0,29.5,QUEUED,NO,DOCK-08
2026-07-15 07:20:00,TRK-141,Rute-E,Gudang West (Tangerang),490.0,1200,9.8,0.3,30.0,DELIVERED,YES,DOCK-09
2026-07-16 11:33:00,TRK-148,Rute-G,Petamburan Hub,490.7,1200,10.21,0.4,30.6,IN_TRANSIT,YES,DOCK-10
2026-07-17 15:46:00,TRK-155,Rute-I,Bogor Transit Hub,491.4,1200,10.62,0.6,31.1,IDLE_DOCK,YES,DOCK-11
2026-07-18 05:59:00,TRK-162,Rute-K,Central Hub (Jakarta),492.1,1200,11.03,0.7,31.7,LOADED,YES,DOCK-12
2026-07-19 09:12:00,TRK-169,Rute-M,Bekasi Logistics Hub,492.8,1200,11.44,0.9,32.2,QUEUED,NO,DOCK-01
2026-07-20 13:25:00,TRK-176,Rute-O,Cikarang Industrial Hub,493.5,1200,11.85,1.0,32.8,DELIVERED,YES,DOCK-02
2026-07-21 17:38:00,TRK-003,Rute-Q,Grogol Hub (Jakbar),494.2,1200,12.26,1.1,33.3,IN_TRANSIT,YES,DOCK-03
2026-07-22 07:51:00,TRK-010,Rute-A,Depok Hub,494.9,1200,12.67,1.3,33.9,IDLE_DOCK,YES,DOCK-04
2026-07-23 11:04:00,TRK-017,Rute-C,Gudang West (Tangerang),495.6,1200,13.08,1.4,34.4,LOADED,YES,DOCK-05
2026-07-24 15:17:00,TRK-024,Rute-E,Petamburan Hub,496.3,1200,13.49,1.6,35.0,QUEUED,NO,DOCK-06
2026-07-25 05:30:00,TRK-031,Rute-G,Bogor Transit Hub,497.0,1200,13.9,1.7,35.5,DELIVERED,YES,DOCK-07
2026-07-26 09:43:00,TRK-038,Rute-I,Central Hub (Jakarta),497.7,1200,14.31,1.8,36.0,IN_TRANSIT,YES,DOCK-08
2026-07-27 13:56:00,TRK-045,Rute-K,Bekasi Logistics Hub,498.4,1200,14.72,2.0,36.6,IDLE_DOCK,YES,DOCK-09
2026-07-28 17:09:00,TRK-052,Rute-M,Cikarang Industrial Hub,499.1,1200,15.13,2.1,37.2,LOADED,YES,DOCK-10
2026-07-29 07:22:00,TRK-059,Rute-O,Grogol Hub (Jakbar),499.8,1200,15.54,2.3,37.7,QUEUED,NO,DOCK-11
2026-07-30 11:35:00,TRK-066,Rute-Q,Depok Hub,500.5,1200,15.95,2.4,38.2,DELIVERED,YES,DOCK-12
2026-07-31 15:48:00,TRK-073,Rute-A,Gudang West (Tangerang),501.2,1200,16.36,2.5,38.8,IN_TRANSIT,YES,DOCK-01
2026-07-01 05:01:00,TRK-080,Rute-C,Petamburan Hub,501.9,1200,16.77,2.7,39.4,IDLE_DOCK,YES,DOCK-02
2026-07-02 09:14:00,TRK-087,Rute-E,Bogor Transit Hub,502.6,1200,17.18,2.8,39.9,LOADED,YES,DOCK-03
2026-07-03 13:27:00,TRK-094,Rute-G,Central Hub (Jakarta),503.3,1200,17.59,3.0,40.5,QUEUED,NO,DOCK-04
2026-07-04 17:40:00,TRK-101,Rute-I,Bekasi Logistics Hub,504.0,1200,18.0,0.3,41.0,DELIVERED,YES,DOCK-05
2026-07-05 07:53:00,TRK-108,Rute-K,Cikarang Industrial Hub,504.7,1200,18.41,0.4,41.6,IN_TRANSIT,YES,DOCK-06
2026-07-06 11:06:00,TRK-115,Rute-M,Grogol Hub (Jakbar),505.4,1200,18.82,0.6,42.1,IDLE_DOCK,YES,DOCK-07
2026-07-07 15:19:00,TRK-122,Rute-O,Depok Hub,506.1,1200,19.23,0.7,42.7,LOADED,YES,DOCK-08
2026-07-08 05:32:00,TRK-129,Rute-Q,Gudang West (Tangerang),506.8,1200,19.64,0.9,43.2,QUEUED,NO,DOCK-09
2026-07-09 09:45:00,TRK-136,Rute-A,Petamburan Hub,507.5,1200,20.05,1.0,43.8,DELIVERED,YES,DOCK-10
2026-07-10 13:58:00,TRK-143,Rute-C,Bogor Transit Hub,508.2,1200,20.46,1.1,44.3,IN_TRANSIT,YES,DOCK-11
2026-07-11 17:11:00,TRK-150,Rute-E,Central Hub (Jakarta),508.9,1200,20.87,1.3,44.9,IDLE_DOCK,YES,DOCK-12
2026-07-12 07:24:00,TRK-157,Rute-G,Bekasi Logistics Hub,509.6,1200,21.28,1.4,45.4,LOADED,YES,DOCK-01
2026-07-13 11:37:00,TRK-164,Rute-I,Cikarang Industrial Hub,510.3,1200,21.69,1.6,46.0,QUEUED,NO,DOCK-02
2026-07-14 15:50:00,TRK-171,Rute-K,Grogol Hub (Jakbar),511.0,1200,22.1,1.7,46.5,DELIVERED,YES,DOCK-03
2026-07-15 05:03:00,TRK-178,Rute-M,Depok Hub,511.7,1200,22.51,1.8,47.1,IN_TRANSIT,YES,DOCK-04
2026-07-16 09:16:00,TRK-005,Rute-O,Gudang West (Tangerang),512.4,1200,22.92,2.0,47.6,IDLE_DOCK,YES,DOCK-05
2026-07-17 13:29:00,TRK-012,Rute-Q,Petamburan Hub,513.1,1200,23.33,2.1,48.2,LOADED,YES,DOCK-06
2026-07-18 17:42:00,TRK-019,Rute-A,Bogor Transit Hub,513.8,1200,23.74,2.3,48.7,QUEUED,NO,DOCK-07
2026-07-19 07:55:00,TRK-026,Rute-C,Central Hub (Jakarta),514.5,1200,24.15,2.4,49.2,DELIVERED,YES,DOCK-08
2026-07-20 11:08:00,TRK-033,Rute-E,Bekasi Logistics Hub,515.2,1200,24.56,2.5,49.8,IN_TRANSIT,YES,DOCK-09
2026-07-21 15:21:00,TRK-040,Rute-G,Cikarang Industrial Hub,515.9,1200,24.97,2.7,50.4,IDLE_DOCK,YES,DOCK-10
2026-07-22 05:34:00,TRK-047,Rute-I,Grogol Hub (Jakbar),516.6,1200,25.38,2.8,50.9,LOADED,YES,DOCK-11
2026-07-23 09:47:00,TRK-054,Rute-K,Depok Hub,517.3,1200,25.79,3.0,51.5,QUEUED,NO,DOCK-12
2026-07-24 13:00:00,TRK-061,Rute-M,Gudang West (Tangerang),518.0,1200,9.8,0.3,52.0,DELIVERED,YES,DOCK-01
2026-07-25 17:13:00,TRK-068,Rute-O,Petamburan Hub,518.7,1200,10.21,0.4,52.6,IN_TRANSIT,YES,DOCK-02
2026-07-26 07:26:00,TRK-075,Rute-Q,Bogor Transit Hub,519.4,1200,10.62,0.6,53.1,IDLE_DOCK,YES,DOCK-03
2026-07-27 11:39:00,TRK-082,Rute-A,Central Hub (Jakarta),520.1,1200,11.03,0.7,53.7,LOADED,YES,DOCK-04
2026-07-28 15:52:00,TRK-089,Rute-C,Bekasi Logistics Hub,520.8,1200,11.44,0.9,54.2,QUEUED,NO,DOCK-05
2026-07-29 05:05:00,TRK-096,Rute-E,Cikarang Industrial Hub,521.5,1200,11.85,1.0,54.8,DELIVERED,YES,DOCK-06
2026-07-30 09:18:00,TRK-103,Rute-G,Grogol Hub (Jakbar),522.2,1200,12.26,1.1,55.3,IN_TRANSIT,YES,DOCK-07
2026-07-31 13:31:00,TRK-110,Rute-I,Depok Hub,522.9,1200,12.67,1.3,55.9,IDLE_DOCK,YES,DOCK-08
2026-07-01 17:44:00,TRK-117,Rute-K,Gudang West (Tangerang),523.6,1200,13.08,1.4,56.4,LOADED,YES,DOCK-09
2026-07-02 07:57:00,TRK-124,Rute-M,Petamburan Hub,524.3,1200,13.49,1.6,57.0,QUEUED,NO,DOCK-10
2026-07-03 11:10:00,TRK-131,Rute-O,Bogor Transit Hub,525.0,1200,13.9,1.7,57.5,DELIVERED,YES,DOCK-11
2026-07-04 15:23:00,TRK-138,Rute-Q,Central Hub (Jakarta),525.7,1200,14.31,1.8,58.1,IN_TRANSIT,YES,DOCK-12
2026-07-05 05:36:00,TRK-145,Rute-A,Bekasi Logistics Hub,526.4,1200,14.72,2.0,58.6,IDLE_DOCK,YES,DOCK-01
2026-07-06 09:49:00,TRK-152,Rute-C,Cikarang Industrial Hub,527.1,1200,15.13,2.1,59.2,LOADED,YES,DOCK-02
2026-07-07 13:02:00,TRK-159,Rute-E,Grogol Hub (Jakbar),527.8,1200,15.54,2.3,59.7,QUEUED,NO,DOCK-03
2026-07-08 17:15:00,TRK-166,Rute-G,Depok Hub,528.5,1200,15.95,2.4,60.3,DELIVERED,YES,DOCK-04
2026-07-09 07:28:00,TRK-173,Rute-I,Gudang West (Tangerang),529.2,1200,16.36,2.5,60.8,IN_TRANSIT,YES,DOCK-05
2026-07-10 11:41:00,TRK-180,Rute-K,Petamburan Hub,529.9,1200,16.77,2.7,61.4,IDLE_DOCK,YES,DOCK-06
2026-07-11 15:54:00,TRK-007,Rute-M,Bogor Transit Hub,530.6,1200,17.18,2.8,61.9,LOADED,YES,DOCK-07
2026-07-12 05:07:00,TRK-014,Rute-O,Central Hub (Jakarta),531.3,1200,17.59,3.0,62.5,QUEUED,NO,DOCK-08
2026-07-13 09:20:00,TRK-021,Rute-Q,Bekasi Logistics Hub,532.0,1200,18.0,0.3,63.0,DELIVERED,YES,DOCK-09
2026-07-14 13:33:00,TRK-028,Rute-A,Cikarang Industrial Hub,532.7,1200,18.41,0.4,63.6,IN_TRANSIT,YES,DOCK-10
2026-07-15 17:46:00,TRK-035,Rute-C,Grogol Hub (Jakbar),533.4,1200,18.82,0.6,64.1,IDLE_DOCK,YES,DOCK-11
2026-07-16 07:59:00,TRK-042,Rute-E,Depok Hub,534.1,1200,19.23,0.7,64.7,LOADED,YES,DOCK-12
2026-07-17 11:12:00,TRK-049,Rute-G,Gudang West (Tangerang),534.8,1200,19.64,0.9,65.2,QUEUED,NO,DOCK-01
2026-07-18 15:25:00,TRK-056,Rute-I,Petamburan Hub,535.5,1200,20.05,1.0,65.8,DELIVERED,YES,DOCK-02
2026-07-19 05:38:00,TRK-063,Rute-K,Bogor Transit Hub,536.2,1200,20.46,1.1,66.3,IN_TRANSIT,YES,DOCK-03
2026-07-20 09:51:00,TRK-070,Rute-M,Central Hub (Jakarta),536.9,1200,20.87,1.3,66.8,IDLE_DOCK,YES,DOCK-04
2026-07-21 13:04:00,TRK-077,Rute-O,Bekasi Logistics Hub,537.6,1200,21.28,1.4,67.4,LOADED,YES,DOCK-05
2026-07-22 17:17:00,TRK-084,Rute-Q,Cikarang Industrial Hub,538.3,1200,21.69,1.6,68.0,QUEUED,NO,DOCK-06
2026-07-23 07:30:00,TRK-091,Rute-A,Grogol Hub (Jakbar),539.0,1200,22.1,1.7,68.5,DELIVERED,YES,DOCK-07
2026-07-24 11:43:00,TRK-098,Rute-C,Depok Hub,539.7,1200,22.51,1.8,69.1,IN_TRANSIT,YES,DOCK-08
2026-07-25 15:56:00,TRK-105,Rute-E,Gudang West (Tangerang),540.4,1200,22.92,2.0,69.6,IDLE_DOCK,YES,DOCK-09
2026-07-26 05:09:00,TRK-112,Rute-G,Petamburan Hub,541.1,1200,23.33,2.1,70.2,LOADED,YES,DOCK-10
2026-07-27 09:22:00,TRK-119,Rute-I,Bogor Transit Hub,541.8,1200,23.74,2.3,70.7,QUEUED,NO,DOCK-11
2026-07-28 13:35:00,TRK-126,Rute-K,Central Hub (Jakarta),542.5,1200,24.15,2.4,71.2,DELIVERED,YES,DOCK-12
2026-07-29 17:48:00,TRK-133,Rute-M,Bekasi Logistics Hub,543.2,1200,24.56,2.5,71.8,IN_TRANSIT,YES,DOCK-01
2026-07-30 07:01:00,TRK-140,Rute-O,Cikarang Industrial Hub,543.9,1200,24.97,2.7,72.4,IDLE_DOCK,YES,DOCK-02
2026-07-31 11:14:00,TRK-147,Rute-Q,Grogol Hub (Jakbar),544.6,1200,25.38,2.8,72.9,LOADED,YES,DOCK-03
2026-07-01 15:27:00,TRK-154,Rute-A,Depok Hub,545.3,1200,25.79,3.0,73.5,QUEUED,NO,DOCK-04
2026-07-02 05:40:00,TRK-161,Rute-C,Gudang West (Tangerang),546.0,1200,9.8,0.3,74.0,DELIVERED,YES,DOCK-05
2026-07-03 09:53:00,TRK-168,Rute-E,Petamburan Hub,546.7,1200,10.21,0.4,74.6,IN_TRANSIT,YES,DOCK-06
2026-07-04 13:06:00,TRK-175,Rute-G,Bogor Transit Hub,547.4,1200,10.62,0.6,75.1,IDLE_DOCK,YES,DOCK-07
2026-07-05 17:19:00,TRK-002,Rute-I,Central Hub (Jakarta),548.1,1200,11.03,0.7,75.7,LOADED,YES,DOCK-08
2026-07-06 07:32:00,TRK-009,Rute-K,Bekasi Logistics Hub,548.8,1200,11.44,0.9,76.2,QUEUED,NO,DOCK-09
2026-07-07 11:45:00,TRK-016,Rute-M,Cikarang Industrial Hub,549.5,1200,11.85,1.0,76.8,DELIVERED,YES,DOCK-10
2026-07-08 15:58:00,TRK-023,Rute-O,Grogol Hub (Jakbar),550.2,1200,12.26,1.1,77.3,IN_TRANSIT,YES,DOCK-11
2026-07-09 05:11:00,TRK-030,Rute-Q,Depok Hub,550.9,1200,12.67,1.3,77.9,IDLE_DOCK,YES,DOCK-12
2026-07-10 09:24:00,TRK-037,Rute-A,Gudang West (Tangerang),551.6,1200,13.08,1.4,78.4,LOADED,YES,DOCK-01
2026-07-11 13:37:00,TRK-044,Rute-C,Petamburan Hub,552.3,1200,13.49,1.6,79.0,QUEUED,NO,DOCK-02
2026-07-12 17:50:00,TRK-051,Rute-E,Bogor Transit Hub,553.0,1200,13.9,1.7,79.5,DELIVERED,YES,DOCK-03
2026-07-13 07:03:00,TRK-058,Rute-G,Central Hub (Jakarta),553.7,1200,14.31,1.8,80.1,IN_TRANSIT,YES,DOCK-04
2026-07-14 11:16:00,TRK-065,Rute-I,Bekasi Logistics Hub,554.4,1200,14.72,2.0,80.6,IDLE_DOCK,YES,DOCK-05
2026-07-15 15:29:00,TRK-072,Rute-K,Cikarang Industrial Hub,555.1,1200,15.13,2.1,81.2,LOADED,YES,DOCK-06
2026-07-16 05:42:00,TRK-079,Rute-M,Grogol Hub (Jakbar),555.8,1200,15.54,2.3,81.7,QUEUED,NO,DOCK-07
2026-07-17 09:55:00,TRK-086,Rute-O,Depok Hub,556.5,1200,15.95,2.4,82.2,DELIVERED,YES,DOCK-08
2026-07-18 13:08:00,TRK-093,Rute-Q,Gudang West (Tangerang),557.2,1200,16.36,2.5,82.8,IN_TRANSIT,YES,DOCK-09
2026-07-19 17:21:00,TRK-100,Rute-A,Petamburan Hub,557.9,1200,16.77,2.7,83.4,IDLE_DOCK,YES,DOCK-10
2026-07-20 07:34:00,TRK-107,Rute-C,Bogor Transit Hub,558.6,1200,17.18,2.8,83.9,LOADED,YES,DOCK-11
2026-07-21 11:47:00,TRK-114,Rute-E,Central Hub (Jakarta),559.3,1200,17.59,3.0,84.5,QUEUED,NO,DOCK-12
2026-07-22 15:00:00,TRK-121,Rute-G,Bekasi Logistics Hub,560.0,1200,18.0,0.3,85.0,DELIVERED,YES,DOCK-01
2026-07-23 05:13:00,TRK-128,Rute-I,Cikarang Industrial Hub,560.7,1200,18.41,0.4,85.6,IN_TRANSIT,YES,DOCK-02
2026-07-24 09:26:00,TRK-135,Rute-K,Grogol Hub (Jakbar),561.4,1200,18.82,0.6,86.1,IDLE_DOCK,YES,DOCK-03
2026-07-25 13:39:00,TRK-142,Rute-M,Depok Hub,562.1,1200,19.23,0.7,86.7,LOADED,YES,DOCK-04
2026-07-26 17:52:00,TRK-149,Rute-O,Gudang West (Tangerang),562.8,1200,19.64,0.9,87.2,QUEUED,NO,DOCK-05
2026-07-27 07:05:00,TRK-156,Rute-Q,Petamburan Hub,563.5,1200,20.05,1.0,87.8,DELIVERED,YES,DOCK-06
2026-07-28 11:18:00,TRK-163,Rute-A,Bogor Transit Hub,564.2,1200,20.46,1.1,88.3,IN_TRANSIT,YES,DOCK-07
2026-07-29 15:31:00,TRK-170,Rute-C,Central Hub (Jakarta),564.9,1200,20.87,1.3,88.9,IDLE_DOCK,YES,DOCK-08
2026-07-30 05:44:00,TRK-177,Rute-E,Bekasi Logistics Hub,565.6,1200,21.28,1.4,89.4,LOADED,YES,DOCK-09
2026-07-31 09:57:00,TRK-004,Rute-G,Cikarang Industrial Hub,566.3,1200,21.69,1.6,90.0,QUEUED,NO,DOCK-10
2026-07-01 13:10:00,TRK-011,Rute-I,Grogol Hub (Jakbar),567.0,1200,22.1,1.7,90.5,DELIVERED,YES,DOCK-11
2026-07-02 17:23:00,TRK-018,Rute-K,Depok Hub,567.7,1200,22.51,1.8,91.1,IN_TRANSIT,YES,DOCK-12
2026-07-03 07:36:00,TRK-025,Rute-M,Gudang West (Tangerang),568.4,1200,22.92,2.0,91.6,IDLE_DOCK,YES,DOCK-01
2026-07-04 11:49:00,TRK-032,Rute-O,Petamburan Hub,569.1,1200,23.33,2.1,92.2,LOADED,YES,DOCK-02
2026-07-05 15:02:00,TRK-039,Rute-Q,Bogor Transit Hub,569.8,1200,23.74,2.3,92.7,QUEUED,NO,DOCK-03
2026-07-06 05:15:00,TRK-046,Rute-A,Central Hub (Jakarta),570.5,1200,24.15,2.4,93.2,DELIVERED,YES,DOCK-04
2026-07-07 09:28:00,TRK-053,Rute-C,Bekasi Logistics Hub,571.2,1200,24.56,2.5,93.8,IN_TRANSIT,YES,DOCK-05
2026-07-08 13:41:00,TRK-060,Rute-E,Cikarang Industrial Hub,571.9,1200,24.97,2.7,94.4,IDLE_DOCK,YES,DOCK-06
2026-07-09 17:54:00,TRK-067,Rute-G,Grogol Hub (Jakbar),572.6,1200,25.38,2.8,94.9,LOADED,YES,DOCK-07
2026-07-10 07:07:00,TRK-074,Rute-I,Depok Hub,573.3,1200,25.79,3.0,95.5,QUEUED,NO,DOCK-08
2026-07-11 11:20:00,TRK-081,Rute-K,Gudang West (Tangerang),574.0,1200,9.8,0.3,8.0,DELIVERED,YES,DOCK-09
2026-07-12 15:33:00,TRK-088,Rute-M,Petamburan Hub,574.7,1200,10.21,0.4,8.6,IN_TRANSIT,YES,DOCK-10
2026-07-13 05:46:00,TRK-095,Rute-O,Bogor Transit Hub,575.4,1200,10.62,0.6,9.1,IDLE_DOCK,YES,DOCK-11
2026-07-14 09:59:00,TRK-102,Rute-Q,Central Hub (Jakarta),576.1,1200,11.03,0.7,9.7,LOADED,YES,DOCK-12
2026-07-15 13:12:00,TRK-109,Rute-A,Bekasi Logistics Hub,576.8,1200,11.44,0.9,10.2,QUEUED,NO,DOCK-01
2026-07-16 17:25:00,TRK-116,Rute-C,Cikarang Industrial Hub,577.5,1200,11.85,1.0,10.8,DELIVERED,YES,DOCK-02
2026-07-17 07:38:00,TRK-123,Rute-E,Grogol Hub (Jakbar),578.2,1200,12.26,1.1,11.3,IN_TRANSIT,YES,DOCK-03
2026-07-18 11:51:00,TRK-130,Rute-G,Depok Hub,578.9,1200,12.67,1.3,11.9,IDLE_DOCK,YES,DOCK-04
2026-07-19 15:04:00,TRK-137,Rute-I,Gudang West (Tangerang),579.6,1200,13.08,1.4,12.4,LOADED,YES,DOCK-05
2026-07-20 05:17:00,TRK-144,Rute-K,Petamburan Hub,580.3,1200,13.49,1.6,12.9,QUEUED,NO,DOCK-06
2026-07-21 09:30:00,TRK-151,Rute-M,Bogor Transit Hub,581.0,1200,13.9,1.7,13.5,DELIVERED,YES,DOCK-07
2026-07-22 13:43:00,TRK-158,Rute-O,Central Hub (Jakarta),581.7,1200,14.31,1.8,14.1,IN_TRANSIT,YES,DOCK-08
2026-07-23 17:56:00,TRK-165,Rute-Q,Bekasi Logistics Hub,582.4,1200,14.72,2.0,14.6,IDLE_DOCK,YES,DOCK-09
2026-07-24 07:09:00,TRK-172,Rute-A,Cikarang Industrial Hub,583.1,1200,15.13,2.1,15.2,LOADED,YES,DOCK-10
2026-07-25 11:22:00,TRK-179,Rute-C,Grogol Hub (Jakbar),583.8,1200,15.54,2.3,15.7,QUEUED,NO,DOCK-11
2026-07-26 15:35:00,TRK-006,Rute-E,Depok Hub,584.5,1200,15.95,2.4,16.2,DELIVERED,YES,DOCK-12
2026-07-27 05:48:00,TRK-013,Rute-G,Gudang West (Tangerang),585.2,1200,16.36,2.5,16.8,IN_TRANSIT,YES,DOCK-01
2026-07-28 09:01:00,TRK-020,Rute-I,Petamburan Hub,585.9,1200,16.77,2.7,17.4,IDLE_DOCK,YES,DOCK-02
2026-07-29 13:14:00,TRK-027,Rute-K,Bogor Transit Hub,586.6,1200,17.18,2.8,17.9,LOADED,YES,DOCK-03
2026-07-30 17:27:00,TRK-034,Rute-M,Central Hub (Jakarta),587.3,1200,17.59,3.0,18.5,QUEUED,NO,DOCK-04
2026-07-31 07:40:00,TRK-041,Rute-O,Bekasi Logistics Hub,588.0,1200,18.0,0.3,19.0,DELIVERED,YES,DOCK-05
2026-07-01 11:53:00,TRK-048,Rute-Q,Cikarang Industrial Hub,588.7,1200,18.41,0.4,19.6,IN_TRANSIT,YES,DOCK-06
2026-07-02 15:06:00,TRK-055,Rute-A,Grogol Hub (Jakbar),589.4,1200,18.82,0.6,20.1,IDLE_DOCK,YES,DOCK-07
2026-07-03 05:19:00,TRK-062,Rute-C,Depok Hub,590.1,1200,19.23,0.7,20.6,LOADED,YES,DOCK-08
2026-07-04 09:32:00,TRK-069,Rute-E,Gudang West (Tangerang),590.8,1200,19.64,0.9,21.2,QUEUED,NO,DOCK-09
2026-07-05 13:45:00,TRK-076,Rute-G,Petamburan Hub,591.5,1200,20.05,1.0,21.8,DELIVERED,YES,DOCK-10
2026-07-06 17:58:00,TRK-083,Rute-I,Bogor Transit Hub,592.2,1200,20.46,1.1,22.3,IN_TRANSIT,YES,DOCK-11
2026-07-07 07:11:00,TRK-090,Rute-K,Central Hub (Jakarta),592.9,1200,20.87,1.3,22.9,IDLE_DOCK,YES,DOCK-12
2026-07-08 11:24:00,TRK-097,Rute-M,Bekasi Logistics Hub,593.6,1200,21.28,1.4,23.4,LOADED,YES,DOCK-01
2026-07-09 15:37:00,TRK-104,Rute-O,Cikarang Industrial Hub,594.3,1200,21.69,1.6,24.0,QUEUED,NO,DOCK-02
2026-07-10 05:50:00,TRK-111,Rute-Q,Grogol Hub (Jakbar),595.0,1200,22.1,1.7,24.5,DELIVERED,YES,DOCK-03
2026-07-11 09:03:00,TRK-118,Rute-A,Depok Hub,595.7,1200,22.51,1.8,25.1,IN_TRANSIT,YES,DOCK-04
2026-07-12 13:16:00,TRK-125,Rute-C,Gudang West (Tangerang),596.4,1200,22.92,2.0,25.6,IDLE_DOCK,YES,DOCK-05
2026-07-13 17:29:00,TRK-132,Rute-E,Petamburan Hub,597.1,1200,23.33,2.1,26.2,LOADED,YES,DOCK-06
2026-07-14 07:42:00,TRK-139,Rute-G,Bogor Transit Hub,597.8,1200,23.74,2.3,26.7,QUEUED,NO,DOCK-07
2026-07-15 11:55:00,TRK-146,Rute-I,Central Hub (Jakarta),598.5,1200,24.15,2.4,27.2,DELIVERED,YES,DOCK-08
2026-07-16 15:08:00,TRK-153,Rute-K,Bekasi Logistics Hub,599.2,1200,24.56,2.5,27.8,IN_TRANSIT,YES,DOCK-09
2026-07-17 05:21:00,TRK-160,Rute-M,Cikarang Industrial Hub,599.9,1200,24.97,2.7,28.4,IDLE_DOCK,YES,DOCK-10
2026-07-18 09:34:00,TRK-167,Rute-O,Grogol Hub (Jakbar),600.6,1200,25.38,2.8,28.9,LOADED,YES,DOCK-11
2026-07-19 13:47:00,TRK-174,Rute-Q,Depok Hub,601.3,1200,25.79,3.0,29.5,QUEUED,NO,DOCK-12
2026-07-20 17:00:00,TRK-001,Rute-A,Gudang West (Tangerang),602.0,1200,9.8,0.3,30.0,DELIVERED,YES,DOCK-01
2026-07-21 07:13:00,TRK-008,Rute-C,Petamburan Hub,602.7,1200,10.21,0.4,30.6,IN_TRANSIT,YES,DOCK-02
2026-07-22 11:26:00,TRK-015,Rute-E,Bogor Transit Hub,603.4,1200,10.62,0.6,31.1,IDLE_DOCK,YES,DOCK-03
2026-07-23 15:39:00,TRK-022,Rute-G,Central Hub (Jakarta),604.1,1200,11.03,0.7,31.7,LOADED,YES,DOCK-04
2026-07-24 05:52:00,TRK-029,Rute-I,Bekasi Logistics Hub,604.8,1200,11.44,0.9,32.2,QUEUED,NO,DOCK-05
2026-07-25 09:05:00,TRK-036,Rute-K,Cikarang Industrial Hub,605.5,1200,11.85,1.0,32.8,DELIVERED,YES,DOCK-06
2026-07-26 13:18:00,TRK-043,Rute-M,Grogol Hub (Jakbar),606.2,1200,12.26,1.1,33.3,IN_TRANSIT,YES,DOCK-07
2026-07-27 17:31:00,TRK-050,Rute-O,Depok Hub,606.9,1200,12.67,1.3,33.9,IDLE_DOCK,YES,DOCK-08
2026-07-28 07:44:00,TRK-057,Rute-Q,Gudang West (Tangerang),607.6,1200,13.08,1.4,34.4,LOADED,YES,DOCK-09
2026-07-29 11:57:00,TRK-064,Rute-A,Petamburan Hub,608.3,1200,13.49,1.6,35.0,QUEUED,NO,DOCK-10
2026-07-30 15:10:00,TRK-071,Rute-C,Bogor Transit Hub,609.0,1200,13.9,1.7,35.5,DELIVERED,YES,DOCK-11
2026-07-31 05:23:00,TRK-078,Rute-E,Central Hub (Jakarta),609.7,1200,14.31,1.8,36.0,IN_TRANSIT,YES,DOCK-12
2026-07-01 09:36:00,TRK-085,Rute-G,Bekasi Logistics Hub,610.4,1200,14.72,2.0,36.6,IDLE_DOCK,YES,DOCK-01
2026-07-02 13:49:00,TRK-092,Rute-I,Cikarang Industrial Hub,611.1,1200,15.13,2.1,37.2,LOADED,YES,DOCK-02
2026-07-03 17:02:00,TRK-099,Rute-K,Grogol Hub (Jakbar),611.8,1200,15.54,2.3,37.7,QUEUED,NO,DOCK-03
2026-07-04 07:15:00,TRK-106,Rute-M,Depok Hub,612.5,1200,15.95,2.4,38.2,DELIVERED,YES,DOCK-04
2026-07-05 11:28:00,TRK-113,Rute-O,Gudang West (Tangerang),613.2,1200,16.36,2.5,38.8,IN_TRANSIT,YES,DOCK-05
2026-07-06 15:41:00,TRK-120,Rute-Q,Petamburan Hub,613.9,1200,16.77,2.7,39.4,IDLE_DOCK,YES,DOCK-06
2026-07-07 05:54:00,TRK-127,Rute-A,Bogor Transit Hub,614.6,1200,17.18,2.8,39.9,LOADED,YES,DOCK-07
2026-07-08 09:07:00,TRK-134,Rute-C,Central Hub (Jakarta),615.3,1200,17.59,3.0,40.5,QUEUED,NO,DOCK-08
2026-07-09 13:20:00,TRK-141,Rute-E,Bekasi Logistics Hub,616.0,1200,18.0,0.3,41.0,DELIVERED,YES,DOCK-09
2026-07-10 17:33:00,TRK-148,Rute-G,Cikarang Industrial Hub,616.7,1200,18.41,0.4,41.6,IN_TRANSIT,YES,DOCK-10
2026-07-11 07:46:00,TRK-155,Rute-I,Grogol Hub (Jakbar),617.4,1200,18.82,0.6,42.1,IDLE_DOCK,YES,DOCK-11
2026-07-12 11:59:00,TRK-162,Rute-K,Depok Hub,618.1,1200,19.23,0.7,42.7,LOADED,YES,DOCK-12
2026-07-13 15:12:00,TRK-169,Rute-M,Gudang West (Tangerang),618.8,1200,19.64,0.9,43.2,QUEUED,NO,DOCK-01
2026-07-14 05:25:00,TRK-176,Rute-O,Petamburan Hub,619.5,1200,20.05,1.0,43.8,DELIVERED,YES,DOCK-02
2026-07-15 09:38:00,TRK-003,Rute-Q,Bogor Transit Hub,620.2,1200,20.46,1.1,44.3,IN_TRANSIT,YES,DOCK-03
2026-07-16 13:51:00,TRK-010,Rute-A,Central Hub (Jakarta),620.9,1200,20.87,1.3,44.9,IDLE_DOCK,YES,DOCK-04
2026-07-17 17:04:00,TRK-017,Rute-C,Bekasi Logistics Hub,621.6,1200,21.28,1.4,45.4,LOADED,YES,DOCK-05
2026-07-18 07:17:00,TRK-024,Rute-E,Cikarang Industrial Hub,622.3,1200,21.69,1.6,46.0,QUEUED,NO,DOCK-06
2026-07-19 11:30:00,TRK-031,Rute-G,Grogol Hub (Jakbar),623.0,1200,22.1,1.7,46.5,DELIVERED,YES,DOCK-07
2026-07-20 15:43:00,TRK-038,Rute-I,Depok Hub,623.7,1200,22.51,1.8,47.1,IN_TRANSIT,YES,DOCK-08
2026-07-21 05:56:00,TRK-045,Rute-K,Gudang West (Tangerang),624.4,1200,22.92,2.0,47.6,IDLE_DOCK,YES,DOCK-09
2026-07-22 09:09:00,TRK-052,Rute-M,Petamburan Hub,625.1,1200,23.33,2.1,48.2,LOADED,YES,DOCK-10
2026-07-23 13:22:00,TRK-059,Rute-O,Bogor Transit Hub,625.8,1200,23.74,2.3,48.7,QUEUED,NO,DOCK-11
2026-07-24 17:35:00,TRK-066,Rute-Q,Central Hub (Jakarta),626.5,1200,24.15,2.4,49.2,DELIVERED,YES,DOCK-12
2026-07-25 07:48:00,TRK-073,Rute-A,Bekasi Logistics Hub,627.2,1200,24.56,2.5,49.8,IN_TRANSIT,YES,DOCK-01
2026-07-26 11:01:00,TRK-080,Rute-C,Cikarang Industrial Hub,627.9,1200,24.97,2.7,50.4,IDLE_DOCK,YES,DOCK-02
2026-07-27 15:14:00,TRK-087,Rute-E,Grogol Hub (Jakbar),628.6,1200,25.38,2.8,50.9,LOADED,YES,DOCK-03
2026-07-28 05:27:00,TRK-094,Rute-G,Depok Hub,629.3,1200,25.79,3.0,51.5,QUEUED,NO,DOCK-04
2026-07-29 09:40:00,TRK-101,Rute-I,Gudang West (Tangerang),630.0,1200,9.8,0.3,52.0,DELIVERED,YES,DOCK-05
2026-07-30 13:53:00,TRK-108,Rute-K,Petamburan Hub,630.7,1200,10.21,0.4,52.6,IN_TRANSIT,YES,DOCK-06
2026-07-31 17:06:00,TRK-115,Rute-M,Bogor Transit Hub,631.4,1200,10.62,0.6,53.1,IDLE_DOCK,YES,DOCK-07
2026-07-01 07:19:00,TRK-122,Rute-O,Central Hub (Jakarta),632.1,1200,11.03,0.7,53.7,LOADED,YES,DOCK-08
2026-07-02 11:32:00,TRK-129,Rute-Q,Bekasi Logistics Hub,632.8,1200,11.44,0.9,54.2,QUEUED,NO,DOCK-09
2026-07-03 15:45:00,TRK-136,Rute-A,Cikarang Industrial Hub,633.5,1200,11.85,1.0,54.8,DELIVERED,YES,DOCK-10
2026-07-04 05:58:00,TRK-143,Rute-C,Grogol Hub (Jakbar),634.2,1200,12.26,1.1,55.3,IN_TRANSIT,YES,DOCK-11
2026-07-05 09:11:00,TRK-150,Rute-E,Depok Hub,634.9,1200,12.67,1.3,55.9,IDLE_DOCK,YES,DOCK-12
2026-07-06 13:24:00,TRK-157,Rute-G,Gudang West (Tangerang),635.6,1200,13.08,1.4,56.4,LOADED,YES,DOCK-01
2026-07-07 17:37:00,TRK-164,Rute-I,Petamburan Hub,636.3,1200,13.49,1.6,57.0,QUEUED,NO,DOCK-02
2026-07-08 07:50:00,TRK-171,Rute-K,Bogor Transit Hub,637.0,1200,13.9,1.7,57.5,DELIVERED,YES,DOCK-03
2026-07-09 11:03:00,TRK-178,Rute-M,Central Hub (Jakarta),637.7,1200,14.31,1.8,58.1,IN_TRANSIT,YES,DOCK-04
2026-07-10 15:16:00,TRK-005,Rute-O,Bekasi Logistics Hub,638.4,1200,14.72,2.0,58.6,IDLE_DOCK,YES,DOCK-05
2026-07-11 05:29:00,TRK-012,Rute-Q,Cikarang Industrial Hub,639.1,1200,15.13,2.1,59.2,LOADED,YES,DOCK-06
2026-07-12 09:42:00,TRK-019,Rute-A,Grogol Hub (Jakbar),639.8,1200,15.54,2.3,59.7,QUEUED,NO,DOCK-07
2026-07-13 13:55:00,TRK-026,Rute-C,Depok Hub,640.5,1200,15.95,2.4,60.3,DELIVERED,YES,DOCK-08
2026-07-14 17:08:00,TRK-033,Rute-E,Gudang West (Tangerang),641.2,1200,16.36,2.5,60.8,IN_TRANSIT,YES,DOCK-09
2026-07-15 07:21:00,TRK-040,Rute-G,Petamburan Hub,641.9,1200,16.77,2.7,61.4,IDLE_DOCK,YES,DOCK-10
2026-07-16 11:34:00,TRK-047,Rute-I,Bogor Transit Hub,642.6,1200,17.18,2.8,61.9,LOADED,YES,DOCK-11
2026-07-17 15:47:00,TRK-054,Rute-K,Central Hub (Jakarta),643.3,1200,17.59,3.0,62.5,QUEUED,NO,DOCK-12
2026-07-18 05:00:00,TRK-061,Rute-M,Bekasi Logistics Hub,644.0,1200,18.0,0.3,63.0,DELIVERED,YES,DOCK-01
2026-07-19 09:13:00,TRK-068,Rute-O,Cikarang Industrial Hub,644.7,1200,18.41,0.4,63.6,IN_TRANSIT,YES,DOCK-02
2026-07-20 13:26:00,TRK-075,Rute-Q,Grogol Hub (Jakbar),645.4,1200,18.82,0.6,64.1,IDLE_DOCK,YES,DOCK-03
2026-07-21 17:39:00,TRK-082,Rute-A,Depok Hub,646.1,1200,19.23,0.7,64.7,LOADED,YES,DOCK-04
2026-07-22 07:52:00,TRK-089,Rute-C,Gudang West (Tangerang),646.8,1200,19.64,0.9,65.2,QUEUED,NO,DOCK-05
2026-07-23 11:05:00,TRK-096,Rute-E,Petamburan Hub,647.5,1200,20.05,1.0,65.8,DELIVERED,YES,DOCK-06
2026-07-24 15:18:00,TRK-103,Rute-G,Bogor Transit Hub,648.2,1200,20.46,1.1,66.3,IN_TRANSIT,YES,DOCK-07
2026-07-25 05:31:00,TRK-110,Rute-I,Central Hub (Jakarta),648.9,1200,20.87,1.3,66.8,IDLE_DOCK,YES,DOCK-08
2026-07-26 09:44:00,TRK-117,Rute-K,Bekasi Logistics Hub,649.6,1200,21.28,1.4,67.4,LOADED,YES,DOCK-09
2026-07-27 13:57:00,TRK-124,Rute-M,Cikarang Industrial Hub,650.3,1200,21.69,1.6,68.0,QUEUED,NO,DOCK-10
2026-07-28 17:10:00,TRK-131,Rute-O,Grogol Hub (Jakbar),651.0,1200,22.1,1.7,68.5,DELIVERED,YES,DOCK-11
2026-07-29 07:23:00,TRK-138,Rute-Q,Depok Hub,651.7,1200,22.51,1.8,69.1,IN_TRANSIT,YES,DOCK-12
2026-07-30 11:36:00,TRK-145,Rute-A,Gudang West (Tangerang),652.4,1200,22.92,2.0,69.6,IDLE_DOCK,YES,DOCK-01
2026-07-31 15:49:00,TRK-152,Rute-C,Petamburan Hub,653.1,1200,23.33,2.1,70.2,LOADED,YES,DOCK-02
2026-07-01 05:02:00,TRK-159,Rute-E,Bogor Transit Hub,653.8,1200,23.74,2.3,70.7,QUEUED,NO,DOCK-03
2026-07-02 09:15:00,TRK-166,Rute-G,Central Hub (Jakarta),654.5,1200,24.15,2.4,71.2,DELIVERED,YES,DOCK-04
2026-07-03 13:28:00,TRK-173,Rute-I,Bekasi Logistics Hub,655.2,1200,24.56,2.5,71.8,IN_TRANSIT,YES,DOCK-05
2026-07-04 17:41:00,TRK-180,Rute-K,Cikarang Industrial Hub,655.9,1200,24.97,2.7,72.4,IDLE_DOCK,YES,DOCK-06
2026-07-05 07:54:00,TRK-007,Rute-M,Grogol Hub (Jakbar),656.6,1200,25.38,2.8,72.9,LOADED,YES,DOCK-07
2026-07-06 11:07:00,TRK-014,Rute-O,Depok Hub,657.3,1200,25.79,3.0,73.5,QUEUED,NO,DOCK-08
2026-07-07 15:20:00,TRK-021,Rute-Q,Gudang West (Tangerang),658.0,1200,9.8,0.3,74.0,DELIVERED,YES,DOCK-09
2026-07-08 05:33:00,TRK-028,Rute-A,Petamburan Hub,658.7,1200,10.21,0.4,74.6,IN_TRANSIT,YES,DOCK-10
2026-07-09 09:46:00,TRK-035,Rute-C,Bogor Transit Hub,659.4,1200,10.62,0.6,75.1,IDLE_DOCK,YES,DOCK-11
2026-07-10 13:59:00,TRK-042,Rute-E,Central Hub (Jakarta),660.1,1200,11.03,0.7,75.7,LOADED,YES,DOCK-12
2026-07-11 17:12:00,TRK-049,Rute-G,Bekasi Logistics Hub,660.8,1200,11.44,0.9,76.2,QUEUED,NO,DOCK-01
2026-07-12 07:25:00,TRK-056,Rute-I,Cikarang Industrial Hub,661.5,1200,11.85,1.0,76.8,DELIVERED,YES,DOCK-02
2026-07-13 11:38:00,TRK-063,Rute-K,Grogol Hub (Jakbar),662.2,1200,12.26,1.1,77.3,IN_TRANSIT,YES,DOCK-03
2026-07-14 15:51:00,TRK-070,Rute-M,Depok Hub,662.9,1200,12.67,1.3,77.9,IDLE_DOCK,YES,DOCK-04
2026-07-15 05:04:00,TRK-077,Rute-O,Gudang West (Tangerang),663.6,1200,13.08,1.4,78.4,LOADED,YES,DOCK-05
2026-07-16 09:17:00,TRK-084,Rute-Q,Petamburan Hub,664.3,1200,13.49,1.6,79.0,QUEUED,NO,DOCK-06
2026-07-17 13:30:00,TRK-091,Rute-A,Bogor Transit Hub,665.0,1200,13.9,1.7,79.5,DELIVERED,YES,DOCK-07
2026-07-18 17:43:00,TRK-098,Rute-C,Central Hub (Jakarta),665.7,1200,14.31,1.8,80.1,IN_TRANSIT,YES,DOCK-08
2026-07-19 07:56:00,TRK-105,Rute-E,Bekasi Logistics Hub,666.4,1200,14.72,2.0,80.6,IDLE_DOCK,YES,DOCK-09
2026-07-20 11:09:00,TRK-112,Rute-G,Cikarang Industrial Hub,667.1,1200,15.13,2.1,81.2,LOADED,YES,DOCK-10
2026-07-21 15:22:00,TRK-119,Rute-I,Grogol Hub (Jakbar),667.8,1200,15.54,2.3,81.7,QUEUED,NO,DOCK-11
2026-07-22 05:35:00,TRK-126,Rute-K,Depok Hub,668.5,1200,15.95,2.4,82.2,DELIVERED,YES,DOCK-12
2026-07-23 09:48:00,TRK-133,Rute-M,Gudang West (Tangerang),669.2,1200,16.36,2.5,82.8,IN_TRANSIT,YES,DOCK-01
2026-07-24 13:01:00,TRK-140,Rute-O,Petamburan Hub,669.9,1200,16.77,2.7,83.4,IDLE_DOCK,YES,DOCK-02
2026-07-25 17:14:00,TRK-147,Rute-Q,Bogor Transit Hub,670.6,1200,17.18,2.8,83.9,LOADED,YES,DOCK-03
2026-07-26 07:27:00,TRK-154,Rute-A,Central Hub (Jakarta),671.3,1200,17.59,3.0,84.5,QUEUED,NO,DOCK-04
2026-07-27 11:40:00,TRK-161,Rute-C,Bekasi Logistics Hub,672.0,1200,18.0,0.3,85.0,DELIVERED,YES,DOCK-05
2026-07-28 15:53:00,TRK-168,Rute-E,Cikarang Industrial Hub,672.7,1200,18.41,0.4,85.6,IN_TRANSIT,YES,DOCK-06
2026-07-29 05:06:00,TRK-175,Rute-G,Grogol Hub (Jakbar),673.4,1200,18.82,0.6,86.1,IDLE_DOCK,YES,DOCK-07
2026-07-30 09:19:00,TRK-002,Rute-I,Depok Hub,674.1,1200,19.23,0.7,86.7,LOADED,YES,DOCK-08
2026-07-31 13:32:00,TRK-009,Rute-K,Gudang West (Tangerang),674.8,1200,19.64,0.9,87.2,QUEUED,NO,DOCK-09
2026-07-01 17:45:00,TRK-016,Rute-M,Petamburan Hub,675.5,1200,20.05,1.0,87.8,DELIVERED,YES,DOCK-10
2026-07-02 07:58:00,TRK-023,Rute-O,Bogor Transit Hub,676.2,1200,20.46,1.1,88.3,IN_TRANSIT,YES,DOCK-11
2026-07-03 11:11:00,TRK-030,Rute-Q,Central Hub (Jakarta),676.9,1200,20.87,1.3,88.9,IDLE_DOCK,YES,DOCK-12
2026-07-04 15:24:00,TRK-037,Rute-A,Bekasi Logistics Hub,677.6,1200,21.28,1.4,89.4,LOADED,YES,DOCK-01
2026-07-05 05:37:00,TRK-044,Rute-C,Cikarang Industrial Hub,678.3,1200,21.69,1.6,90.0,QUEUED,NO,DOCK-02
2026-07-06 09:50:00,TRK-051,Rute-E,Grogol Hub (Jakbar),679.0,1200,22.1,1.7,90.5,DELIVERED,YES,DOCK-03
2026-07-07 13:03:00,TRK-058,Rute-G,Depok Hub,679.7,1200,22.51,1.8,91.1,IN_TRANSIT,YES,DOCK-04
2026-07-08 17:16:00,TRK-065,Rute-I,Gudang West (Tangerang),680.4,1200,22.92,2.0,91.6,IDLE_DOCK,YES,DOCK-05
2026-07-09 07:29:00,TRK-072,Rute-K,Petamburan Hub,681.1,1200,23.33,2.1,92.2,LOADED,YES,DOCK-06
2026-07-10 11:42:00,TRK-079,Rute-M,Bogor Transit Hub,681.8,1200,23.74,2.3,92.7,QUEUED,NO,DOCK-07
2026-07-11 15:55:00,TRK-086,Rute-O,Central Hub (Jakarta),682.5,1200,24.15,2.4,93.2,DELIVERED,YES,DOCK-08
2026-07-12 05:08:00,TRK-093,Rute-Q,Bekasi Logistics Hub,683.2,1200,24.56,2.5,93.8,IN_TRANSIT,YES,DOCK-09
2026-07-13 09:21:00,TRK-100,Rute-A,Cikarang Industrial Hub,683.9,1200,24.97,2.7,94.4,IDLE_DOCK,YES,DOCK-10
2026-07-14 13:34:00,TRK-107,Rute-C,Grogol Hub (Jakbar),684.6,1200,25.38,2.8,94.9,LOADED,YES,DOCK-11
2026-07-15 17:47:00,TRK-114,Rute-E,Depok Hub,685.3,1200,25.79,3.0,95.5,QUEUED,NO,DOCK-12
2026-07-16 07:00:00,TRK-121,Rute-G,Gudang West (Tangerang),686.0,1200,9.8,0.3,8.0,DELIVERED,YES,DOCK-01
2026-07-17 11:13:00,TRK-128,Rute-I,Petamburan Hub,686.7,1200,10.21,0.4,8.6,IN_TRANSIT,YES,DOCK-02
2026-07-18 15:26:00,TRK-135,Rute-K,Bogor Transit Hub,687.4,1200,10.62,0.6,9.1,IDLE_DOCK,YES,DOCK-03
2026-07-19 05:39:00,TRK-142,Rute-M,Central Hub (Jakarta),688.1,1200,11.03,0.7,9.7,LOADED,YES,DOCK-04
2026-07-20 09:52:00,TRK-149,Rute-O,Bekasi Logistics Hub,688.8,1200,11.44,0.9,10.2,QUEUED,NO,DOCK-05
2026-07-21 13:05:00,TRK-156,Rute-Q,Cikarang Industrial Hub,689.5,1200,11.85,1.0,10.8,DELIVERED,YES,DOCK-06
2026-07-22 17:18:00,TRK-163,Rute-A,Grogol Hub (Jakbar),690.2,1200,12.26,1.1,11.3,IN_TRANSIT,YES,DOCK-07
2026-07-23 07:31:00,TRK-170,Rute-C,Depok Hub,690.9,1200,12.67,1.3,11.9,IDLE_DOCK,YES,DOCK-08
2026-07-24 11:44:00,TRK-177,Rute-E,Gudang West (Tangerang),691.6,1200,13.08,1.4,12.4,LOADED,YES,DOCK-09
2026-07-25 15:57:00,TRK-004,Rute-G,Petamburan Hub,692.3,1200,13.49,1.6,12.9,QUEUED,NO,DOCK-10
2026-07-26 05:10:00,TRK-011,Rute-I,Bogor Transit Hub,693.0,1200,13.9,1.7,13.5,DELIVERED,YES,DOCK-11
2026-07-27 09:23:00,TRK-018,Rute-K,Central Hub (Jakarta),693.7,1200,14.31,1.8,14.1,IN_TRANSIT,YES,DOCK-12
2026-07-28 13:36:00,TRK-025,Rute-M,Bekasi Logistics Hub,694.4,1200,14.72,2.0,14.6,IDLE_DOCK,YES,DOCK-01
2026-07-29 17:49:00,TRK-032,Rute-O,Cikarang Industrial Hub,695.1,1200,15.13,2.1,15.2,LOADED,YES,DOCK-02
2026-07-30 07:02:00,TRK-039,Rute-Q,Grogol Hub (Jakbar),695.8,1200,15.54,2.3,15.7,QUEUED,NO,DOCK-03
2026-07-31 11:15:00,TRK-046,Rute-A,Depok Hub,696.5,1200,15.95,2.4,16.2,DELIVERED,YES,DOCK-04
2026-07-01 15:28:00,TRK-053,Rute-C,Gudang West (Tangerang),697.2,1200,16.36,2.5,16.8,IN_TRANSIT,YES,DOCK-05
2026-07-02 05:41:00,TRK-060,Rute-E,Petamburan Hub,697.9,1200,16.77,2.7,17.4,IDLE_DOCK,YES,DOCK-06
2026-07-03 09:54:00,TRK-067,Rute-G,Bogor Transit Hub,698.6,1200,17.18,2.8,17.9,LOADED,YES,DOCK-07
2026-07-04 13:07:00,TRK-074,Rute-I,Central Hub (Jakarta),699.3,1200,17.59,3.0,18.5,QUEUED,NO,DOCK-08
2026-07-05 17:20:00,TRK-081,Rute-K,Bekasi Logistics Hub,700.0,1200,18.0,0.3,19.0,DELIVERED,YES,DOCK-09
2026-07-06 07:33:00,TRK-088,Rute-M,Cikarang Industrial Hub,700.7,1200,18.41,0.4,19.6,IN_TRANSIT,YES,DOCK-10
2026-07-07 11:46:00,TRK-095,Rute-O,Grogol Hub (Jakbar),701.4,1200,18.82,0.6,20.1,IDLE_DOCK,YES,DOCK-11
2026-07-08 15:59:00,TRK-102,Rute-Q,Depok Hub,702.1,1200,19.23,0.7,20.6,LOADED,YES,DOCK-12
2026-07-09 05:12:00,TRK-109,Rute-A,Gudang West (Tangerang),702.8,1200,19.64,0.9,21.2,QUEUED,NO,DOCK-01
2026-07-10 09:25:00,TRK-116,Rute-C,Petamburan Hub,703.5,1200,20.05,1.0,21.8,DELIVERED,YES,DOCK-02
2026-07-11 13:38:00,TRK-123,Rute-E,Bogor Transit Hub,704.2,1200,20.46,1.1,22.3,IN_TRANSIT,YES,DOCK-03
2026-07-12 17:51:00,TRK-130,Rute-G,Central Hub (Jakarta),704.9,1200,20.87,1.3,22.9,IDLE_DOCK,YES,DOCK-04
2026-07-13 07:04:00,TRK-137,Rute-I,Bekasi Logistics Hub,705.6,1200,21.28,1.4,23.4,LOADED,YES,DOCK-05
2026-07-14 11:17:00,TRK-144,Rute-K,Cikarang Industrial Hub,706.3,1200,21.69,1.6,24.0,QUEUED,NO,DOCK-06
2026-07-15 15:30:00,TRK-151,Rute-M,Grogol Hub (Jakbar),707.0,1200,22.1,1.7,24.5,DELIVERED,YES,DOCK-07
2026-07-16 05:43:00,TRK-158,Rute-O,Depok Hub,707.7,1200,22.51,1.8,25.1,IN_TRANSIT,YES,DOCK-08
2026-07-17 09:56:00,TRK-165,Rute-Q,Gudang West (Tangerang),708.4,1200,22.92,2.0,25.6,IDLE_DOCK,YES,DOCK-09
2026-07-18 13:09:00,TRK-172,Rute-A,Petamburan Hub,709.1,1200,23.33,2.1,26.2,LOADED,YES,DOCK-10
2026-07-19 17:22:00,TRK-179,Rute-C,Bogor Transit Hub,709.8,1200,23.74,2.3,26.7,QUEUED,NO,DOCK-11
2026-07-20 07:35:00,TRK-006,Rute-E,Central Hub (Jakarta),710.5,1200,24.15,2.4,27.2,DELIVERED,YES,DOCK-12
2026-07-21 11:48:00,TRK-013,Rute-G,Bekasi Logistics Hub,711.2,1200,24.56,2.5,27.8,IN_TRANSIT,YES,DOCK-01
2026-07-22 15:01:00,TRK-020,Rute-I,Cikarang Industrial Hub,711.9,1200,24.97,2.7,28.4,IDLE_DOCK,YES,DOCK-02
2026-07-23 05:14:00,TRK-027,Rute-K,Grogol Hub (Jakbar),712.6,1200,25.38,2.8,28.9,LOADED,YES,DOCK-03
2026-07-24 09:27:00,TRK-034,Rute-M,Depok Hub,713.3,1200,25.79,3.0,29.5,QUEUED,NO,DOCK-04
2026-07-25 13:40:00,TRK-041,Rute-O,Gudang West (Tangerang),714.0,1200,9.8,0.3,30.0,DELIVERED,YES,DOCK-05
2026-07-26 17:53:00,TRK-048,Rute-Q,Petamburan Hub,714.7,1200,10.21,0.4,30.6,IN_TRANSIT,YES,DOCK-06
2026-07-27 07:06:00,TRK-055,Rute-A,Bogor Transit Hub,715.4,1200,10.62,0.6,31.1,IDLE_DOCK,YES,DOCK-07
2026-07-28 11:19:00,TRK-062,Rute-C,Central Hub (Jakarta),716.1,1200,11.03,0.7,31.7,LOADED,YES,DOCK-08
2026-07-29 15:32:00,TRK-069,Rute-E,Bekasi Logistics Hub,716.8,1200,11.44,0.9,32.2,QUEUED,NO,DOCK-09
2026-07-30 05:45:00,TRK-076,Rute-G,Cikarang Industrial Hub,717.5,1200,11.85,1.0,32.8,DELIVERED,YES,DOCK-10
2026-07-31 09:58:00,TRK-083,Rute-I,Grogol Hub (Jakbar),718.2,1200,12.26,1.1,33.3,IN_TRANSIT,YES,DOCK-11
2026-07-01 13:11:00,TRK-090,Rute-K,Depok Hub,718.9,1200,12.67,1.3,33.9,IDLE_DOCK,YES,DOCK-12
2026-07-02 17:24:00,TRK-097,Rute-M,Gudang West (Tangerang),719.6,1200,13.08,1.4,34.4,LOADED,YES,DOCK-01
2026-07-03 07:37:00,TRK-104,Rute-O,Petamburan Hub,720.3,1200,13.49,1.6,35.0,QUEUED,NO,DOCK-02
2026-07-04 11:50:00,TRK-111,Rute-Q,Bogor Transit Hub,721.0,1200,13.9,1.7,35.5,DELIVERED,YES,DOCK-03
2026-07-05 15:03:00,TRK-118,Rute-A,Central Hub (Jakarta),721.7,1200,14.31,1.8,36.0,IN_TRANSIT,YES,DOCK-04
2026-07-06 05:16:00,TRK-125,Rute-C,Bekasi Logistics Hub,722.4,1200,14.72,2.0,36.6,IDLE_DOCK,YES,DOCK-05
2026-07-07 09:29:00,TRK-132,Rute-E,Cikarang Industrial Hub,723.1,1200,15.13,2.1,37.2,LOADED,YES,DOCK-06
2026-07-08 13:42:00,TRK-139,Rute-G,Grogol Hub (Jakbar),723.8,1200,15.54,2.3,37.7,QUEUED,NO,DOCK-07
2026-07-09 17:55:00,TRK-146,Rute-I,Depok Hub,724.5,1200,15.95,2.4,38.2,DELIVERED,YES,DOCK-08
2026-07-10 07:08:00,TRK-153,Rute-K,Gudang West (Tangerang),725.2,1200,16.36,2.5,38.8,IN_TRANSIT,YES,DOCK-09
2026-07-11 11:21:00,TRK-160,Rute-M,Petamburan Hub,725.9,1200,16.77,2.7,39.4,IDLE_DOCK,YES,DOCK-10
2026-07-12 15:34:00,TRK-167,Rute-O,Bogor Transit Hub,726.6,1200,17.18,2.8,39.9,LOADED,YES,DOCK-11
2026-07-13 05:47:00,TRK-174,Rute-Q,Central Hub (Jakarta),727.3,1200,17.59,3.0,40.5,QUEUED,NO,DOCK-12
2026-07-14 09:00:00,TRK-001,Rute-A,Bekasi Logistics Hub,728.0,1200,18.0,0.3,41.0,DELIVERED,YES,DOCK-01
2026-07-15 13:13:00,TRK-008,Rute-C,Cikarang Industrial Hub,728.7,1200,18.41,0.4,41.6,IN_TRANSIT,YES,DOCK-02
2026-07-16 17:26:00,TRK-015,Rute-E,Grogol Hub (Jakbar),729.4,1200,18.82,0.6,42.1,IDLE_DOCK,YES,DOCK-03
2026-07-17 07:39:00,TRK-022,Rute-G,Depok Hub,730.1,1200,19.23,0.7,42.7,LOADED,YES,DOCK-04
2026-07-18 11:52:00,TRK-029,Rute-I,Gudang West (Tangerang),730.8,1200,19.64,0.9,43.2,QUEUED,NO,DOCK-05
2026-07-19 15:05:00,TRK-036,Rute-K,Petamburan Hub,731.5,1200,20.05,1.0,43.8,DELIVERED,YES,DOCK-06
2026-07-20 05:18:00,TRK-043,Rute-M,Bogor Transit Hub,732.2,1200,20.46,1.1,44.3,IN_TRANSIT,YES,DOCK-07
2026-07-21 09:31:00,TRK-050,Rute-O,Central Hub (Jakarta),732.9,1200,20.87,1.3,44.9,IDLE_DOCK,YES,DOCK-08
2026-07-22 13:44:00,TRK-057,Rute-Q,Bekasi Logistics Hub,733.6,1200,21.28,1.4,45.4,LOADED,YES,DOCK-09
2026-07-23 17:57:00,TRK-064,Rute-A,Cikarang Industrial Hub,734.3,1200,21.69,1.6,46.0,QUEUED,NO,DOCK-10
2026-07-24 07:10:00,TRK-071,Rute-C,Grogol Hub (Jakbar),735.0,1200,22.1,1.7,46.5,DELIVERED,YES,DOCK-11
2026-07-25 11:23:00,TRK-078,Rute-E,Depok Hub,735.7,1200,22.51,1.8,47.1,IN_TRANSIT,YES,DOCK-12
2026-07-26 15:36:00,TRK-085,Rute-G,Gudang West (Tangerang),736.4,1200,22.92,2.0,47.6,IDLE_DOCK,YES,DOCK-01
2026-07-27 05:49:00,TRK-092,Rute-I,Petamburan Hub,737.1,1200,23.33,2.1,48.2,LOADED,YES,DOCK-02
2026-07-28 09:02:00,TRK-099,Rute-K,Bogor Transit Hub,737.8,1200,23.74,2.3,48.7,QUEUED,NO,DOCK-03
2026-07-29 13:15:00,TRK-106,Rute-M,Central Hub (Jakarta),738.5,1200,24.15,2.4,49.2,DELIVERED,YES,DOCK-04
2026-07-30 17:28:00,TRK-113,Rute-O,Bekasi Logistics Hub,739.2,1200,24.56,2.5,49.8,IN_TRANSIT,YES,DOCK-05
2026-07-31 07:41:00,TRK-120,Rute-Q,Cikarang Industrial Hub,739.9,1200,24.97,2.7,50.4,IDLE_DOCK,YES,DOCK-06
2026-07-01 11:54:00,TRK-127,Rute-A,Grogol Hub (Jakbar),740.6,1200,25.38,2.8,50.9,LOADED,YES,DOCK-07
2026-07-02 15:07:00,TRK-134,Rute-C,Depok Hub,741.3,1200,25.79,3.0,51.5,QUEUED,NO,DOCK-08
2026-07-03 05:20:00,TRK-141,Rute-E,Gudang West (Tangerang),742.0,1200,9.8,0.3,52.0,DELIVERED,YES,DOCK-09
2026-07-04 09:33:00,TRK-148,Rute-G,Petamburan Hub,742.7,1200,10.21,0.4,52.6,IN_TRANSIT,YES,DOCK-10
2026-07-05 13:46:00,TRK-155,Rute-I,Bogor Transit Hub,743.4,1200,10.62,0.6,53.1,IDLE_DOCK,YES,DOCK-11
2026-07-06 17:59:00,TRK-162,Rute-K,Central Hub (Jakarta),744.1,1200,11.03,0.7,53.7,LOADED,YES,DOCK-12
2026-07-07 07:12:00,TRK-169,Rute-M,Bekasi Logistics Hub,744.8,1200,11.44,0.9,54.2,QUEUED,NO,DOCK-01
2026-07-08 11:25:00,TRK-176,Rute-O,Cikarang Industrial Hub,745.5,1200,11.85,1.0,54.8,DELIVERED,YES,DOCK-02
2026-07-09 15:38:00,TRK-003,Rute-Q,Grogol Hub (Jakbar),746.2,1200,12.26,1.1,55.3,IN_TRANSIT,YES,DOCK-03
2026-07-10 05:51:00,TRK-010,Rute-A,Depok Hub,746.9,1200,12.67,1.3,55.9,IDLE_DOCK,YES,DOCK-04
2026-07-11 09:04:00,TRK-017,Rute-C,Gudang West (Tangerang),747.6,1200,13.08,1.4,56.4,LOADED,YES,DOCK-05
2026-07-12 13:17:00,TRK-024,Rute-E,Petamburan Hub,748.3,1200,13.49,1.6,57.0,QUEUED,NO,DOCK-06
2026-07-13 17:30:00,TRK-031,Rute-G,Bogor Transit Hub,749.0,1200,13.9,1.7,57.5,DELIVERED,YES,DOCK-07
2026-07-14 07:43:00,TRK-038,Rute-I,Central Hub (Jakarta),749.7,1200,14.31,1.8,58.1,IN_TRANSIT,YES,DOCK-08
2026-07-15 11:56:00,TRK-045,Rute-K,Bekasi Logistics Hub,750.4,1200,14.72,2.0,58.6,IDLE_DOCK,YES,DOCK-09
2026-07-16 15:09:00,TRK-052,Rute-M,Cikarang Industrial Hub,751.1,1200,15.13,2.1,59.2,LOADED,YES,DOCK-10
2026-07-17 05:22:00,TRK-059,Rute-O,Grogol Hub (Jakbar),751.8,1200,15.54,2.3,59.7,QUEUED,NO,DOCK-11
2026-07-18 09:35:00,TRK-066,Rute-Q,Depok Hub,752.5,1200,15.95,2.4,60.3,DELIVERED,YES,DOCK-12
2026-07-19 13:48:00,TRK-073,Rute-A,Gudang West (Tangerang),753.2,1200,16.36,2.5,60.8,IN_TRANSIT,YES,DOCK-01
2026-07-20 17:01:00,TRK-080,Rute-C,Petamburan Hub,753.9,1200,16.77,2.7,61.4,IDLE_DOCK,YES,DOCK-02
2026-07-21 07:14:00,TRK-087,Rute-E,Bogor Transit Hub,754.6,1200,17.18,2.8,61.9,LOADED,YES,DOCK-03
2026-07-22 11:27:00,TRK-094,Rute-G,Central Hub (Jakarta),755.3,1200,17.59,3.0,62.5,QUEUED,NO,DOCK-04
2026-07-23 15:40:00,TRK-101,Rute-I,Bekasi Logistics Hub,756.0,1200,18.0,0.3,63.0,DELIVERED,YES,DOCK-05
2026-07-24 05:53:00,TRK-108,Rute-K,Cikarang Industrial Hub,756.7,1200,18.41,0.4,63.6,IN_TRANSIT,YES,DOCK-06
2026-07-25 09:06:00,TRK-115,Rute-M,Grogol Hub (Jakbar),757.4,1200,18.82,0.6,64.1,IDLE_DOCK,YES,DOCK-07
2026-07-26 13:19:00,TRK-122,Rute-O,Depok Hub,758.1,1200,19.23,0.7,64.7,LOADED,YES,DOCK-08
2026-07-27 17:32:00,TRK-129,Rute-Q,Gudang West (Tangerang),758.8,1200,19.64,0.9,65.2,QUEUED,NO,DOCK-09
2026-07-28 07:45:00,TRK-136,Rute-A,Petamburan Hub,759.5,1200,20.05,1.0,65.8,DELIVERED,YES,DOCK-10
2026-07-29 11:58:00,TRK-143,Rute-C,Bogor Transit Hub,760.2,1200,20.46,1.1,66.3,IN_TRANSIT,YES,DOCK-11
2026-07-30 15:11:00,TRK-150,Rute-E,Central Hub (Jakarta),760.9,1200,20.87,1.3,66.8,IDLE_DOCK,YES,DOCK-12
2026-07-31 05:24:00,TRK-157,Rute-G,Bekasi Logistics Hub,761.6,1200,21.28,1.4,67.4,LOADED,YES,DOCK-01
2026-07-01 09:37:00,TRK-164,Rute-I,Cikarang Industrial Hub,762.3,1200,21.69,1.6,68.0,QUEUED,NO,DOCK-02
2026-07-02 13:50:00,TRK-171,Rute-K,Grogol Hub (Jakbar),763.0,1200,22.1,1.7,68.5,DELIVERED,YES,DOCK-03
2026-07-03 17:03:00,TRK-178,Rute-M,Depok Hub,763.7,1200,22.51,1.8,69.1,IN_TRANSIT,YES,DOCK-04
2026-07-04 07:16:00,TRK-005,Rute-O,Gudang West (Tangerang),764.4,1200,22.92,2.0,69.6,IDLE_DOCK,YES,DOCK-05
2026-07-05 11:29:00,TRK-012,Rute-Q,Petamburan Hub,765.1,1200,23.33,2.1,70.2,LOADED,YES,DOCK-06
2026-07-06 15:42:00,TRK-019,Rute-A,Bogor Transit Hub,765.8,1200,23.74,2.3,70.7,QUEUED,NO,DOCK-07
2026-07-07 05:55:00,TRK-026,Rute-C,Central Hub (Jakarta),766.5,1200,24.15,2.4,71.2,DELIVERED,YES,DOCK-08
2026-07-08 09:08:00,TRK-033,Rute-E,Bekasi Logistics Hub,767.2,1200,24.56,2.5,71.8,IN_TRANSIT,YES,DOCK-09
2026-07-09 13:21:00,TRK-040,Rute-G,Cikarang Industrial Hub,767.9,1200,24.97,2.7,72.4,IDLE_DOCK,YES,DOCK-10
2026-07-10 17:34:00,TRK-047,Rute-I,Grogol Hub (Jakbar),768.6,1200,25.38,2.8,72.9,LOADED,YES,DOCK-11
2026-07-11 07:47:00,TRK-054,Rute-K,Depok Hub,769.3,1200,25.79,3.0,73.5,QUEUED,NO,DOCK-12
2026-07-12 11:00:00,TRK-061,Rute-M,Gudang West (Tangerang),770.0,1200,9.8,0.3,74.0,DELIVERED,YES,DOCK-01
2026-07-13 15:13:00,TRK-068,Rute-O,Petamburan Hub,770.7,1200,10.21,0.4,74.6,IN_TRANSIT,YES,DOCK-02
2026-07-14 05:26:00,TRK-075,Rute-Q,Bogor Transit Hub,771.4,1200,10.62,0.6,75.1,IDLE_DOCK,YES,DOCK-03
2026-07-15 09:39:00,TRK-082,Rute-A,Central Hub (Jakarta),772.1,1200,11.03,0.7,75.7,LOADED,YES,DOCK-04
2026-07-16 13:52:00,TRK-089,Rute-C,Bekasi Logistics Hub,772.8,1200,11.44,0.9,76.2,QUEUED,NO,DOCK-05
2026-07-17 17:05:00,TRK-096,Rute-E,Cikarang Industrial Hub,773.5,1200,11.85,1.0,76.8,DELIVERED,YES,DOCK-06
2026-07-18 07:18:00,TRK-103,Rute-G,Grogol Hub (Jakbar),774.2,1200,12.26,1.1,77.3,IN_TRANSIT,YES,DOCK-07
2026-07-19 11:31:00,TRK-110,Rute-I,Depok Hub,774.9,1200,12.67,1.3,77.9,IDLE_DOCK,YES,DOCK-08
2026-07-20 15:44:00,TRK-117,Rute-K,Gudang West (Tangerang),775.6,1200,13.08,1.4,78.4,LOADED,YES,DOCK-09
2026-07-21 05:57:00,TRK-124,Rute-M,Petamburan Hub,776.3,1200,13.49,1.6,79.0,QUEUED,NO,DOCK-10
2026-07-22 09:10:00,TRK-131,Rute-O,Bogor Transit Hub,777.0,1200,13.9,1.7,79.5,DELIVERED,YES,DOCK-11
2026-07-23 13:23:00,TRK-138,Rute-Q,Central Hub (Jakarta),777.7,1200,14.31,1.8,80.1,IN_TRANSIT,YES,DOCK-12
2026-07-24 17:36:00,TRK-145,Rute-A,Bekasi Logistics Hub,778.4,1200,14.72,2.0,80.6,IDLE_DOCK,YES,DOCK-01
2026-07-25 07:49:00,TRK-152,Rute-C,Cikarang Industrial Hub,779.1,1200,15.13,2.1,81.2,LOADED,YES,DOCK-02
2026-07-26 11:02:00,TRK-159,Rute-E,Grogol Hub (Jakbar),779.8,1200,15.54,2.3,81.7,QUEUED,NO,DOCK-03
2026-07-27 15:15:00,TRK-166,Rute-G,Depok Hub,780.5,1200,15.95,2.4,82.2,DELIVERED,YES,DOCK-04
2026-07-28 05:28:00,TRK-173,Rute-I,Gudang West (Tangerang),781.2,1200,16.36,2.5,82.8,IN_TRANSIT,YES,DOCK-05
2026-07-29 09:41:00,TRK-180,Rute-K,Petamburan Hub,781.9,1200,16.77,2.7,83.4,IDLE_DOCK,YES,DOCK-06
2026-07-30 13:54:00,TRK-007,Rute-M,Bogor Transit Hub,782.6,1200,17.18,2.8,83.9,LOADED,YES,DOCK-07
2026-07-31 17:07:00,TRK-014,Rute-O,Central Hub (Jakarta),783.3,1200,17.59,3.0,84.5,QUEUED,NO,DOCK-08
2026-07-01 07:20:00,TRK-021,Rute-Q,Bekasi Logistics Hub,784.0,1200,18.0,0.3,85.0,DELIVERED,YES,DOCK-09
2026-07-02 11:33:00,TRK-028,Rute-A,Cikarang Industrial Hub,784.7,1200,18.41,0.4,85.6,IN_TRANSIT,YES,DOCK-10
2026-07-03 15:46:00,TRK-035,Rute-C,Grogol Hub (Jakbar),785.4,1200,18.82,0.6,86.1,IDLE_DOCK,YES,DOCK-11
2026-07-04 05:59:00,TRK-042,Rute-E,Depok Hub,786.1,1200,19.23,0.7,86.7,LOADED,YES,DOCK-12
2026-07-05 09:12:00,TRK-049,Rute-G,Gudang West (Tangerang),786.8,1200,19.64,0.9,87.2,QUEUED,NO,DOCK-01
2026-07-06 13:25:00,TRK-056,Rute-I,Petamburan Hub,787.5,1200,20.05,1.0,87.8,DELIVERED,YES,DOCK-02
2026-07-07 17:38:00,TRK-063,Rute-K,Bogor Transit Hub,788.2,1200,20.46,1.1,88.3,IN_TRANSIT,YES,DOCK-03
2026-07-08 07:51:00,TRK-070,Rute-M,Central Hub (Jakarta),788.9,1200,20.87,1.3,88.9,IDLE_DOCK,YES,DOCK-04
2026-07-09 11:04:00,TRK-077,Rute-O,Bekasi Logistics Hub,789.6,1200,21.28,1.4,89.4,LOADED,YES,DOCK-05
2026-07-10 15:17:00,TRK-084,Rute-Q,Cikarang Industrial Hub,790.3,1200,21.69,1.6,90.0,QUEUED,NO,DOCK-06
2026-07-11 05:30:00,TRK-091,Rute-A,Grogol Hub (Jakbar),791.0,1200,22.1,1.7,90.5,DELIVERED,YES,DOCK-07
2026-07-12 09:43:00,TRK-098,Rute-C,Depok Hub,791.7,1200,22.51,1.8,91.1,IN_TRANSIT,YES,DOCK-08
2026-07-13 13:56:00,TRK-105,Rute-E,Gudang West (Tangerang),792.4,1200,22.92,2.0,91.6,IDLE_DOCK,YES,DOCK-09
2026-07-14 17:09:00,TRK-112,Rute-G,Petamburan Hub,793.1,1200,23.33,2.1,92.2,LOADED,YES,DOCK-10
2026-07-15 07:22:00,TRK-119,Rute-I,Bogor Transit Hub,793.8,1200,23.74,2.3,92.7,QUEUED,NO,DOCK-11
2026-07-16 11:35:00,TRK-126,Rute-K,Central Hub (Jakarta),794.5,1200,24.15,2.4,93.2,DELIVERED,YES,DOCK-12
2026-07-17 15:48:00,TRK-133,Rute-M,Bekasi Logistics Hub,795.2,1200,24.56,2.5,93.8,IN_TRANSIT,YES,DOCK-01
2026-07-18 05:01:00,TRK-140,Rute-O,Cikarang Industrial Hub,795.9,1200,24.97,2.7,94.4,IDLE_DOCK,YES,DOCK-02
2026-07-19 09:14:00,TRK-147,Rute-Q,Grogol Hub (Jakbar),796.6,1200,25.38,2.8,94.9,LOADED,YES,DOCK-03
2026-07-20 13:27:00,TRK-154,Rute-A,Depok Hub,797.3,1200,25.79,3.0,95.5,QUEUED,NO,DOCK-04
2026-07-21 17:40:00,TRK-161,Rute-C,Gudang West (Tangerang),798.0,1200,9.8,0.3,8.0,DELIVERED,YES,DOCK-05
2026-07-22 07:53:00,TRK-168,Rute-E,Petamburan Hub,798.7,1200,10.21,0.4,8.6,IN_TRANSIT,YES,DOCK-06
2026-07-23 11:06:00,TRK-175,Rute-G,Bogor Transit Hub,799.4,1200,10.62,0.6,9.1,IDLE_DOCK,YES,DOCK-07
2026-07-24 15:19:00,TRK-002,Rute-I,Central Hub (Jakarta),800.1,1200,11.03,0.7,9.7,LOADED,YES,DOCK-08
2026-07-25 05:32:00,TRK-009,Rute-K,Bekasi Logistics Hub,800.8,1200,11.44,0.9,10.2,QUEUED,NO,DOCK-09
2026-07-26 09:45:00,TRK-016,Rute-M,Cikarang Industrial Hub,801.5,1200,11.85,1.0,10.8,DELIVERED,YES,DOCK-10
2026-07-27 13:58:00,TRK-023,Rute-O,Grogol Hub (Jakbar),802.2,1200,12.26,1.1,11.3,IN_TRANSIT,YES,DOCK-11
2026-07-28 17:11:00,TRK-030,Rute-Q,Depok Hub,802.9,1200,12.67,1.3,11.9,IDLE_DOCK,YES,DOCK-12
2026-07-29 07:24:00,TRK-037,Rute-A,Gudang West (Tangerang),803.6,1200,13.08,1.4,12.4,LOADED,YES,DOCK-01
2026-07-30 11:37:00,TRK-044,Rute-C,Petamburan Hub,804.3,1200,13.49,1.6,12.9,QUEUED,NO,DOCK-02
2026-07-31 15:50:00,TRK-051,Rute-E,Bogor Transit Hub,805.0,1200,13.9,1.7,13.5,DELIVERED,YES,DOCK-03
2026-07-01 05:03:00,TRK-058,Rute-G,Central Hub (Jakarta),805.7,1200,14.31,1.8,14.1,IN_TRANSIT,YES,DOCK-04
2026-07-02 09:16:00,TRK-065,Rute-I,Bekasi Logistics Hub,806.4,1200,14.72,2.0,14.6,IDLE_DOCK,YES,DOCK-05
2026-07-03 13:29:00,TRK-072,Rute-K,Cikarang Industrial Hub,807.1,1200,15.13,2.1,15.2,LOADED,YES,DOCK-06
2026-07-04 17:42:00,TRK-079,Rute-M,Grogol Hub (Jakbar),807.8,1200,15.54,2.3,15.7,QUEUED,NO,DOCK-07
2026-07-05 07:55:00,TRK-086,Rute-O,Depok Hub,808.5,1200,15.95,2.4,16.2,DELIVERED,YES,DOCK-08
2026-07-06 11:08:00,TRK-093,Rute-Q,Gudang West (Tangerang),809.2,1200,16.36,2.5,16.8,IN_TRANSIT,YES,DOCK-09
2026-07-07 15:21:00,TRK-100,Rute-A,Petamburan Hub,809.9,1200,16.77,2.7,17.4,IDLE_DOCK,YES,DOCK-10
2026-07-08 05:34:00,TRK-107,Rute-C,Bogor Transit Hub,810.6,1200,17.18,2.8,17.9,LOADED,YES,DOCK-11
2026-07-09 09:47:00,TRK-114,Rute-E,Central Hub (Jakarta),811.3,1200,17.59,3.0,18.5,QUEUED,NO,DOCK-12
2026-07-10 13:00:00,TRK-121,Rute-G,Bekasi Logistics Hub,812.0,1200,18.0,0.3,19.0,DELIVERED,YES,DOCK-01
2026-07-11 17:13:00,TRK-128,Rute-I,Cikarang Industrial Hub,812.7,1200,18.41,0.4,19.6,IN_TRANSIT,YES,DOCK-02
2026-07-12 07:26:00,TRK-135,Rute-K,Grogol Hub (Jakbar),813.4,1200,18.82,0.6,20.1,IDLE_DOCK,YES,DOCK-03
2026-07-13 11:39:00,TRK-142,Rute-M,Depok Hub,814.1,1200,19.23,0.7,20.6,LOADED,YES,DOCK-04
2026-07-14 15:52:00,TRK-149,Rute-O,Gudang West (Tangerang),814.8,1200,19.64,0.9,21.2,QUEUED,NO,DOCK-05
2026-07-15 05:05:00,TRK-156,Rute-Q,Petamburan Hub,815.5,1200,20.05,1.0,21.8,DELIVERED,YES,DOCK-06
2026-07-16 09:18:00,TRK-163,Rute-A,Bogor Transit Hub,816.2,1200,20.46,1.1,22.3,IN_TRANSIT,YES,DOCK-07
2026-07-17 13:31:00,TRK-170,Rute-C,Central Hub (Jakarta),816.9,1200,20.87,1.3,22.9,IDLE_DOCK,YES,DOCK-08
2026-07-18 17:44:00,TRK-177,Rute-E,Bekasi Logistics Hub,817.6,1200,21.28,1.4,23.4,LOADED,YES,DOCK-09
2026-07-19 07:57:00,TRK-004,Rute-G,Cikarang Industrial Hub,818.3,1200,21.69,1.6,24.0,QUEUED,NO,DOCK-10
2026-07-20 11:10:00,TRK-011,Rute-I,Grogol Hub (Jakbar),819.0,1200,22.1,1.7,24.5,DELIVERED,YES,DOCK-11
2026-07-21 15:23:00,TRK-018,Rute-K,Depok Hub,819.7,1200,22.51,1.8,25.1,IN_TRANSIT,YES,DOCK-12
2026-07-22 05:36:00,TRK-025,Rute-M,Gudang West (Tangerang),820.4,1200,22.92,2.0,25.6,IDLE_DOCK,YES,DOCK-01
2026-07-23 09:49:00,TRK-032,Rute-O,Petamburan Hub,821.1,1200,23.33,2.1,26.2,LOADED,YES,DOCK-02
2026-07-24 13:02:00,TRK-039,Rute-Q,Bogor Transit Hub,821.8,1200,23.74,2.3,26.7,QUEUED,NO,DOCK-03
2026-07-25 17:15:00,TRK-046,Rute-A,Central Hub (Jakarta),822.5,1200,24.15,2.4,27.2,DELIVERED,YES,DOCK-04
2026-07-26 07:28:00,TRK-053,Rute-C,Bekasi Logistics Hub,823.2,1200,24.56,2.5,27.8,IN_TRANSIT,YES,DOCK-05
2026-07-27 11:41:00,TRK-060,Rute-E,Cikarang Industrial Hub,823.9,1200,24.97,2.7,28.4,IDLE_DOCK,YES,DOCK-06
2026-07-28 15:54:00,TRK-067,Rute-G,Grogol Hub (Jakbar),824.6,1200,25.38,2.8,28.9,LOADED,YES,DOCK-07
2026-07-29 05:07:00,TRK-074,Rute-I,Depok Hub,825.3,1200,25.79,3.0,29.5,QUEUED,NO,DOCK-08
2026-07-30 09:20:00,TRK-081,Rute-K,Gudang West (Tangerang),826.0,1200,9.8,0.3,30.0,DELIVERED,YES,DOCK-09
2026-07-31 13:33:00,TRK-088,Rute-M,Petamburan Hub,826.7,1200,10.21,0.4,30.6,IN_TRANSIT,YES,DOCK-10
2026-07-01 17:46:00,TRK-095,Rute-O,Bogor Transit Hub,827.4,1200,10.62,0.6,31.1,IDLE_DOCK,YES,DOCK-11
2026-07-02 07:59:00,TRK-102,Rute-Q,Central Hub (Jakarta),828.1,1200,11.03,0.7,31.7,LOADED,YES,DOCK-12
2026-07-03 11:12:00,TRK-109,Rute-A,Bekasi Logistics Hub,828.8,1200,11.44,0.9,32.2,QUEUED,NO,DOCK-01
2026-07-04 15:25:00,TRK-116,Rute-C,Cikarang Industrial Hub,829.5,1200,11.85,1.0,32.8,DELIVERED,YES,DOCK-02
2026-07-05 05:38:00,TRK-123,Rute-E,Grogol Hub (Jakbar),830.2,1200,12.26,1.1,33.3,IN_TRANSIT,YES,DOCK-03
2026-07-06 09:51:00,TRK-130,Rute-G,Depok Hub,830.9,1200,12.67,1.3,33.9,IDLE_DOCK,YES,DOCK-04
2026-07-07 13:04:00,TRK-137,Rute-I,Gudang West (Tangerang),831.6,1200,13.08,1.4,34.4,LOADED,YES,DOCK-05
2026-07-08 17:17:00,TRK-144,Rute-K,Petamburan Hub,832.3,1200,13.49,1.6,35.0,QUEUED,NO,DOCK-06
2026-07-09 07:30:00,TRK-151,Rute-M,Bogor Transit Hub,833.0,1200,13.9,1.7,35.5,DELIVERED,YES,DOCK-07
2026-07-10 11:43:00,TRK-158,Rute-O,Central Hub (Jakarta),833.7,1200,14.31,1.8,36.0,IN_TRANSIT,YES,DOCK-08
2026-07-11 15:56:00,TRK-165,Rute-Q,Bekasi Logistics Hub,834.4,1200,14.72,2.0,36.6,IDLE_DOCK,YES,DOCK-09
2026-07-12 05:09:00,TRK-172,Rute-A,Cikarang Industrial Hub,835.1,1200,15.13,2.1,37.2,LOADED,YES,DOCK-10
2026-07-13 09:22:00,TRK-179,Rute-C,Grogol Hub (Jakbar),835.8,1200,15.54,2.3,37.7,QUEUED,NO,DOCK-11
2026-07-14 13:35:00,TRK-006,Rute-E,Depok Hub,836.5,1200,15.95,2.4,38.2,DELIVERED,YES,DOCK-12
2026-07-15 17:48:00,TRK-013,Rute-G,Gudang West (Tangerang),837.2,1200,16.36,2.5,38.8,IN_TRANSIT,YES,DOCK-01
2026-07-16 07:01:00,TRK-020,Rute-I,Petamburan Hub,837.9,1200,16.77,2.7,39.4,IDLE_DOCK,YES,DOCK-02
2026-07-17 11:14:00,TRK-027,Rute-K,Bogor Transit Hub,838.6,1200,17.18,2.8,39.9,LOADED,YES,DOCK-03
2026-07-18 15:27:00,TRK-034,Rute-M,Central Hub (Jakarta),839.3,1200,17.59,3.0,40.5,QUEUED,NO,DOCK-04
2026-07-19 05:40:00,TRK-041,Rute-O,Bekasi Logistics Hub,840.0,1200,18.0,0.3,41.0,DELIVERED,YES,DOCK-05
2026-07-20 09:53:00,TRK-048,Rute-Q,Cikarang Industrial Hub,840.7,1200,18.41,0.4,41.6,IN_TRANSIT,YES,DOCK-06
2026-07-21 13:06:00,TRK-055,Rute-A,Grogol Hub (Jakbar),841.4,1200,18.82,0.6,42.1,IDLE_DOCK,YES,DOCK-07
2026-07-22 17:19:00,TRK-062,Rute-C,Depok Hub,842.1,1200,19.23,0.7,42.7,LOADED,YES,DOCK-08
2026-07-23 07:32:00,TRK-069,Rute-E,Gudang West (Tangerang),842.8,1200,19.64,0.9,43.2,QUEUED,NO,DOCK-09
2026-07-24 11:45:00,TRK-076,Rute-G,Petamburan Hub,843.5,1200,20.05,1.0,43.8,DELIVERED,YES,DOCK-10
2026-07-25 15:58:00,TRK-083,Rute-I,Bogor Transit Hub,844.2,1200,20.46,1.1,44.3,IN_TRANSIT,YES,DOCK-11
2026-07-26 05:11:00,TRK-090,Rute-K,Central Hub (Jakarta),844.9,1200,20.87,1.3,44.9,IDLE_DOCK,YES,DOCK-12
2026-07-27 09:24:00,TRK-097,Rute-M,Bekasi Logistics Hub,845.6,1200,21.28,1.4,45.4,LOADED,YES,DOCK-01
2026-07-28 13:37:00,TRK-104,Rute-O,Cikarang Industrial Hub,846.3,1200,21.69,1.6,46.0,QUEUED,NO,DOCK-02
2026-07-29 17:50:00,TRK-111,Rute-Q,Grogol Hub (Jakbar),847.0,1200,22.1,1.7,46.5,DELIVERED,YES,DOCK-03
2026-07-30 07:03:00,TRK-118,Rute-A,Depok Hub,847.7,1200,22.51,1.8,47.1,IN_TRANSIT,YES,DOCK-04
2026-07-31 11:16:00,TRK-125,Rute-C,Gudang West (Tangerang),848.4,1200,22.92,2.0,47.6,IDLE_DOCK,YES,DOCK-05
2026-07-01 15:29:00,TRK-132,Rute-E,Petamburan Hub,849.1,1200,23.33,2.1,48.2,LOADED,YES,DOCK-06
2026-07-02 05:42:00,TRK-139,Rute-G,Bogor Transit Hub,849.8,1200,23.74,2.3,48.7,QUEUED,NO,DOCK-07
2026-07-03 09:55:00,TRK-146,Rute-I,Central Hub (Jakarta),850.5,1200,24.15,2.4,49.2,DELIVERED,YES,DOCK-08
2026-07-04 13:08:00,TRK-153,Rute-K,Bekasi Logistics Hub,851.2,1200,24.56,2.5,49.8,IN_TRANSIT,YES,DOCK-09
2026-07-05 17:21:00,TRK-160,Rute-M,Cikarang Industrial Hub,851.9,1200,24.97,2.7,50.4,IDLE_DOCK,YES,DOCK-10
2026-07-06 07:34:00,TRK-167,Rute-O,Grogol Hub (Jakbar),852.6,1200,25.38,2.8,50.9,LOADED,YES,DOCK-11
2026-07-07 11:47:00,TRK-174,Rute-Q,Depok Hub,853.3,1200,25.79,3.0,51.5,QUEUED,NO,DOCK-12
2026-07-08 15:00:00,TRK-001,Rute-A,Gudang West (Tangerang),854.0,1200,9.8,0.3,52.0,DELIVERED,YES,DOCK-01
2026-07-09 05:13:00,TRK-008,Rute-C,Petamburan Hub,854.7,1200,10.21,0.4,52.6,IN_TRANSIT,YES,DOCK-02
2026-07-10 09:26:00,TRK-015,Rute-E,Bogor Transit Hub,855.4,1200,10.62,0.6,53.1,IDLE_DOCK,YES,DOCK-03
2026-07-11 13:39:00,TRK-022,Rute-G,Central Hub (Jakarta),856.1,1200,11.03,0.7,53.7,LOADED,YES,DOCK-04
2026-07-12 17:52:00,TRK-029,Rute-I,Bekasi Logistics Hub,856.8,1200,11.44,0.9,54.2,QUEUED,NO,DOCK-05
2026-07-13 07:05:00,TRK-036,Rute-K,Cikarang Industrial Hub,857.5,1200,11.85,1.0,54.8,DELIVERED,YES,DOCK-06
2026-07-14 11:18:00,TRK-043,Rute-M,Grogol Hub (Jakbar),858.2,1200,12.26,1.1,55.3,IN_TRANSIT,YES,DOCK-07
2026-07-15 15:31:00,TRK-050,Rute-O,Depok Hub,858.9,1200,12.67,1.3,55.9,IDLE_DOCK,YES,DOCK-08
2026-07-16 05:44:00,TRK-057,Rute-Q,Gudang West (Tangerang),859.6,1200,13.08,1.4,56.4,LOADED,YES,DOCK-09
2026-07-17 09:57:00,TRK-064,Rute-A,Petamburan Hub,860.3,1200,13.49,1.6,57.0,QUEUED,NO,DOCK-10
2026-07-18 13:10:00,TRK-071,Rute-C,Bogor Transit Hub,861.0,1200,13.9,1.7,57.5,DELIVERED,YES,DOCK-11
2026-07-19 17:23:00,TRK-078,Rute-E,Central Hub (Jakarta),861.7,1200,14.31,1.8,58.1,IN_TRANSIT,YES,DOCK-12
2026-07-20 07:36:00,TRK-085,Rute-G,Bekasi Logistics Hub,862.4,1200,14.72,2.0,58.6,IDLE_DOCK,YES,DOCK-01
2026-07-21 11:49:00,TRK-092,Rute-I,Cikarang Industrial Hub,863.1,1200,15.13,2.1,59.2,LOADED,YES,DOCK-02
2026-07-22 15:02:00,TRK-099,Rute-K,Grogol Hub (Jakbar),863.8,1200,15.54,2.3,59.7,QUEUED,NO,DOCK-03
2026-07-23 05:15:00,TRK-106,Rute-M,Depok Hub,864.5,1200,15.95,2.4,60.3,DELIVERED,YES,DOCK-04
2026-07-24 09:28:00,TRK-113,Rute-O,Gudang West (Tangerang),865.2,1200,16.36,2.5,60.8,IN_TRANSIT,YES,DOCK-05
2026-07-25 13:41:00,TRK-120,Rute-Q,Petamburan Hub,865.9,1200,16.77,2.7,61.4,IDLE_DOCK,YES,DOCK-06
2026-07-26 17:54:00,TRK-127,Rute-A,Bogor Transit Hub,866.6,1200,17.18,2.8,61.9,LOADED,YES,DOCK-07
2026-07-27 07:07:00,TRK-134,Rute-C,Central Hub (Jakarta),867.3,1200,17.59,3.0,62.5,QUEUED,NO,DOCK-08
2026-07-28 11:20:00,TRK-141,Rute-E,Bekasi Logistics Hub,868.0,1200,18.0,0.3,63.0,DELIVERED,YES,DOCK-09
2026-07-29 15:33:00,TRK-148,Rute-G,Cikarang Industrial Hub,868.7,1200,18.41,0.4,63.6,IN_TRANSIT,YES,DOCK-10
2026-07-30 05:46:00,TRK-155,Rute-I,Grogol Hub (Jakbar),869.4,1200,18.82,0.6,64.1,IDLE_DOCK,YES,DOCK-11
2026-07-31 09:59:00,TRK-162,Rute-K,Depok Hub,870.1,1200,19.23,0.7,64.7,LOADED,YES,DOCK-12
2026-07-01 13:12:00,TRK-169,Rute-M,Gudang West (Tangerang),870.8,1200,19.64,0.9,65.2,QUEUED,NO,DOCK-01
2026-07-02 17:25:00,TRK-176,Rute-O,Petamburan Hub,871.5,1200,20.05,1.0,65.8,DELIVERED,YES,DOCK-02
2026-07-03 07:38:00,TRK-003,Rute-Q,Bogor Transit Hub,872.2,1200,20.46,1.1,66.3,IN_TRANSIT,YES,DOCK-03
2026-07-04 11:51:00,TRK-010,Rute-A,Central Hub (Jakarta),872.9,1200,20.87,1.3,66.8,IDLE_DOCK,YES,DOCK-04
2026-07-05 15:04:00,TRK-017,Rute-C,Bekasi Logistics Hub,873.6,1200,21.28,1.4,67.4,LOADED,YES,DOCK-05
2026-07-06 05:17:00,TRK-024,Rute-E,Cikarang Industrial Hub,874.3,1200,21.69,1.6,68.0,QUEUED,NO,DOCK-06
2026-07-07 09:30:00,TRK-031,Rute-G,Grogol Hub (Jakbar),875.0,1200,22.1,1.7,68.5,DELIVERED,YES,DOCK-07
2026-07-08 13:43:00,TRK-038,Rute-I,Depok Hub,875.7,1200,22.51,1.8,69.1,IN_TRANSIT,YES,DOCK-08
2026-07-09 17:56:00,TRK-045,Rute-K,Gudang West (Tangerang),876.4,1200,22.92,2.0,69.6,IDLE_DOCK,YES,DOCK-09
2026-07-10 07:09:00,TRK-052,Rute-M,Petamburan Hub,877.1,1200,23.33,2.1,70.2,LOADED,YES,DOCK-10
2026-07-11 11:22:00,TRK-059,Rute-O,Bogor Transit Hub,877.8,1200,23.74,2.3,70.7,QUEUED,NO,DOCK-11
2026-07-12 15:35:00,TRK-066,Rute-Q,Central Hub (Jakarta),878.5,1200,24.15,2.4,71.2,DELIVERED,YES,DOCK-12
2026-07-13 05:48:00,TRK-073,Rute-A,Bekasi Logistics Hub,879.2,1200,24.56,2.5,71.8,IN_TRANSIT,YES,DOCK-01
2026-07-14 09:01:00,TRK-080,Rute-C,Cikarang Industrial Hub,879.9,1200,24.97,2.7,72.4,IDLE_DOCK,YES,DOCK-02
2026-07-15 13:14:00,TRK-087,Rute-E,Grogol Hub (Jakbar),880.6,1200,25.38,2.8,72.9,LOADED,YES,DOCK-03
2026-07-16 17:27:00,TRK-094,Rute-G,Depok Hub,881.3,1200,25.79,3.0,73.5,QUEUED,NO,DOCK-04
2026-07-17 07:40:00,TRK-101,Rute-I,Gudang West (Tangerang),882.0,1200,9.8,0.3,74.0,DELIVERED,YES,DOCK-05
2026-07-18 11:53:00,TRK-108,Rute-K,Petamburan Hub,882.7,1200,10.21,0.4,74.6,IN_TRANSIT,YES,DOCK-06
2026-07-19 15:06:00,TRK-115,Rute-M,Bogor Transit Hub,883.4,1200,10.62,0.6,75.1,IDLE_DOCK,YES,DOCK-07
2026-07-20 05:19:00,TRK-122,Rute-O,Central Hub (Jakarta),884.1,1200,11.03,0.7,75.7,LOADED,YES,DOCK-08
2026-07-21 09:32:00,TRK-129,Rute-Q,Bekasi Logistics Hub,884.8,1200,11.44,0.9,76.2,QUEUED,NO,DOCK-09
2026-07-22 13:45:00,TRK-136,Rute-A,Cikarang Industrial Hub,885.5,1200,11.85,1.0,76.8,DELIVERED,YES,DOCK-10
2026-07-23 17:58:00,TRK-143,Rute-C,Grogol Hub (Jakbar),886.2,1200,12.26,1.1,77.3,IN_TRANSIT,YES,DOCK-11
2026-07-24 07:11:00,TRK-150,Rute-E,Depok Hub,886.9,1200,12.67,1.3,77.9,IDLE_DOCK,YES,DOCK-12
2026-07-25 11:24:00,TRK-157,Rute-G,Gudang West (Tangerang),887.6,1200,13.08,1.4,78.4,LOADED,YES,DOCK-01
2026-07-26 15:37:00,TRK-164,Rute-I,Petamburan Hub,888.3,1200,13.49,1.6,79.0,QUEUED,NO,DOCK-02
2026-07-27 05:50:00,TRK-171,Rute-K,Bogor Transit Hub,889.0,1200,13.9,1.7,79.5,DELIVERED,YES,DOCK-03
2026-07-28 09:03:00,TRK-178,Rute-M,Central Hub (Jakarta),889.7,1200,14.31,1.8,80.1,IN_TRANSIT,YES,DOCK-04
2026-07-29 13:16:00,TRK-005,Rute-O,Bekasi Logistics Hub,890.4,1200,14.72,2.0,80.6,IDLE_DOCK,YES,DOCK-05
2026-07-30 17:29:00,TRK-012,Rute-Q,Cikarang Industrial Hub,891.1,1200,15.13,2.1,81.2,LOADED,YES,DOCK-06
2026-07-31 07:42:00,TRK-019,Rute-A,Grogol Hub (Jakbar),891.8,1200,15.54,2.3,81.7,QUEUED,NO,DOCK-07
2026-07-01 11:55:00,TRK-026,Rute-C,Depok Hub,892.5,1200,15.95,2.4,82.2,DELIVERED,YES,DOCK-08
2026-07-02 15:08:00,TRK-033,Rute-E,Gudang West (Tangerang),893.2,1200,16.36,2.5,82.8,IN_TRANSIT,YES,DOCK-09
2026-07-03 05:21:00,TRK-040,Rute-G,Petamburan Hub,893.9,1200,16.77,2.7,83.4,IDLE_DOCK,YES,DOCK-10
2026-07-04 09:34:00,TRK-047,Rute-I,Bogor Transit Hub,894.6,1200,17.18,2.8,83.9,LOADED,YES,DOCK-11
2026-07-05 13:47:00,TRK-054,Rute-K,Central Hub (Jakarta),895.3,1200,17.59,3.0,84.5,QUEUED,NO,DOCK-12
2026-07-06 17:00:00,TRK-061,Rute-M,Bekasi Logistics Hub,896.0,1200,18.0,0.3,85.0,DELIVERED,YES,DOCK-01
2026-07-07 07:13:00,TRK-068,Rute-O,Cikarang Industrial Hub,896.7,1200,18.41,0.4,85.6,IN_TRANSIT,YES,DOCK-02
2026-07-08 11:26:00,TRK-075,Rute-Q,Grogol Hub (Jakbar),897.4,1200,18.82,0.6,86.1,IDLE_DOCK,YES,DOCK-03
2026-07-09 15:39:00,TRK-082,Rute-A,Depok Hub,898.1,1200,19.23,0.7,86.7,LOADED,YES,DOCK-04
2026-07-10 05:52:00,TRK-089,Rute-C,Gudang West (Tangerang),898.8,1200,19.64,0.9,87.2,QUEUED,NO,DOCK-05
2026-07-11 09:05:00,TRK-096,Rute-E,Petamburan Hub,899.5,1200,20.05,1.0,87.8,DELIVERED,YES,DOCK-06
2026-07-12 13:18:00,TRK-103,Rute-G,Bogor Transit Hub,900.2,1200,20.46,1.1,88.3,IN_TRANSIT,YES,DOCK-07
2026-07-13 17:31:00,TRK-110,Rute-I,Central Hub (Jakarta),900.9,1200,20.87,1.3,88.9,IDLE_DOCK,YES,DOCK-08
2026-07-14 07:44:00,TRK-117,Rute-K,Bekasi Logistics Hub,901.6,1200,21.28,1.4,89.4,LOADED,YES,DOCK-09
2026-07-15 11:57:00,TRK-124,Rute-M,Cikarang Industrial Hub,902.3,1200,21.69,1.6,90.0,QUEUED,NO,DOCK-10
2026-07-16 15:10:00,TRK-131,Rute-O,Grogol Hub (Jakbar),903.0,1200,22.1,1.7,90.5,DELIVERED,YES,DOCK-11
2026-07-17 05:23:00,TRK-138,Rute-Q,Depok Hub,903.7,1200,22.51,1.8,91.1,IN_TRANSIT,YES,DOCK-12
2026-07-18 09:36:00,TRK-145,Rute-A,Gudang West (Tangerang),904.4,1200,22.92,2.0,91.6,IDLE_DOCK,YES,DOCK-01
2026-07-19 13:49:00,TRK-152,Rute-C,Petamburan Hub,905.1,1200,23.33,2.1,92.2,LOADED,YES,DOCK-02
2026-07-20 17:02:00,TRK-159,Rute-E,Bogor Transit Hub,905.8,1200,23.74,2.3,92.7,QUEUED,NO,DOCK-03
2026-07-21 07:15:00,TRK-166,Rute-G,Central Hub (Jakarta),906.5,1200,24.15,2.4,93.2,DELIVERED,YES,DOCK-04
2026-07-22 11:28:00,TRK-173,Rute-I,Bekasi Logistics Hub,907.2,1200,24.56,2.5,93.8,IN_TRANSIT,YES,DOCK-05
2026-07-23 15:41:00,TRK-180,Rute-K,Cikarang Industrial Hub,907.9,1200,24.97,2.7,94.4,IDLE_DOCK,YES,DOCK-06
2026-07-24 05:54:00,TRK-007,Rute-M,Grogol Hub (Jakbar),908.6,1200,25.38,2.8,94.9,LOADED,YES,DOCK-07
2026-07-25 09:07:00,TRK-014,Rute-O,Depok Hub,909.3,1200,25.79,3.0,95.5,QUEUED,NO,DOCK-08
2026-07-26 13:20:00,TRK-021,Rute-Q,Gudang West (Tangerang),910.0,1200,9.8,0.3,8.0,DELIVERED,YES,DOCK-09
2026-07-27 17:33:00,TRK-028,Rute-A,Petamburan Hub,910.7,1200,10.21,0.4,8.6,IN_TRANSIT,YES,DOCK-10
2026-07-28 07:46:00,TRK-035,Rute-C,Bogor Transit Hub,911.4,1200,10.62,0.6,9.1,IDLE_DOCK,YES,DOCK-11
2026-07-29 11:59:00,TRK-042,Rute-E,Central Hub (Jakarta),912.1,1200,11.03,0.7,9.7,LOADED,YES,DOCK-12
2026-07-30 15:12:00,TRK-049,Rute-G,Bekasi Logistics Hub,912.8,1200,11.44,0.9,10.2,QUEUED,NO,DOCK-01
2026-07-31 05:25:00,TRK-056,Rute-I,Cikarang Industrial Hub,913.5,1200,11.85,1.0,10.8,DELIVERED,YES,DOCK-02
2026-07-01 09:38:00,TRK-063,Rute-K,Grogol Hub (Jakbar),914.2,1200,12.26,1.1,11.3,IN_TRANSIT,YES,DOCK-03
2026-07-02 13:51:00,TRK-070,Rute-M,Depok Hub,914.9,1200,12.67,1.3,11.9,IDLE_DOCK,YES,DOCK-04
2026-07-03 17:04:00,TRK-077,Rute-O,Gudang West (Tangerang),915.6,1200,13.08,1.4,12.4,LOADED,YES,DOCK-05
2026-07-04 07:17:00,TRK-084,Rute-Q,Petamburan Hub,916.3,1200,13.49,1.6,12.9,QUEUED,NO,DOCK-06
2026-07-05 11:30:00,TRK-091,Rute-A,Bogor Transit Hub,917.0,1200,13.9,1.7,13.5,DELIVERED,YES,DOCK-07
2026-07-06 15:43:00,TRK-098,Rute-C,Central Hub (Jakarta),917.7,1200,14.31,1.8,14.1,IN_TRANSIT,YES,DOCK-08
2026-07-07 05:56:00,TRK-105,Rute-E,Bekasi Logistics Hub,918.4,1200,14.72,2.0,14.6,IDLE_DOCK,YES,DOCK-09
2026-07-08 09:09:00,TRK-112,Rute-G,Cikarang Industrial Hub,919.1,1200,15.13,2.1,15.2,LOADED,YES,DOCK-10
2026-07-09 13:22:00,TRK-119,Rute-I,Grogol Hub (Jakbar),919.8,1200,15.54,2.3,15.7,QUEUED,NO,DOCK-11
2026-07-10 17:35:00,TRK-126,Rute-K,Depok Hub,920.5,1200,15.95,2.4,16.2,DELIVERED,YES,DOCK-12
2026-07-11 07:48:00,TRK-133,Rute-M,Gudang West (Tangerang),921.2,1200,16.36,2.5,16.8,IN_TRANSIT,YES,DOCK-01
2026-07-12 11:01:00,TRK-140,Rute-O,Petamburan Hub,921.9,1200,16.77,2.7,17.4,IDLE_DOCK,YES,DOCK-02
2026-07-13 15:14:00,TRK-147,Rute-Q,Bogor Transit Hub,922.6,1200,17.18,2.8,17.9,LOADED,YES,DOCK-03
2026-07-14 05:27:00,TRK-154,Rute-A,Central Hub (Jakarta),923.3,1200,17.59,3.0,18.5,QUEUED,NO,DOCK-04
2026-07-15 09:40:00,TRK-161,Rute-C,Bekasi Logistics Hub,924.0,1200,18.0,0.3,19.0,DELIVERED,YES,DOCK-05
2026-07-16 13:53:00,TRK-168,Rute-E,Cikarang Industrial Hub,924.7,1200,18.41,0.4,19.6,IN_TRANSIT,YES,DOCK-06
2026-07-17 17:06:00,TRK-175,Rute-G,Grogol Hub (Jakbar),925.4,1200,18.82,0.6,20.1,IDLE_DOCK,YES,DOCK-07
2026-07-18 07:19:00,TRK-002,Rute-I,Depok Hub,926.1,1200,19.23,0.7,20.6,LOADED,YES,DOCK-08
2026-07-19 11:32:00,TRK-009,Rute-K,Gudang West (Tangerang),926.8,1200,19.64,0.9,21.2,QUEUED,NO,DOCK-09
2026-07-20 15:45:00,TRK-016,Rute-M,Petamburan Hub,927.5,1200,20.05,1.0,21.8,DELIVERED,YES,DOCK-10
2026-07-21 05:58:00,TRK-023,Rute-O,Bogor Transit Hub,928.2,1200,20.46,1.1,22.3,IN_TRANSIT,YES,DOCK-11
2026-07-22 09:11:00,TRK-030,Rute-Q,Central Hub (Jakarta),928.9,1200,20.87,1.3,22.9,IDLE_DOCK,YES,DOCK-12
2026-07-23 13:24:00,TRK-037,Rute-A,Bekasi Logistics Hub,929.6,1200,21.28,1.4,23.4,LOADED,YES,DOCK-01
2026-07-24 17:37:00,TRK-044,Rute-C,Cikarang Industrial Hub,930.3,1200,21.69,1.6,24.0,QUEUED,NO,DOCK-02
2026-07-25 07:50:00,TRK-051,Rute-E,Grogol Hub (Jakbar),931.0,1200,22.1,1.7,24.5,DELIVERED,YES,DOCK-03
2026-07-26 11:03:00,TRK-058,Rute-G,Depok Hub,931.7,1200,22.51,1.8,25.1,IN_TRANSIT,YES,DOCK-04
2026-07-27 15:16:00,TRK-065,Rute-I,Gudang West (Tangerang),932.4,1200,22.92,2.0,25.6,IDLE_DOCK,YES,DOCK-05
2026-07-28 05:29:00,TRK-072,Rute-K,Petamburan Hub,933.1,1200,23.33,2.1,26.2,LOADED,YES,DOCK-06
2026-07-29 09:42:00,TRK-079,Rute-M,Bogor Transit Hub,933.8,1200,23.74,2.3,26.7,QUEUED,NO,DOCK-07
2026-07-30 13:55:00,TRK-086,Rute-O,Central Hub (Jakarta),934.5,1200,24.15,2.4,27.2,DELIVERED,YES,DOCK-08
2026-07-31 17:08:00,TRK-093,Rute-Q,Bekasi Logistics Hub,935.2,1200,24.56,2.5,27.8,IN_TRANSIT,YES,DOCK-09
2026-07-01 07:21:00,TRK-100,Rute-A,Cikarang Industrial Hub,935.9,1200,24.97,2.7,28.4,IDLE_DOCK,YES,DOCK-10
2026-07-02 11:34:00,TRK-107,Rute-C,Grogol Hub (Jakbar),936.6,1200,25.38,2.8,28.9,LOADED,YES,DOCK-11
2026-07-03 15:47:00,TRK-114,Rute-E,Depok Hub,937.3,1200,25.79,3.0,29.5,QUEUED,NO,DOCK-12
2026-07-04 05:00:00,TRK-121,Rute-G,Gudang West (Tangerang),938.0,1200,9.8,0.3,30.0,DELIVERED,YES,DOCK-01
2026-07-05 09:13:00,TRK-128,Rute-I,Petamburan Hub,938.7,1200,10.21,0.4,30.6,IN_TRANSIT,YES,DOCK-02
2026-07-06 13:26:00,TRK-135,Rute-K,Bogor Transit Hub,939.4,1200,10.62,0.6,31.1,IDLE_DOCK,YES,DOCK-03
2026-07-07 17:39:00,TRK-142,Rute-M,Central Hub (Jakarta),940.1,1200,11.03,0.7,31.7,LOADED,YES,DOCK-04
2026-07-08 07:52:00,TRK-149,Rute-O,Bekasi Logistics Hub,940.8,1200,11.44,0.9,32.2,QUEUED,NO,DOCK-05
2026-07-09 11:05:00,TRK-156,Rute-Q,Cikarang Industrial Hub,941.5,1200,11.85,1.0,32.8,DELIVERED,YES,DOCK-06
2026-07-10 15:18:00,TRK-163,Rute-A,Grogol Hub (Jakbar),942.2,1200,12.26,1.1,33.3,IN_TRANSIT,YES,DOCK-07
2026-07-11 05:31:00,TRK-170,Rute-C,Depok Hub,942.9,1200,12.67,1.3,33.9,IDLE_DOCK,YES,DOCK-08
2026-07-12 09:44:00,TRK-177,Rute-E,Gudang West (Tangerang),943.6,1200,13.08,1.4,34.4,LOADED,YES,DOCK-09
2026-07-13 13:57:00,TRK-004,Rute-G,Petamburan Hub,944.3,1200,13.49,1.6,35.0,QUEUED,NO,DOCK-10
2026-07-14 17:10:00,TRK-011,Rute-I,Bogor Transit Hub,945.0,1200,13.9,1.7,35.5,DELIVERED,YES,DOCK-11
2026-07-15 07:23:00,TRK-018,Rute-K,Central Hub (Jakarta),945.7,1200,14.31,1.8,36.0,IN_TRANSIT,YES,DOCK-12
2026-07-16 11:36:00,TRK-025,Rute-M,Bekasi Logistics Hub,946.4,1200,14.72,2.0,36.6,IDLE_DOCK,YES,DOCK-01
2026-07-17 15:49:00,TRK-032,Rute-O,Cikarang Industrial Hub,947.1,1200,15.13,2.1,37.2,LOADED,YES,DOCK-02
2026-07-18 05:02:00,TRK-039,Rute-Q,Grogol Hub (Jakbar),947.8,1200,15.54,2.3,37.7,QUEUED,NO,DOCK-03
2026-07-19 09:15:00,TRK-046,Rute-A,Depok Hub,948.5,1200,15.95,2.4,38.2,DELIVERED,YES,DOCK-04
2026-07-20 13:28:00,TRK-053,Rute-C,Gudang West (Tangerang),949.2,1200,16.36,2.5,38.8,IN_TRANSIT,YES,DOCK-05
2026-07-21 17:41:00,TRK-060,Rute-E,Petamburan Hub,949.9,1200,16.77,2.7,39.4,IDLE_DOCK,YES,DOCK-06
2026-07-22 07:54:00,TRK-067,Rute-G,Bogor Transit Hub,950.6,1200,17.18,2.8,39.9,LOADED,YES,DOCK-07
2026-07-23 11:07:00,TRK-074,Rute-I,Central Hub (Jakarta),951.3,1200,17.59,3.0,40.5,QUEUED,NO,DOCK-08
2026-07-24 15:20:00,TRK-081,Rute-K,Bekasi Logistics Hub,952.0,1200,18.0,0.3,41.0,DELIVERED,YES,DOCK-09
2026-07-25 05:33:00,TRK-088,Rute-M,Cikarang Industrial Hub,952.7,1200,18.41,0.4,41.6,IN_TRANSIT,YES,DOCK-10
2026-07-26 09:46:00,TRK-095,Rute-O,Grogol Hub (Jakbar),953.4,1200,18.82,0.6,42.1,IDLE_DOCK,YES,DOCK-11
2026-07-27 13:59:00,TRK-102,Rute-Q,Depok Hub,954.1,1200,19.23,0.7,42.7,LOADED,YES,DOCK-12
2026-07-28 17:12:00,TRK-109,Rute-A,Gudang West (Tangerang),954.8,1200,19.64,0.9,43.2,QUEUED,NO,DOCK-01
2026-07-29 07:25:00,TRK-116,Rute-C,Petamburan Hub,955.5,1200,20.05,1.0,43.8,DELIVERED,YES,DOCK-02
2026-07-30 11:38:00,TRK-123,Rute-E,Bogor Transit Hub,956.2,1200,20.46,1.1,44.3,IN_TRANSIT,YES,DOCK-03
2026-07-31 15:51:00,TRK-130,Rute-G,Central Hub (Jakarta),956.9,1200,20.87,1.3,44.9,IDLE_DOCK,YES,DOCK-04
2026-07-01 05:04:00,TRK-137,Rute-I,Bekasi Logistics Hub,957.6,1200,21.28,1.4,45.4,LOADED,YES,DOCK-05
2026-07-02 09:17:00,TRK-144,Rute-K,Cikarang Industrial Hub,958.3,1200,21.69,1.6,46.0,QUEUED,NO,DOCK-06
2026-07-03 13:30:00,TRK-151,Rute-M,Grogol Hub (Jakbar),959.0,1200,22.1,1.7,46.5,DELIVERED,YES,DOCK-07
2026-07-04 17:43:00,TRK-158,Rute-O,Depok Hub,959.7,1200,22.51,1.8,47.1,IN_TRANSIT,YES,DOCK-08
2026-07-05 07:56:00,TRK-165,Rute-Q,Gudang West (Tangerang),960.4,1200,22.92,2.0,47.6,IDLE_DOCK,YES,DOCK-09
2026-07-06 11:09:00,TRK-172,Rute-A,Petamburan Hub,961.1,1200,23.33,2.1,48.2,LOADED,YES,DOCK-10
2026-07-07 15:22:00,TRK-179,Rute-C,Bogor Transit Hub,961.8,1200,23.74,2.3,48.7,QUEUED,NO,DOCK-11
2026-07-08 05:35:00,TRK-006,Rute-E,Central Hub (Jakarta),962.5,1200,24.15,2.4,49.2,DELIVERED,YES,DOCK-12
2026-07-09 09:48:00,TRK-013,Rute-G,Bekasi Logistics Hub,963.2,1200,24.56,2.5,49.8,IN_TRANSIT,YES,DOCK-01
2026-07-10 13:01:00,TRK-020,Rute-I,Cikarang Industrial Hub,963.9,1200,24.97,2.7,50.4,IDLE_DOCK,YES,DOCK-02
2026-07-11 17:14:00,TRK-027,Rute-K,Grogol Hub (Jakbar),964.6,1200,25.38,2.8,50.9,LOADED,YES,DOCK-03
2026-07-12 07:27:00,TRK-034,Rute-M,Depok Hub,965.3,1200,25.79,3.0,51.5,QUEUED,NO,DOCK-04
2026-07-13 11:40:00,TRK-041,Rute-O,Gudang West (Tangerang),966.0,1200,9.8,0.3,52.0,DELIVERED,YES,DOCK-05
2026-07-14 15:53:00,TRK-048,Rute-Q,Petamburan Hub,966.7,1200,10.21,0.4,52.6,IN_TRANSIT,YES,DOCK-06
2026-07-15 05:06:00,TRK-055,Rute-A,Bogor Transit Hub,967.4,1200,10.62,0.6,53.1,IDLE_DOCK,YES,DOCK-07
2026-07-16 09:19:00,TRK-062,Rute-C,Central Hub (Jakarta),968.1,1200,11.03,0.7,53.7,LOADED,YES,DOCK-08
2026-07-17 13:32:00,TRK-069,Rute-E,Bekasi Logistics Hub,968.8,1200,11.44,0.9,54.2,QUEUED,NO,DOCK-09
2026-07-18 17:45:00,TRK-076,Rute-G,Cikarang Industrial Hub,969.5,1200,11.85,1.0,54.8,DELIVERED,YES,DOCK-10
2026-07-19 07:58:00,TRK-083,Rute-I,Grogol Hub (Jakbar),970.2,1200,12.26,1.1,55.3,IN_TRANSIT,YES,DOCK-11
2026-07-20 11:11:00,TRK-090,Rute-K,Depok Hub,970.9,1200,12.67,1.3,55.9,IDLE_DOCK,YES,DOCK-12
2026-07-21 15:24:00,TRK-097,Rute-M,Gudang West (Tangerang),971.6,1200,13.08,1.4,56.4,LOADED,YES,DOCK-01
2026-07-22 05:37:00,TRK-104,Rute-O,Petamburan Hub,972.3,1200,13.49,1.6,57.0,QUEUED,NO,DOCK-02
2026-07-23 09:50:00,TRK-111,Rute-Q,Bogor Transit Hub,973.0,1200,13.9,1.7,57.5,DELIVERED,YES,DOCK-03
2026-07-24 13:03:00,TRK-118,Rute-A,Central Hub (Jakarta),973.7,1200,14.31,1.8,58.1,IN_TRANSIT,YES,DOCK-04
2026-07-25 17:16:00,TRK-125,Rute-C,Bekasi Logistics Hub,974.4,1200,14.72,2.0,58.6,IDLE_DOCK,YES,DOCK-05
2026-07-26 07:29:00,TRK-132,Rute-E,Cikarang Industrial Hub,975.1,1200,15.13,2.1,59.2,LOADED,YES,DOCK-06
2026-07-27 11:42:00,TRK-139,Rute-G,Grogol Hub (Jakbar),975.8,1200,15.54,2.3,59.7,QUEUED,NO,DOCK-07
2026-07-28 15:55:00,TRK-146,Rute-I,Depok Hub,976.5,1200,15.95,2.4,60.3,DELIVERED,YES,DOCK-08
2026-07-29 05:08:00,TRK-153,Rute-K,Gudang West (Tangerang),977.2,1200,16.36,2.5,60.8,IN_TRANSIT,YES,DOCK-09
2026-07-30 09:21:00,TRK-160,Rute-M,Petamburan Hub,977.9,1200,16.77,2.7,61.4,IDLE_DOCK,YES,DOCK-10
2026-07-31 13:34:00,TRK-167,Rute-O,Bogor Transit Hub,978.6,1200,17.18,2.8,61.9,LOADED,YES,DOCK-11
2026-07-01 17:47:00,TRK-174,Rute-Q,Central Hub (Jakarta),979.3,1200,17.59,3.0,62.5,QUEUED,NO,DOCK-12
2026-07-02 07:00:00,TRK-001,Rute-A,Bekasi Logistics Hub,350.0,1200,18.0,0.3,63.0,DELIVERED,YES,DOCK-01
2026-07-03 11:13:00,TRK-008,Rute-C,Cikarang Industrial Hub,350.7,1200,18.41,0.4,63.6,IN_TRANSIT,YES,DOCK-02
2026-07-04 15:26:00,TRK-015,Rute-E,Grogol Hub (Jakbar),351.4,1200,18.82,0.6,64.1,IDLE_DOCK,YES,DOCK-03
2026-07-05 05:39:00,TRK-022,Rute-G,Depok Hub,352.1,1200,19.23,0.7,64.7,LOADED,YES,DOCK-04
2026-07-06 09:52:00,TRK-029,Rute-I,Gudang West (Tangerang),352.8,1200,19.64,0.9,65.2,QUEUED,NO,DOCK-05
2026-07-07 13:05:00,TRK-036,Rute-K,Petamburan Hub,353.5,1200,20.05,1.0,65.8,DELIVERED,YES,DOCK-06
2026-07-08 17:18:00,TRK-043,Rute-M,Bogor Transit Hub,354.2,1200,20.46,1.1,66.3,IN_TRANSIT,YES,DOCK-07
2026-07-09 07:31:00,TRK-050,Rute-O,Central Hub (Jakarta),354.9,1200,20.87,1.3,66.8,IDLE_DOCK,YES,DOCK-08
2026-07-10 11:44:00,TRK-057,Rute-Q,Bekasi Logistics Hub,355.6,1200,21.28,1.4,67.4,LOADED,YES,DOCK-09
2026-07-11 15:57:00,TRK-064,Rute-A,Cikarang Industrial Hub,356.3,1200,21.69,1.6,68.0,QUEUED,NO,DOCK-10
2026-07-12 05:10:00,TRK-071,Rute-C,Grogol Hub (Jakbar),357.0,1200,22.1,1.7,68.5,DELIVERED,YES,DOCK-11
2026-07-13 09:23:00,TRK-078,Rute-E,Depok Hub,357.7,1200,22.51,1.8,69.1,IN_TRANSIT,YES,DOCK-12
2026-07-14 13:36:00,TRK-085,Rute-G,Gudang West (Tangerang),358.4,1200,22.92,2.0,69.6,IDLE_DOCK,YES,DOCK-01
2026-07-15 17:49:00,TRK-092,Rute-I,Petamburan Hub,359.1,1200,23.33,2.1,70.2,LOADED,YES,DOCK-02
2026-07-16 07:02:00,TRK-099,Rute-K,Bogor Transit Hub,359.8,1200,23.74,2.3,70.7,QUEUED,NO,DOCK-03
2026-07-17 11:15:00,TRK-106,Rute-M,Central Hub (Jakarta),360.5,1200,24.15,2.4,71.2,DELIVERED,YES,DOCK-04
2026-07-18 15:28:00,TRK-113,Rute-O,Bekasi Logistics Hub,361.2,1200,24.56,2.5,71.8,IN_TRANSIT,YES,DOCK-05
2026-07-19 05:41:00,TRK-120,Rute-Q,Cikarang Industrial Hub,361.9,1200,24.97,2.7,72.4,IDLE_DOCK,YES,DOCK-06
2026-07-20 09:54:00,TRK-127,Rute-A,Grogol Hub (Jakbar),362.6,1200,25.38,2.8,72.9,LOADED,YES,DOCK-07
2026-07-21 13:07:00,TRK-134,Rute-C,Depok Hub,363.3,1200,25.79,3.0,73.5,QUEUED,NO,DOCK-08
2026-07-22 17:20:00,TRK-141,Rute-E,Gudang West (Tangerang),364.0,1200,9.8,0.3,74.0,DELIVERED,YES,DOCK-09
2026-07-23 07:33:00,TRK-148,Rute-G,Petamburan Hub,364.7,1200,10.21,0.4,74.6,IN_TRANSIT,YES,DOCK-10
2026-07-24 11:46:00,TRK-155,Rute-I,Bogor Transit Hub,365.4,1200,10.62,0.6,75.1,IDLE_DOCK,YES,DOCK-11
2026-07-25 15:59:00,TRK-162,Rute-K,Central Hub (Jakarta),366.1,1200,11.03,0.7,75.7,LOADED,YES,DOCK-12
2026-07-26 05:12:00,TRK-169,Rute-M,Bekasi Logistics Hub,366.8,1200,11.44,0.9,76.2,QUEUED,NO,DOCK-01
2026-07-27 09:25:00,TRK-176,Rute-O,Cikarang Industrial Hub,367.5,1200,11.85,1.0,76.8,DELIVERED,YES,DOCK-02
2026-07-28 13:38:00,TRK-003,Rute-Q,Grogol Hub (Jakbar),368.2,1200,12.26,1.1,77.3,IN_TRANSIT,YES,DOCK-03
2026-07-29 17:51:00,TRK-010,Rute-A,Depok Hub,368.9,1200,12.67,1.3,77.9,IDLE_DOCK,YES,DOCK-04
2026-07-30 07:04:00,TRK-017,Rute-C,Gudang West (Tangerang),369.6,1200,13.08,1.4,78.4,LOADED,YES,DOCK-05
2026-07-31 11:17:00,TRK-024,Rute-E,Petamburan Hub,370.3,1200,13.49,1.6,79.0,QUEUED,NO,DOCK-06
2026-07-01 15:30:00,TRK-031,Rute-G,Bogor Transit Hub,371.0,1200,13.9,1.7,79.5,DELIVERED,YES,DOCK-07
2026-07-02 05:43:00,TRK-038,Rute-I,Central Hub (Jakarta),371.7,1200,14.31,1.8,80.1,IN_TRANSIT,YES,DOCK-08
2026-07-03 09:56:00,TRK-045,Rute-K,Bekasi Logistics Hub,372.4,1200,14.72,2.0,80.6,IDLE_DOCK,YES,DOCK-09
2026-07-04 13:09:00,TRK-052,Rute-M,Cikarang Industrial Hub,373.1,1200,15.13,2.1,81.2,LOADED,YES,DOCK-10
2026-07-05 17:22:00,TRK-059,Rute-O,Grogol Hub (Jakbar),373.8,1200,15.54,2.3,81.7,QUEUED,NO,DOCK-11
2026-07-06 07:35:00,TRK-066,Rute-Q,Depok Hub,374.5,1200,15.95,2.4,82.2,DELIVERED,YES,DOCK-12
2026-07-07 11:48:00,TRK-073,Rute-A,Gudang West (Tangerang),375.2,1200,16.36,2.5,82.8,IN_TRANSIT,YES,DOCK-01
2026-07-08 15:01:00,TRK-080,Rute-C,Petamburan Hub,375.9,1200,16.77,2.7,83.4,IDLE_DOCK,YES,DOCK-02
2026-07-09 05:14:00,TRK-087,Rute-E,Bogor Transit Hub,376.6,1200,17.18,2.8,83.9,LOADED,YES,DOCK-03
2026-07-10 09:27:00,TRK-094,Rute-G,Central Hub (Jakarta),377.3,1200,17.59,3.0,84.5,QUEUED,NO,DOCK-04
2026-07-11 13:40:00,TRK-101,Rute-I,Bekasi Logistics Hub,378.0,1200,18.0,0.3,85.0,DELIVERED,YES,DOCK-05
2026-07-12 17:53:00,TRK-108,Rute-K,Cikarang Industrial Hub,378.7,1200,18.41,0.4,85.6,IN_TRANSIT,YES,DOCK-06
2026-07-13 07:06:00,TRK-115,Rute-M,Grogol Hub (Jakbar),379.4,1200,18.82,0.6,86.1,IDLE_DOCK,YES,DOCK-07
2026-07-14 11:19:00,TRK-122,Rute-O,Depok Hub,380.1,1200,19.23,0.7,86.7,LOADED,YES,DOCK-08
2026-07-15 15:32:00,TRK-129,Rute-Q,Gudang West (Tangerang),380.8,1200,19.64,0.9,87.2,QUEUED,NO,DOCK-09
2026-07-16 05:45:00,TRK-136,Rute-A,Petamburan Hub,381.5,1200,20.05,1.0,87.8,DELIVERED,YES,DOCK-10
2026-07-17 09:58:00,TRK-143,Rute-C,Bogor Transit Hub,382.2,1200,20.46,1.1,88.3,IN_TRANSIT,YES,DOCK-11
2026-07-18 13:11:00,TRK-150,Rute-E,Central Hub (Jakarta),382.9,1200,20.87,1.3,88.9,IDLE_DOCK,YES,DOCK-12
2026-07-19 17:24:00,TRK-157,Rute-G,Bekasi Logistics Hub,383.6,1200,21.28,1.4,89.4,LOADED,YES,DOCK-01
2026-07-20 07:37:00,TRK-164,Rute-I,Cikarang Industrial Hub,384.3,1200,21.69,1.6,90.0,QUEUED,NO,DOCK-02
2026-07-21 11:50:00,TRK-171,Rute-K,Grogol Hub (Jakbar),385.0,1200,22.1,1.7,90.5,DELIVERED,YES,DOCK-03
2026-07-22 15:03:00,TRK-178,Rute-M,Depok Hub,385.7,1200,22.51,1.8,91.1,IN_TRANSIT,YES,DOCK-04
2026-07-23 05:16:00,TRK-005,Rute-O,Gudang West (Tangerang),386.4,1200,22.92,2.0,91.6,IDLE_DOCK,YES,DOCK-05
2026-07-24 09:29:00,TRK-012,Rute-Q,Petamburan Hub,387.1,1200,23.33,2.1,92.2,LOADED,YES,DOCK-06
2026-07-25 13:42:00,TRK-019,Rute-A,Bogor Transit Hub,387.8,1200,23.74,2.3,92.7,QUEUED,NO,DOCK-07
2026-07-26 17:55:00,TRK-026,Rute-C,Central Hub (Jakarta),388.5,1200,24.15,2.4,93.2,DELIVERED,YES,DOCK-08
2026-07-27 07:08:00,TRK-033,Rute-E,Bekasi Logistics Hub,389.2,1200,24.56,2.5,93.8,IN_TRANSIT,YES,DOCK-09
2026-07-28 11:21:00,TRK-040,Rute-G,Cikarang Industrial Hub,389.9,1200,24.97,2.7,94.4,IDLE_DOCK,YES,DOCK-10
2026-07-29 15:34:00,TRK-047,Rute-I,Grogol Hub (Jakbar),390.6,1200,25.38,2.8,94.9,LOADED,YES,DOCK-11
2026-07-30 05:47:00,TRK-054,Rute-K,Depok Hub,391.3,1200,25.79,3.0,95.5,QUEUED,NO,DOCK-12
2026-07-31 09:00:00,TRK-061,Rute-M,Gudang West (Tangerang),392.0,1200,9.8,0.3,8.0,DELIVERED,YES,DOCK-01
2026-07-01 13:13:00,TRK-068,Rute-O,Petamburan Hub,392.7,1200,10.21,0.4,8.6,IN_TRANSIT,YES,DOCK-02
2026-07-02 17:26:00,TRK-075,Rute-Q,Bogor Transit Hub,393.4,1200,10.62,0.6,9.1,IDLE_DOCK,YES,DOCK-03
2026-07-03 07:39:00,TRK-082,Rute-A,Central Hub (Jakarta),394.1,1200,11.03,0.7,9.7,LOADED,YES,DOCK-04
2026-07-04 11:52:00,TRK-089,Rute-C,Bekasi Logistics Hub,394.8,1200,11.44,0.9,10.2,QUEUED,NO,DOCK-05
2026-07-05 15:05:00,TRK-096,Rute-E,Cikarang Industrial Hub,395.5,1200,11.85,1.0,10.8,DELIVERED,YES,DOCK-06
2026-07-06 05:18:00,TRK-103,Rute-G,Grogol Hub (Jakbar),396.2,1200,12.26,1.1,11.3,IN_TRANSIT,YES,DOCK-07
2026-07-07 09:31:00,TRK-110,Rute-I,Depok Hub,396.9,1200,12.67,1.3,11.9,IDLE_DOCK,YES,DOCK-08
2026-07-08 13:44:00,TRK-117,Rute-K,Gudang West (Tangerang),397.6,1200,13.08,1.4,12.4,LOADED,YES,DOCK-09
2026-07-09 17:57:00,TRK-124,Rute-M,Petamburan Hub,398.3,1200,13.49,1.6,12.9,QUEUED,NO,DOCK-10
2026-07-10 07:10:00,TRK-131,Rute-O,Bogor Transit Hub,399.0,1200,13.9,1.7,13.5,DELIVERED,YES,DOCK-11
2026-07-11 11:23:00,TRK-138,Rute-Q,Central Hub (Jakarta),399.7,1200,14.31,1.8,14.1,IN_TRANSIT,YES,DOCK-12
2026-07-12 15:36:00,TRK-145,Rute-A,Bekasi Logistics Hub,400.4,1200,14.72,2.0,14.6,IDLE_DOCK,YES,DOCK-01
2026-07-13 05:49:00,TRK-152,Rute-C,Cikarang Industrial Hub,401.1,1200,15.13,2.1,15.2,LOADED,YES,DOCK-02
2026-07-14 09:02:00,TRK-159,Rute-E,Grogol Hub (Jakbar),401.8,1200,15.54,2.3,15.7,QUEUED,NO,DOCK-03
2026-07-15 13:15:00,TRK-166,Rute-G,Depok Hub,402.5,1200,15.95,2.4,16.2,DELIVERED,YES,DOCK-04
2026-07-16 17:28:00,TRK-173,Rute-I,Gudang West (Tangerang),403.2,1200,16.36,2.5,16.8,IN_TRANSIT,YES,DOCK-05
2026-07-17 07:41:00,TRK-180,Rute-K,Petamburan Hub,403.9,1200,16.77,2.7,17.4,IDLE_DOCK,YES,DOCK-06
2026-07-18 11:54:00,TRK-007,Rute-M,Bogor Transit Hub,404.6,1200,17.18,2.8,17.9,LOADED,YES,DOCK-07
2026-07-19 15:07:00,TRK-014,Rute-O,Central Hub (Jakarta),405.3,1200,17.59,3.0,18.5,QUEUED,NO,DOCK-08
2026-07-20 05:20:00,TRK-021,Rute-Q,Bekasi Logistics Hub,406.0,1200,18.0,0.3,19.0,DELIVERED,YES,DOCK-09
2026-07-21 09:33:00,TRK-028,Rute-A,Cikarang Industrial Hub,406.7,1200,18.41,0.4,19.6,IN_TRANSIT,YES,DOCK-10
2026-07-22 13:46:00,TRK-035,Rute-C,Grogol Hub (Jakbar),407.4,1200,18.82,0.6,20.1,IDLE_DOCK,YES,DOCK-11
2026-07-23 17:59:00,TRK-042,Rute-E,Depok Hub,408.1,1200,19.23,0.7,20.6,LOADED,YES,DOCK-12
2026-07-24 07:12:00,TRK-049,Rute-G,Gudang West (Tangerang),408.8,1200,19.64,0.9,21.2,QUEUED,NO,DOCK-01
2026-07-25 11:25:00,TRK-056,Rute-I,Petamburan Hub,409.5,1200,20.05,1.0,21.8,DELIVERED,YES,DOCK-02
2026-07-26 15:38:00,TRK-063,Rute-K,Bogor Transit Hub,410.2,1200,20.46,1.1,22.3,IN_TRANSIT,YES,DOCK-03
2026-07-27 05:51:00,TRK-070,Rute-M,Central Hub (Jakarta),410.9,1200,20.87,1.3,22.9,IDLE_DOCK,YES,DOCK-04
2026-07-28 09:04:00,TRK-077,Rute-O,Bekasi Logistics Hub,411.6,1200,21.28,1.4,23.4,LOADED,YES,DOCK-05
2026-07-29 13:17:00,TRK-084,Rute-Q,Cikarang Industrial Hub,412.3,1200,21.69,1.6,24.0,QUEUED,NO,DOCK-06
2026-07-30 17:30:00,TRK-091,Rute-A,Grogol Hub (Jakbar),413.0,1200,22.1,1.7,24.5,DELIVERED,YES,DOCK-07
2026-07-31 07:43:00,TRK-098,Rute-C,Depok Hub,413.7,1200,22.51,1.8,25.1,IN_TRANSIT,YES,DOCK-08
2026-07-01 11:56:00,TRK-105,Rute-E,Gudang West (Tangerang),414.4,1200,22.92,2.0,25.6,IDLE_DOCK,YES,DOCK-09
2026-07-02 15:09:00,TRK-112,Rute-G,Petamburan Hub,415.1,1200,23.33,2.1,26.2,LOADED,YES,DOCK-10
2026-07-03 05:22:00,TRK-119,Rute-I,Bogor Transit Hub,415.8,1200,23.74,2.3,26.7,QUEUED,NO,DOCK-11
2026-07-04 09:35:00,TRK-126,Rute-K,Central Hub (Jakarta),416.5,1200,24.15,2.4,27.2,DELIVERED,YES,DOCK-12
2026-07-05 13:48:00,TRK-133,Rute-M,Bekasi Logistics Hub,417.2,1200,24.56,2.5,27.8,IN_TRANSIT,YES,DOCK-01
2026-07-06 17:01:00,TRK-140,Rute-O,Cikarang Industrial Hub,417.9,1200,24.97,2.7,28.4,IDLE_DOCK,YES,DOCK-02
2026-07-07 07:14:00,TRK-147,Rute-Q,Grogol Hub (Jakbar),418.6,1200,25.38,2.8,28.9,LOADED,YES,DOCK-03
2026-07-08 11:27:00,TRK-154,Rute-A,Depok Hub,419.3,1200,25.79,3.0,29.5,QUEUED,NO,DOCK-04
2026-07-09 15:40:00,TRK-161,Rute-C,Gudang West (Tangerang),420.0,1200,9.8,0.3,30.0,DELIVERED,YES,DOCK-05
2026-07-10 05:53:00,TRK-168,Rute-E,Petamburan Hub,420.7,1200,10.21,0.4,30.6,IN_TRANSIT,YES,DOCK-06
2026-07-11 09:06:00,TRK-175,Rute-G,Bogor Transit Hub,421.4,1200,10.62,0.6,31.1,IDLE_DOCK,YES,DOCK-07
2026-07-12 13:19:00,TRK-002,Rute-I,Central Hub (Jakarta),422.1,1200,11.03,0.7,31.7,LOADED,YES,DOCK-08
2026-07-13 17:32:00,TRK-009,Rute-K,Bekasi Logistics Hub,422.8,1200,11.44,0.9,32.2,QUEUED,NO,DOCK-09
2026-07-14 07:45:00,TRK-016,Rute-M,Cikarang Industrial Hub,423.5,1200,11.85,1.0,32.8,DELIVERED,YES,DOCK-10
2026-07-15 11:58:00,TRK-023,Rute-O,Grogol Hub (Jakbar),424.2,1200,12.26,1.1,33.3,IN_TRANSIT,YES,DOCK-11
2026-07-16 15:11:00,TRK-030,Rute-Q,Depok Hub,424.9,1200,12.67,1.3,33.9,IDLE_DOCK,YES,DOCK-12
2026-07-17 05:24:00,TRK-037,Rute-A,Gudang West (Tangerang),425.6,1200,13.08,1.4,34.4,LOADED,YES,DOCK-01
2026-07-18 09:37:00,TRK-044,Rute-C,Petamburan Hub,426.3,1200,13.49,1.6,35.0,QUEUED,NO,DOCK-02
2026-07-19 13:50:00,TRK-051,Rute-E,Bogor Transit Hub,427.0,1200,13.9,1.7,35.5,DELIVERED,YES,DOCK-03
2026-07-20 17:03:00,TRK-058,Rute-G,Central Hub (Jakarta),427.7,1200,14.31,1.8,36.0,IN_TRANSIT,YES,DOCK-04
2026-07-21 07:16:00,TRK-065,Rute-I,Bekasi Logistics Hub,428.4,1200,14.72,2.0,36.6,IDLE_DOCK,YES,DOCK-05
2026-07-22 11:29:00,TRK-072,Rute-K,Cikarang Industrial Hub,429.1,1200,15.13,2.1,37.2,LOADED,YES,DOCK-06
2026-07-23 15:42:00,TRK-079,Rute-M,Grogol Hub (Jakbar),429.8,1200,15.54,2.3,37.7,QUEUED,NO,DOCK-07
2026-07-24 05:55:00,TRK-086,Rute-O,Depok Hub,430.5,1200,15.95,2.4,38.2,DELIVERED,YES,DOCK-08
2026-07-25 09:08:00,TRK-093,Rute-Q,Gudang West (Tangerang),431.2,1200,16.36,2.5,38.8,IN_TRANSIT,YES,DOCK-09
2026-07-26 13:21:00,TRK-100,Rute-A,Petamburan Hub,431.9,1200,16.77,2.7,39.4,IDLE_DOCK,YES,DOCK-10
2026-07-27 17:34:00,TRK-107,Rute-C,Bogor Transit Hub,432.6,1200,17.18,2.8,39.9,LOADED,YES,DOCK-11
2026-07-28 07:47:00,TRK-114,Rute-E,Central Hub (Jakarta),433.3,1200,17.59,3.0,40.5,QUEUED,NO,DOCK-12
2026-07-29 11:00:00,TRK-121,Rute-G,Bekasi Logistics Hub,434.0,1200,18.0,0.3,41.0,DELIVERED,YES,DOCK-01
2026-07-30 15:13:00,TRK-128,Rute-I,Cikarang Industrial Hub,434.7,1200,18.41,0.4,41.6,IN_TRANSIT,YES,DOCK-02
2026-07-31 05:26:00,TRK-135,Rute-K,Grogol Hub (Jakbar),435.4,1200,18.82,0.6,42.1,IDLE_DOCK,YES,DOCK-03
2026-07-01 09:39:00,TRK-142,Rute-M,Depok Hub,436.1,1200,19.23,0.7,42.7,LOADED,YES,DOCK-04
2026-07-02 13:52:00,TRK-149,Rute-O,Gudang West (Tangerang),436.8,1200,19.64,0.9,43.2,QUEUED,NO,DOCK-05
2026-07-03 17:05:00,TRK-156,Rute-Q,Petamburan Hub,437.5,1200,20.05,1.0,43.8,DELIVERED,YES,DOCK-06
2026-07-04 07:18:00,TRK-163,Rute-A,Bogor Transit Hub,438.2,1200,20.46,1.1,44.3,IN_TRANSIT,YES,DOCK-07
2026-07-05 11:31:00,TRK-170,Rute-C,Central Hub (Jakarta),438.9,1200,20.87,1.3,44.9,IDLE_DOCK,YES,DOCK-08
2026-07-06 15:44:00,TRK-177,Rute-E,Bekasi Logistics Hub,439.6,1200,21.28,1.4,45.4,LOADED,YES,DOCK-09
2026-07-07 05:57:00,TRK-004,Rute-G,Cikarang Industrial Hub,440.3,1200,21.69,1.6,46.0,QUEUED,NO,DOCK-10
2026-07-08 09:10:00,TRK-011,Rute-I,Grogol Hub (Jakbar),441.0,1200,22.1,1.7,46.5,DELIVERED,YES,DOCK-11
2026-07-09 13:23:00,TRK-018,Rute-K,Depok Hub,441.7,1200,22.51,1.8,47.1,IN_TRANSIT,YES,DOCK-12
2026-07-10 17:36:00,TRK-025,Rute-M,Gudang West (Tangerang),442.4,1200,22.92,2.0,47.6,IDLE_DOCK,YES,DOCK-01
2026-07-11 07:49:00,TRK-032,Rute-O,Petamburan Hub,443.1,1200,23.33,2.1,48.2,LOADED,YES,DOCK-02
2026-07-12 11:02:00,TRK-039,Rute-Q,Bogor Transit Hub,443.8,1200,23.74,2.3,48.7,QUEUED,NO,DOCK-03
2026-07-13 15:15:00,TRK-046,Rute-A,Central Hub (Jakarta),444.5,1200,24.15,2.4,49.2,DELIVERED,YES,DOCK-04
2026-07-14 05:28:00,TRK-053,Rute-C,Bekasi Logistics Hub,445.2,1200,24.56,2.5,49.8,IN_TRANSIT,YES,DOCK-05
2026-07-15 09:41:00,TRK-060,Rute-E,Cikarang Industrial Hub,445.9,1200,24.97,2.7,50.4,IDLE_DOCK,YES,DOCK-06
2026-07-16 13:54:00,TRK-067,Rute-G,Grogol Hub (Jakbar),446.6,1200,25.38,2.8,50.9,LOADED,YES,DOCK-07
2026-07-17 17:07:00,TRK-074,Rute-I,Depok Hub,447.3,1200,25.79,3.0,51.5,QUEUED,NO,DOCK-08
2026-07-18 07:20:00,TRK-081,Rute-K,Gudang West (Tangerang),448.0,1200,9.8,0.3,52.0,DELIVERED,YES,DOCK-09
2026-07-19 11:33:00,TRK-088,Rute-M,Petamburan Hub,448.7,1200,10.21,0.4,52.6,IN_TRANSIT,YES,DOCK-10
2026-07-20 15:46:00,TRK-095,Rute-O,Bogor Transit Hub,449.4,1200,10.62,0.6,53.1,IDLE_DOCK,YES,DOCK-11
2026-07-21 05:59:00,TRK-102,Rute-Q,Central Hub (Jakarta),450.1,1200,11.03,0.7,53.7,LOADED,YES,DOCK-12
2026-07-22 09:12:00,TRK-109,Rute-A,Bekasi Logistics Hub,450.8,1200,11.44,0.9,54.2,QUEUED,NO,DOCK-01
2026-07-23 13:25:00,TRK-116,Rute-C,Cikarang Industrial Hub,451.5,1200,11.85,1.0,54.8,DELIVERED,YES,DOCK-02
2026-07-24 17:38:00,TRK-123,Rute-E,Grogol Hub (Jakbar),452.2,1200,12.26,1.1,55.3,IN_TRANSIT,YES,DOCK-03
2026-07-25 07:51:00,TRK-130,Rute-G,Depok Hub,452.9,1200,12.67,1.3,55.9,IDLE_DOCK,YES,DOCK-04
2026-07-26 11:04:00,TRK-137,Rute-I,Gudang West (Tangerang),453.6,1200,13.08,1.4,56.4,LOADED,YES,DOCK-05
2026-07-27 15:17:00,TRK-144,Rute-K,Petamburan Hub,454.3,1200,13.49,1.6,57.0,QUEUED,NO,DOCK-06
2026-07-28 05:30:00,TRK-151,Rute-M,Bogor Transit Hub,455.0,1200,13.9,1.7,57.5,DELIVERED,YES,DOCK-07
2026-07-29 09:43:00,TRK-158,Rute-O,Central Hub (Jakarta),455.7,1200,14.31,1.8,58.1,IN_TRANSIT,YES,DOCK-08
2026-07-30 13:56:00,TRK-165,Rute-Q,Bekasi Logistics Hub,456.4,1200,14.72,2.0,58.6,IDLE_DOCK,YES,DOCK-09
2026-07-31 17:09:00,TRK-172,Rute-A,Cikarang Industrial Hub,457.1,1200,15.13,2.1,59.2,LOADED,YES,DOCK-10
2026-07-01 07:22:00,TRK-179,Rute-C,Grogol Hub (Jakbar),457.8,1200,15.54,2.3,59.7,QUEUED,NO,DOCK-11
2026-07-02 11:35:00,TRK-006,Rute-E,Depok Hub,458.5,1200,15.95,2.4,60.3,DELIVERED,YES,DOCK-12
2026-07-03 15:48:00,TRK-013,Rute-G,Gudang West (Tangerang),459.2,1200,16.36,2.5,60.8,IN_TRANSIT,YES,DOCK-01
2026-07-04 05:01:00,TRK-020,Rute-I,Petamburan Hub,459.9,1200,16.77,2.7,61.4,IDLE_DOCK,YES,DOCK-02
2026-07-05 09:14:00,TRK-027,Rute-K,Bogor Transit Hub,460.6,1200,17.18,2.8,61.9,LOADED,YES,DOCK-03
2026-07-06 13:27:00,TRK-034,Rute-M,Central Hub (Jakarta),461.3,1200,17.59,3.0,62.5,QUEUED,NO,DOCK-04
2026-07-07 17:40:00,TRK-041,Rute-O,Bekasi Logistics Hub,462.0,1200,18.0,0.3,63.0,DELIVERED,YES,DOCK-05
2026-07-08 07:53:00,TRK-048,Rute-Q,Cikarang Industrial Hub,462.7,1200,18.41,0.4,63.6,IN_TRANSIT,YES,DOCK-06
2026-07-09 11:06:00,TRK-055,Rute-A,Grogol Hub (Jakbar),463.4,1200,18.82,0.6,64.1,IDLE_DOCK,YES,DOCK-07
2026-07-10 15:19:00,TRK-062,Rute-C,Depok Hub,464.1,1200,19.23,0.7,64.7,LOADED,YES,DOCK-08
2026-07-11 05:32:00,TRK-069,Rute-E,Gudang West (Tangerang),464.8,1200,19.64,0.9,65.2,QUEUED,NO,DOCK-09
2026-07-12 09:45:00,TRK-076,Rute-G,Petamburan Hub,465.5,1200,20.05,1.0,65.8,DELIVERED,YES,DOCK-10
2026-07-13 13:58:00,TRK-083,Rute-I,Bogor Transit Hub,466.2,1200,20.46,1.1,66.3,IN_TRANSIT,YES,DOCK-11
2026-07-14 17:11:00,TRK-090,Rute-K,Central Hub (Jakarta),466.9,1200,20.87,1.3,66.8,IDLE_DOCK,YES,DOCK-12
2026-07-15 07:24:00,TRK-097,Rute-M,Bekasi Logistics Hub,467.6,1200,21.28,1.4,67.4,LOADED,YES,DOCK-01
2026-07-16 11:37:00,TRK-104,Rute-O,Cikarang Industrial Hub,468.3,1200,21.69,1.6,68.0,QUEUED,NO,DOCK-02
2026-07-17 15:50:00,TRK-111,Rute-Q,Grogol Hub (Jakbar),469.0,1200,22.1,1.7,68.5,DELIVERED,YES,DOCK-03
2026-07-18 05:03:00,TRK-118,Rute-A,Depok Hub,469.7,1200,22.51,1.8,69.1,IN_TRANSIT,YES,DOCK-04
2026-07-19 09:16:00,TRK-125,Rute-C,Gudang West (Tangerang),470.4,1200,22.92,2.0,69.6,IDLE_DOCK,YES,DOCK-05
2026-07-20 13:29:00,TRK-132,Rute-E,Petamburan Hub,471.1,1200,23.33,2.1,70.2,LOADED,YES,DOCK-06
2026-07-21 17:42:00,TRK-139,Rute-G,Bogor Transit Hub,471.8,1200,23.74,2.3,70.7,QUEUED,NO,DOCK-07
2026-07-22 07:55:00,TRK-146,Rute-I,Central Hub (Jakarta),472.5,1200,24.15,2.4,71.2,DELIVERED,YES,DOCK-08
2026-07-23 11:08:00,TRK-153,Rute-K,Bekasi Logistics Hub,473.2,1200,24.56,2.5,71.8,IN_TRANSIT,YES,DOCK-09
2026-07-24 15:21:00,TRK-160,Rute-M,Cikarang Industrial Hub,473.9,1200,24.97,2.7,72.4,IDLE_DOCK,YES,DOCK-10
2026-07-25 05:34:00,TRK-167,Rute-O,Grogol Hub (Jakbar),474.6,1200,25.38,2.8,72.9,LOADED,YES,DOCK-11
2026-07-26 09:47:00,TRK-174,Rute-Q,Depok Hub,475.3,1200,25.79,3.0,73.5,QUEUED,NO,DOCK-12
2026-07-27 13:00:00,TRK-001,Rute-A,Gudang West (Tangerang),476.0,1200,9.8,0.3,74.0,DELIVERED,YES,DOCK-01
2026-07-28 17:13:00,TRK-008,Rute-C,Petamburan Hub,476.7,1200,10.21,0.4,74.6,IN_TRANSIT,YES,DOCK-02
2026-07-29 07:26:00,TRK-015,Rute-E,Bogor Transit Hub,477.4,1200,10.62,0.6,75.1,IDLE_DOCK,YES,DOCK-03
2026-07-30 11:39:00,TRK-022,Rute-G,Central Hub (Jakarta),478.1,1200,11.03,0.7,75.7,LOADED,YES,DOCK-04
2026-07-31 15:52:00,TRK-029,Rute-I,Bekasi Logistics Hub,478.8,1200,11.44,0.9,76.2,QUEUED,NO,DOCK-05
2026-07-01 05:05:00,TRK-036,Rute-K,Cikarang Industrial Hub,479.5,1200,11.85,1.0,76.8,DELIVERED,YES,DOCK-06
2026-07-02 09:18:00,TRK-043,Rute-M,Grogol Hub (Jakbar),480.2,1200,12.26,1.1,77.3,IN_TRANSIT,YES,DOCK-07
2026-07-03 13:31:00,TRK-050,Rute-O,Depok Hub,480.9,1200,12.67,1.3,77.9,IDLE_DOCK,YES,DOCK-08
2026-07-04 17:44:00,TRK-057,Rute-Q,Gudang West (Tangerang),481.6,1200,13.08,1.4,78.4,LOADED,YES,DOCK-09
2026-07-05 07:57:00,TRK-064,Rute-A,Petamburan Hub,482.3,1200,13.49,1.6,79.0,QUEUED,NO,DOCK-10
2026-07-06 11:10:00,TRK-071,Rute-C,Bogor Transit Hub,483.0,1200,13.9,1.7,79.5,DELIVERED,YES,DOCK-11
2026-07-07 15:23:00,TRK-078,Rute-E,Central Hub (Jakarta),483.7,1200,14.31,1.8,80.1,IN_TRANSIT,YES,DOCK-12
2026-07-08 05:36:00,TRK-085,Rute-G,Bekasi Logistics Hub,484.4,1200,14.72,2.0,80.6,IDLE_DOCK,YES,DOCK-01
2026-07-09 09:49:00,TRK-092,Rute-I,Cikarang Industrial Hub,485.1,1200,15.13,2.1,81.2,LOADED,YES,DOCK-02
2026-07-10 13:02:00,TRK-099,Rute-K,Grogol Hub (Jakbar),485.8,1200,15.54,2.3,81.7,QUEUED,NO,DOCK-03
2026-07-11 17:15:00,TRK-106,Rute-M,Depok Hub,486.5,1200,15.95,2.4,82.2,DELIVERED,YES,DOCK-04
2026-07-12 07:28:00,TRK-113,Rute-O,Gudang West (Tangerang),487.2,1200,16.36,2.5,82.8,IN_TRANSIT,YES,DOCK-05
2026-07-13 11:41:00,TRK-120,Rute-Q,Petamburan Hub,487.9,1200,16.77,2.7,83.4,IDLE_DOCK,YES,DOCK-06
2026-07-14 15:54:00,TRK-127,Rute-A,Bogor Transit Hub,488.6,1200,17.18,2.8,83.9,LOADED,YES,DOCK-07
2026-07-15 05:07:00,TRK-134,Rute-C,Central Hub (Jakarta),489.3,1200,17.59,3.0,84.5,QUEUED,NO,DOCK-08
2026-07-16 09:20:00,TRK-141,Rute-E,Bekasi Logistics Hub,490.0,1200,18.0,0.3,85.0,DELIVERED,YES,DOCK-09
2026-07-17 13:33:00,TRK-148,Rute-G,Cikarang Industrial Hub,490.7,1200,18.41,0.4,85.6,IN_TRANSIT,YES,DOCK-10
2026-07-18 17:46:00,TRK-155,Rute-I,Grogol Hub (Jakbar),491.4,1200,18.82,0.6,86.1,IDLE_DOCK,YES,DOCK-11
2026-07-19 07:59:00,TRK-162,Rute-K,Depok Hub,492.1,1200,19.23,0.7,86.7,LOADED,YES,DOCK-12
2026-07-20 11:12:00,TRK-169,Rute-M,Gudang West (Tangerang),492.8,1200,19.64,0.9,87.2,QUEUED,NO,DOCK-01
2026-07-21 15:25:00,TRK-176,Rute-O,Petamburan Hub,493.5,1200,20.05,1.0,87.8,DELIVERED,YES,DOCK-02
2026-07-22 05:38:00,TRK-003,Rute-Q,Bogor Transit Hub,494.2,1200,20.46,1.1,88.3,IN_TRANSIT,YES,DOCK-03
2026-07-23 09:51:00,TRK-010,Rute-A,Central Hub (Jakarta),494.9,1200,20.87,1.3,88.9,IDLE_DOCK,YES,DOCK-04
2026-07-24 13:04:00,TRK-017,Rute-C,Bekasi Logistics Hub,495.6,1200,21.28,1.4,89.4,LOADED,YES,DOCK-05
2026-07-25 17:17:00,TRK-024,Rute-E,Cikarang Industrial Hub,496.3,1200,21.69,1.6,90.0,QUEUED,NO,DOCK-06
2026-07-26 07:30:00,TRK-031,Rute-G,Grogol Hub (Jakbar),497.0,1200,22.1,1.7,90.5,DELIVERED,YES,DOCK-07
2026-07-27 11:43:00,TRK-038,Rute-I,Depok Hub,497.7,1200,22.51,1.8,91.1,IN_TRANSIT,YES,DOCK-08
2026-07-28 15:56:00,TRK-045,Rute-K,Gudang West (Tangerang),498.4,1200,22.92,2.0,91.6,IDLE_DOCK,YES,DOCK-09
2026-07-29 05:09:00,TRK-052,Rute-M,Petamburan Hub,499.1,1200,23.33,2.1,92.2,LOADED,YES,DOCK-10
2026-07-30 09:22:00,TRK-059,Rute-O,Bogor Transit Hub,499.8,1200,23.74,2.3,92.7,QUEUED,NO,DOCK-11
2026-07-31 13:35:00,TRK-066,Rute-Q,Central Hub (Jakarta),500.5,1200,24.15,2.4,93.2,DELIVERED,YES,DOCK-12
2026-07-01 17:48:00,TRK-073,Rute-A,Bekasi Logistics Hub,501.2,1200,24.56,2.5,93.8,IN_TRANSIT,YES,DOCK-01
2026-07-02 07:01:00,TRK-080,Rute-C,Cikarang Industrial Hub,501.9,1200,24.97,2.7,94.4,IDLE_DOCK,YES,DOCK-02
2026-07-03 11:14:00,TRK-087,Rute-E,Grogol Hub (Jakbar),502.6,1200,25.38,2.8,94.9,LOADED,YES,DOCK-03
2026-07-04 15:27:00,TRK-094,Rute-G,Depok Hub,503.3,1200,25.79,3.0,95.5,QUEUED,NO,DOCK-04
2026-07-05 05:40:00,TRK-101,Rute-I,Gudang West (Tangerang),504.0,1200,9.8,0.3,8.0,DELIVERED,YES,DOCK-05
2026-07-06 09:53:00,TRK-108,Rute-K,Petamburan Hub,504.7,1200,10.21,0.4,8.6,IN_TRANSIT,YES,DOCK-06
2026-07-07 13:06:00,TRK-115,Rute-M,Bogor Transit Hub,505.4,1200,10.62,0.6,9.1,IDLE_DOCK,YES,DOCK-07
2026-07-08 17:19:00,TRK-122,Rute-O,Central Hub (Jakarta),506.1,1200,11.03,0.7,9.7,LOADED,YES,DOCK-08
2026-07-09 07:32:00,TRK-129,Rute-Q,Bekasi Logistics Hub,506.8,1200,11.44,0.9,10.2,QUEUED,NO,DOCK-09
2026-07-10 11:45:00,TRK-136,Rute-A,Cikarang Industrial Hub,507.5,1200,11.85,1.0,10.8,DELIVERED,YES,DOCK-10
2026-07-11 15:58:00,TRK-143,Rute-C,Grogol Hub (Jakbar),508.2,1200,12.26,1.1,11.3,IN_TRANSIT,YES,DOCK-11
2026-07-12 05:11:00,TRK-150,Rute-E,Depok Hub,508.9,1200,12.67,1.3,11.9,IDLE_DOCK,YES,DOCK-12
2026-07-13 09:24:00,TRK-157,Rute-G,Gudang West (Tangerang),509.6,1200,13.08,1.4,12.4,LOADED,YES,DOCK-01
2026-07-14 13:37:00,TRK-164,Rute-I,Petamburan Hub,510.3,1200,13.49,1.6,12.9,QUEUED,NO,DOCK-02
2026-07-15 17:50:00,TRK-171,Rute-K,Bogor Transit Hub,511.0,1200,13.9,1.7,13.5,DELIVERED,YES,DOCK-03
2026-07-16 07:03:00,TRK-178,Rute-M,Central Hub (Jakarta),511.7,1200,14.31,1.8,14.1,IN_TRANSIT,YES,DOCK-04
2026-07-17 11:16:00,TRK-005,Rute-O,Bekasi Logistics Hub,512.4,1200,14.72,2.0,14.6,IDLE_DOCK,YES,DOCK-05
2026-07-18 15:29:00,TRK-012,Rute-Q,Cikarang Industrial Hub,513.1,1200,15.13,2.1,15.2,LOADED,YES,DOCK-06
2026-07-19 05:42:00,TRK-019,Rute-A,Grogol Hub (Jakbar),513.8,1200,15.54,2.3,15.7,QUEUED,NO,DOCK-07
2026-07-20 09:55:00,TRK-026,Rute-C,Depok Hub,514.5,1200,15.95,2.4,16.2,DELIVERED,YES,DOCK-08
2026-07-21 13:08:00,TRK-033,Rute-E,Gudang West (Tangerang),515.2,1200,16.36,2.5,16.8,IN_TRANSIT,YES,DOCK-09
2026-07-22 17:21:00,TRK-040,Rute-G,Petamburan Hub,515.9,1200,16.77,2.7,17.4,IDLE_DOCK,YES,DOCK-10
2026-07-23 07:34:00,TRK-047,Rute-I,Bogor Transit Hub,516.6,1200,17.18,2.8,17.9,LOADED,YES,DOCK-11
2026-07-24 11:47:00,TRK-054,Rute-K,Central Hub (Jakarta),517.3,1200,17.59,3.0,18.5,QUEUED,NO,DOCK-12
2026-07-25 15:00:00,TRK-061,Rute-M,Bekasi Logistics Hub,518.0,1200,18.0,0.3,19.0,DELIVERED,YES,DOCK-01
2026-07-26 05:13:00,TRK-068,Rute-O,Cikarang Industrial Hub,518.7,1200,18.41,0.4,19.6,IN_TRANSIT,YES,DOCK-02
2026-07-27 09:26:00,TRK-075,Rute-Q,Grogol Hub (Jakbar),519.4,1200,18.82,0.6,20.1,IDLE_DOCK,YES,DOCK-03
2026-07-28 13:39:00,TRK-082,Rute-A,Depok Hub,520.1,1200,19.23,0.7,20.6,LOADED,YES,DOCK-04
2026-07-29 17:52:00,TRK-089,Rute-C,Gudang West (Tangerang),520.8,1200,19.64,0.9,21.2,QUEUED,NO,DOCK-05
2026-07-30 07:05:00,TRK-096,Rute-E,Petamburan Hub,521.5,1200,20.05,1.0,21.8,DELIVERED,YES,DOCK-06
2026-07-31 11:18:00,TRK-103,Rute-G,Bogor Transit Hub,522.2,1200,20.46,1.1,22.3,IN_TRANSIT,YES,DOCK-07
2026-07-01 15:31:00,TRK-110,Rute-I,Central Hub (Jakarta),522.9,1200,20.87,1.3,22.9,IDLE_DOCK,YES,DOCK-08
2026-07-02 05:44:00,TRK-117,Rute-K,Bekasi Logistics Hub,523.6,1200,21.28,1.4,23.4,LOADED,YES,DOCK-09
2026-07-03 09:57:00,TRK-124,Rute-M,Cikarang Industrial Hub,524.3,1200,21.69,1.6,24.0,QUEUED,NO,DOCK-10
2026-07-04 13:10:00,TRK-131,Rute-O,Grogol Hub (Jakbar),525.0,1200,22.1,1.7,24.5,DELIVERED,YES,DOCK-11
2026-07-05 17:23:00,TRK-138,Rute-Q,Depok Hub,525.7,1200,22.51,1.8,25.1,IN_TRANSIT,YES,DOCK-12
2026-07-06 07:36:00,TRK-145,Rute-A,Gudang West (Tangerang),526.4,1200,22.92,2.0,25.6,IDLE_DOCK,YES,DOCK-01
2026-07-07 11:49:00,TRK-152,Rute-C,Petamburan Hub,527.1,1200,23.33,2.1,26.2,LOADED,YES,DOCK-02
2026-07-08 15:02:00,TRK-159,Rute-E,Bogor Transit Hub,527.8,1200,23.74,2.3,26.7,QUEUED,NO,DOCK-03
2026-07-09 05:15:00,TRK-166,Rute-G,Central Hub (Jakarta),528.5,1200,24.15,2.4,27.2,DELIVERED,YES,DOCK-04
2026-07-10 09:28:00,TRK-173,Rute-I,Bekasi Logistics Hub,529.2,1200,24.56,2.5,27.8,IN_TRANSIT,YES,DOCK-05
2026-07-11 13:41:00,TRK-180,Rute-K,Cikarang Industrial Hub,529.9,1200,24.97,2.7,28.4,IDLE_DOCK,YES,DOCK-06
2026-07-12 17:54:00,TRK-007,Rute-M,Grogol Hub (Jakbar),530.6,1200,25.38,2.8,28.9,LOADED,YES,DOCK-07
2026-07-13 07:07:00,TRK-014,Rute-O,Depok Hub,531.3,1200,25.79,3.0,29.5,QUEUED,NO,DOCK-08
2026-07-14 11:20:00,TRK-021,Rute-Q,Gudang West (Tangerang),532.0,1200,9.8,0.3,30.0,DELIVERED,YES,DOCK-09
2026-07-15 15:33:00,TRK-028,Rute-A,Petamburan Hub,532.7,1200,10.21,0.4,30.6,IN_TRANSIT,YES,DOCK-10
2026-07-16 05:46:00,TRK-035,Rute-C,Bogor Transit Hub,533.4,1200,10.62,0.6,31.1,IDLE_DOCK,YES,DOCK-11
2026-07-17 09:59:00,TRK-042,Rute-E,Central Hub (Jakarta),534.1,1200,11.03,0.7,31.7,LOADED,YES,DOCK-12
2026-07-18 13:12:00,TRK-049,Rute-G,Bekasi Logistics Hub,534.8,1200,11.44,0.9,32.2,QUEUED,NO,DOCK-01
2026-07-19 17:25:00,TRK-056,Rute-I,Cikarang Industrial Hub,535.5,1200,11.85,1.0,32.8,DELIVERED,YES,DOCK-02
2026-07-20 07:38:00,TRK-063,Rute-K,Grogol Hub (Jakbar),536.2,1200,12.26,1.1,33.3,IN_TRANSIT,YES,DOCK-03
2026-07-21 11:51:00,TRK-070,Rute-M,Depok Hub,536.9,1200,12.67,1.3,33.9,IDLE_DOCK,YES,DOCK-04
2026-07-22 15:04:00,TRK-077,Rute-O,Gudang West (Tangerang),537.6,1200,13.08,1.4,34.4,LOADED,YES,DOCK-05
2026-07-23 05:17:00,TRK-084,Rute-Q,Petamburan Hub,538.3,1200,13.49,1.6,35.0,QUEUED,NO,DOCK-06
2026-07-24 09:30:00,TRK-091,Rute-A,Bogor Transit Hub,539.0,1200,13.9,1.7,35.5,DELIVERED,YES,DOCK-07
2026-07-25 13:43:00,TRK-098,Rute-C,Central Hub (Jakarta),539.7,1200,14.31,1.8,36.0,IN_TRANSIT,YES,DOCK-08
2026-07-26 17:56:00,TRK-105,Rute-E,Bekasi Logistics Hub,540.4,1200,14.72,2.0,36.6,IDLE_DOCK,YES,DOCK-09
2026-07-27 07:09:00,TRK-112,Rute-G,Cikarang Industrial Hub,541.1,1200,15.13,2.1,37.2,LOADED,YES,DOCK-10
2026-07-28 11:22:00,TRK-119,Rute-I,Grogol Hub (Jakbar),541.8,1200,15.54,2.3,37.7,QUEUED,NO,DOCK-11
2026-07-29 15:35:00,TRK-126,Rute-K,Depok Hub,542.5,1200,15.95,2.4,38.2,DELIVERED,YES,DOCK-12
2026-07-30 05:48:00,TRK-133,Rute-M,Gudang West (Tangerang),543.2,1200,16.36,2.5,38.8,IN_TRANSIT,YES,DOCK-01
2026-07-31 09:01:00,TRK-140,Rute-O,Petamburan Hub,543.9,1200,16.77,2.7,39.4,IDLE_DOCK,YES,DOCK-02
2026-07-01 13:14:00,TRK-147,Rute-Q,Bogor Transit Hub,544.6,1200,17.18,2.8,39.9,LOADED,YES,DOCK-03
2026-07-02 17:27:00,TRK-154,Rute-A,Central Hub (Jakarta),545.3,1200,17.59,3.0,40.5,QUEUED,NO,DOCK-04
2026-07-03 07:40:00,TRK-161,Rute-C,Bekasi Logistics Hub,546.0,1200,18.0,0.3,41.0,DELIVERED,YES,DOCK-05
2026-07-04 11:53:00,TRK-168,Rute-E,Cikarang Industrial Hub,546.7,1200,18.41,0.4,41.6,IN_TRANSIT,YES,DOCK-06
2026-07-05 15:06:00,TRK-175,Rute-G,Grogol Hub (Jakbar),547.4,1200,18.82,0.6,42.1,IDLE_DOCK,YES,DOCK-07
2026-07-06 05:19:00,TRK-002,Rute-I,Depok Hub,548.1,1200,19.23,0.7,42.7,LOADED,YES,DOCK-08
2026-07-07 09:32:00,TRK-009,Rute-K,Gudang West (Tangerang),548.8,1200,19.64,0.9,43.2,QUEUED,NO,DOCK-09
2026-07-08 13:45:00,TRK-016,Rute-M,Petamburan Hub,549.5,1200,20.05,1.0,43.8,DELIVERED,YES,DOCK-10
2026-07-09 17:58:00,TRK-023,Rute-O,Bogor Transit Hub,550.2,1200,20.46,1.1,44.3,IN_TRANSIT,YES,DOCK-11
2026-07-10 07:11:00,TRK-030,Rute-Q,Central Hub (Jakarta),550.9,1200,20.87,1.3,44.9,IDLE_DOCK,YES,DOCK-12
2026-07-11 11:24:00,TRK-037,Rute-A,Bekasi Logistics Hub,551.6,1200,21.28,1.4,45.4,LOADED,YES,DOCK-01
2026-07-12 15:37:00,TRK-044,Rute-C,Cikarang Industrial Hub,552.3,1200,21.69,1.6,46.0,QUEUED,NO,DOCK-02
2026-07-13 05:50:00,TRK-051,Rute-E,Grogol Hub (Jakbar),553.0,1200,22.1,1.7,46.5,DELIVERED,YES,DOCK-03
2026-07-14 09:03:00,TRK-058,Rute-G,Depok Hub,553.7,1200,22.51,1.8,47.1,IN_TRANSIT,YES,DOCK-04
2026-07-15 13:16:00,TRK-065,Rute-I,Gudang West (Tangerang),554.4,1200,22.92,2.0,47.6,IDLE_DOCK,YES,DOCK-05
2026-07-16 17:29:00,TRK-072,Rute-K,Petamburan Hub,555.1,1200,23.33,2.1,48.2,LOADED,YES,DOCK-06
2026-07-17 07:42:00,TRK-079,Rute-M,Bogor Transit Hub,555.8,1200,23.74,2.3,48.7,QUEUED,NO,DOCK-07
2026-07-18 11:55:00,TRK-086,Rute-O,Central Hub (Jakarta),556.5,1200,24.15,2.4,49.2,DELIVERED,YES,DOCK-08
2026-07-19 15:08:00,TRK-093,Rute-Q,Bekasi Logistics Hub,557.2,1200,24.56,2.5,49.8,IN_TRANSIT,YES,DOCK-09
2026-07-20 05:21:00,TRK-100,Rute-A,Cikarang Industrial Hub,557.9,1200,24.97,2.7,50.4,IDLE_DOCK,YES,DOCK-10
2026-07-21 09:34:00,TRK-107,Rute-C,Grogol Hub (Jakbar),558.6,1200,25.38,2.8,50.9,LOADED,YES,DOCK-11
2026-07-22 13:47:00,TRK-114,Rute-E,Depok Hub,559.3,1200,25.79,3.0,51.5,QUEUED,NO,DOCK-12
2026-07-23 17:00:00,TRK-121,Rute-G,Gudang West (Tangerang),560.0,1200,9.8,0.3,52.0,DELIVERED,YES,DOCK-01
2026-07-24 07:13:00,TRK-128,Rute-I,Petamburan Hub,560.7,1200,10.21,0.4,52.6,IN_TRANSIT,YES,DOCK-02
2026-07-25 11:26:00,TRK-135,Rute-K,Bogor Transit Hub,561.4,1200,10.62,0.6,53.1,IDLE_DOCK,YES,DOCK-03
2026-07-26 15:39:00,TRK-142,Rute-M,Central Hub (Jakarta),562.1,1200,11.03,0.7,53.7,LOADED,YES,DOCK-04
2026-07-27 05:52:00,TRK-149,Rute-O,Bekasi Logistics Hub,562.8,1200,11.44,0.9,54.2,QUEUED,NO,DOCK-05
2026-07-28 09:05:00,TRK-156,Rute-Q,Cikarang Industrial Hub,563.5,1200,11.85,1.0,54.8,DELIVERED,YES,DOCK-06
2026-07-29 13:18:00,TRK-163,Rute-A,Grogol Hub (Jakbar),564.2,1200,12.26,1.1,55.3,IN_TRANSIT,YES,DOCK-07
2026-07-30 17:31:00,TRK-170,Rute-C,Depok Hub,564.9,1200,12.67,1.3,55.9,IDLE_DOCK,YES,DOCK-08
2026-07-31 07:44:00,TRK-177,Rute-E,Gudang West (Tangerang),565.6,1200,13.08,1.4,56.4,LOADED,YES,DOCK-09
2026-07-01 11:57:00,TRK-004,Rute-G,Petamburan Hub,566.3,1200,13.49,1.6,57.0,QUEUED,NO,DOCK-10
2026-07-02 15:10:00,TRK-011,Rute-I,Bogor Transit Hub,567.0,1200,13.9,1.7,57.5,DELIVERED,YES,DOCK-11
2026-07-03 05:23:00,TRK-018,Rute-K,Central Hub (Jakarta),567.7,1200,14.31,1.8,58.1,IN_TRANSIT,YES,DOCK-12
2026-07-04 09:36:00,TRK-025,Rute-M,Bekasi Logistics Hub,568.4,1200,14.72,2.0,58.6,IDLE_DOCK,YES,DOCK-01
2026-07-05 13:49:00,TRK-032,Rute-O,Cikarang Industrial Hub,569.1,1200,15.13,2.1,59.2,LOADED,YES,DOCK-02
2026-07-06 17:02:00,TRK-039,Rute-Q,Grogol Hub (Jakbar),569.8,1200,15.54,2.3,59.7,QUEUED,NO,DOCK-03
2026-07-07 07:15:00,TRK-046,Rute-A,Depok Hub,570.5,1200,15.95,2.4,60.3,DELIVERED,YES,DOCK-04
2026-07-08 11:28:00,TRK-053,Rute-C,Gudang West (Tangerang),571.2,1200,16.36,2.5,60.8,IN_TRANSIT,YES,DOCK-05
2026-07-09 15:41:00,TRK-060,Rute-E,Petamburan Hub,571.9,1200,16.77,2.7,61.4,IDLE_DOCK,YES,DOCK-06
2026-07-10 05:54:00,TRK-067,Rute-G,Bogor Transit Hub,572.6,1200,17.18,2.8,61.9,LOADED,YES,DOCK-07
2026-07-11 09:07:00,TRK-074,Rute-I,Central Hub (Jakarta),573.3,1200,17.59,3.0,62.5,QUEUED,NO,DOCK-08
2026-07-12 13:20:00,TRK-081,Rute-K,Bekasi Logistics Hub,574.0,1200,18.0,0.3,63.0,DELIVERED,YES,DOCK-09
2026-07-13 17:33:00,TRK-088,Rute-M,Cikarang Industrial Hub,574.7,1200,18.41,0.4,63.6,IN_TRANSIT,YES,DOCK-10
2026-07-14 07:46:00,TRK-095,Rute-O,Grogol Hub (Jakbar),575.4,1200,18.82,0.6,64.1,IDLE_DOCK,YES,DOCK-11
2026-07-15 11:59:00,TRK-102,Rute-Q,Depok Hub,576.1,1200,19.23,0.7,64.7,LOADED,YES,DOCK-12
2026-07-16 15:12:00,TRK-109,Rute-A,Gudang West (Tangerang),576.8,1200,19.64,0.9,65.2,QUEUED,NO,DOCK-01
2026-07-17 05:25:00,TRK-116,Rute-C,Petamburan Hub,577.5,1200,20.05,1.0,65.8,DELIVERED,YES,DOCK-02
2026-07-18 09:38:00,TRK-123,Rute-E,Bogor Transit Hub,578.2,1200,20.46,1.1,66.3,IN_TRANSIT,YES,DOCK-03
2026-07-19 13:51:00,TRK-130,Rute-G,Central Hub (Jakarta),578.9,1200,20.87,1.3,66.8,IDLE_DOCK,YES,DOCK-04
2026-07-20 17:04:00,TRK-137,Rute-I,Bekasi Logistics Hub,579.6,1200,21.28,1.4,67.4,LOADED,YES,DOCK-05
2026-07-21 07:17:00,TRK-144,Rute-K,Cikarang Industrial Hub,580.3,1200,21.69,1.6,68.0,QUEUED,NO,DOCK-06
2026-07-22 11:30:00,TRK-151,Rute-M,Grogol Hub (Jakbar),581.0,1200,22.1,1.7,68.5,DELIVERED,YES,DOCK-07
2026-07-23 15:43:00,TRK-158,Rute-O,Depok Hub,581.7,1200,22.51,1.8,69.1,IN_TRANSIT,YES,DOCK-08
2026-07-24 05:56:00,TRK-165,Rute-Q,Gudang West (Tangerang),582.4,1200,22.92,2.0,69.6,IDLE_DOCK,YES,DOCK-09
2026-07-25 09:09:00,TRK-172,Rute-A,Petamburan Hub,583.1,1200,23.33,2.1,70.2,LOADED,YES,DOCK-10
2026-07-26 13:22:00,TRK-179,Rute-C,Bogor Transit Hub,583.8,1200,23.74,2.3,70.7,QUEUED,NO,DOCK-11
2026-07-27 17:35:00,TRK-006,Rute-E,Central Hub (Jakarta),584.5,1200,24.15,2.4,71.2,DELIVERED,YES,DOCK-12
2026-07-28 07:48:00,TRK-013,Rute-G,Bekasi Logistics Hub,585.2,1200,24.56,2.5,71.8,IN_TRANSIT,YES,DOCK-01
2026-07-29 11:01:00,TRK-020,Rute-I,Cikarang Industrial Hub,585.9,1200,24.97,2.7,72.4,IDLE_DOCK,YES,DOCK-02
2026-07-30 15:14:00,TRK-027,Rute-K,Grogol Hub (Jakbar),586.6,1200,25.38,2.8,72.9,LOADED,YES,DOCK-03
2026-07-31 05:27:00,TRK-034,Rute-M,Depok Hub,587.3,1200,25.79,3.0,73.5,QUEUED,NO,DOCK-04
2026-07-01 09:40:00,TRK-041,Rute-O,Gudang West (Tangerang),588.0,1200,9.8,0.3,74.0,DELIVERED,YES,DOCK-05
2026-07-02 13:53:00,TRK-048,Rute-Q,Petamburan Hub,588.7,1200,10.21,0.4,74.6,IN_TRANSIT,YES,DOCK-06
2026-07-03 17:06:00,TRK-055,Rute-A,Bogor Transit Hub,589.4,1200,10.62,0.6,75.1,IDLE_DOCK,YES,DOCK-07
2026-07-04 07:19:00,TRK-062,Rute-C,Central Hub (Jakarta),590.1,1200,11.03,0.7,75.7,LOADED,YES,DOCK-08
2026-07-05 11:32:00,TRK-069,Rute-E,Bekasi Logistics Hub,590.8,1200,11.44,0.9,76.2,QUEUED,NO,DOCK-09
2026-07-06 15:45:00,TRK-076,Rute-G,Cikarang Industrial Hub,591.5,1200,11.85,1.0,76.8,DELIVERED,YES,DOCK-10
2026-07-07 05:58:00,TRK-083,Rute-I,Grogol Hub (Jakbar),592.2,1200,12.26,1.1,77.3,IN_TRANSIT,YES,DOCK-11
2026-07-08 09:11:00,TRK-090,Rute-K,Depok Hub,592.9,1200,12.67,1.3,77.9,IDLE_DOCK,YES,DOCK-12
2026-07-09 13:24:00,TRK-097,Rute-M,Gudang West (Tangerang),593.6,1200,13.08,1.4,78.4,LOADED,YES,DOCK-01
2026-07-10 17:37:00,TRK-104,Rute-O,Petamburan Hub,594.3,1200,13.49,1.6,79.0,QUEUED,NO,DOCK-02
2026-07-11 07:50:00,TRK-111,Rute-Q,Bogor Transit Hub,595.0,1200,13.9,1.7,79.5,DELIVERED,YES,DOCK-03
2026-07-12 11:03:00,TRK-118,Rute-A,Central Hub (Jakarta),595.7,1200,14.31,1.8,80.1,IN_TRANSIT,YES,DOCK-04
2026-07-13 15:16:00,TRK-125,Rute-C,Bekasi Logistics Hub,596.4,1200,14.72,2.0,80.6,IDLE_DOCK,YES,DOCK-05
2026-07-14 05:29:00,TRK-132,Rute-E,Cikarang Industrial Hub,597.1,1200,15.13,2.1,81.2,LOADED,YES,DOCK-06
2026-07-15 09:42:00,TRK-139,Rute-G,Grogol Hub (Jakbar),597.8,1200,15.54,2.3,81.7,QUEUED,NO,DOCK-07
2026-07-16 13:55:00,TRK-146,Rute-I,Depok Hub,598.5,1200,15.95,2.4,82.2,DELIVERED,YES,DOCK-08
2026-07-17 17:08:00,TRK-153,Rute-K,Gudang West (Tangerang),599.2,1200,16.36,2.5,82.8,IN_TRANSIT,YES,DOCK-09
2026-07-18 07:21:00,TRK-160,Rute-M,Petamburan Hub,599.9,1200,16.77,2.7,83.4,IDLE_DOCK,YES,DOCK-10
2026-07-19 11:34:00,TRK-167,Rute-O,Bogor Transit Hub,600.6,1200,17.18,2.8,83.9,LOADED,YES,DOCK-11
2026-07-20 15:47:00,TRK-174,Rute-Q,Central Hub (Jakarta),601.3,1200,17.59,3.0,84.5,QUEUED,NO,DOCK-12
2026-07-21 05:00:00,TRK-001,Rute-A,Bekasi Logistics Hub,602.0,1200,18.0,0.3,85.0,DELIVERED,YES,DOCK-01
2026-07-22 09:13:00,TRK-008,Rute-C,Cikarang Industrial Hub,602.7,1200,18.41,0.4,85.6,IN_TRANSIT,YES,DOCK-02
2026-07-23 13:26:00,TRK-015,Rute-E,Grogol Hub (Jakbar),603.4,1200,18.82,0.6,86.1,IDLE_DOCK,YES,DOCK-03
2026-07-24 17:39:00,TRK-022,Rute-G,Depok Hub,604.1,1200,19.23,0.7,86.7,LOADED,YES,DOCK-04
2026-07-25 07:52:00,TRK-029,Rute-I,Gudang West (Tangerang),604.8,1200,19.64,0.9,87.2,QUEUED,NO,DOCK-05
2026-07-26 11:05:00,TRK-036,Rute-K,Petamburan Hub,605.5,1200,20.05,1.0,87.8,DELIVERED,YES,DOCK-06
2026-07-27 15:18:00,TRK-043,Rute-M,Bogor Transit Hub,606.2,1200,20.46,1.1,88.3,IN_TRANSIT,YES,DOCK-07
2026-07-28 05:31:00,TRK-050,Rute-O,Central Hub (Jakarta),606.9,1200,20.87,1.3,88.9,IDLE_DOCK,YES,DOCK-08
2026-07-29 09:44:00,TRK-057,Rute-Q,Bekasi Logistics Hub,607.6,1200,21.28,1.4,89.4,LOADED,YES,DOCK-09
2026-07-30 13:57:00,TRK-064,Rute-A,Cikarang Industrial Hub,608.3,1200,21.69,1.6,90.0,QUEUED,NO,DOCK-10
2026-07-31 17:10:00,TRK-071,Rute-C,Grogol Hub (Jakbar),609.0,1200,22.1,1.7,90.5,DELIVERED,YES,DOCK-11
2026-07-01 07:23:00,TRK-078,Rute-E,Depok Hub,609.7,1200,22.51,1.8,91.1,IN_TRANSIT,YES,DOCK-12
2026-07-02 11:36:00,TRK-085,Rute-G,Gudang West (Tangerang),610.4,1200,22.92,2.0,91.6,IDLE_DOCK,YES,DOCK-01
2026-07-03 15:49:00,TRK-092,Rute-I,Petamburan Hub,611.1,1200,23.33,2.1,92.2,LOADED,YES,DOCK-02
2026-07-04 05:02:00,TRK-099,Rute-K,Bogor Transit Hub,611.8,1200,23.74,2.3,92.7,QUEUED,NO,DOCK-03
2026-07-05 09:15:00,TRK-106,Rute-M,Central Hub (Jakarta),612.5,1200,24.15,2.4,93.2,DELIVERED,YES,DOCK-04
2026-07-06 13:28:00,TRK-113,Rute-O,Bekasi Logistics Hub,613.2,1200,24.56,2.5,93.8,IN_TRANSIT,YES,DOCK-05
2026-07-07 17:41:00,TRK-120,Rute-Q,Cikarang Industrial Hub,613.9,1200,24.97,2.7,94.4,IDLE_DOCK,YES,DOCK-06
2026-07-08 07:54:00,TRK-127,Rute-A,Grogol Hub (Jakbar),614.6,1200,25.38,2.8,94.9,LOADED,YES,DOCK-07
2026-07-09 11:07:00,TRK-134,Rute-C,Depok Hub,615.3,1200,25.79,3.0,95.5,QUEUED,NO,DOCK-08
2026-07-10 15:20:00,TRK-141,Rute-E,Gudang West (Tangerang),616.0,1200,9.8,0.3,8.0,DELIVERED,YES,DOCK-09
2026-07-11 05:33:00,TRK-148,Rute-G,Petamburan Hub,616.7,1200,10.21,0.4,8.6,IN_TRANSIT,YES,DOCK-10
2026-07-12 09:46:00,TRK-155,Rute-I,Bogor Transit Hub,617.4,1200,10.62,0.6,9.1,IDLE_DOCK,YES,DOCK-11
2026-07-13 13:59:00,TRK-162,Rute-K,Central Hub (Jakarta),618.1,1200,11.03,0.7,9.7,LOADED,YES,DOCK-12
2026-07-14 17:12:00,TRK-169,Rute-M,Bekasi Logistics Hub,618.8,1200,11.44,0.9,10.2,QUEUED,NO,DOCK-01
2026-07-15 07:25:00,TRK-176,Rute-O,Cikarang Industrial Hub,619.5,1200,11.85,1.0,10.8,DELIVERED,YES,DOCK-02
2026-07-16 11:38:00,TRK-003,Rute-Q,Grogol Hub (Jakbar),620.2,1200,12.26,1.1,11.3,IN_TRANSIT,YES,DOCK-03
2026-07-17 15:51:00,TRK-010,Rute-A,Depok Hub,620.9,1200,12.67,1.3,11.9,IDLE_DOCK,YES,DOCK-04
2026-07-18 05:04:00,TRK-017,Rute-C,Gudang West (Tangerang),621.6,1200,13.08,1.4,12.4,LOADED,YES,DOCK-05
2026-07-19 09:17:00,TRK-024,Rute-E,Petamburan Hub,622.3,1200,13.49,1.6,12.9,QUEUED,NO,DOCK-06
2026-07-20 13:30:00,TRK-031,Rute-G,Bogor Transit Hub,623.0,1200,13.9,1.7,13.5,DELIVERED,YES,DOCK-07
2026-07-21 17:43:00,TRK-038,Rute-I,Central Hub (Jakarta),623.7,1200,14.31,1.8,14.1,IN_TRANSIT,YES,DOCK-08
2026-07-22 07:56:00,TRK-045,Rute-K,Bekasi Logistics Hub,624.4,1200,14.72,2.0,14.6,IDLE_DOCK,YES,DOCK-09
2026-07-23 11:09:00,TRK-052,Rute-M,Cikarang Industrial Hub,625.1,1200,15.13,2.1,15.2,LOADED,YES,DOCK-10
2026-07-24 15:22:00,TRK-059,Rute-O,Grogol Hub (Jakbar),625.8,1200,15.54,2.3,15.7,QUEUED,NO,DOCK-11
2026-07-25 05:35:00,TRK-066,Rute-Q,Depok Hub,626.5,1200,15.95,2.4,16.2,DELIVERED,YES,DOCK-12
2026-07-26 09:48:00,TRK-073,Rute-A,Gudang West (Tangerang),627.2,1200,16.36,2.5,16.8,IN_TRANSIT,YES,DOCK-01
2026-07-27 13:01:00,TRK-080,Rute-C,Petamburan Hub,627.9,1200,16.77,2.7,17.4,IDLE_DOCK,YES,DOCK-02
2026-07-28 17:14:00,TRK-087,Rute-E,Bogor Transit Hub,628.6,1200,17.18,2.8,17.9,LOADED,YES,DOCK-03
2026-07-29 07:27:00,TRK-094,Rute-G,Central Hub (Jakarta),629.3,1200,17.59,3.0,18.5,QUEUED,NO,DOCK-04
2026-07-30 11:40:00,TRK-101,Rute-I,Bekasi Logistics Hub,630.0,1200,18.0,0.3,19.0,DELIVERED,YES,DOCK-05
2026-07-31 15:53:00,TRK-108,Rute-K,Cikarang Industrial Hub,630.7,1200,18.41,0.4,19.6,IN_TRANSIT,YES,DOCK-06
2026-07-01 05:06:00,TRK-115,Rute-M,Grogol Hub (Jakbar),631.4,1200,18.82,0.6,20.1,IDLE_DOCK,YES,DOCK-07
2026-07-02 09:19:00,TRK-122,Rute-O,Depok Hub,632.1,1200,19.23,0.7,20.6,LOADED,YES,DOCK-08
2026-07-03 13:32:00,TRK-129,Rute-Q,Gudang West (Tangerang),632.8,1200,19.64,0.9,21.2,QUEUED,NO,DOCK-09
2026-07-04 17:45:00,TRK-136,Rute-A,Petamburan Hub,633.5,1200,20.05,1.0,21.8,DELIVERED,YES,DOCK-10
2026-07-05 07:58:00,TRK-143,Rute-C,Bogor Transit Hub,634.2,1200,20.46,1.1,22.3,IN_TRANSIT,YES,DOCK-11
2026-07-06 11:11:00,TRK-150,Rute-E,Central Hub (Jakarta),634.9,1200,20.87,1.3,22.9,IDLE_DOCK,YES,DOCK-12
2026-07-07 15:24:00,TRK-157,Rute-G,Bekasi Logistics Hub,635.6,1200,21.28,1.4,23.4,LOADED,YES,DOCK-01
2026-07-08 05:37:00,TRK-164,Rute-I,Cikarang Industrial Hub,636.3,1200,21.69,1.6,24.0,QUEUED,NO,DOCK-02
2026-07-09 09:50:00,TRK-171,Rute-K,Grogol Hub (Jakbar),637.0,1200,22.1,1.7,24.5,DELIVERED,YES,DOCK-03
2026-07-10 13:03:00,TRK-178,Rute-M,Depok Hub,637.7,1200,22.51,1.8,25.1,IN_TRANSIT,YES,DOCK-04
2026-07-11 17:16:00,TRK-005,Rute-O,Gudang West (Tangerang),638.4,1200,22.92,2.0,25.6,IDLE_DOCK,YES,DOCK-05
2026-07-12 07:29:00,TRK-012,Rute-Q,Petamburan Hub,639.1,1200,23.33,2.1,26.2,LOADED,YES,DOCK-06
2026-07-13 11:42:00,TRK-019,Rute-A,Bogor Transit Hub,639.8,1200,23.74,2.3,26.7,QUEUED,NO,DOCK-07
2026-07-14 15:55:00,TRK-026,Rute-C,Central Hub (Jakarta),640.5,1200,24.15,2.4,27.2,DELIVERED,YES,DOCK-08
2026-07-15 05:08:00,TRK-033,Rute-E,Bekasi Logistics Hub,641.2,1200,24.56,2.5,27.8,IN_TRANSIT,YES,DOCK-09
2026-07-16 09:21:00,TRK-040,Rute-G,Cikarang Industrial Hub,641.9,1200,24.97,2.7,28.4,IDLE_DOCK,YES,DOCK-10
2026-07-17 13:34:00,TRK-047,Rute-I,Grogol Hub (Jakbar),642.6,1200,25.38,2.8,28.9,LOADED,YES,DOCK-11
2026-07-18 17:47:00,TRK-054,Rute-K,Depok Hub,643.3,1200,25.79,3.0,29.5,QUEUED,NO,DOCK-12
2026-07-19 07:00:00,TRK-061,Rute-M,Gudang West (Tangerang),644.0,1200,9.8,0.3,30.0,DELIVERED,YES,DOCK-01
2026-07-20 11:13:00,TRK-068,Rute-O,Petamburan Hub,644.7,1200,10.21,0.4,30.6,IN_TRANSIT,YES,DOCK-02
2026-07-21 15:26:00,TRK-075,Rute-Q,Bogor Transit Hub,645.4,1200,10.62,0.6,31.1,IDLE_DOCK,YES,DOCK-03
2026-07-22 05:39:00,TRK-082,Rute-A,Central Hub (Jakarta),646.1,1200,11.03,0.7,31.7,LOADED,YES,DOCK-04
2026-07-23 09:52:00,TRK-089,Rute-C,Bekasi Logistics Hub,646.8,1200,11.44,0.9,32.2,QUEUED,NO,DOCK-05
2026-07-24 13:05:00,TRK-096,Rute-E,Cikarang Industrial Hub,647.5,1200,11.85,1.0,32.8,DELIVERED,YES,DOCK-06
2026-07-25 17:18:00,TRK-103,Rute-G,Grogol Hub (Jakbar),648.2,1200,12.26,1.1,33.3,IN_TRANSIT,YES,DOCK-07
2026-07-26 07:31:00,TRK-110,Rute-I,Depok Hub,648.9,1200,12.67,1.3,33.9,IDLE_DOCK,YES,DOCK-08
2026-07-27 11:44:00,TRK-117,Rute-K,Gudang West (Tangerang),649.6,1200,13.08,1.4,34.4,LOADED,YES,DOCK-09
2026-07-28 15:57:00,TRK-124,Rute-M,Petamburan Hub,650.3,1200,13.49,1.6,35.0,QUEUED,NO,DOCK-10
2026-07-29 05:10:00,TRK-131,Rute-O,Bogor Transit Hub,651.0,1200,13.9,1.7,35.5,DELIVERED,YES,DOCK-11
2026-07-30 09:23:00,TRK-138,Rute-Q,Central Hub (Jakarta),651.7,1200,14.31,1.8,36.0,IN_TRANSIT,YES,DOCK-12
2026-07-31 13:36:00,TRK-145,Rute-A,Bekasi Logistics Hub,652.4,1200,14.72,2.0,36.6,IDLE_DOCK,YES,DOCK-01
2026-07-01 17:49:00,TRK-152,Rute-C,Cikarang Industrial Hub,653.1,1200,15.13,2.1,37.2,LOADED,YES,DOCK-02
2026-07-02 07:02:00,TRK-159,Rute-E,Grogol Hub (Jakbar),653.8,1200,15.54,2.3,37.7,QUEUED,NO,DOCK-03
2026-07-03 11:15:00,TRK-166,Rute-G,Depok Hub,654.5,1200,15.95,2.4,38.2,DELIVERED,YES,DOCK-04
2026-07-04 15:28:00,TRK-173,Rute-I,Gudang West (Tangerang),655.2,1200,16.36,2.5,38.8,IN_TRANSIT,YES,DOCK-05
2026-07-05 05:41:00,TRK-180,Rute-K,Petamburan Hub,655.9,1200,16.77,2.7,39.4,IDLE_DOCK,YES,DOCK-06
2026-07-06 09:54:00,TRK-007,Rute-M,Bogor Transit Hub,656.6,1200,17.18,2.8,39.9,LOADED,YES,DOCK-07
2026-07-07 13:07:00,TRK-014,Rute-O,Central Hub (Jakarta),657.3,1200,17.59,3.0,40.5,QUEUED,NO,DOCK-08
2026-07-08 17:20:00,TRK-021,Rute-Q,Bekasi Logistics Hub,658.0,1200,18.0,0.3,41.0,DELIVERED,YES,DOCK-09
2026-07-09 07:33:00,TRK-028,Rute-A,Cikarang Industrial Hub,658.7,1200,18.41,0.4,41.6,IN_TRANSIT,YES,DOCK-10
2026-07-10 11:46:00,TRK-035,Rute-C,Grogol Hub (Jakbar),659.4,1200,18.82,0.6,42.1,IDLE_DOCK,YES,DOCK-11
2026-07-11 15:59:00,TRK-042,Rute-E,Depok Hub,660.1,1200,19.23,0.7,42.7,LOADED,YES,DOCK-12
2026-07-12 05:12:00,TRK-049,Rute-G,Gudang West (Tangerang),660.8,1200,19.64,0.9,43.2,QUEUED,NO,DOCK-01
2026-07-13 09:25:00,TRK-056,Rute-I,Petamburan Hub,661.5,1200,20.05,1.0,43.8,DELIVERED,YES,DOCK-02
2026-07-14 13:38:00,TRK-063,Rute-K,Bogor Transit Hub,662.2,1200,20.46,1.1,44.3,IN_TRANSIT,YES,DOCK-03
2026-07-15 17:51:00,TRK-070,Rute-M,Central Hub (Jakarta),662.9,1200,20.87,1.3,44.9,IDLE_DOCK,YES,DOCK-04
2026-07-16 07:04:00,TRK-077,Rute-O,Bekasi Logistics Hub,663.6,1200,21.28,1.4,45.4,LOADED,YES,DOCK-05
2026-07-17 11:17:00,TRK-084,Rute-Q,Cikarang Industrial Hub,664.3,1200,21.69,1.6,46.0,QUEUED,NO,DOCK-06
2026-07-18 15:30:00,TRK-091,Rute-A,Grogol Hub (Jakbar),665.0,1200,22.1,1.7,46.5,DELIVERED,YES,DOCK-07
2026-07-19 05:43:00,TRK-098,Rute-C,Depok Hub,665.7,1200,22.51,1.8,47.1,IN_TRANSIT,YES,DOCK-08
2026-07-20 09:56:00,TRK-105,Rute-E,Gudang West (Tangerang),666.4,1200,22.92,2.0,47.6,IDLE_DOCK,YES,DOCK-09
2026-07-21 13:09:00,TRK-112,Rute-G,Petamburan Hub,667.1,1200,23.33,2.1,48.2,LOADED,YES,DOCK-10
2026-07-22 17:22:00,TRK-119,Rute-I,Bogor Transit Hub,667.8,1200,23.74,2.3,48.7,QUEUED,NO,DOCK-11
2026-07-23 07:35:00,TRK-126,Rute-K,Central Hub (Jakarta),668.5,1200,24.15,2.4,49.2,DELIVERED,YES,DOCK-12
2026-07-24 11:48:00,TRK-133,Rute-M,Bekasi Logistics Hub,669.2,1200,24.56,2.5,49.8,IN_TRANSIT,YES,DOCK-01
2026-07-25 15:01:00,TRK-140,Rute-O,Cikarang Industrial Hub,669.9,1200,24.97,2.7,50.4,IDLE_DOCK,YES,DOCK-02
2026-07-26 05:14:00,TRK-147,Rute-Q,Grogol Hub (Jakbar),670.6,1200,25.38,2.8,50.9,LOADED,YES,DOCK-03
2026-07-27 09:27:00,TRK-154,Rute-A,Depok Hub,671.3,1200,25.79,3.0,51.5,QUEUED,NO,DOCK-04
2026-07-28 13:40:00,TRK-161,Rute-C,Gudang West (Tangerang),672.0,1200,9.8,0.3,52.0,DELIVERED,YES,DOCK-05
2026-07-29 17:53:00,TRK-168,Rute-E,Petamburan Hub,672.7,1200,10.21,0.4,52.6,IN_TRANSIT,YES,DOCK-06
2026-07-30 07:06:00,TRK-175,Rute-G,Bogor Transit Hub,673.4,1200,10.62,0.6,53.1,IDLE_DOCK,YES,DOCK-07
2026-07-31 11:19:00,TRK-002,Rute-I,Central Hub (Jakarta),674.1,1200,11.03,0.7,53.7,LOADED,YES,DOCK-08
2026-07-01 15:32:00,TRK-009,Rute-K,Bekasi Logistics Hub,674.8,1200,11.44,0.9,54.2,QUEUED,NO,DOCK-09
2026-07-02 05:45:00,TRK-016,Rute-M,Cikarang Industrial Hub,675.5,1200,11.85,1.0,54.8,DELIVERED,YES,DOCK-10
2026-07-03 09:58:00,TRK-023,Rute-O,Grogol Hub (Jakbar),676.2,1200,12.26,1.1,55.3,IN_TRANSIT,YES,DOCK-11
2026-07-04 13:11:00,TRK-030,Rute-Q,Depok Hub,676.9,1200,12.67,1.3,55.9,IDLE_DOCK,YES,DOCK-12
2026-07-05 17:24:00,TRK-037,Rute-A,Gudang West (Tangerang),677.6,1200,13.08,1.4,56.4,LOADED,YES,DOCK-01
2026-07-06 07:37:00,TRK-044,Rute-C,Petamburan Hub,678.3,1200,13.49,1.6,57.0,QUEUED,NO,DOCK-02
2026-07-07 11:50:00,TRK-051,Rute-E,Bogor Transit Hub,679.0,1200,13.9,1.7,57.5,DELIVERED,YES,DOCK-03
2026-07-08 15:03:00,TRK-058,Rute-G,Central Hub (Jakarta),679.7,1200,14.31,1.8,58.1,IN_TRANSIT,YES,DOCK-04
2026-07-09 05:16:00,TRK-065,Rute-I,Bekasi Logistics Hub,680.4,1200,14.72,2.0,58.6,IDLE_DOCK,YES,DOCK-05
2026-07-10 09:29:00,TRK-072,Rute-K,Cikarang Industrial Hub,681.1,1200,15.13,2.1,59.2,LOADED,YES,DOCK-06
2026-07-11 13:42:00,TRK-079,Rute-M,Grogol Hub (Jakbar),681.8,1200,15.54,2.3,59.7,QUEUED,NO,DOCK-07
2026-07-12 17:55:00,TRK-086,Rute-O,Depok Hub,682.5,1200,15.95,2.4,60.3,DELIVERED,YES,DOCK-08
2026-07-13 07:08:00,TRK-093,Rute-Q,Gudang West (Tangerang),683.2,1200,16.36,2.5,60.8,IN_TRANSIT,YES,DOCK-09
2026-07-14 11:21:00,TRK-100,Rute-A,Petamburan Hub,683.9,1200,16.77,2.7,61.4,IDLE_DOCK,YES,DOCK-10
2026-07-15 15:34:00,TRK-107,Rute-C,Bogor Transit Hub,684.6,1200,17.18,2.8,61.9,LOADED,YES,DOCK-11
2026-07-16 05:47:00,TRK-114,Rute-E,Central Hub (Jakarta),685.3,1200,17.59,3.0,62.5,QUEUED,NO,DOCK-12
2026-07-17 09:00:00,TRK-121,Rute-G,Bekasi Logistics Hub,686.0,1200,18.0,0.3,63.0,DELIVERED,YES,DOCK-01
2026-07-18 13:13:00,TRK-128,Rute-I,Cikarang Industrial Hub,686.7,1200,18.41,0.4,63.6,IN_TRANSIT,YES,DOCK-02
2026-07-19 17:26:00,TRK-135,Rute-K,Grogol Hub (Jakbar),687.4,1200,18.82,0.6,64.1,IDLE_DOCK,YES,DOCK-03
2026-07-20 07:39:00,TRK-142,Rute-M,Depok Hub,688.1,1200,19.23,0.7,64.7,LOADED,YES,DOCK-04
2026-07-21 11:52:00,TRK-149,Rute-O,Gudang West (Tangerang),688.8,1200,19.64,0.9,65.2,QUEUED,NO,DOCK-05
2026-07-22 15:05:00,TRK-156,Rute-Q,Petamburan Hub,689.5,1200,20.05,1.0,65.8,DELIVERED,YES,DOCK-06
2026-07-23 05:18:00,TRK-163,Rute-A,Bogor Transit Hub,690.2,1200,20.46,1.1,66.3,IN_TRANSIT,YES,DOCK-07
2026-07-24 09:31:00,TRK-170,Rute-C,Central Hub (Jakarta),690.9,1200,20.87,1.3,66.8,IDLE_DOCK,YES,DOCK-08
2026-07-25 13:44:00,TRK-177,Rute-E,Bekasi Logistics Hub,691.6,1200,21.28,1.4,67.4,LOADED,YES,DOCK-09
2026-07-26 17:57:00,TRK-004,Rute-G,Cikarang Industrial Hub,692.3,1200,21.69,1.6,68.0,QUEUED,NO,DOCK-10
2026-07-27 07:10:00,TRK-011,Rute-I,Grogol Hub (Jakbar),693.0,1200,22.1,1.7,68.5,DELIVERED,YES,DOCK-11
2026-07-28 11:23:00,TRK-018,Rute-K,Depok Hub,693.7,1200,22.51,1.8,69.1,IN_TRANSIT,YES,DOCK-12
2026-07-29 15:36:00,TRK-025,Rute-M,Gudang West (Tangerang),694.4,1200,22.92,2.0,69.6,IDLE_DOCK,YES,DOCK-01
2026-07-30 05:49:00,TRK-032,Rute-O,Petamburan Hub,695.1,1200,23.33,2.1,70.2,LOADED,YES,DOCK-02
2026-07-31 09:02:00,TRK-039,Rute-Q,Bogor Transit Hub,695.8,1200,23.74,2.3,70.7,QUEUED,NO,DOCK-03
2026-07-01 13:15:00,TRK-046,Rute-A,Central Hub (Jakarta),696.5,1200,24.15,2.4,71.2,DELIVERED,YES,DOCK-04
2026-07-02 17:28:00,TRK-053,Rute-C,Bekasi Logistics Hub,697.2,1200,24.56,2.5,71.8,IN_TRANSIT,YES,DOCK-05
2026-07-03 07:41:00,TRK-060,Rute-E,Cikarang Industrial Hub,697.9,1200,24.97,2.7,72.4,IDLE_DOCK,YES,DOCK-06
2026-07-04 11:54:00,TRK-067,Rute-G,Grogol Hub (Jakbar),698.6,1200,25.38,2.8,72.9,LOADED,YES,DOCK-07
2026-07-05 15:07:00,TRK-074,Rute-I,Depok Hub,699.3,1200,25.79,3.0,73.5,QUEUED,NO,DOCK-08
2026-07-06 05:20:00,TRK-081,Rute-K,Gudang West (Tangerang),700.0,1200,9.8,0.3,74.0,DELIVERED,YES,DOCK-09
2026-07-07 09:33:00,TRK-088,Rute-M,Petamburan Hub,700.7,1200,10.21,0.4,74.6,IN_TRANSIT,YES,DOCK-10
2026-07-08 13:46:00,TRK-095,Rute-O,Bogor Transit Hub,701.4,1200,10.62,0.6,75.1,IDLE_DOCK,YES,DOCK-11
2026-07-09 17:59:00,TRK-102,Rute-Q,Central Hub (Jakarta),702.1,1200,11.03,0.7,75.7,LOADED,YES,DOCK-12
2026-07-10 07:12:00,TRK-109,Rute-A,Bekasi Logistics Hub,702.8,1200,11.44,0.9,76.2,QUEUED,NO,DOCK-01
2026-07-11 11:25:00,TRK-116,Rute-C,Cikarang Industrial Hub,703.5,1200,11.85,1.0,76.8,DELIVERED,YES,DOCK-02
2026-07-12 15:38:00,TRK-123,Rute-E,Grogol Hub (Jakbar),704.2,1200,12.26,1.1,77.3,IN_TRANSIT,YES,DOCK-03
2026-07-13 05:51:00,TRK-130,Rute-G,Depok Hub,704.9,1200,12.67,1.3,77.9,IDLE_DOCK,YES,DOCK-04
2026-07-14 09:04:00,TRK-137,Rute-I,Gudang West (Tangerang),705.6,1200,13.08,1.4,78.4,LOADED,YES,DOCK-05
2026-07-15 13:17:00,TRK-144,Rute-K,Petamburan Hub,706.3,1200,13.49,1.6,79.0,QUEUED,NO,DOCK-06
2026-07-16 17:30:00,TRK-151,Rute-M,Bogor Transit Hub,707.0,1200,13.9,1.7,79.5,DELIVERED,YES,DOCK-07
2026-07-17 07:43:00,TRK-158,Rute-O,Central Hub (Jakarta),707.7,1200,14.31,1.8,80.1,IN_TRANSIT,YES,DOCK-08
2026-07-18 11:56:00,TRK-165,Rute-Q,Bekasi Logistics Hub,708.4,1200,14.72,2.0,80.6,IDLE_DOCK,YES,DOCK-09
2026-07-19 15:09:00,TRK-172,Rute-A,Cikarang Industrial Hub,709.1,1200,15.13,2.1,81.2,LOADED,YES,DOCK-10
2026-07-20 05:22:00,TRK-179,Rute-C,Grogol Hub (Jakbar),709.8,1200,15.54,2.3,81.7,QUEUED,NO,DOCK-11
2026-07-21 09:35:00,TRK-006,Rute-E,Depok Hub,710.5,1200,15.95,2.4,82.2,DELIVERED,YES,DOCK-12
2026-07-22 13:48:00,TRK-013,Rute-G,Gudang West (Tangerang),711.2,1200,16.36,2.5,82.8,IN_TRANSIT,YES,DOCK-01
2026-07-23 17:01:00,TRK-020,Rute-I,Petamburan Hub,711.9,1200,16.77,2.7,83.4,IDLE_DOCK,YES,DOCK-02
2026-07-24 07:14:00,TRK-027,Rute-K,Bogor Transit Hub,712.6,1200,17.18,2.8,83.9,LOADED,YES,DOCK-03
2026-07-25 11:27:00,TRK-034,Rute-M,Central Hub (Jakarta),713.3,1200,17.59,3.0,84.5,QUEUED,NO,DOCK-04
2026-07-26 15:40:00,TRK-041,Rute-O,Bekasi Logistics Hub,714.0,1200,18.0,0.3,85.0,DELIVERED,YES,DOCK-05
2026-07-27 05:53:00,TRK-048,Rute-Q,Cikarang Industrial Hub,714.7,1200,18.41,0.4,85.6,IN_TRANSIT,YES,DOCK-06
2026-07-28 09:06:00,TRK-055,Rute-A,Grogol Hub (Jakbar),715.4,1200,18.82,0.6,86.1,IDLE_DOCK,YES,DOCK-07
2026-07-29 13:19:00,TRK-062,Rute-C,Depok Hub,716.1,1200,19.23,0.7,86.7,LOADED,YES,DOCK-08
2026-07-30 17:32:00,TRK-069,Rute-E,Gudang West (Tangerang),716.8,1200,19.64,0.9,87.2,QUEUED,NO,DOCK-09
2026-07-31 07:45:00,TRK-076,Rute-G,Petamburan Hub,717.5,1200,20.05,1.0,87.8,DELIVERED,YES,DOCK-10
2026-07-01 11:58:00,TRK-083,Rute-I,Bogor Transit Hub,718.2,1200,20.46,1.1,88.3,IN_TRANSIT,YES,DOCK-11
2026-07-02 15:11:00,TRK-090,Rute-K,Central Hub (Jakarta),718.9,1200,20.87,1.3,88.9,IDLE_DOCK,YES,DOCK-12
2026-07-03 05:24:00,TRK-097,Rute-M,Bekasi Logistics Hub,719.6,1200,21.28,1.4,89.4,LOADED,YES,DOCK-01
2026-07-04 09:37:00,TRK-104,Rute-O,Cikarang Industrial Hub,720.3,1200,21.69,1.6,90.0,QUEUED,NO,DOCK-02
2026-07-05 13:50:00,TRK-111,Rute-Q,Grogol Hub (Jakbar),721.0,1200,22.1,1.7,90.5,DELIVERED,YES,DOCK-03
2026-07-06 17:03:00,TRK-118,Rute-A,Depok Hub,721.7,1200,22.51,1.8,91.1,IN_TRANSIT,YES,DOCK-04
2026-07-07 07:16:00,TRK-125,Rute-C,Gudang West (Tangerang),722.4,1200,22.92,2.0,91.6,IDLE_DOCK,YES,DOCK-05
2026-07-08 11:29:00,TRK-132,Rute-E,Petamburan Hub,723.1,1200,23.33,2.1,92.2,LOADED,YES,DOCK-06
2026-07-09 15:42:00,TRK-139,Rute-G,Bogor Transit Hub,723.8,1200,23.74,2.3,92.7,QUEUED,NO,DOCK-07
2026-07-10 05:55:00,TRK-146,Rute-I,Central Hub (Jakarta),724.5,1200,24.15,2.4,93.2,DELIVERED,YES,DOCK-08
2026-07-11 09:08:00,TRK-153,Rute-K,Bekasi Logistics Hub,725.2,1200,24.56,2.5,93.8,IN_TRANSIT,YES,DOCK-09
2026-07-12 13:21:00,TRK-160,Rute-M,Cikarang Industrial Hub,725.9,1200,24.97,2.7,94.4,IDLE_DOCK,YES,DOCK-10
2026-07-13 17:34:00,TRK-167,Rute-O,Grogol Hub (Jakbar),726.6,1200,25.38,2.8,94.9,LOADED,YES,DOCK-11
2026-07-14 07:47:00,TRK-174,Rute-Q,Depok Hub,727.3,1200,25.79,3.0,95.5,QUEUED,NO,DOCK-12
2026-07-15 11:00:00,TRK-001,Rute-A,Gudang West (Tangerang),728.0,1200,9.8,0.3,8.0,DELIVERED,YES,DOCK-01
2026-07-16 15:13:00,TRK-008,Rute-C,Petamburan Hub,728.7,1200,10.21,0.4,8.6,IN_TRANSIT,YES,DOCK-02
2026-07-17 05:26:00,TRK-015,Rute-E,Bogor Transit Hub,729.4,1200,10.62,0.6,9.1,IDLE_DOCK,YES,DOCK-03
2026-07-18 09:39:00,TRK-022,Rute-G,Central Hub (Jakarta),730.1,1200,11.03,0.7,9.7,LOADED,YES,DOCK-04
2026-07-19 13:52:00,TRK-029,Rute-I,Bekasi Logistics Hub,730.8,1200,11.44,0.9,10.2,QUEUED,NO,DOCK-05
2026-07-20 17:05:00,TRK-036,Rute-K,Cikarang Industrial Hub,731.5,1200,11.85,1.0,10.8,DELIVERED,YES,DOCK-06
2026-07-21 07:18:00,TRK-043,Rute-M,Grogol Hub (Jakbar),732.2,1200,12.26,1.1,11.3,IN_TRANSIT,YES,DOCK-07
2026-07-22 11:31:00,TRK-050,Rute-O,Depok Hub,732.9,1200,12.67,1.3,11.9,IDLE_DOCK,YES,DOCK-08
2026-07-23 15:44:00,TRK-057,Rute-Q,Gudang West (Tangerang),733.6,1200,13.08,1.4,12.4,LOADED,YES,DOCK-09
2026-07-24 05:57:00,TRK-064,Rute-A,Petamburan Hub,734.3,1200,13.49,1.6,12.9,QUEUED,NO,DOCK-10
2026-07-25 09:10:00,TRK-071,Rute-C,Bogor Transit Hub,735.0,1200,13.9,1.7,13.5,DELIVERED,YES,DOCK-11
2026-07-26 13:23:00,TRK-078,Rute-E,Central Hub (Jakarta),735.7,1200,14.31,1.8,14.1,IN_TRANSIT,YES,DOCK-12
2026-07-27 17:36:00,TRK-085,Rute-G,Bekasi Logistics Hub,736.4,1200,14.72,2.0,14.6,IDLE_DOCK,YES,DOCK-01
2026-07-28 07:49:00,TRK-092,Rute-I,Cikarang Industrial Hub,737.1,1200,15.13,2.1,15.2,LOADED,YES,DOCK-02
2026-07-29 11:02:00,TRK-099,Rute-K,Grogol Hub (Jakbar),737.8,1200,15.54,2.3,15.7,QUEUED,NO,DOCK-03
2026-07-30 15:15:00,TRK-106,Rute-M,Depok Hub,738.5,1200,15.95,2.4,16.2,DELIVERED,YES,DOCK-04
2026-07-31 05:28:00,TRK-113,Rute-O,Gudang West (Tangerang),739.2,1200,16.36,2.5,16.8,IN_TRANSIT,YES,DOCK-05
2026-07-01 09:41:00,TRK-120,Rute-Q,Petamburan Hub,739.9,1200,16.77,2.7,17.4,IDLE_DOCK,YES,DOCK-06
2026-07-02 13:54:00,TRK-127,Rute-A,Bogor Transit Hub,740.6,1200,17.18,2.8,17.9,LOADED,YES,DOCK-07
2026-07-03 17:07:00,TRK-134,Rute-C,Central Hub (Jakarta),741.3,1200,17.59,3.0,18.5,QUEUED,NO,DOCK-08
2026-07-04 07:20:00,TRK-141,Rute-E,Bekasi Logistics Hub,742.0,1200,18.0,0.3,19.0,DELIVERED,YES,DOCK-09
2026-07-05 11:33:00,TRK-148,Rute-G,Cikarang Industrial Hub,742.7,1200,18.41,0.4,19.6,IN_TRANSIT,YES,DOCK-10
2026-07-06 15:46:00,TRK-155,Rute-I,Grogol Hub (Jakbar),743.4,1200,18.82,0.6,20.1,IDLE_DOCK,YES,DOCK-11
2026-07-07 05:59:00,TRK-162,Rute-K,Depok Hub,744.1,1200,19.23,0.7,20.6,LOADED,YES,DOCK-12
2026-07-08 09:12:00,TRK-169,Rute-M,Gudang West (Tangerang),744.8,1200,19.64,0.9,21.2,QUEUED,NO,DOCK-01
2026-07-09 13:25:00,TRK-176,Rute-O,Petamburan Hub,745.5,1200,20.05,1.0,21.8,DELIVERED,YES,DOCK-02
2026-07-10 17:38:00,TRK-003,Rute-Q,Bogor Transit Hub,746.2,1200,20.46,1.1,22.3,IN_TRANSIT,YES,DOCK-03
2026-07-11 07:51:00,TRK-010,Rute-A,Central Hub (Jakarta),746.9,1200,20.87,1.3,22.9,IDLE_DOCK,YES,DOCK-04
2026-07-12 11:04:00,TRK-017,Rute-C,Bekasi Logistics Hub,747.6,1200,21.28,1.4,23.4,LOADED,YES,DOCK-05
2026-07-13 15:17:00,TRK-024,Rute-E,Cikarang Industrial Hub,748.3,1200,21.69,1.6,24.0,QUEUED,NO,DOCK-06
2026-07-14 05:30:00,TRK-031,Rute-G,Grogol Hub (Jakbar),749.0,1200,22.1,1.7,24.5,DELIVERED,YES,DOCK-07
2026-07-15 09:43:00,TRK-038,Rute-I,Depok Hub,749.7,1200,22.51,1.8,25.1,IN_TRANSIT,YES,DOCK-08
2026-07-16 13:56:00,TRK-045,Rute-K,Gudang West (Tangerang),750.4,1200,22.92,2.0,25.6,IDLE_DOCK,YES,DOCK-09
2026-07-17 17:09:00,TRK-052,Rute-M,Petamburan Hub,751.1,1200,23.33,2.1,26.2,LOADED,YES,DOCK-10
2026-07-18 07:22:00,TRK-059,Rute-O,Bogor Transit Hub,751.8,1200,23.74,2.3,26.7,QUEUED,NO,DOCK-11
2026-07-19 11:35:00,TRK-066,Rute-Q,Central Hub (Jakarta),752.5,1200,24.15,2.4,27.2,DELIVERED,YES,DOCK-12
2026-07-20 15:48:00,TRK-073,Rute-A,Bekasi Logistics Hub,753.2,1200,24.56,2.5,27.8,IN_TRANSIT,YES,DOCK-01
2026-07-21 05:01:00,TRK-080,Rute-C,Cikarang Industrial Hub,753.9,1200,24.97,2.7,28.4,IDLE_DOCK,YES,DOCK-02
2026-07-22 09:14:00,TRK-087,Rute-E,Grogol Hub (Jakbar),754.6,1200,25.38,2.8,28.9,LOADED,YES,DOCK-03
2026-07-23 13:27:00,TRK-094,Rute-G,Depok Hub,755.3,1200,25.79,3.0,29.5,QUEUED,NO,DOCK-04
2026-07-24 17:40:00,TRK-101,Rute-I,Gudang West (Tangerang),756.0,1200,9.8,0.3,30.0,DELIVERED,YES,DOCK-05
2026-07-25 07:53:00,TRK-108,Rute-K,Petamburan Hub,756.7,1200,10.21,0.4,30.6,IN_TRANSIT,YES,DOCK-06
2026-07-26 11:06:00,TRK-115,Rute-M,Bogor Transit Hub,757.4,1200,10.62,0.6,31.1,IDLE_DOCK,YES,DOCK-07
2026-07-27 15:19:00,TRK-122,Rute-O,Central Hub (Jakarta),758.1,1200,11.03,0.7,31.7,LOADED,YES,DOCK-08
2026-07-28 05:32:00,TRK-129,Rute-Q,Bekasi Logistics Hub,758.8,1200,11.44,0.9,32.2,QUEUED,NO,DOCK-09
2026-07-29 09:45:00,TRK-136,Rute-A,Cikarang Industrial Hub,759.5,1200,11.85,1.0,32.8,DELIVERED,YES,DOCK-10
2026-07-30 13:58:00,TRK-143,Rute-C,Grogol Hub (Jakbar),760.2,1200,12.26,1.1,33.3,IN_TRANSIT,YES,DOCK-11
2026-07-31 17:11:00,TRK-150,Rute-E,Depok Hub,760.9,1200,12.67,1.3,33.9,IDLE_DOCK,YES,DOCK-12
2026-07-01 07:24:00,TRK-157,Rute-G,Gudang West (Tangerang),761.6,1200,13.08,1.4,34.4,LOADED,YES,DOCK-01
2026-07-02 11:37:00,TRK-164,Rute-I,Petamburan Hub,762.3,1200,13.49,1.6,35.0,QUEUED,NO,DOCK-02
2026-07-03 15:50:00,TRK-171,Rute-K,Bogor Transit Hub,763.0,1200,13.9,1.7,35.5,DELIVERED,YES,DOCK-03
2026-07-04 05:03:00,TRK-178,Rute-M,Central Hub (Jakarta),763.7,1200,14.31,1.8,36.0,IN_TRANSIT,YES,DOCK-04
2026-07-05 09:16:00,TRK-005,Rute-O,Bekasi Logistics Hub,764.4,1200,14.72,2.0,36.6,IDLE_DOCK,YES,DOCK-05
2026-07-06 13:29:00,TRK-012,Rute-Q,Cikarang Industrial Hub,765.1,1200,15.13,2.1,37.2,LOADED,YES,DOCK-06
2026-07-07 17:42:00,TRK-019,Rute-A,Grogol Hub (Jakbar),765.8,1200,15.54,2.3,37.7,QUEUED,NO,DOCK-07
2026-07-08 07:55:00,TRK-026,Rute-C,Depok Hub,766.5,1200,15.95,2.4,38.2,DELIVERED,YES,DOCK-08
2026-07-09 11:08:00,TRK-033,Rute-E,Gudang West (Tangerang),767.2,1200,16.36,2.5,38.8,IN_TRANSIT,YES,DOCK-09
2026-07-10 15:21:00,TRK-040,Rute-G,Petamburan Hub,767.9,1200,16.77,2.7,39.4,IDLE_DOCK,YES,DOCK-10
2026-07-11 05:34:00,TRK-047,Rute-I,Bogor Transit Hub,768.6,1200,17.18,2.8,39.9,LOADED,YES,DOCK-11
2026-07-12 09:47:00,TRK-054,Rute-K,Central Hub (Jakarta),769.3,1200,17.59,3.0,40.5,QUEUED,NO,DOCK-12
2026-07-13 13:00:00,TRK-061,Rute-M,Bekasi Logistics Hub,770.0,1200,18.0,0.3,41.0,DELIVERED,YES,DOCK-01
2026-07-14 17:13:00,TRK-068,Rute-O,Cikarang Industrial Hub,770.7,1200,18.41,0.4,41.6,IN_TRANSIT,YES,DOCK-02
2026-07-15 07:26:00,TRK-075,Rute-Q,Grogol Hub (Jakbar),771.4,1200,18.82,0.6,42.1,IDLE_DOCK,YES,DOCK-03
2026-07-16 11:39:00,TRK-082,Rute-A,Depok Hub,772.1,1200,19.23,0.7,42.7,LOADED,YES,DOCK-04
2026-07-17 15:52:00,TRK-089,Rute-C,Gudang West (Tangerang),772.8,1200,19.64,0.9,43.2,QUEUED,NO,DOCK-05
2026-07-18 05:05:00,TRK-096,Rute-E,Petamburan Hub,773.5,1200,20.05,1.0,43.8,DELIVERED,YES,DOCK-06
2026-07-19 09:18:00,TRK-103,Rute-G,Bogor Transit Hub,774.2,1200,20.46,1.1,44.3,IN_TRANSIT,YES,DOCK-07
2026-07-20 13:31:00,TRK-110,Rute-I,Central Hub (Jakarta),774.9,1200,20.87,1.3,44.9,IDLE_DOCK,YES,DOCK-08
2026-07-21 17:44:00,TRK-117,Rute-K,Bekasi Logistics Hub,775.6,1200,21.28,1.4,45.4,LOADED,YES,DOCK-09
2026-07-22 07:57:00,TRK-124,Rute-M,Cikarang Industrial Hub,776.3,1200,21.69,1.6,46.0,QUEUED,NO,DOCK-10
2026-07-23 11:10:00,TRK-131,Rute-O,Grogol Hub (Jakbar),777.0,1200,22.1,1.7,46.5,DELIVERED,YES,DOCK-11
2026-07-24 15:23:00,TRK-138,Rute-Q,Depok Hub,777.7,1200,22.51,1.8,47.1,IN_TRANSIT,YES,DOCK-12
2026-07-25 05:36:00,TRK-145,Rute-A,Gudang West (Tangerang),778.4,1200,22.92,2.0,47.6,IDLE_DOCK,YES,DOCK-01
2026-07-26 09:49:00,TRK-152,Rute-C,Petamburan Hub,779.1,1200,23.33,2.1,48.2,LOADED,YES,DOCK-02
2026-07-27 13:02:00,TRK-159,Rute-E,Bogor Transit Hub,779.8,1200,23.74,2.3,48.7,QUEUED,NO,DOCK-03
2026-07-28 17:15:00,TRK-166,Rute-G,Central Hub (Jakarta),780.5,1200,24.15,2.4,49.2,DELIVERED,YES,DOCK-04
2026-07-29 07:28:00,TRK-173,Rute-I,Bekasi Logistics Hub,781.2,1200,24.56,2.5,49.8,IN_TRANSIT,YES,DOCK-05
2026-07-30 11:41:00,TRK-180,Rute-K,Cikarang Industrial Hub,781.9,1200,24.97,2.7,50.4,IDLE_DOCK,YES,DOCK-06
2026-07-31 15:54:00,TRK-007,Rute-M,Grogol Hub (Jakbar),782.6,1200,25.38,2.8,50.9,LOADED,YES,DOCK-07
2026-07-01 05:07:00,TRK-014,Rute-O,Depok Hub,783.3,1200,25.79,3.0,51.5,QUEUED,NO,DOCK-08
2026-07-02 09:20:00,TRK-021,Rute-Q,Gudang West (Tangerang),784.0,1200,9.8,0.3,52.0,DELIVERED,YES,DOCK-09
2026-07-03 13:33:00,TRK-028,Rute-A,Petamburan Hub,784.7,1200,10.21,0.4,52.6,IN_TRANSIT,YES,DOCK-10
2026-07-04 17:46:00,TRK-035,Rute-C,Bogor Transit Hub,785.4,1200,10.62,0.6,53.1,IDLE_DOCK,YES,DOCK-11
2026-07-05 07:59:00,TRK-042,Rute-E,Central Hub (Jakarta),786.1,1200,11.03,0.7,53.7,LOADED,YES,DOCK-12
2026-07-06 11:12:00,TRK-049,Rute-G,Bekasi Logistics Hub,786.8,1200,11.44,0.9,54.2,QUEUED,NO,DOCK-01
2026-07-07 15:25:00,TRK-056,Rute-I,Cikarang Industrial Hub,787.5,1200,11.85,1.0,54.8,DELIVERED,YES,DOCK-02
2026-07-08 05:38:00,TRK-063,Rute-K,Grogol Hub (Jakbar),788.2,1200,12.26,1.1,55.3,IN_TRANSIT,YES,DOCK-03
2026-07-09 09:51:00,TRK-070,Rute-M,Depok Hub,788.9,1200,12.67,1.3,55.9,IDLE_DOCK,YES,DOCK-04
2026-07-10 13:04:00,TRK-077,Rute-O,Gudang West (Tangerang),789.6,1200,13.08,1.4,56.4,LOADED,YES,DOCK-05
2026-07-11 17:17:00,TRK-084,Rute-Q,Petamburan Hub,790.3,1200,13.49,1.6,57.0,QUEUED,NO,DOCK-06
2026-07-12 07:30:00,TRK-091,Rute-A,Bogor Transit Hub,791.0,1200,13.9,1.7,57.5,DELIVERED,YES,DOCK-07
2026-07-13 11:43:00,TRK-098,Rute-C,Central Hub (Jakarta),791.7,1200,14.31,1.8,58.1,IN_TRANSIT,YES,DOCK-08
2026-07-14 15:56:00,TRK-105,Rute-E,Bekasi Logistics Hub,792.4,1200,14.72,2.0,58.6,IDLE_DOCK,YES,DOCK-09
2026-07-15 05:09:00,TRK-112,Rute-G,Cikarang Industrial Hub,793.1,1200,15.13,2.1,59.2,LOADED,YES,DOCK-10
2026-07-16 09:22:00,TRK-119,Rute-I,Grogol Hub (Jakbar),793.8,1200,15.54,2.3,59.7,QUEUED,NO,DOCK-11
2026-07-17 13:35:00,TRK-126,Rute-K,Depok Hub,794.5,1200,15.95,2.4,60.3,DELIVERED,YES,DOCK-12
2026-07-18 17:48:00,TRK-133,Rute-M,Gudang West (Tangerang),795.2,1200,16.36,2.5,60.8,IN_TRANSIT,YES,DOCK-01
2026-07-19 07:01:00,TRK-140,Rute-O,Petamburan Hub,795.9,1200,16.77,2.7,61.4,IDLE_DOCK,YES,DOCK-02
2026-07-20 11:14:00,TRK-147,Rute-Q,Bogor Transit Hub,796.6,1200,17.18,2.8,61.9,LOADED,YES,DOCK-03
2026-07-21 15:27:00,TRK-154,Rute-A,Central Hub (Jakarta),797.3,1200,17.59,3.0,62.5,QUEUED,NO,DOCK-04
2026-07-22 05:40:00,TRK-161,Rute-C,Bekasi Logistics Hub,798.0,1200,18.0,0.3,63.0,DELIVERED,YES,DOCK-05
2026-07-23 09:53:00,TRK-168,Rute-E,Cikarang Industrial Hub,798.7,1200,18.41,0.4,63.6,IN_TRANSIT,YES,DOCK-06
2026-07-24 13:06:00,TRK-175,Rute-G,Grogol Hub (Jakbar),799.4,1200,18.82,0.6,64.1,IDLE_DOCK,YES,DOCK-07
2026-07-25 17:19:00,TRK-002,Rute-I,Depok Hub,800.1,1200,19.23,0.7,64.7,LOADED,YES,DOCK-08
2026-07-26 07:32:00,TRK-009,Rute-K,Gudang West (Tangerang),800.8,1200,19.64,0.9,65.2,QUEUED,NO,DOCK-09
2026-07-27 11:45:00,TRK-016,Rute-M,Petamburan Hub,801.5,1200,20.05,1.0,65.8,DELIVERED,YES,DOCK-10
2026-07-28 15:58:00,TRK-023,Rute-O,Bogor Transit Hub,802.2,1200,20.46,1.1,66.3,IN_TRANSIT,YES,DOCK-11
2026-07-29 05:11:00,TRK-030,Rute-Q,Central Hub (Jakarta),802.9,1200,20.87,1.3,66.8,IDLE_DOCK,YES,DOCK-12
2026-07-30 09:24:00,TRK-037,Rute-A,Bekasi Logistics Hub,803.6,1200,21.28,1.4,67.4,LOADED,YES,DOCK-01
2026-07-31 13:37:00,TRK-044,Rute-C,Cikarang Industrial Hub,804.3,1200,21.69,1.6,68.0,QUEUED,NO,DOCK-02
2026-07-01 17:50:00,TRK-051,Rute-E,Grogol Hub (Jakbar),805.0,1200,22.1,1.7,68.5,DELIVERED,YES,DOCK-03
2026-07-02 07:03:00,TRK-058,Rute-G,Depok Hub,805.7,1200,22.51,1.8,69.1,IN_TRANSIT,YES,DOCK-04
2026-07-03 11:16:00,TRK-065,Rute-I,Gudang West (Tangerang),806.4,1200,22.92,2.0,69.6,IDLE_DOCK,YES,DOCK-05
2026-07-04 15:29:00,TRK-072,Rute-K,Petamburan Hub,807.1,1200,23.33,2.1,70.2,LOADED,YES,DOCK-06
2026-07-05 05:42:00,TRK-079,Rute-M,Bogor Transit Hub,807.8,1200,23.74,2.3,70.7,QUEUED,NO,DOCK-07
2026-07-06 09:55:00,TRK-086,Rute-O,Central Hub (Jakarta),808.5,1200,24.15,2.4,71.2,DELIVERED,YES,DOCK-08
2026-07-07 13:08:00,TRK-093,Rute-Q,Bekasi Logistics Hub,809.2,1200,24.56,2.5,71.8,IN_TRANSIT,YES,DOCK-09
2026-07-08 17:21:00,TRK-100,Rute-A,Cikarang Industrial Hub,809.9,1200,24.97,2.7,72.4,IDLE_DOCK,YES,DOCK-10
2026-07-09 07:34:00,TRK-107,Rute-C,Grogol Hub (Jakbar),810.6,1200,25.38,2.8,72.9,LOADED,YES,DOCK-11
2026-07-10 11:47:00,TRK-114,Rute-E,Depok Hub,811.3,1200,25.79,3.0,73.5,QUEUED,NO,DOCK-12
2026-07-11 15:00:00,TRK-121,Rute-G,Gudang West (Tangerang),812.0,1200,9.8,0.3,74.0,DELIVERED,YES,DOCK-01
2026-07-12 05:13:00,TRK-128,Rute-I,Petamburan Hub,812.7,1200,10.21,0.4,74.6,IN_TRANSIT,YES,DOCK-02
2026-07-13 09:26:00,TRK-135,Rute-K,Bogor Transit Hub,813.4,1200,10.62,0.6,75.1,IDLE_DOCK,YES,DOCK-03
2026-07-14 13:39:00,TRK-142,Rute-M,Central Hub (Jakarta),814.1,1200,11.03,0.7,75.7,LOADED,YES,DOCK-04
2026-07-15 17:52:00,TRK-149,Rute-O,Bekasi Logistics Hub,814.8,1200,11.44,0.9,76.2,QUEUED,NO,DOCK-05
2026-07-16 07:05:00,TRK-156,Rute-Q,Cikarang Industrial Hub,815.5,1200,11.85,1.0,76.8,DELIVERED,YES,DOCK-06
2026-07-17 11:18:00,TRK-163,Rute-A,Grogol Hub (Jakbar),816.2,1200,12.26,1.1,77.3,IN_TRANSIT,YES,DOCK-07
2026-07-18 15:31:00,TRK-170,Rute-C,Depok Hub,816.9,1200,12.67,1.3,77.9,IDLE_DOCK,YES,DOCK-08
2026-07-19 05:44:00,TRK-177,Rute-E,Gudang West (Tangerang),817.6,1200,13.08,1.4,78.4,LOADED,YES,DOCK-09
2026-07-20 09:57:00,TRK-004,Rute-G,Petamburan Hub,818.3,1200,13.49,1.6,79.0,QUEUED,NO,DOCK-10
2026-07-21 13:10:00,TRK-011,Rute-I,Bogor Transit Hub,819.0,1200,13.9,1.7,79.5,DELIVERED,YES,DOCK-11
2026-07-22 17:23:00,TRK-018,Rute-K,Central Hub (Jakarta),819.7,1200,14.31,1.8,80.1,IN_TRANSIT,YES,DOCK-12
2026-07-23 07:36:00,TRK-025,Rute-M,Bekasi Logistics Hub,820.4,1200,14.72,2.0,80.6,IDLE_DOCK,YES,DOCK-01
2026-07-24 11:49:00,TRK-032,Rute-O,Cikarang Industrial Hub,821.1,1200,15.13,2.1,81.2,LOADED,YES,DOCK-02
2026-07-25 15:02:00,TRK-039,Rute-Q,Grogol Hub (Jakbar),821.8,1200,15.54,2.3,81.7,QUEUED,NO,DOCK-03
2026-07-26 05:15:00,TRK-046,Rute-A,Depok Hub,822.5,1200,15.95,2.4,82.2,DELIVERED,YES,DOCK-04
2026-07-27 09:28:00,TRK-053,Rute-C,Gudang West (Tangerang),823.2,1200,16.36,2.5,82.8,IN_TRANSIT,YES,DOCK-05
2026-07-28 13:41:00,TRK-060,Rute-E,Petamburan Hub,823.9,1200,16.77,2.7,83.4,IDLE_DOCK,YES,DOCK-06
2026-07-29 17:54:00,TRK-067,Rute-G,Bogor Transit Hub,824.6,1200,17.18,2.8,83.9,LOADED,YES,DOCK-07
2026-07-30 07:07:00,TRK-074,Rute-I,Central Hub (Jakarta),825.3,1200,17.59,3.0,84.5,QUEUED,NO,DOCK-08
2026-07-31 11:20:00,TRK-081,Rute-K,Bekasi Logistics Hub,826.0,1200,18.0,0.3,85.0,DELIVERED,YES,DOCK-09
2026-07-01 15:33:00,TRK-088,Rute-M,Cikarang Industrial Hub,826.7,1200,18.41,0.4,85.6,IN_TRANSIT,YES,DOCK-10
2026-07-02 05:46:00,TRK-095,Rute-O,Grogol Hub (Jakbar),827.4,1200,18.82,0.6,86.1,IDLE_DOCK,YES,DOCK-11
2026-07-03 09:59:00,TRK-102,Rute-Q,Depok Hub,828.1,1200,19.23,0.7,86.7,LOADED,YES,DOCK-12
2026-07-04 13:12:00,TRK-109,Rute-A,Gudang West (Tangerang),828.8,1200,19.64,0.9,87.2,QUEUED,NO,DOCK-01
2026-07-05 17:25:00,TRK-116,Rute-C,Petamburan Hub,829.5,1200,20.05,1.0,87.8,DELIVERED,YES,DOCK-02
2026-07-06 07:38:00,TRK-123,Rute-E,Bogor Transit Hub,830.2,1200,20.46,1.1,88.3,IN_TRANSIT,YES,DOCK-03
2026-07-07 11:51:00,TRK-130,Rute-G,Central Hub (Jakarta),830.9,1200,20.87,1.3,88.9,IDLE_DOCK,YES,DOCK-04
2026-07-08 15:04:00,TRK-137,Rute-I,Bekasi Logistics Hub,831.6,1200,21.28,1.4,89.4,LOADED,YES,DOCK-05
2026-07-09 05:17:00,TRK-144,Rute-K,Cikarang Industrial Hub,832.3,1200,21.69,1.6,90.0,QUEUED,NO,DOCK-06
2026-07-10 09:30:00,TRK-151,Rute-M,Grogol Hub (Jakbar),833.0,1200,22.1,1.7,90.5,DELIVERED,YES,DOCK-07
2026-07-11 13:43:00,TRK-158,Rute-O,Depok Hub,833.7,1200,22.51,1.8,91.1,IN_TRANSIT,YES,DOCK-08
2026-07-12 17:56:00,TRK-165,Rute-Q,Gudang West (Tangerang),834.4,1200,22.92,2.0,91.6,IDLE_DOCK,YES,DOCK-09
2026-07-13 07:09:00,TRK-172,Rute-A,Petamburan Hub,835.1,1200,23.33,2.1,92.2,LOADED,YES,DOCK-10
2026-07-14 11:22:00,TRK-179,Rute-C,Bogor Transit Hub,835.8,1200,23.74,2.3,92.7,QUEUED,NO,DOCK-11
2026-07-15 15:35:00,TRK-006,Rute-E,Central Hub (Jakarta),836.5,1200,24.15,2.4,93.2,DELIVERED,YES,DOCK-12
2026-07-16 05:48:00,TRK-013,Rute-G,Bekasi Logistics Hub,837.2,1200,24.56,2.5,93.8,IN_TRANSIT,YES,DOCK-01
2026-07-17 09:01:00,TRK-020,Rute-I,Cikarang Industrial Hub,837.9,1200,24.97,2.7,94.4,IDLE_DOCK,YES,DOCK-02
2026-07-18 13:14:00,TRK-027,Rute-K,Grogol Hub (Jakbar),838.6,1200,25.38,2.8,94.9,LOADED,YES,DOCK-03
2026-07-19 17:27:00,TRK-034,Rute-M,Depok Hub,839.3,1200,25.79,3.0,95.5,QUEUED,NO,DOCK-04
2026-07-20 07:40:00,TRK-041,Rute-O,Gudang West (Tangerang),840.0,1200,9.8,0.3,8.0,DELIVERED,YES,DOCK-05
2026-07-21 11:53:00,TRK-048,Rute-Q,Petamburan Hub,840.7,1200,10.21,0.4,8.6,IN_TRANSIT,YES,DOCK-06
2026-07-22 15:06:00,TRK-055,Rute-A,Bogor Transit Hub,841.4,1200,10.62,0.6,9.1,IDLE_DOCK,YES,DOCK-07
2026-07-23 05:19:00,TRK-062,Rute-C,Central Hub (Jakarta),842.1,1200,11.03,0.7,9.7,LOADED,YES,DOCK-08
2026-07-24 09:32:00,TRK-069,Rute-E,Bekasi Logistics Hub,842.8,1200,11.44,0.9,10.2,QUEUED,NO,DOCK-09
2026-07-25 13:45:00,TRK-076,Rute-G,Cikarang Industrial Hub,843.5,1200,11.85,1.0,10.8,DELIVERED,YES,DOCK-10
2026-07-26 17:58:00,TRK-083,Rute-I,Grogol Hub (Jakbar),844.2,1200,12.26,1.1,11.3,IN_TRANSIT,YES,DOCK-11
2026-07-27 07:11:00,TRK-090,Rute-K,Depok Hub,844.9,1200,12.67,1.3,11.9,IDLE_DOCK,YES,DOCK-12
2026-07-28 11:24:00,TRK-097,Rute-M,Gudang West (Tangerang),845.6,1200,13.08,1.4,12.4,LOADED,YES,DOCK-01
2026-07-29 15:37:00,TRK-104,Rute-O,Petamburan Hub,846.3,1200,13.49,1.6,12.9,QUEUED,NO,DOCK-02
2026-07-30 05:50:00,TRK-111,Rute-Q,Bogor Transit Hub,847.0,1200,13.9,1.7,13.5,DELIVERED,YES,DOCK-03
2026-07-31 09:03:00,TRK-118,Rute-A,Central Hub (Jakarta),847.7,1200,14.31,1.8,14.1,IN_TRANSIT,YES,DOCK-04
2026-07-01 13:16:00,TRK-125,Rute-C,Bekasi Logistics Hub,848.4,1200,14.72,2.0,14.6,IDLE_DOCK,YES,DOCK-05
2026-07-02 17:29:00,TRK-132,Rute-E,Cikarang Industrial Hub,849.1,1200,15.13,2.1,15.2,LOADED,YES,DOCK-06
2026-07-03 07:42:00,TRK-139,Rute-G,Grogol Hub (Jakbar),849.8,1200,15.54,2.3,15.7,QUEUED,NO,DOCK-07
2026-07-04 11:55:00,TRK-146,Rute-I,Depok Hub,850.5,1200,15.95,2.4,16.2,DELIVERED,YES,DOCK-08
2026-07-05 15:08:00,TRK-153,Rute-K,Gudang West (Tangerang),851.2,1200,16.36,2.5,16.8,IN_TRANSIT,YES,DOCK-09
2026-07-06 05:21:00,TRK-160,Rute-M,Petamburan Hub,851.9,1200,16.77,2.7,17.4,IDLE_DOCK,YES,DOCK-10
2026-07-07 09:34:00,TRK-167,Rute-O,Bogor Transit Hub,852.6,1200,17.18,2.8,17.9,LOADED,YES,DOCK-11
2026-07-08 13:47:00,TRK-174,Rute-Q,Central Hub (Jakarta),853.3,1200,17.59,3.0,18.5,QUEUED,NO,DOCK-12
2026-07-09 17:00:00,TRK-001,Rute-A,Bekasi Logistics Hub,854.0,1200,18.0,0.3,19.0,DELIVERED,YES,DOCK-01
2026-07-10 07:13:00,TRK-008,Rute-C,Cikarang Industrial Hub,854.7,1200,18.41,0.4,19.6,IN_TRANSIT,YES,DOCK-02
2026-07-11 11:26:00,TRK-015,Rute-E,Grogol Hub (Jakbar),855.4,1200,18.82,0.6,20.1,IDLE_DOCK,YES,DOCK-03
2026-07-12 15:39:00,TRK-022,Rute-G,Depok Hub,856.1,1200,19.23,0.7,20.6,LOADED,YES,DOCK-04
2026-07-13 05:52:00,TRK-029,Rute-I,Gudang West (Tangerang),856.8,1200,19.64,0.9,21.2,QUEUED,NO,DOCK-05
2026-07-14 09:05:00,TRK-036,Rute-K,Petamburan Hub,857.5,1200,20.05,1.0,21.8,DELIVERED,YES,DOCK-06
2026-07-15 13:18:00,TRK-043,Rute-M,Bogor Transit Hub,858.2,1200,20.46,1.1,22.3,IN_TRANSIT,YES,DOCK-07
2026-07-16 17:31:00,TRK-050,Rute-O,Central Hub (Jakarta),858.9,1200,20.87,1.3,22.9,IDLE_DOCK,YES,DOCK-08
2026-07-17 07:44:00,TRK-057,Rute-Q,Bekasi Logistics Hub,859.6,1200,21.28,1.4,23.4,LOADED,YES,DOCK-09
2026-07-18 11:57:00,TRK-064,Rute-A,Cikarang Industrial Hub,860.3,1200,21.69,1.6,24.0,QUEUED,NO,DOCK-10
2026-07-19 15:10:00,TRK-071,Rute-C,Grogol Hub (Jakbar),861.0,1200,22.1,1.7,24.5,DELIVERED,YES,DOCK-11
2026-07-20 05:23:00,TRK-078,Rute-E,Depok Hub,861.7,1200,22.51,1.8,25.1,IN_TRANSIT,YES,DOCK-12
2026-07-21 09:36:00,TRK-085,Rute-G,Gudang West (Tangerang),862.4,1200,22.92,2.0,25.6,IDLE_DOCK,YES,DOCK-01
2026-07-22 13:49:00,TRK-092,Rute-I,Petamburan Hub,863.1,1200,23.33,2.1,26.2,LOADED,YES,DOCK-02
2026-07-23 17:02:00,TRK-099,Rute-K,Bogor Transit Hub,863.8,1200,23.74,2.3,26.7,QUEUED,NO,DOCK-03
2026-07-24 07:15:00,TRK-106,Rute-M,Central Hub (Jakarta),864.5,1200,24.15,2.4,27.2,DELIVERED,YES,DOCK-04
2026-07-25 11:28:00,TRK-113,Rute-O,Bekasi Logistics Hub,865.2,1200,24.56,2.5,27.8,IN_TRANSIT,YES,DOCK-05
2026-07-26 15:41:00,TRK-120,Rute-Q,Cikarang Industrial Hub,865.9,1200,24.97,2.7,28.4,IDLE_DOCK,YES,DOCK-06
2026-07-27 05:54:00,TRK-127,Rute-A,Grogol Hub (Jakbar),866.6,1200,25.38,2.8,28.9,LOADED,YES,DOCK-07
2026-07-28 09:07:00,TRK-134,Rute-C,Depok Hub,867.3,1200,25.79,3.0,29.5,QUEUED,NO,DOCK-08
2026-07-29 13:20:00,TRK-141,Rute-E,Gudang West (Tangerang),868.0,1200,9.8,0.3,30.0,DELIVERED,YES,DOCK-09
2026-07-30 17:33:00,TRK-148,Rute-G,Petamburan Hub,868.7,1200,10.21,0.4,30.6,IN_TRANSIT,YES,DOCK-10
2026-07-31 07:46:00,TRK-155,Rute-I,Bogor Transit Hub,869.4,1200,10.62,0.6,31.1,IDLE_DOCK,YES,DOCK-11
2026-07-01 11:59:00,TRK-162,Rute-K,Central Hub (Jakarta),870.1,1200,11.03,0.7,31.7,LOADED,YES,DOCK-12
2026-07-02 15:12:00,TRK-169,Rute-M,Bekasi Logistics Hub,870.8,1200,11.44,0.9,32.2,QUEUED,NO,DOCK-01
2026-07-03 05:25:00,TRK-176,Rute-O,Cikarang Industrial Hub,871.5,1200,11.85,1.0,32.8,DELIVERED,YES,DOCK-02
2026-07-04 09:38:00,TRK-003,Rute-Q,Grogol Hub (Jakbar),872.2,1200,12.26,1.1,33.3,IN_TRANSIT,YES,DOCK-03
2026-07-05 13:51:00,TRK-010,Rute-A,Depok Hub,872.9,1200,12.67,1.3,33.9,IDLE_DOCK,YES,DOCK-04
2026-07-06 17:04:00,TRK-017,Rute-C,Gudang West (Tangerang),873.6,1200,13.08,1.4,34.4,LOADED,YES,DOCK-05
2026-07-07 07:17:00,TRK-024,Rute-E,Petamburan Hub,874.3,1200,13.49,1.6,35.0,QUEUED,NO,DOCK-06
2026-07-08 11:30:00,TRK-031,Rute-G,Bogor Transit Hub,875.0,1200,13.9,1.7,35.5,DELIVERED,YES,DOCK-07
2026-07-09 15:43:00,TRK-038,Rute-I,Central Hub (Jakarta),875.7,1200,14.31,1.8,36.0,IN_TRANSIT,YES,DOCK-08
2026-07-10 05:56:00,TRK-045,Rute-K,Bekasi Logistics Hub,876.4,1200,14.72,2.0,36.6,IDLE_DOCK,YES,DOCK-09
2026-07-11 09:09:00,TRK-052,Rute-M,Cikarang Industrial Hub,877.1,1200,15.13,2.1,37.2,LOADED,YES,DOCK-10
2026-07-12 13:22:00,TRK-059,Rute-O,Grogol Hub (Jakbar),877.8,1200,15.54,2.3,37.7,QUEUED,NO,DOCK-11
2026-07-13 17:35:00,TRK-066,Rute-Q,Depok Hub,878.5,1200,15.95,2.4,38.2,DELIVERED,YES,DOCK-12
2026-07-14 07:48:00,TRK-073,Rute-A,Gudang West (Tangerang),879.2,1200,16.36,2.5,38.8,IN_TRANSIT,YES,DOCK-01
2026-07-15 11:01:00,TRK-080,Rute-C,Petamburan Hub,879.9,1200,16.77,2.7,39.4,IDLE_DOCK,YES,DOCK-02
2026-07-16 15:14:00,TRK-087,Rute-E,Bogor Transit Hub,880.6,1200,17.18,2.8,39.9,LOADED,YES,DOCK-03
2026-07-17 05:27:00,TRK-094,Rute-G,Central Hub (Jakarta),881.3,1200,17.59,3.0,40.5,QUEUED,NO,DOCK-04
2026-07-18 09:40:00,TRK-101,Rute-I,Bekasi Logistics Hub,882.0,1200,18.0,0.3,41.0,DELIVERED,YES,DOCK-05
2026-07-19 13:53:00,TRK-108,Rute-K,Cikarang Industrial Hub,882.7,1200,18.41,0.4,41.6,IN_TRANSIT,YES,DOCK-06
2026-07-20 17:06:00,TRK-115,Rute-M,Grogol Hub (Jakbar),883.4,1200,18.82,0.6,42.1,IDLE_DOCK,YES,DOCK-07
2026-07-21 07:19:00,TRK-122,Rute-O,Depok Hub,884.1,1200,19.23,0.7,42.7,LOADED,YES,DOCK-08
2026-07-22 11:32:00,TRK-129,Rute-Q,Gudang West (Tangerang),884.8,1200,19.64,0.9,43.2,QUEUED,NO,DOCK-09
2026-07-23 15:45:00,TRK-136,Rute-A,Petamburan Hub,885.5,1200,20.05,1.0,43.8,DELIVERED,YES,DOCK-10
2026-07-24 05:58:00,TRK-143,Rute-C,Bogor Transit Hub,886.2,1200,20.46,1.1,44.3,IN_TRANSIT,YES,DOCK-11
2026-07-25 09:11:00,TRK-150,Rute-E,Central Hub (Jakarta),886.9,1200,20.87,1.3,44.9,IDLE_DOCK,YES,DOCK-12
2026-07-26 13:24:00,TRK-157,Rute-G,Bekasi Logistics Hub,887.6,1200,21.28,1.4,45.4,LOADED,YES,DOCK-01
2026-07-27 17:37:00,TRK-164,Rute-I,Cikarang Industrial Hub,888.3,1200,21.69,1.6,46.0,QUEUED,NO,DOCK-02
2026-07-28 07:50:00,TRK-171,Rute-K,Grogol Hub (Jakbar),889.0,1200,22.1,1.7,46.5,DELIVERED,YES,DOCK-03
2026-07-29 11:03:00,TRK-178,Rute-M,Depok Hub,889.7,1200,22.51,1.8,47.1,IN_TRANSIT,YES,DOCK-04
2026-07-30 15:16:00,TRK-005,Rute-O,Gudang West (Tangerang),890.4,1200,22.92,2.0,47.6,IDLE_DOCK,YES,DOCK-05
2026-07-31 05:29:00,TRK-012,Rute-Q,Petamburan Hub,891.1,1200,23.33,2.1,48.2,LOADED,YES,DOCK-06
2026-07-01 09:42:00,TRK-019,Rute-A,Bogor Transit Hub,891.8,1200,23.74,2.3,48.7,QUEUED,NO,DOCK-07
2026-07-02 13:55:00,TRK-026,Rute-C,Central Hub (Jakarta),892.5,1200,24.15,2.4,49.2,DELIVERED,YES,DOCK-08
2026-07-03 17:08:00,TRK-033,Rute-E,Bekasi Logistics Hub,893.2,1200,24.56,2.5,49.8,IN_TRANSIT,YES,DOCK-09
2026-07-04 07:21:00,TRK-040,Rute-G,Cikarang Industrial Hub,893.9,1200,24.97,2.7,50.4,IDLE_DOCK,YES,DOCK-10
2026-07-05 11:34:00,TRK-047,Rute-I,Grogol Hub (Jakbar),894.6,1200,25.38,2.8,50.9,LOADED,YES,DOCK-11
2026-07-06 15:47:00,TRK-054,Rute-K,Depok Hub,895.3,1200,25.79,3.0,51.5,QUEUED,NO,DOCK-12
2026-07-07 05:00:00,TRK-061,Rute-M,Gudang West (Tangerang),896.0,1200,9.8,0.3,52.0,DELIVERED,YES,DOCK-01
2026-07-08 09:13:00,TRK-068,Rute-O,Petamburan Hub,896.7,1200,10.21,0.4,52.6,IN_TRANSIT,YES,DOCK-02
2026-07-09 13:26:00,TRK-075,Rute-Q,Bogor Transit Hub,897.4,1200,10.62,0.6,53.1,IDLE_DOCK,YES,DOCK-03
2026-07-10 17:39:00,TRK-082,Rute-A,Central Hub (Jakarta),898.1,1200,11.03,0.7,53.7,LOADED,YES,DOCK-04
2026-07-11 07:52:00,TRK-089,Rute-C,Bekasi Logistics Hub,898.8,1200,11.44,0.9,54.2,QUEUED,NO,DOCK-05
2026-07-12 11:05:00,TRK-096,Rute-E,Cikarang Industrial Hub,899.5,1200,11.85,1.0,54.8,DELIVERED,YES,DOCK-06
2026-07-13 15:18:00,TRK-103,Rute-G,Grogol Hub (Jakbar),900.2,1200,12.26,1.1,55.3,IN_TRANSIT,YES,DOCK-07
2026-07-14 05:31:00,TRK-110,Rute-I,Depok Hub,900.9,1200,12.67,1.3,55.9,IDLE_DOCK,YES,DOCK-08
2026-07-15 09:44:00,TRK-117,Rute-K,Gudang West (Tangerang),901.6,1200,13.08,1.4,56.4,LOADED,YES,DOCK-09
2026-07-16 13:57:00,TRK-124,Rute-M,Petamburan Hub,902.3,1200,13.49,1.6,57.0,QUEUED,NO,DOCK-10
2026-07-17 17:10:00,TRK-131,Rute-O,Bogor Transit Hub,903.0,1200,13.9,1.7,57.5,DELIVERED,YES,DOCK-11
2026-07-18 07:23:00,TRK-138,Rute-Q,Central Hub (Jakarta),903.7,1200,14.31,1.8,58.1,IN_TRANSIT,YES,DOCK-12
2026-07-19 11:36:00,TRK-145,Rute-A,Bekasi Logistics Hub,904.4,1200,14.72,2.0,58.6,IDLE_DOCK,YES,DOCK-01
2026-07-20 15:49:00,TRK-152,Rute-C,Cikarang Industrial Hub,905.1,1200,15.13,2.1,59.2,LOADED,YES,DOCK-02
2026-07-21 05:02:00,TRK-159,Rute-E,Grogol Hub (Jakbar),905.8,1200,15.54,2.3,59.7,QUEUED,NO,DOCK-03
2026-07-22 09:15:00,TRK-166,Rute-G,Depok Hub,906.5,1200,15.95,2.4,60.3,DELIVERED,YES,DOCK-04
2026-07-23 13:28:00,TRK-173,Rute-I,Gudang West (Tangerang),907.2,1200,16.36,2.5,60.8,IN_TRANSIT,YES,DOCK-05
2026-07-24 17:41:00,TRK-180,Rute-K,Petamburan Hub,907.9,1200,16.77,2.7,61.4,IDLE_DOCK,YES,DOCK-06
2026-07-25 07:54:00,TRK-007,Rute-M,Bogor Transit Hub,908.6,1200,17.18,2.8,61.9,LOADED,YES,DOCK-07
2026-07-26 11:07:00,TRK-014,Rute-O,Central Hub (Jakarta),909.3,1200,17.59,3.0,62.5,QUEUED,NO,DOCK-08
2026-07-27 15:20:00,TRK-021,Rute-Q,Bekasi Logistics Hub,910.0,1200,18.0,0.3,63.0,DELIVERED,YES,DOCK-09
2026-07-28 05:33:00,TRK-028,Rute-A,Cikarang Industrial Hub,910.7,1200,18.41,0.4,63.6,IN_TRANSIT,YES,DOCK-10
2026-07-29 09:46:00,TRK-035,Rute-C,Grogol Hub (Jakbar),911.4,1200,18.82,0.6,64.1,IDLE_DOCK,YES,DOCK-11
2026-07-30 13:59:00,TRK-042,Rute-E,Depok Hub,912.1,1200,19.23,0.7,64.7,LOADED,YES,DOCK-12
2026-07-31 17:12:00,TRK-049,Rute-G,Gudang West (Tangerang),912.8,1200,19.64,0.9,65.2,QUEUED,NO,DOCK-01
2026-07-01 07:25:00,TRK-056,Rute-I,Petamburan Hub,913.5,1200,20.05,1.0,65.8,DELIVERED,YES,DOCK-02
2026-07-02 11:38:00,TRK-063,Rute-K,Bogor Transit Hub,914.2,1200,20.46,1.1,66.3,IN_TRANSIT,YES,DOCK-03
2026-07-03 15:51:00,TRK-070,Rute-M,Central Hub (Jakarta),914.9,1200,20.87,1.3,66.8,IDLE_DOCK,YES,DOCK-04
2026-07-04 05:04:00,TRK-077,Rute-O,Bekasi Logistics Hub,915.6,1200,21.28,1.4,67.4,LOADED,YES,DOCK-05
2026-07-05 09:17:00,TRK-084,Rute-Q,Cikarang Industrial Hub,916.3,1200,21.69,1.6,68.0,QUEUED,NO,DOCK-06
2026-07-06 13:30:00,TRK-091,Rute-A,Grogol Hub (Jakbar),917.0,1200,22.1,1.7,68.5,DELIVERED,YES,DOCK-07
2026-07-07 17:43:00,TRK-098,Rute-C,Depok Hub,917.7,1200,22.51,1.8,69.1,IN_TRANSIT,YES,DOCK-08
2026-07-08 07:56:00,TRK-105,Rute-E,Gudang West (Tangerang),918.4,1200,22.92,2.0,69.6,IDLE_DOCK,YES,DOCK-09
2026-07-09 11:09:00,TRK-112,Rute-G,Petamburan Hub,919.1,1200,23.33,2.1,70.2,LOADED,YES,DOCK-10
2026-07-10 15:22:00,TRK-119,Rute-I,Bogor Transit Hub,919.8,1200,23.74,2.3,70.7,QUEUED,NO,DOCK-11
2026-07-11 05:35:00,TRK-126,Rute-K,Central Hub (Jakarta),920.5,1200,24.15,2.4,71.2,DELIVERED,YES,DOCK-12
2026-07-12 09:48:00,TRK-133,Rute-M,Bekasi Logistics Hub,921.2,1200,24.56,2.5,71.8,IN_TRANSIT,YES,DOCK-01
2026-07-13 13:01:00,TRK-140,Rute-O,Cikarang Industrial Hub,921.9,1200,24.97,2.7,72.4,IDLE_DOCK,YES,DOCK-02
2026-07-14 17:14:00,TRK-147,Rute-Q,Grogol Hub (Jakbar),922.6,1200,25.38,2.8,72.9,LOADED,YES,DOCK-03
2026-07-15 07:27:00,TRK-154,Rute-A,Depok Hub,923.3,1200,25.79,3.0,73.5,QUEUED,NO,DOCK-04
2026-07-16 11:40:00,TRK-161,Rute-C,Gudang West (Tangerang),924.0,1200,9.8,0.3,74.0,DELIVERED,YES,DOCK-05
2026-07-17 15:53:00,TRK-168,Rute-E,Petamburan Hub,924.7,1200,10.21,0.4,74.6,IN_TRANSIT,YES,DOCK-06
2026-07-18 05:06:00,TRK-175,Rute-G,Bogor Transit Hub,925.4,1200,10.62,0.6,75.1,IDLE_DOCK,YES,DOCK-07
2026-07-19 09:19:00,TRK-002,Rute-I,Central Hub (Jakarta),926.1,1200,11.03,0.7,75.7,LOADED,YES,DOCK-08
2026-07-20 13:32:00,TRK-009,Rute-K,Bekasi Logistics Hub,926.8,1200,11.44,0.9,76.2,QUEUED,NO,DOCK-09
2026-07-21 17:45:00,TRK-016,Rute-M,Cikarang Industrial Hub,927.5,1200,11.85,1.0,76.8,DELIVERED,YES,DOCK-10
2026-07-22 07:58:00,TRK-023,Rute-O,Grogol Hub (Jakbar),928.2,1200,12.26,1.1,77.3,IN_TRANSIT,YES,DOCK-11
2026-07-23 11:11:00,TRK-030,Rute-Q,Depok Hub,928.9,1200,12.67,1.3,77.9,IDLE_DOCK,YES,DOCK-12
2026-07-24 15:24:00,TRK-037,Rute-A,Gudang West (Tangerang),929.6,1200,13.08,1.4,78.4,LOADED,YES,DOCK-01
2026-07-25 05:37:00,TRK-044,Rute-C,Petamburan Hub,930.3,1200,13.49,1.6,79.0,QUEUED,NO,DOCK-02
2026-07-26 09:50:00,TRK-051,Rute-E,Bogor Transit Hub,931.0,1200,13.9,1.7,79.5,DELIVERED,YES,DOCK-03
2026-07-27 13:03:00,TRK-058,Rute-G,Central Hub (Jakarta),931.7,1200,14.31,1.8,80.1,IN_TRANSIT,YES,DOCK-04
2026-07-28 17:16:00,TRK-065,Rute-I,Bekasi Logistics Hub,932.4,1200,14.72,2.0,80.6,IDLE_DOCK,YES,DOCK-05
2026-07-29 07:29:00,TRK-072,Rute-K,Cikarang Industrial Hub,933.1,1200,15.13,2.1,81.2,LOADED,YES,DOCK-06
2026-07-30 11:42:00,TRK-079,Rute-M,Grogol Hub (Jakbar),933.8,1200,15.54,2.3,81.7,QUEUED,NO,DOCK-07
2026-07-31 15:55:00,TRK-086,Rute-O,Depok Hub,934.5,1200,15.95,2.4,82.2,DELIVERED,YES,DOCK-08
2026-07-01 05:08:00,TRK-093,Rute-Q,Gudang West (Tangerang),935.2,1200,16.36,2.5,82.8,IN_TRANSIT,YES,DOCK-09
2026-07-02 09:21:00,TRK-100,Rute-A,Petamburan Hub,935.9,1200,16.77,2.7,83.4,IDLE_DOCK,YES,DOCK-10
2026-07-03 13:34:00,TRK-107,Rute-C,Bogor Transit Hub,936.6,1200,17.18,2.8,83.9,LOADED,YES,DOCK-11
2026-07-04 17:47:00,TRK-114,Rute-E,Central Hub (Jakarta),937.3,1200,17.59,3.0,84.5,QUEUED,NO,DOCK-12
2026-07-05 07:00:00,TRK-121,Rute-G,Bekasi Logistics Hub,938.0,1200,18.0,0.3,85.0,DELIVERED,YES,DOCK-01
2026-07-06 11:13:00,TRK-128,Rute-I,Cikarang Industrial Hub,938.7,1200,18.41,0.4,85.6,IN_TRANSIT,YES,DOCK-02
2026-07-07 15:26:00,TRK-135,Rute-K,Grogol Hub (Jakbar),939.4,1200,18.82,0.6,86.1,IDLE_DOCK,YES,DOCK-03
2026-07-08 05:39:00,TRK-142,Rute-M,Depok Hub,940.1,1200,19.23,0.7,86.7,LOADED,YES,DOCK-04
2026-07-09 09:52:00,TRK-149,Rute-O,Gudang West (Tangerang),940.8,1200,19.64,0.9,87.2,QUEUED,NO,DOCK-05
2026-07-10 13:05:00,TRK-156,Rute-Q,Petamburan Hub,941.5,1200,20.05,1.0,87.8,DELIVERED,YES,DOCK-06
2026-07-11 17:18:00,TRK-163,Rute-A,Bogor Transit Hub,942.2,1200,20.46,1.1,88.3,IN_TRANSIT,YES,DOCK-07
2026-07-12 07:31:00,TRK-170,Rute-C,Central Hub (Jakarta),942.9,1200,20.87,1.3,88.9,IDLE_DOCK,YES,DOCK-08
2026-07-13 11:44:00,TRK-177,Rute-E,Bekasi Logistics Hub,943.6,1200,21.28,1.4,89.4,LOADED,YES,DOCK-09
2026-07-14 15:57:00,TRK-004,Rute-G,Cikarang Industrial Hub,944.3,1200,21.69,1.6,90.0,QUEUED,NO,DOCK-10
2026-07-15 05:10:00,TRK-011,Rute-I,Grogol Hub (Jakbar),945.0,1200,22.1,1.7,90.5,DELIVERED,YES,DOCK-11
2026-07-16 09:23:00,TRK-018,Rute-K,Depok Hub,945.7,1200,22.51,1.8,91.1,IN_TRANSIT,YES,DOCK-12
2026-07-17 13:36:00,TRK-025,Rute-M,Gudang West (Tangerang),946.4,1200,22.92,2.0,91.6,IDLE_DOCK,YES,DOCK-01
2026-07-18 17:49:00,TRK-032,Rute-O,Petamburan Hub,947.1,1200,23.33,2.1,92.2,LOADED,YES,DOCK-02
2026-07-19 07:02:00,TRK-039,Rute-Q,Bogor Transit Hub,947.8,1200,23.74,2.3,92.7,QUEUED,NO,DOCK-03
2026-07-20 11:15:00,TRK-046,Rute-A,Central Hub (Jakarta),948.5,1200,24.15,2.4,93.2,DELIVERED,YES,DOCK-04
2026-07-21 15:28:00,TRK-053,Rute-C,Bekasi Logistics Hub,949.2,1200,24.56,2.5,93.8,IN_TRANSIT,YES,DOCK-05
2026-07-22 05:41:00,TRK-060,Rute-E,Cikarang Industrial Hub,949.9,1200,24.97,2.7,94.4,IDLE_DOCK,YES,DOCK-06
2026-07-23 09:54:00,TRK-067,Rute-G,Grogol Hub (Jakbar),950.6,1200,25.38,2.8,94.9,LOADED,YES,DOCK-07
2026-07-24 13:07:00,TRK-074,Rute-I,Depok Hub,951.3,1200,25.79,3.0,95.5,QUEUED,NO,DOCK-08
2026-07-25 17:20:00,TRK-081,Rute-K,Gudang West (Tangerang),952.0,1200,9.8,0.3,8.0,DELIVERED,YES,DOCK-09
2026-07-26 07:33:00,TRK-088,Rute-M,Petamburan Hub,952.7,1200,10.21,0.4,8.6,IN_TRANSIT,YES,DOCK-10
2026-07-27 11:46:00,TRK-095,Rute-O,Bogor Transit Hub,953.4,1200,10.62,0.6,9.1,IDLE_DOCK,YES,DOCK-11
2026-07-28 15:59:00,TRK-102,Rute-Q,Central Hub (Jakarta),954.1,1200,11.03,0.7,9.7,LOADED,YES,DOCK-12
2026-07-29 05:12:00,TRK-109,Rute-A,Bekasi Logistics Hub,954.8,1200,11.44,0.9,10.2,QUEUED,NO,DOCK-01
2026-07-30 09:25:00,TRK-116,Rute-C,Cikarang Industrial Hub,955.5,1200,11.85,1.0,10.8,DELIVERED,YES,DOCK-02
2026-07-31 13:38:00,TRK-123,Rute-E,Grogol Hub (Jakbar),956.2,1200,12.26,1.1,11.3,IN_TRANSIT,YES,DOCK-03
2026-07-01 17:51:00,TRK-130,Rute-G,Depok Hub,956.9,1200,12.67,1.3,11.9,IDLE_DOCK,YES,DOCK-04
2026-07-02 07:04:00,TRK-137,Rute-I,Gudang West (Tangerang),957.6,1200,13.08,1.4,12.4,LOADED,YES,DOCK-05
2026-07-03 11:17:00,TRK-144,Rute-K,Petamburan Hub,958.3,1200,13.49,1.6,12.9,QUEUED,NO,DOCK-06
2026-07-04 15:30:00,TRK-151,Rute-M,Bogor Transit Hub,959.0,1200,13.9,1.7,13.5,DELIVERED,YES,DOCK-07
2026-07-05 05:43:00,TRK-158,Rute-O,Central Hub (Jakarta),959.7,1200,14.31,1.8,14.1,IN_TRANSIT,YES,DOCK-08
2026-07-06 09:56:00,TRK-165,Rute-Q,Bekasi Logistics Hub,960.4,1200,14.72,2.0,14.6,IDLE_DOCK,YES,DOCK-09
2026-07-07 13:09:00,TRK-172,Rute-A,Cikarang Industrial Hub,961.1,1200,15.13,2.1,15.2,LOADED,YES,DOCK-10
2026-07-08 17:22:00,TRK-179,Rute-C,Grogol Hub (Jakbar),961.8,1200,15.54,2.3,15.7,QUEUED,NO,DOCK-11
2026-07-09 07:35:00,TRK-006,Rute-E,Depok Hub,962.5,1200,15.95,2.4,16.2,DELIVERED,YES,DOCK-12
2026-07-10 11:48:00,TRK-013,Rute-G,Gudang West (Tangerang),963.2,1200,16.36,2.5,16.8,IN_TRANSIT,YES,DOCK-01
2026-07-11 15:01:00,TRK-020,Rute-I,Petamburan Hub,963.9,1200,16.77,2.7,17.4,IDLE_DOCK,YES,DOCK-02
2026-07-12 05:14:00,TRK-027,Rute-K,Bogor Transit Hub,964.6,1200,17.18,2.8,17.9,LOADED,YES,DOCK-03
2026-07-13 09:27:00,TRK-034,Rute-M,Central Hub (Jakarta),965.3,1200,17.59,3.0,18.5,QUEUED,NO,DOCK-04
2026-07-14 13:40:00,TRK-041,Rute-O,Bekasi Logistics Hub,966.0,1200,18.0,0.3,19.0,DELIVERED,YES,DOCK-05
2026-07-15 17:53:00,TRK-048,Rute-Q,Cikarang Industrial Hub,966.7,1200,18.41,0.4,19.6,IN_TRANSIT,YES,DOCK-06
2026-07-16 07:06:00,TRK-055,Rute-A,Grogol Hub (Jakbar),967.4,1200,18.82,0.6,20.1,IDLE_DOCK,YES,DOCK-07
2026-07-17 11:19:00,TRK-062,Rute-C,Depok Hub,968.1,1200,19.23,0.7,20.6,LOADED,YES,DOCK-08
2026-07-18 15:32:00,TRK-069,Rute-E,Gudang West (Tangerang),968.8,1200,19.64,0.9,21.2,QUEUED,NO,DOCK-09
2026-07-19 05:45:00,TRK-076,Rute-G,Petamburan Hub,969.5,1200,20.05,1.0,21.8,DELIVERED,YES,DOCK-10
2026-07-20 09:58:00,TRK-083,Rute-I,Bogor Transit Hub,970.2,1200,20.46,1.1,22.3,IN_TRANSIT,YES,DOCK-11
2026-07-21 13:11:00,TRK-090,Rute-K,Central Hub (Jakarta),970.9,1200,20.87,1.3,22.9,IDLE_DOCK,YES,DOCK-12
2026-07-22 17:24:00,TRK-097,Rute-M,Bekasi Logistics Hub,971.6,1200,21.28,1.4,23.4,LOADED,YES,DOCK-01
2026-07-23 07:37:00,TRK-104,Rute-O,Cikarang Industrial Hub,972.3,1200,21.69,1.6,24.0,QUEUED,NO,DOCK-02
2026-07-24 11:50:00,TRK-111,Rute-Q,Grogol Hub (Jakbar),973.0,1200,22.1,1.7,24.5,DELIVERED,YES,DOCK-03
2026-07-25 15:03:00,TRK-118,Rute-A,Depok Hub,973.7,1200,22.51,1.8,25.1,IN_TRANSIT,YES,DOCK-04
2026-07-26 05:16:00,TRK-125,Rute-C,Gudang West (Tangerang),974.4,1200,22.92,2.0,25.6,IDLE_DOCK,YES,DOCK-05
2026-07-27 09:29:00,TRK-132,Rute-E,Petamburan Hub,975.1,1200,23.33,2.1,26.2,LOADED,YES,DOCK-06
2026-07-28 13:42:00,TRK-139,Rute-G,Bogor Transit Hub,975.8,1200,23.74,2.3,26.7,QUEUED,NO,DOCK-07
2026-07-29 17:55:00,TRK-146,Rute-I,Central Hub (Jakarta),976.5,1200,24.15,2.4,27.2,DELIVERED,YES,DOCK-08
2026-07-30 07:08:00,TRK-153,Rute-K,Bekasi Logistics Hub,977.2,1200,24.56,2.5,27.8,IN_TRANSIT,YES,DOCK-09
2026-07-31 11:21:00,TRK-160,Rute-M,Cikarang Industrial Hub,977.9,1200,24.97,2.7,28.4,IDLE_DOCK,YES,DOCK-10
2026-07-01 15:34:00,TRK-167,Rute-O,Grogol Hub (Jakbar),978.6,1200,25.38,2.8,28.9,LOADED,YES,DOCK-11
2026-07-02 05:47:00,TRK-174,Rute-Q,Depok Hub,979.3,1200,25.79,3.0,29.5,QUEUED,NO,DOCK-12
2026-07-03 09:00:00,TRK-001,Rute-A,Gudang West (Tangerang),350.0,1200,9.8,0.3,30.0,DELIVERED,YES,DOCK-01
2026-07-04 13:13:00,TRK-008,Rute-C,Petamburan Hub,350.7,1200,10.21,0.4,30.6,IN_TRANSIT,YES,DOCK-02
2026-07-05 17:26:00,TRK-015,Rute-E,Bogor Transit Hub,351.4,1200,10.62,0.6,31.1,IDLE_DOCK,YES,DOCK-03
2026-07-06 07:39:00,TRK-022,Rute-G,Central Hub (Jakarta),352.1,1200,11.03,0.7,31.7,LOADED,YES,DOCK-04
2026-07-07 11:52:00,TRK-029,Rute-I,Bekasi Logistics Hub,352.8,1200,11.44,0.9,32.2,QUEUED,NO,DOCK-05
2026-07-08 15:05:00,TRK-036,Rute-K,Cikarang Industrial Hub,353.5,1200,11.85,1.0,32.8,DELIVERED,YES,DOCK-06
2026-07-09 05:18:00,TRK-043,Rute-M,Grogol Hub (Jakbar),354.2,1200,12.26,1.1,33.3,IN_TRANSIT,YES,DOCK-07
2026-07-10 09:31:00,TRK-050,Rute-O,Depok Hub,354.9,1200,12.67,1.3,33.9,IDLE_DOCK,YES,DOCK-08
2026-07-11 13:44:00,TRK-057,Rute-Q,Gudang West (Tangerang),355.6,1200,13.08,1.4,34.4,LOADED,YES,DOCK-09
2026-07-12 17:57:00,TRK-064,Rute-A,Petamburan Hub,356.3,1200,13.49,1.6,35.0,QUEUED,NO,DOCK-10
2026-07-13 07:10:00,TRK-071,Rute-C,Bogor Transit Hub,357.0,1200,13.9,1.7,35.5,DELIVERED,YES,DOCK-11
2026-07-14 11:23:00,TRK-078,Rute-E,Central Hub (Jakarta),357.7,1200,14.31,1.8,36.0,IN_TRANSIT,YES,DOCK-12
2026-07-15 15:36:00,TRK-085,Rute-G,Bekasi Logistics Hub,358.4,1200,14.72,2.0,36.6,IDLE_DOCK,YES,DOCK-01
2026-07-16 05:49:00,TRK-092,Rute-I,Cikarang Industrial Hub,359.1,1200,15.13,2.1,37.2,LOADED,YES,DOCK-02
2026-07-17 09:02:00,TRK-099,Rute-K,Grogol Hub (Jakbar),359.8,1200,15.54,2.3,37.7,QUEUED,NO,DOCK-03
2026-07-18 13:15:00,TRK-106,Rute-M,Depok Hub,360.5,1200,15.95,2.4,38.2,DELIVERED,YES,DOCK-04
2026-07-19 17:28:00,TRK-113,Rute-O,Gudang West (Tangerang),361.2,1200,16.36,2.5,38.8,IN_TRANSIT,YES,DOCK-05
2026-07-20 07:41:00,TRK-120,Rute-Q,Petamburan Hub,361.9,1200,16.77,2.7,39.4,IDLE_DOCK,YES,DOCK-06
2026-07-21 11:54:00,TRK-127,Rute-A,Bogor Transit Hub,362.6,1200,17.18,2.8,39.9,LOADED,YES,DOCK-07
2026-07-22 15:07:00,TRK-134,Rute-C,Central Hub (Jakarta),363.3,1200,17.59,3.0,40.5,QUEUED,NO,DOCK-08
2026-07-23 05:20:00,TRK-141,Rute-E,Bekasi Logistics Hub,364.0,1200,18.0,0.3,41.0,DELIVERED,YES,DOCK-09
2026-07-24 09:33:00,TRK-148,Rute-G,Cikarang Industrial Hub,364.7,1200,18.41,0.4,41.6,IN_TRANSIT,YES,DOCK-10
2026-07-25 13:46:00,TRK-155,Rute-I,Grogol Hub (Jakbar),365.4,1200,18.82,0.6,42.1,IDLE_DOCK,YES,DOCK-11
2026-07-26 17:59:00,TRK-162,Rute-K,Depok Hub,366.1,1200,19.23,0.7,42.7,LOADED,YES,DOCK-12
2026-07-27 07:12:00,TRK-169,Rute-M,Gudang West (Tangerang),366.8,1200,19.64,0.9,43.2,QUEUED,NO,DOCK-01
2026-07-28 11:25:00,TRK-176,Rute-O,Petamburan Hub,367.5,1200,20.05,1.0,43.8,DELIVERED,YES,DOCK-02
2026-07-29 15:38:00,TRK-003,Rute-Q,Bogor Transit Hub,368.2,1200,20.46,1.1,44.3,IN_TRANSIT,YES,DOCK-03
2026-07-30 05:51:00,TRK-010,Rute-A,Central Hub (Jakarta),368.9,1200,20.87,1.3,44.9,IDLE_DOCK,YES,DOCK-04
2026-07-31 09:04:00,TRK-017,Rute-C,Bekasi Logistics Hub,369.6,1200,21.28,1.4,45.4,LOADED,YES,DOCK-05
2026-07-01 13:17:00,TRK-024,Rute-E,Cikarang Industrial Hub,370.3,1200,21.69,1.6,46.0,QUEUED,NO,DOCK-06
2026-07-02 17:30:00,TRK-031,Rute-G,Grogol Hub (Jakbar),371.0,1200,22.1,1.7,46.5,DELIVERED,YES,DOCK-07
2026-07-03 07:43:00,TRK-038,Rute-I,Depok Hub,371.7,1200,22.51,1.8,47.1,IN_TRANSIT,YES,DOCK-08
2026-07-04 11:56:00,TRK-045,Rute-K,Gudang West (Tangerang),372.4,1200,22.92,2.0,47.6,IDLE_DOCK,YES,DOCK-09
2026-07-05 15:09:00,TRK-052,Rute-M,Petamburan Hub,373.1,1200,23.33,2.1,48.2,LOADED,YES,DOCK-10
2026-07-06 05:22:00,TRK-059,Rute-O,Bogor Transit Hub,373.8,1200,23.74,2.3,48.7,QUEUED,NO,DOCK-11
2026-07-07 09:35:00,TRK-066,Rute-Q,Central Hub (Jakarta),374.5,1200,24.15,2.4,49.2,DELIVERED,YES,DOCK-12
2026-07-08 13:48:00,TRK-073,Rute-A,Bekasi Logistics Hub,375.2,1200,24.56,2.5,49.8,IN_TRANSIT,YES,DOCK-01
2026-07-09 17:01:00,TRK-080,Rute-C,Cikarang Industrial Hub,375.9,1200,24.97,2.7,50.4,IDLE_DOCK,YES,DOCK-02
2026-07-10 07:14:00,TRK-087,Rute-E,Grogol Hub (Jakbar),376.6,1200,25.38,2.8,50.9,LOADED,YES,DOCK-03
2026-07-11 11:27:00,TRK-094,Rute-G,Depok Hub,377.3,1200,25.79,3.0,51.5,QUEUED,NO,DOCK-04
2026-07-12 15:40:00,TRK-101,Rute-I,Gudang West (Tangerang),378.0,1200,9.8,0.3,52.0,DELIVERED,YES,DOCK-05
2026-07-13 05:53:00,TRK-108,Rute-K,Petamburan Hub,378.7,1200,10.21,0.4,52.6,IN_TRANSIT,YES,DOCK-06
2026-07-14 09:06:00,TRK-115,Rute-M,Bogor Transit Hub,379.4,1200,10.62,0.6,53.1,IDLE_DOCK,YES,DOCK-07
2026-07-15 13:19:00,TRK-122,Rute-O,Central Hub (Jakarta),380.1,1200,11.03,0.7,53.7,LOADED,YES,DOCK-08
2026-07-16 17:32:00,TRK-129,Rute-Q,Bekasi Logistics Hub,380.8,1200,11.44,0.9,54.2,QUEUED,NO,DOCK-09
2026-07-17 07:45:00,TRK-136,Rute-A,Cikarang Industrial Hub,381.5,1200,11.85,1.0,54.8,DELIVERED,YES,DOCK-10
2026-07-18 11:58:00,TRK-143,Rute-C,Grogol Hub (Jakbar),382.2,1200,12.26,1.1,55.3,IN_TRANSIT,YES,DOCK-11
2026-07-19 15:11:00,TRK-150,Rute-E,Depok Hub,382.9,1200,12.67,1.3,55.9,IDLE_DOCK,YES,DOCK-12
2026-07-20 05:24:00,TRK-157,Rute-G,Gudang West (Tangerang),383.6,1200,13.08,1.4,56.4,LOADED,YES,DOCK-01
2026-07-21 09:37:00,TRK-164,Rute-I,Petamburan Hub,384.3,1200,13.49,1.6,57.0,QUEUED,NO,DOCK-02
2026-07-22 13:50:00,TRK-171,Rute-K,Bogor Transit Hub,385.0,1200,13.9,1.7,57.5,DELIVERED,YES,DOCK-03
2026-07-23 17:03:00,TRK-178,Rute-M,Central Hub (Jakarta),385.7,1200,14.31,1.8,58.1,IN_TRANSIT,YES,DOCK-04
2026-07-24 07:16:00,TRK-005,Rute-O,Bekasi Logistics Hub,386.4,1200,14.72,2.0,58.6,IDLE_DOCK,YES,DOCK-05
2026-07-25 11:29:00,TRK-012,Rute-Q,Cikarang Industrial Hub,387.1,1200,15.13,2.1,59.2,LOADED,YES,DOCK-06
2026-07-26 15:42:00,TRK-019,Rute-A,Grogol Hub (Jakbar),387.8,1200,15.54,2.3,59.7,QUEUED,NO,DOCK-07
2026-07-27 05:55:00,TRK-026,Rute-C,Depok Hub,388.5,1200,15.95,2.4,60.3,DELIVERED,YES,DOCK-08
2026-07-28 09:08:00,TRK-033,Rute-E,Gudang West (Tangerang),389.2,1200,16.36,2.5,60.8,IN_TRANSIT,YES,DOCK-09
2026-07-29 13:21:00,TRK-040,Rute-G,Petamburan Hub,389.9,1200,16.77,2.7,61.4,IDLE_DOCK,YES,DOCK-10
2026-07-30 17:34:00,TRK-047,Rute-I,Bogor Transit Hub,390.6,1200,17.18,2.8,61.9,LOADED,YES,DOCK-11
2026-07-31 07:47:00,TRK-054,Rute-K,Central Hub (Jakarta),391.3,1200,17.59,3.0,62.5,QUEUED,NO,DOCK-12
2026-07-01 11:00:00,TRK-061,Rute-M,Bekasi Logistics Hub,392.0,1200,18.0,0.3,63.0,DELIVERED,YES,DOCK-01
2026-07-02 15:13:00,TRK-068,Rute-O,Cikarang Industrial Hub,392.7,1200,18.41,0.4,63.6,IN_TRANSIT,YES,DOCK-02
2026-07-03 05:26:00,TRK-075,Rute-Q,Grogol Hub (Jakbar),393.4,1200,18.82,0.6,64.1,IDLE_DOCK,YES,DOCK-03
2026-07-04 09:39:00,TRK-082,Rute-A,Depok Hub,394.1,1200,19.23,0.7,64.7,LOADED,YES,DOCK-04
2026-07-05 13:52:00,TRK-089,Rute-C,Gudang West (Tangerang),394.8,1200,19.64,0.9,65.2,QUEUED,NO,DOCK-05
2026-07-06 17:05:00,TRK-096,Rute-E,Petamburan Hub,395.5,1200,20.05,1.0,65.8,DELIVERED,YES,DOCK-06
2026-07-07 07:18:00,TRK-103,Rute-G,Bogor Transit Hub,396.2,1200,20.46,1.1,66.3,IN_TRANSIT,YES,DOCK-07
2026-07-08 11:31:00,TRK-110,Rute-I,Central Hub (Jakarta),396.9,1200,20.87,1.3,66.8,IDLE_DOCK,YES,DOCK-08
2026-07-09 15:44:00,TRK-117,Rute-K,Bekasi Logistics Hub,397.6,1200,21.28,1.4,67.4,LOADED,YES,DOCK-09
2026-07-10 05:57:00,TRK-124,Rute-M,Cikarang Industrial Hub,398.3,1200,21.69,1.6,68.0,QUEUED,NO,DOCK-10
2026-07-11 09:10:00,TRK-131,Rute-O,Grogol Hub (Jakbar),399.0,1200,22.1,1.7,68.5,DELIVERED,YES,DOCK-11
2026-07-12 13:23:00,TRK-138,Rute-Q,Depok Hub,399.7,1200,22.51,1.8,69.1,IN_TRANSIT,YES,DOCK-12
2026-07-13 17:36:00,TRK-145,Rute-A,Gudang West (Tangerang),400.4,1200,22.92,2.0,69.6,IDLE_DOCK,YES,DOCK-01
2026-07-14 07:49:00,TRK-152,Rute-C,Petamburan Hub,401.1,1200,23.33,2.1,70.2,LOADED,YES,DOCK-02
2026-07-15 11:02:00,TRK-159,Rute-E,Bogor Transit Hub,401.8,1200,23.74,2.3,70.7,QUEUED,NO,DOCK-03
2026-07-16 15:15:00,TRK-166,Rute-G,Central Hub (Jakarta),402.5,1200,24.15,2.4,71.2,DELIVERED,YES,DOCK-04
2026-07-17 05:28:00,TRK-173,Rute-I,Bekasi Logistics Hub,403.2,1200,24.56,2.5,71.8,IN_TRANSIT,YES,DOCK-05
2026-07-18 09:41:00,TRK-180,Rute-K,Cikarang Industrial Hub,403.9,1200,24.97,2.7,72.4,IDLE_DOCK,YES,DOCK-06
2026-07-19 13:54:00,TRK-007,Rute-M,Grogol Hub (Jakbar),404.6,1200,25.38,2.8,72.9,LOADED,YES,DOCK-07
2026-07-20 17:07:00,TRK-014,Rute-O,Depok Hub,405.3,1200,25.79,3.0,73.5,QUEUED,NO,DOCK-08
2026-07-21 07:20:00,TRK-021,Rute-Q,Gudang West (Tangerang),406.0,1200,9.8,0.3,74.0,DELIVERED,YES,DOCK-09
2026-07-22 11:33:00,TRK-028,Rute-A,Petamburan Hub,406.7,1200,10.21,0.4,74.6,IN_TRANSIT,YES,DOCK-10
2026-07-23 15:46:00,TRK-035,Rute-C,Bogor Transit Hub,407.4,1200,10.62,0.6,75.1,IDLE_DOCK,YES,DOCK-11
2026-07-24 05:59:00,TRK-042,Rute-E,Central Hub (Jakarta),408.1,1200,11.03,0.7,75.7,LOADED,YES,DOCK-12
2026-07-25 09:12:00,TRK-049,Rute-G,Bekasi Logistics Hub,408.8,1200,11.44,0.9,76.2,QUEUED,NO,DOCK-01
2026-07-26 13:25:00,TRK-056,Rute-I,Cikarang Industrial Hub,409.5,1200,11.85,1.0,76.8,DELIVERED,YES,DOCK-02
2026-07-27 17:38:00,TRK-063,Rute-K,Grogol Hub (Jakbar),410.2,1200,12.26,1.1,77.3,IN_TRANSIT,YES,DOCK-03
2026-07-28 07:51:00,TRK-070,Rute-M,Depok Hub,410.9,1200,12.67,1.3,77.9,IDLE_DOCK,YES,DOCK-04
2026-07-29 11:04:00,TRK-077,Rute-O,Gudang West (Tangerang),411.6,1200,13.08,1.4,78.4,LOADED,YES,DOCK-05
2026-07-30 15:17:00,TRK-084,Rute-Q,Petamburan Hub,412.3,1200,13.49,1.6,79.0,QUEUED,NO,DOCK-06
2026-07-31 05:30:00,TRK-091,Rute-A,Bogor Transit Hub,413.0,1200,13.9,1.7,79.5,DELIVERED,YES,DOCK-07
2026-07-01 09:43:00,TRK-098,Rute-C,Central Hub (Jakarta),413.7,1200,14.31,1.8,80.1,IN_TRANSIT,YES,DOCK-08
2026-07-02 13:56:00,TRK-105,Rute-E,Bekasi Logistics Hub,414.4,1200,14.72,2.0,80.6,IDLE_DOCK,YES,DOCK-09
2026-07-03 17:09:00,TRK-112,Rute-G,Cikarang Industrial Hub,415.1,1200,15.13,2.1,81.2,LOADED,YES,DOCK-10
2026-07-04 07:22:00,TRK-119,Rute-I,Grogol Hub (Jakbar),415.8,1200,15.54,2.3,81.7,QUEUED,NO,DOCK-11
2026-07-05 11:35:00,TRK-126,Rute-K,Depok Hub,416.5,1200,15.95,2.4,82.2,DELIVERED,YES,DOCK-12
2026-07-06 15:48:00,TRK-133,Rute-M,Gudang West (Tangerang),417.2,1200,16.36,2.5,82.8,IN_TRANSIT,YES,DOCK-01
2026-07-07 05:01:00,TRK-140,Rute-O,Petamburan Hub,417.9,1200,16.77,2.7,83.4,IDLE_DOCK,YES,DOCK-02
2026-07-08 09:14:00,TRK-147,Rute-Q,Bogor Transit Hub,418.6,1200,17.18,2.8,83.9,LOADED,YES,DOCK-03
2026-07-09 13:27:00,TRK-154,Rute-A,Central Hub (Jakarta),419.3,1200,17.59,3.0,84.5,QUEUED,NO,DOCK-04
2026-07-10 17:40:00,TRK-161,Rute-C,Bekasi Logistics Hub,420.0,1200,18.0,0.3,85.0,DELIVERED,YES,DOCK-05
2026-07-11 07:53:00,TRK-168,Rute-E,Cikarang Industrial Hub,420.7,1200,18.41,0.4,85.6,IN_TRANSIT,YES,DOCK-06
2026-07-12 11:06:00,TRK-175,Rute-G,Grogol Hub (Jakbar),421.4,1200,18.82,0.6,86.1,IDLE_DOCK,YES,DOCK-07
2026-07-13 15:19:00,TRK-002,Rute-I,Depok Hub,422.1,1200,19.23,0.7,86.7,LOADED,YES,DOCK-08
2026-07-14 05:32:00,TRK-009,Rute-K,Gudang West (Tangerang),422.8,1200,19.64,0.9,87.2,QUEUED,NO,DOCK-09
2026-07-15 09:45:00,TRK-016,Rute-M,Petamburan Hub,423.5,1200,20.05,1.0,87.8,DELIVERED,YES,DOCK-10
2026-07-16 13:58:00,TRK-023,Rute-O,Bogor Transit Hub,424.2,1200,20.46,1.1,88.3,IN_TRANSIT,YES,DOCK-11
2026-07-17 17:11:00,TRK-030,Rute-Q,Central Hub (Jakarta),424.9,1200,20.87,1.3,88.9,IDLE_DOCK,YES,DOCK-12
2026-07-18 07:24:00,TRK-037,Rute-A,Bekasi Logistics Hub,425.6,1200,21.28,1.4,89.4,LOADED,YES,DOCK-01
2026-07-19 11:37:00,TRK-044,Rute-C,Cikarang Industrial Hub,426.3,1200,21.69,1.6,90.0,QUEUED,NO,DOCK-02
2026-07-20 15:50:00,TRK-051,Rute-E,Grogol Hub (Jakbar),427.0,1200,22.1,1.7,90.5,DELIVERED,YES,DOCK-03
2026-07-21 05:03:00,TRK-058,Rute-G,Depok Hub,427.7,1200,22.51,1.8,91.1,IN_TRANSIT,YES,DOCK-04
2026-07-22 09:16:00,TRK-065,Rute-I,Gudang West (Tangerang),428.4,1200,22.92,2.0,91.6,IDLE_DOCK,YES,DOCK-05
2026-07-23 13:29:00,TRK-072,Rute-K,Petamburan Hub,429.1,1200,23.33,2.1,92.2,LOADED,YES,DOCK-06
2026-07-24 17:42:00,TRK-079,Rute-M,Bogor Transit Hub,429.8,1200,23.74,2.3,92.7,QUEUED,NO,DOCK-07
2026-07-25 07:55:00,TRK-086,Rute-O,Central Hub (Jakarta),430.5,1200,24.15,2.4,93.2,DELIVERED,YES,DOCK-08
2026-07-26 11:08:00,TRK-093,Rute-Q,Bekasi Logistics Hub,431.2,1200,24.56,2.5,93.8,IN_TRANSIT,YES,DOCK-09
2026-07-27 15:21:00,TRK-100,Rute-A,Cikarang Industrial Hub,431.9,1200,24.97,2.7,94.4,IDLE_DOCK,YES,DOCK-10
2026-07-28 05:34:00,TRK-107,Rute-C,Grogol Hub (Jakbar),432.6,1200,25.38,2.8,94.9,LOADED,YES,DOCK-11
2026-07-29 09:47:00,TRK-114,Rute-E,Depok Hub,433.3,1200,25.79,3.0,95.5,QUEUED,NO,DOCK-12
2026-07-30 13:00:00,TRK-121,Rute-G,Gudang West (Tangerang),434.0,1200,9.8,0.3,8.0,DELIVERED,YES,DOCK-01
2026-07-31 17:13:00,TRK-128,Rute-I,Petamburan Hub,434.7,1200,10.21,0.4,8.6,IN_TRANSIT,YES,DOCK-02
2026-07-01 07:26:00,TRK-135,Rute-K,Bogor Transit Hub,435.4,1200,10.62,0.6,9.1,IDLE_DOCK,YES,DOCK-03
2026-07-02 11:39:00,TRK-142,Rute-M,Central Hub (Jakarta),436.1,1200,11.03,0.7,9.7,LOADED,YES,DOCK-04
2026-07-03 15:52:00,TRK-149,Rute-O,Bekasi Logistics Hub,436.8,1200,11.44,0.9,10.2,QUEUED,NO,DOCK-05
2026-07-04 05:05:00,TRK-156,Rute-Q,Cikarang Industrial Hub,437.5,1200,11.85,1.0,10.8,DELIVERED,YES,DOCK-06
2026-07-05 09:18:00,TRK-163,Rute-A,Grogol Hub (Jakbar),438.2,1200,12.26,1.1,11.3,IN_TRANSIT,YES,DOCK-07
2026-07-06 13:31:00,TRK-170,Rute-C,Depok Hub,438.9,1200,12.67,1.3,11.9,IDLE_DOCK,YES,DOCK-08
2026-07-07 17:44:00,TRK-177,Rute-E,Gudang West (Tangerang),439.6,1200,13.08,1.4,12.4,LOADED,YES,DOCK-09
2026-07-08 07:57:00,TRK-004,Rute-G,Petamburan Hub,440.3,1200,13.49,1.6,12.9,QUEUED,NO,DOCK-10
2026-07-09 11:10:00,TRK-011,Rute-I,Bogor Transit Hub,441.0,1200,13.9,1.7,13.5,DELIVERED,YES,DOCK-11
2026-07-10 15:23:00,TRK-018,Rute-K,Central Hub (Jakarta),441.7,1200,14.31,1.8,14.1,IN_TRANSIT,YES,DOCK-12
2026-07-11 05:36:00,TRK-025,Rute-M,Bekasi Logistics Hub,442.4,1200,14.72,2.0,14.6,IDLE_DOCK,YES,DOCK-01
2026-07-12 09:49:00,TRK-032,Rute-O,Cikarang Industrial Hub,443.1,1200,15.13,2.1,15.2,LOADED,YES,DOCK-02
2026-07-13 13:02:00,TRK-039,Rute-Q,Grogol Hub (Jakbar),443.8,1200,15.54,2.3,15.7,QUEUED,NO,DOCK-03
2026-07-14 17:15:00,TRK-046,Rute-A,Depok Hub,444.5,1200,15.95,2.4,16.2,DELIVERED,YES,DOCK-04
2026-07-15 07:28:00,TRK-053,Rute-C,Gudang West (Tangerang),445.2,1200,16.36,2.5,16.8,IN_TRANSIT,YES,DOCK-05
2026-07-16 11:41:00,TRK-060,Rute-E,Petamburan Hub,445.9,1200,16.77,2.7,17.4,IDLE_DOCK,YES,DOCK-06
2026-07-17 15:54:00,TRK-067,Rute-G,Bogor Transit Hub,446.6,1200,17.18,2.8,17.9,LOADED,YES,DOCK-07
2026-07-18 05:07:00,TRK-074,Rute-I,Central Hub (Jakarta),447.3,1200,17.59,3.0,18.5,QUEUED,NO,DOCK-08
2026-07-19 09:20:00,TRK-081,Rute-K,Bekasi Logistics Hub,448.0,1200,18.0,0.3,19.0,DELIVERED,YES,DOCK-09
2026-07-20 13:33:00,TRK-088,Rute-M,Cikarang Industrial Hub,448.7,1200,18.41,0.4,19.6,IN_TRANSIT,YES,DOCK-10
2026-07-21 17:46:00,TRK-095,Rute-O,Grogol Hub (Jakbar),449.4,1200,18.82,0.6,20.1,IDLE_DOCK,YES,DOCK-11
2026-07-22 07:59:00,TRK-102,Rute-Q,Depok Hub,450.1,1200,19.23,0.7,20.6,LOADED,YES,DOCK-12
2026-07-23 11:12:00,TRK-109,Rute-A,Gudang West (Tangerang),450.8,1200,19.64,0.9,21.2,QUEUED,NO,DOCK-01
2026-07-24 15:25:00,TRK-116,Rute-C,Petamburan Hub,451.5,1200,20.05,1.0,21.8,DELIVERED,YES,DOCK-02
2026-07-25 05:38:00,TRK-123,Rute-E,Bogor Transit Hub,452.2,1200,20.46,1.1,22.3,IN_TRANSIT,YES,DOCK-03
2026-07-26 09:51:00,TRK-130,Rute-G,Central Hub (Jakarta),452.9,1200,20.87,1.3,22.9,IDLE_DOCK,YES,DOCK-04
2026-07-27 13:04:00,TRK-137,Rute-I,Bekasi Logistics Hub,453.6,1200,21.28,1.4,23.4,LOADED,YES,DOCK-05
2026-07-28 17:17:00,TRK-144,Rute-K,Cikarang Industrial Hub,454.3,1200,21.69,1.6,24.0,QUEUED,NO,DOCK-06
2026-07-29 07:30:00,TRK-151,Rute-M,Grogol Hub (Jakbar),455.0,1200,22.1,1.7,24.5,DELIVERED,YES,DOCK-07
2026-07-30 11:43:00,TRK-158,Rute-O,Depok Hub,455.7,1200,22.51,1.8,25.1,IN_TRANSIT,YES,DOCK-08
2026-07-31 15:56:00,TRK-165,Rute-Q,Gudang West (Tangerang),456.4,1200,22.92,2.0,25.6,IDLE_DOCK,YES,DOCK-09
2026-07-01 05:09:00,TRK-172,Rute-A,Petamburan Hub,457.1,1200,23.33,2.1,26.2,LOADED,YES,DOCK-10
2026-07-02 09:22:00,TRK-179,Rute-C,Bogor Transit Hub,457.8,1200,23.74,2.3,26.7,QUEUED,NO,DOCK-11
2026-07-03 13:35:00,TRK-006,Rute-E,Central Hub (Jakarta),458.5,1200,24.15,2.4,27.2,DELIVERED,YES,DOCK-12
2026-07-04 17:48:00,TRK-013,Rute-G,Bekasi Logistics Hub,459.2,1200,24.56,2.5,27.8,IN_TRANSIT,YES,DOCK-01
2026-07-05 07:01:00,TRK-020,Rute-I,Cikarang Industrial Hub,459.9,1200,24.97,2.7,28.4,IDLE_DOCK,YES,DOCK-02
2026-07-06 11:14:00,TRK-027,Rute-K,Grogol Hub (Jakbar),460.6,1200,25.38,2.8,28.9,LOADED,YES,DOCK-03
2026-07-07 15:27:00,TRK-034,Rute-M,Depok Hub,461.3,1200,25.79,3.0,29.5,QUEUED,NO,DOCK-04
2026-07-08 05:40:00,TRK-041,Rute-O,Gudang West (Tangerang),462.0,1200,9.8,0.3,30.0,DELIVERED,YES,DOCK-05
2026-07-09 09:53:00,TRK-048,Rute-Q,Petamburan Hub,462.7,1200,10.21,0.4,30.6,IN_TRANSIT,YES,DOCK-06
2026-07-10 13:06:00,TRK-055,Rute-A,Bogor Transit Hub,463.4,1200,10.62,0.6,31.1,IDLE_DOCK,YES,DOCK-07
2026-07-11 17:19:00,TRK-062,Rute-C,Central Hub (Jakarta),464.1,1200,11.03,0.7,31.7,LOADED,YES,DOCK-08
2026-07-12 07:32:00,TRK-069,Rute-E,Bekasi Logistics Hub,464.8,1200,11.44,0.9,32.2,QUEUED,NO,DOCK-09
2026-07-13 11:45:00,TRK-076,Rute-G,Cikarang Industrial Hub,465.5,1200,11.85,1.0,32.8,DELIVERED,YES,DOCK-10
2026-07-14 15:58:00,TRK-083,Rute-I,Grogol Hub (Jakbar),466.2,1200,12.26,1.1,33.3,IN_TRANSIT,YES,DOCK-11
2026-07-15 05:11:00,TRK-090,Rute-K,Depok Hub,466.9,1200,12.67,1.3,33.9,IDLE_DOCK,YES,DOCK-12
2026-07-16 09:24:00,TRK-097,Rute-M,Gudang West (Tangerang),467.6,1200,13.08,1.4,34.4,LOADED,YES,DOCK-01
2026-07-17 13:37:00,TRK-104,Rute-O,Petamburan Hub,468.3,1200,13.49,1.6,35.0,QUEUED,NO,DOCK-02
2026-07-18 17:50:00,TRK-111,Rute-Q,Bogor Transit Hub,469.0,1200,13.9,1.7,35.5,DELIVERED,YES,DOCK-03
2026-07-19 07:03:00,TRK-118,Rute-A,Central Hub (Jakarta),469.7,1200,14.31,1.8,36.0,IN_TRANSIT,YES,DOCK-04
2026-07-20 11:16:00,TRK-125,Rute-C,Bekasi Logistics Hub,470.4,1200,14.72,2.0,36.6,IDLE_DOCK,YES,DOCK-05
2026-07-21 15:29:00,TRK-132,Rute-E,Cikarang Industrial Hub,471.1,1200,15.13,2.1,37.2,LOADED,YES,DOCK-06
2026-07-22 05:42:00,TRK-139,Rute-G,Grogol Hub (Jakbar),471.8,1200,15.54,2.3,37.7,QUEUED,NO,DOCK-07
2026-07-23 09:55:00,TRK-146,Rute-I,Depok Hub,472.5,1200,15.95,2.4,38.2,DELIVERED,YES,DOCK-08
2026-07-24 13:08:00,TRK-153,Rute-K,Gudang West (Tangerang),473.2,1200,16.36,2.5,38.8,IN_TRANSIT,YES,DOCK-09
2026-07-25 17:21:00,TRK-160,Rute-M,Petamburan Hub,473.9,1200,16.77,2.7,39.4,IDLE_DOCK,YES,DOCK-10
2026-07-26 07:34:00,TRK-167,Rute-O,Bogor Transit Hub,474.6,1200,17.18,2.8,39.9,LOADED,YES,DOCK-11
2026-07-27 11:47:00,TRK-174,Rute-Q,Central Hub (Jakarta),475.3,1200,17.59,3.0,40.5,QUEUED,NO,DOCK-12
2026-07-28 15:00:00,TRK-001,Rute-A,Bekasi Logistics Hub,476.0,1200,18.0,0.3,41.0,DELIVERED,YES,DOCK-01
2026-07-29 05:13:00,TRK-008,Rute-C,Cikarang Industrial Hub,476.7,1200,18.41,0.4,41.6,IN_TRANSIT,YES,DOCK-02
2026-07-30 09:26:00,TRK-015,Rute-E,Grogol Hub (Jakbar),477.4,1200,18.82,0.6,42.1,IDLE_DOCK,YES,DOCK-03
2026-07-31 13:39:00,TRK-022,Rute-G,Depok Hub,478.1,1200,19.23,0.7,42.7,LOADED,YES,DOCK-04
2026-07-01 17:52:00,TRK-029,Rute-I,Gudang West (Tangerang),478.8,1200,19.64,0.9,43.2,QUEUED,NO,DOCK-05
2026-07-02 07:05:00,TRK-036,Rute-K,Petamburan Hub,479.5,1200,20.05,1.0,43.8,DELIVERED,YES,DOCK-06
2026-07-03 11:18:00,TRK-043,Rute-M,Bogor Transit Hub,480.2,1200,20.46,1.1,44.3,IN_TRANSIT,YES,DOCK-07
2026-07-04 15:31:00,TRK-050,Rute-O,Central Hub (Jakarta),480.9,1200,20.87,1.3,44.9,IDLE_DOCK,YES,DOCK-08
2026-07-05 05:44:00,TRK-057,Rute-Q,Bekasi Logistics Hub,481.6,1200,21.28,1.4,45.4,LOADED,YES,DOCK-09
2026-07-06 09:57:00,TRK-064,Rute-A,Cikarang Industrial Hub,482.3,1200,21.69,1.6,46.0,QUEUED,NO,DOCK-10
2026-07-07 13:10:00,TRK-071,Rute-C,Grogol Hub (Jakbar),483.0,1200,22.1,1.7,46.5,DELIVERED,YES,DOCK-11
2026-07-08 17:23:00,TRK-078,Rute-E,Depok Hub,483.7,1200,22.51,1.8,47.1,IN_TRANSIT,YES,DOCK-12
2026-07-09 07:36:00,TRK-085,Rute-G,Gudang West (Tangerang),484.4,1200,22.92,2.0,47.6,IDLE_DOCK,YES,DOCK-01
2026-07-10 11:49:00,TRK-092,Rute-I,Petamburan Hub,485.1,1200,23.33,2.1,48.2,LOADED,YES,DOCK-02
2026-07-11 15:02:00,TRK-099,Rute-K,Bogor Transit Hub,485.8,1200,23.74,2.3,48.7,QUEUED,NO,DOCK-03
2026-07-12 05:15:00,TRK-106,Rute-M,Central Hub (Jakarta),486.5,1200,24.15,2.4,49.2,DELIVERED,YES,DOCK-04
2026-07-13 09:28:00,TRK-113,Rute-O,Bekasi Logistics Hub,487.2,1200,24.56,2.5,49.8,IN_TRANSIT,YES,DOCK-05
2026-07-14 13:41:00,TRK-120,Rute-Q,Cikarang Industrial Hub,487.9,1200,24.97,2.7,50.4,IDLE_DOCK,YES,DOCK-06
2026-07-15 17:54:00,TRK-127,Rute-A,Grogol Hub (Jakbar),488.6,1200,25.38,2.8,50.9,LOADED,YES,DOCK-07
2026-07-16 07:07:00,TRK-134,Rute-C,Depok Hub,489.3,1200,25.79,3.0,51.5,QUEUED,NO,DOCK-08
2026-07-17 11:20:00,TRK-141,Rute-E,Gudang West (Tangerang),490.0,1200,9.8,0.3,52.0,DELIVERED,YES,DOCK-09
2026-07-18 15:33:00,TRK-148,Rute-G,Petamburan Hub,490.7,1200,10.21,0.4,52.6,IN_TRANSIT,YES,DOCK-10
2026-07-19 05:46:00,TRK-155,Rute-I,Bogor Transit Hub,491.4,1200,10.62,0.6,53.1,IDLE_DOCK,YES,DOCK-11
2026-07-20 09:59:00,TRK-162,Rute-K,Central Hub (Jakarta),492.1,1200,11.03,0.7,53.7,LOADED,YES,DOCK-12
2026-07-21 13:12:00,TRK-169,Rute-M,Bekasi Logistics Hub,492.8,1200,11.44,0.9,54.2,QUEUED,NO,DOCK-01
2026-07-22 17:25:00,TRK-176,Rute-O,Cikarang Industrial Hub,493.5,1200,11.85,1.0,54.8,DELIVERED,YES,DOCK-02
2026-07-23 07:38:00,TRK-003,Rute-Q,Grogol Hub (Jakbar),494.2,1200,12.26,1.1,55.3,IN_TRANSIT,YES,DOCK-03
2026-07-24 11:51:00,TRK-010,Rute-A,Depok Hub,494.9,1200,12.67,1.3,55.9,IDLE_DOCK,YES,DOCK-04
2026-07-25 15:04:00,TRK-017,Rute-C,Gudang West (Tangerang),495.6,1200,13.08,1.4,56.4,LOADED,YES,DOCK-05
2026-07-26 05:17:00,TRK-024,Rute-E,Petamburan Hub,496.3,1200,13.49,1.6,57.0,QUEUED,NO,DOCK-06
2026-07-27 09:30:00,TRK-031,Rute-G,Bogor Transit Hub,497.0,1200,13.9,1.7,57.5,DELIVERED,YES,DOCK-07
2026-07-28 13:43:00,TRK-038,Rute-I,Central Hub (Jakarta),497.7,1200,14.31,1.8,58.1,IN_TRANSIT,YES,DOCK-08
2026-07-29 17:56:00,TRK-045,Rute-K,Bekasi Logistics Hub,498.4,1200,14.72,2.0,58.6,IDLE_DOCK,YES,DOCK-09
2026-07-30 07:09:00,TRK-052,Rute-M,Cikarang Industrial Hub,499.1,1200,15.13,2.1,59.2,LOADED,YES,DOCK-10
2026-07-31 11:22:00,TRK-059,Rute-O,Grogol Hub (Jakbar),499.8,1200,15.54,2.3,59.7,QUEUED,NO,DOCK-11
2026-07-01 15:35:00,TRK-066,Rute-Q,Depok Hub,500.5,1200,15.95,2.4,60.3,DELIVERED,YES,DOCK-12
2026-07-02 05:48:00,TRK-073,Rute-A,Gudang West (Tangerang),501.2,1200,16.36,2.5,60.8,IN_TRANSIT,YES,DOCK-01
2026-07-03 09:01:00,TRK-080,Rute-C,Petamburan Hub,501.9,1200,16.77,2.7,61.4,IDLE_DOCK,YES,DOCK-02
2026-07-04 13:14:00,TRK-087,Rute-E,Bogor Transit Hub,502.6,1200,17.18,2.8,61.9,LOADED,YES,DOCK-03
2026-07-05 17:27:00,TRK-094,Rute-G,Central Hub (Jakarta),503.3,1200,17.59,3.0,62.5,QUEUED,NO,DOCK-04
2026-07-06 07:40:00,TRK-101,Rute-I,Bekasi Logistics Hub,504.0,1200,18.0,0.3,63.0,DELIVERED,YES,DOCK-05
2026-07-07 11:53:00,TRK-108,Rute-K,Cikarang Industrial Hub,504.7,1200,18.41,0.4,63.6,IN_TRANSIT,YES,DOCK-06
2026-07-08 15:06:00,TRK-115,Rute-M,Grogol Hub (Jakbar),505.4,1200,18.82,0.6,64.1,IDLE_DOCK,YES,DOCK-07
2026-07-09 05:19:00,TRK-122,Rute-O,Depok Hub,506.1,1200,19.23,0.7,64.7,LOADED,YES,DOCK-08
2026-07-10 09:32:00,TRK-129,Rute-Q,Gudang West (Tangerang),506.8,1200,19.64,0.9,65.2,QUEUED,NO,DOCK-09
2026-07-11 13:45:00,TRK-136,Rute-A,Petamburan Hub,507.5,1200,20.05,1.0,65.8,DELIVERED,YES,DOCK-10
2026-07-12 17:58:00,TRK-143,Rute-C,Bogor Transit Hub,508.2,1200,20.46,1.1,66.3,IN_TRANSIT,YES,DOCK-11
2026-07-13 07:11:00,TRK-150,Rute-E,Central Hub (Jakarta),508.9,1200,20.87,1.3,66.8,IDLE_DOCK,YES,DOCK-12
2026-07-14 11:24:00,TRK-157,Rute-G,Bekasi Logistics Hub,509.6,1200,21.28,1.4,67.4,LOADED,YES,DOCK-01
2026-07-15 15:37:00,TRK-164,Rute-I,Cikarang Industrial Hub,510.3,1200,21.69,1.6,68.0,QUEUED,NO,DOCK-02
2026-07-16 05:50:00,TRK-171,Rute-K,Grogol Hub (Jakbar),511.0,1200,22.1,1.7,68.5,DELIVERED,YES,DOCK-03
2026-07-17 09:03:00,TRK-178,Rute-M,Depok Hub,511.7,1200,22.51,1.8,69.1,IN_TRANSIT,YES,DOCK-04
2026-07-18 13:16:00,TRK-005,Rute-O,Gudang West (Tangerang),512.4,1200,22.92,2.0,69.6,IDLE_DOCK,YES,DOCK-05
2026-07-19 17:29:00,TRK-012,Rute-Q,Petamburan Hub,513.1,1200,23.33,2.1,70.2,LOADED,YES,DOCK-06
2026-07-20 07:42:00,TRK-019,Rute-A,Bogor Transit Hub,513.8,1200,23.74,2.3,70.7,QUEUED,NO,DOCK-07
2026-07-21 11:55:00,TRK-026,Rute-C,Central Hub (Jakarta),514.5,1200,24.15,2.4,71.2,DELIVERED,YES,DOCK-08
2026-07-22 15:08:00,TRK-033,Rute-E,Bekasi Logistics Hub,515.2,1200,24.56,2.5,71.8,IN_TRANSIT,YES,DOCK-09
2026-07-23 05:21:00,TRK-040,Rute-G,Cikarang Industrial Hub,515.9,1200,24.97,2.7,72.4,IDLE_DOCK,YES,DOCK-10
2026-07-24 09:34:00,TRK-047,Rute-I,Grogol Hub (Jakbar),516.6,1200,25.38,2.8,72.9,LOADED,YES,DOCK-11
2026-07-25 13:47:00,TRK-054,Rute-K,Depok Hub,517.3,1200,25.79,3.0,73.5,QUEUED,NO,DOCK-12
2026-07-26 17:00:00,TRK-061,Rute-M,Gudang West (Tangerang),518.0,1200,9.8,0.3,74.0,DELIVERED,YES,DOCK-01
2026-07-27 07:13:00,TRK-068,Rute-O,Petamburan Hub,518.7,1200,10.21,0.4,74.6,IN_TRANSIT,YES,DOCK-02
2026-07-28 11:26:00,TRK-075,Rute-Q,Bogor Transit Hub,519.4,1200,10.62,0.6,75.1,IDLE_DOCK,YES,DOCK-03
2026-07-29 15:39:00,TRK-082,Rute-A,Central Hub (Jakarta),520.1,1200,11.03,0.7,75.7,LOADED,YES,DOCK-04
2026-07-30 05:52:00,TRK-089,Rute-C,Bekasi Logistics Hub,520.8,1200,11.44,0.9,76.2,QUEUED,NO,DOCK-05
2026-07-31 09:05:00,TRK-096,Rute-E,Cikarang Industrial Hub,521.5,1200,11.85,1.0,76.8,DELIVERED,YES,DOCK-06
2026-07-01 13:18:00,TRK-103,Rute-G,Grogol Hub (Jakbar),522.2,1200,12.26,1.1,77.3,IN_TRANSIT,YES,DOCK-07
2026-07-02 17:31:00,TRK-110,Rute-I,Depok Hub,522.9,1200,12.67,1.3,77.9,IDLE_DOCK,YES,DOCK-08
2026-07-03 07:44:00,TRK-117,Rute-K,Gudang West (Tangerang),523.6,1200,13.08,1.4,78.4,LOADED,YES,DOCK-09
2026-07-04 11:57:00,TRK-124,Rute-M,Petamburan Hub,524.3,1200,13.49,1.6,79.0,QUEUED,NO,DOCK-10
2026-07-05 15:10:00,TRK-131,Rute-O,Bogor Transit Hub,525.0,1200,13.9,1.7,79.5,DELIVERED,YES,DOCK-11
2026-07-06 05:23:00,TRK-138,Rute-Q,Central Hub (Jakarta),525.7,1200,14.31,1.8,80.1,IN_TRANSIT,YES,DOCK-12
2026-07-07 09:36:00,TRK-145,Rute-A,Bekasi Logistics Hub,526.4,1200,14.72,2.0,80.6,IDLE_DOCK,YES,DOCK-01
2026-07-08 13:49:00,TRK-152,Rute-C,Cikarang Industrial Hub,527.1,1200,15.13,2.1,81.2,LOADED,YES,DOCK-02
2026-07-09 17:02:00,TRK-159,Rute-E,Grogol Hub (Jakbar),527.8,1200,15.54,2.3,81.7,QUEUED,NO,DOCK-03
2026-07-10 07:15:00,TRK-166,Rute-G,Depok Hub,528.5,1200,15.95,2.4,82.2,DELIVERED,YES,DOCK-04
2026-07-11 11:28:00,TRK-173,Rute-I,Gudang West (Tangerang),529.2,1200,16.36,2.5,82.8,IN_TRANSIT,YES,DOCK-05
2026-07-12 15:41:00,TRK-180,Rute-K,Petamburan Hub,529.9,1200,16.77,2.7,83.4,IDLE_DOCK,YES,DOCK-06
2026-07-13 05:54:00,TRK-007,Rute-M,Bogor Transit Hub,530.6,1200,17.18,2.8,83.9,LOADED,YES,DOCK-07
2026-07-14 09:07:00,TRK-014,Rute-O,Central Hub (Jakarta),531.3,1200,17.59,3.0,84.5,QUEUED,NO,DOCK-08
2026-07-15 13:20:00,TRK-021,Rute-Q,Bekasi Logistics Hub,532.0,1200,18.0,0.3,85.0,DELIVERED,YES,DOCK-09
2026-07-16 17:33:00,TRK-028,Rute-A,Cikarang Industrial Hub,532.7,1200,18.41,0.4,85.6,IN_TRANSIT,YES,DOCK-10
2026-07-17 07:46:00,TRK-035,Rute-C,Grogol Hub (Jakbar),533.4,1200,18.82,0.6,86.1,IDLE_DOCK,YES,DOCK-11
2026-07-18 11:59:00,TRK-042,Rute-E,Depok Hub,534.1,1200,19.23,0.7,86.7,LOADED,YES,DOCK-12
2026-07-19 15:12:00,TRK-049,Rute-G,Gudang West (Tangerang),534.8,1200,19.64,0.9,87.2,QUEUED,NO,DOCK-01
2026-07-20 05:25:00,TRK-056,Rute-I,Petamburan Hub,535.5,1200,20.05,1.0,87.8,DELIVERED,YES,DOCK-02
2026-07-21 09:38:00,TRK-063,Rute-K,Bogor Transit Hub,536.2,1200,20.46,1.1,88.3,IN_TRANSIT,YES,DOCK-03
2026-07-22 13:51:00,TRK-070,Rute-M,Central Hub (Jakarta),536.9,1200,20.87,1.3,88.9,IDLE_DOCK,YES,DOCK-04
2026-07-23 17:04:00,TRK-077,Rute-O,Bekasi Logistics Hub,537.6,1200,21.28,1.4,89.4,LOADED,YES,DOCK-05
2026-07-24 07:17:00,TRK-084,Rute-Q,Cikarang Industrial Hub,538.3,1200,21.69,1.6,90.0,QUEUED,NO,DOCK-06
2026-07-25 11:30:00,TRK-091,Rute-A,Grogol Hub (Jakbar),539.0,1200,22.1,1.7,90.5,DELIVERED,YES,DOCK-07
2026-07-26 15:43:00,TRK-098,Rute-C,Depok Hub,539.7,1200,22.51,1.8,91.1,IN_TRANSIT,YES,DOCK-08
2026-07-27 05:56:00,TRK-105,Rute-E,Gudang West (Tangerang),540.4,1200,22.92,2.0,91.6,IDLE_DOCK,YES,DOCK-09
2026-07-28 09:09:00,TRK-112,Rute-G,Petamburan Hub,541.1,1200,23.33,2.1,92.2,LOADED,YES,DOCK-10
2026-07-29 13:22:00,TRK-119,Rute-I,Bogor Transit Hub,541.8,1200,23.74,2.3,92.7,QUEUED,NO,DOCK-11
2026-07-30 17:35:00,TRK-126,Rute-K,Central Hub (Jakarta),542.5,1200,24.15,2.4,93.2,DELIVERED,YES,DOCK-12
2026-07-31 07:48:00,TRK-133,Rute-M,Bekasi Logistics Hub,543.2,1200,24.56,2.5,93.8,IN_TRANSIT,YES,DOCK-01
2026-07-01 11:01:00,TRK-140,Rute-O,Cikarang Industrial Hub,543.9,1200,24.97,2.7,94.4,IDLE_DOCK,YES,DOCK-02
2026-07-02 15:14:00,TRK-147,Rute-Q,Grogol Hub (Jakbar),544.6,1200,25.38,2.8,94.9,LOADED,YES,DOCK-03
2026-07-03 05:27:00,TRK-154,Rute-A,Depok Hub,545.3,1200,25.79,3.0,95.5,QUEUED,NO,DOCK-04
2026-07-04 09:40:00,TRK-161,Rute-C,Gudang West (Tangerang),546.0,1200,9.8,0.3,8.0,DELIVERED,YES,DOCK-05
2026-07-05 13:53:00,TRK-168,Rute-E,Petamburan Hub,546.7,1200,10.21,0.4,8.6,IN_TRANSIT,YES,DOCK-06
2026-07-06 17:06:00,TRK-175,Rute-G,Bogor Transit Hub,547.4,1200,10.62,0.6,9.1,IDLE_DOCK,YES,DOCK-07
2026-07-07 07:19:00,TRK-002,Rute-I,Central Hub (Jakarta),548.1,1200,11.03,0.7,9.7,LOADED,YES,DOCK-08
2026-07-08 11:32:00,TRK-009,Rute-K,Bekasi Logistics Hub,548.8,1200,11.44,0.9,10.2,QUEUED,NO,DOCK-09
2026-07-09 15:45:00,TRK-016,Rute-M,Cikarang Industrial Hub,549.5,1200,11.85,1.0,10.8,DELIVERED,YES,DOCK-10
2026-07-10 05:58:00,TRK-023,Rute-O,Grogol Hub (Jakbar),550.2,1200,12.26,1.1,11.3,IN_TRANSIT,YES,DOCK-11
2026-07-11 09:11:00,TRK-030,Rute-Q,Depok Hub,550.9,1200,12.67,1.3,11.9,IDLE_DOCK,YES,DOCK-12
2026-07-12 13:24:00,TRK-037,Rute-A,Gudang West (Tangerang),551.6,1200,13.08,1.4,12.4,LOADED,YES,DOCK-01
2026-07-13 17:37:00,TRK-044,Rute-C,Petamburan Hub,552.3,1200,13.49,1.6,12.9,QUEUED,NO,DOCK-02
2026-07-14 07:50:00,TRK-051,Rute-E,Bogor Transit Hub,553.0,1200,13.9,1.7,13.5,DELIVERED,YES,DOCK-03
2026-07-15 11:03:00,TRK-058,Rute-G,Central Hub (Jakarta),553.7,1200,14.31,1.8,14.1,IN_TRANSIT,YES,DOCK-04
2026-07-16 15:16:00,TRK-065,Rute-I,Bekasi Logistics Hub,554.4,1200,14.72,2.0,14.6,IDLE_DOCK,YES,DOCK-05
2026-07-17 05:29:00,TRK-072,Rute-K,Cikarang Industrial Hub,555.1,1200,15.13,2.1,15.2,LOADED,YES,DOCK-06
2026-07-18 09:42:00,TRK-079,Rute-M,Grogol Hub (Jakbar),555.8,1200,15.54,2.3,15.7,QUEUED,NO,DOCK-07
2026-07-19 13:55:00,TRK-086,Rute-O,Depok Hub,556.5,1200,15.95,2.4,16.2,DELIVERED,YES,DOCK-08
2026-07-20 17:08:00,TRK-093,Rute-Q,Gudang West (Tangerang),557.2,1200,16.36,2.5,16.8,IN_TRANSIT,YES,DOCK-09
2026-07-21 07:21:00,TRK-100,Rute-A,Petamburan Hub,557.9,1200,16.77,2.7,17.4,IDLE_DOCK,YES,DOCK-10
2026-07-22 11:34:00,TRK-107,Rute-C,Bogor Transit Hub,558.6,1200,17.18,2.8,17.9,LOADED,YES,DOCK-11
2026-07-23 15:47:00,TRK-114,Rute-E,Central Hub (Jakarta),559.3,1200,17.59,3.0,18.5,QUEUED,NO,DOCK-12
2026-07-24 05:00:00,TRK-121,Rute-G,Bekasi Logistics Hub,560.0,1200,18.0,0.3,19.0,DELIVERED,YES,DOCK-01
2026-07-25 09:13:00,TRK-128,Rute-I,Cikarang Industrial Hub,560.7,1200,18.41,0.4,19.6,IN_TRANSIT,YES,DOCK-02
2026-07-26 13:26:00,TRK-135,Rute-K,Grogol Hub (Jakbar),561.4,1200,18.82,0.6,20.1,IDLE_DOCK,YES,DOCK-03
2026-07-27 17:39:00,TRK-142,Rute-M,Depok Hub,562.1,1200,19.23,0.7,20.6,LOADED,YES,DOCK-04
2026-07-28 07:52:00,TRK-149,Rute-O,Gudang West (Tangerang),562.8,1200,19.64,0.9,21.2,QUEUED,NO,DOCK-05
2026-07-29 11:05:00,TRK-156,Rute-Q,Petamburan Hub,563.5,1200,20.05,1.0,21.8,DELIVERED,YES,DOCK-06
2026-07-30 15:18:00,TRK-163,Rute-A,Bogor Transit Hub,564.2,1200,20.46,1.1,22.3,IN_TRANSIT,YES,DOCK-07
2026-07-31 05:31:00,TRK-170,Rute-C,Central Hub (Jakarta),564.9,1200,20.87,1.3,22.9,IDLE_DOCK,YES,DOCK-08
2026-07-01 09:44:00,TRK-177,Rute-E,Bekasi Logistics Hub,565.6,1200,21.28,1.4,23.4,LOADED,YES,DOCK-09
2026-07-02 13:57:00,TRK-004,Rute-G,Cikarang Industrial Hub,566.3,1200,21.69,1.6,24.0,QUEUED,NO,DOCK-10
2026-07-03 17:10:00,TRK-011,Rute-I,Grogol Hub (Jakbar),567.0,1200,22.1,1.7,24.5,DELIVERED,YES,DOCK-11
2026-07-04 07:23:00,TRK-018,Rute-K,Depok Hub,567.7,1200,22.51,1.8,25.1,IN_TRANSIT,YES,DOCK-12
2026-07-05 11:36:00,TRK-025,Rute-M,Gudang West (Tangerang),568.4,1200,22.92,2.0,25.6,IDLE_DOCK,YES,DOCK-01
2026-07-06 15:49:00,TRK-032,Rute-O,Petamburan Hub,569.1,1200,23.33,2.1,26.2,LOADED,YES,DOCK-02
2026-07-07 05:02:00,TRK-039,Rute-Q,Bogor Transit Hub,569.8,1200,23.74,2.3,26.7,QUEUED,NO,DOCK-03
2026-07-08 09:15:00,TRK-046,Rute-A,Central Hub (Jakarta),570.5,1200,24.15,2.4,27.2,DELIVERED,YES,DOCK-04
2026-07-09 13:28:00,TRK-053,Rute-C,Bekasi Logistics Hub,571.2,1200,24.56,2.5,27.8,IN_TRANSIT,YES,DOCK-05
2026-07-10 17:41:00,TRK-060,Rute-E,Cikarang Industrial Hub,571.9,1200,24.97,2.7,28.4,IDLE_DOCK,YES,DOCK-06
2026-07-11 07:54:00,TRK-067,Rute-G,Grogol Hub (Jakbar),572.6,1200,25.38,2.8,28.9,LOADED,YES,DOCK-07
2026-07-12 11:07:00,TRK-074,Rute-I,Depok Hub,573.3,1200,25.79,3.0,29.5,QUEUED,NO,DOCK-08
2026-07-13 15:20:00,TRK-081,Rute-K,Gudang West (Tangerang),574.0,1200,9.8,0.3,30.0,DELIVERED,YES,DOCK-09
2026-07-14 05:33:00,TRK-088,Rute-M,Petamburan Hub,574.7,1200,10.21,0.4,30.6,IN_TRANSIT,YES,DOCK-10
2026-07-15 09:46:00,TRK-095,Rute-O,Bogor Transit Hub,575.4,1200,10.62,0.6,31.1,IDLE_DOCK,YES,DOCK-11
2026-07-16 13:59:00,TRK-102,Rute-Q,Central Hub (Jakarta),576.1,1200,11.03,0.7,31.7,LOADED,YES,DOCK-12
2026-07-17 17:12:00,TRK-109,Rute-A,Bekasi Logistics Hub,576.8,1200,11.44,0.9,32.2,QUEUED,NO,DOCK-01
2026-07-18 07:25:00,TRK-116,Rute-C,Cikarang Industrial Hub,577.5,1200,11.85,1.0,32.8,DELIVERED,YES,DOCK-02
2026-07-19 11:38:00,TRK-123,Rute-E,Grogol Hub (Jakbar),578.2,1200,12.26,1.1,33.3,IN_TRANSIT,YES,DOCK-03
2026-07-20 15:51:00,TRK-130,Rute-G,Depok Hub,578.9,1200,12.67,1.3,33.9,IDLE_DOCK,YES,DOCK-04
2026-07-21 05:04:00,TRK-137,Rute-I,Gudang West (Tangerang),579.6,1200,13.08,1.4,34.4,LOADED,YES,DOCK-05
2026-07-22 09:17:00,TRK-144,Rute-K,Petamburan Hub,580.3,1200,13.49,1.6,35.0,QUEUED,NO,DOCK-06
2026-07-23 13:30:00,TRK-151,Rute-M,Bogor Transit Hub,581.0,1200,13.9,1.7,35.5,DELIVERED,YES,DOCK-07
2026-07-24 17:43:00,TRK-158,Rute-O,Central Hub (Jakarta),581.7,1200,14.31,1.8,36.0,IN_TRANSIT,YES,DOCK-08
2026-07-25 07:56:00,TRK-165,Rute-Q,Bekasi Logistics Hub,582.4,1200,14.72,2.0,36.6,IDLE_DOCK,YES,DOCK-09
2026-07-26 11:09:00,TRK-172,Rute-A,Cikarang Industrial Hub,583.1,1200,15.13,2.1,37.2,LOADED,YES,DOCK-10
2026-07-27 15:22:00,TRK-179,Rute-C,Grogol Hub (Jakbar),583.8,1200,15.54,2.3,37.7,QUEUED,NO,DOCK-11
2026-07-28 05:35:00,TRK-006,Rute-E,Depok Hub,584.5,1200,15.95,2.4,38.2,DELIVERED,YES,DOCK-12
2026-07-29 09:48:00,TRK-013,Rute-G,Gudang West (Tangerang),585.2,1200,16.36,2.5,38.8,IN_TRANSIT,YES,DOCK-01
2026-07-30 13:01:00,TRK-020,Rute-I,Petamburan Hub,585.9,1200,16.77,2.7,39.4,IDLE_DOCK,YES,DOCK-02
2026-07-31 17:14:00,TRK-027,Rute-K,Bogor Transit Hub,586.6,1200,17.18,2.8,39.9,LOADED,YES,DOCK-03
2026-07-01 07:27:00,TRK-034,Rute-M,Central Hub (Jakarta),587.3,1200,17.59,3.0,40.5,QUEUED,NO,DOCK-04
2026-07-02 11:40:00,TRK-041,Rute-O,Bekasi Logistics Hub,588.0,1200,18.0,0.3,41.0,DELIVERED,YES,DOCK-05
2026-07-03 15:53:00,TRK-048,Rute-Q,Cikarang Industrial Hub,588.7,1200,18.41,0.4,41.6,IN_TRANSIT,YES,DOCK-06
2026-07-04 05:06:00,TRK-055,Rute-A,Grogol Hub (Jakbar),589.4,1200,18.82,0.6,42.1,IDLE_DOCK,YES,DOCK-07
2026-07-05 09:19:00,TRK-062,Rute-C,Depok Hub,590.1,1200,19.23,0.7,42.7,LOADED,YES,DOCK-08
2026-07-06 13:32:00,TRK-069,Rute-E,Gudang West (Tangerang),590.8,1200,19.64,0.9,43.2,QUEUED,NO,DOCK-09
2026-07-07 17:45:00,TRK-076,Rute-G,Petamburan Hub,591.5,1200,20.05,1.0,43.8,DELIVERED,YES,DOCK-10
2026-07-08 07:58:00,TRK-083,Rute-I,Bogor Transit Hub,592.2,1200,20.46,1.1,44.3,IN_TRANSIT,YES,DOCK-11
2026-07-09 11:11:00,TRK-090,Rute-K,Central Hub (Jakarta),592.9,1200,20.87,1.3,44.9,IDLE_DOCK,YES,DOCK-12
2026-07-10 15:24:00,TRK-097,Rute-M,Bekasi Logistics Hub,593.6,1200,21.28,1.4,45.4,LOADED,YES,DOCK-01
2026-07-11 05:37:00,TRK-104,Rute-O,Cikarang Industrial Hub,594.3,1200,21.69,1.6,46.0,QUEUED,NO,DOCK-02
2026-07-12 09:50:00,TRK-111,Rute-Q,Grogol Hub (Jakbar),595.0,1200,22.1,1.7,46.5,DELIVERED,YES,DOCK-03
2026-07-13 13:03:00,TRK-118,Rute-A,Depok Hub,595.7,1200,22.51,1.8,47.1,IN_TRANSIT,YES,DOCK-04
2026-07-14 17:16:00,TRK-125,Rute-C,Gudang West (Tangerang),596.4,1200,22.92,2.0,47.6,IDLE_DOCK,YES,DOCK-05
2026-07-15 07:29:00,TRK-132,Rute-E,Petamburan Hub,597.1,1200,23.33,2.1,48.2,LOADED,YES,DOCK-06
2026-07-16 11:42:00,TRK-139,Rute-G,Bogor Transit Hub,597.8,1200,23.74,2.3,48.7,QUEUED,NO,DOCK-07
2026-07-17 15:55:00,TRK-146,Rute-I,Central Hub (Jakarta),598.5,1200,24.15,2.4,49.2,DELIVERED,YES,DOCK-08
2026-07-18 05:08:00,TRK-153,Rute-K,Bekasi Logistics Hub,599.2,1200,24.56,2.5,49.8,IN_TRANSIT,YES,DOCK-09
2026-07-19 09:21:00,TRK-160,Rute-M,Cikarang Industrial Hub,599.9,1200,24.97,2.7,50.4,IDLE_DOCK,YES,DOCK-10
2026-07-20 13:34:00,TRK-167,Rute-O,Grogol Hub (Jakbar),600.6,1200,25.38,2.8,50.9,LOADED,YES,DOCK-11
2026-07-21 17:47:00,TRK-174,Rute-Q,Depok Hub,601.3,1200,25.79,3.0,51.5,QUEUED,NO,DOCK-12
2026-07-22 07:00:00,TRK-001,Rute-A,Gudang West (Tangerang),602.0,1200,9.8,0.3,52.0,DELIVERED,YES,DOCK-01
2026-07-23 11:13:00,TRK-008,Rute-C,Petamburan Hub,602.7,1200,10.21,0.4,52.6,IN_TRANSIT,YES,DOCK-02
2026-07-24 15:26:00,TRK-015,Rute-E,Bogor Transit Hub,603.4,1200,10.62,0.6,53.1,IDLE_DOCK,YES,DOCK-03
2026-07-25 05:39:00,TRK-022,Rute-G,Central Hub (Jakarta),604.1,1200,11.03,0.7,53.7,LOADED,YES,DOCK-04
2026-07-26 09:52:00,TRK-029,Rute-I,Bekasi Logistics Hub,604.8,1200,11.44,0.9,54.2,QUEUED,NO,DOCK-05
2026-07-27 13:05:00,TRK-036,Rute-K,Cikarang Industrial Hub,605.5,1200,11.85,1.0,54.8,DELIVERED,YES,DOCK-06
2026-07-28 17:18:00,TRK-043,Rute-M,Grogol Hub (Jakbar),606.2,1200,12.26,1.1,55.3,IN_TRANSIT,YES,DOCK-07
2026-07-29 07:31:00,TRK-050,Rute-O,Depok Hub,606.9,1200,12.67,1.3,55.9,IDLE_DOCK,YES,DOCK-08
2026-07-30 11:44:00,TRK-057,Rute-Q,Gudang West (Tangerang),607.6,1200,13.08,1.4,56.4,LOADED,YES,DOCK-09
2026-07-31 15:57:00,TRK-064,Rute-A,Petamburan Hub,608.3,1200,13.49,1.6,57.0,QUEUED,NO,DOCK-10
2026-07-01 05:10:00,TRK-071,Rute-C,Bogor Transit Hub,609.0,1200,13.9,1.7,57.5,DELIVERED,YES,DOCK-11
2026-07-02 09:23:00,TRK-078,Rute-E,Central Hub (Jakarta),609.7,1200,14.31,1.8,58.1,IN_TRANSIT,YES,DOCK-12
2026-07-03 13:36:00,TRK-085,Rute-G,Bekasi Logistics Hub,610.4,1200,14.72,2.0,58.6,IDLE_DOCK,YES,DOCK-01
2026-07-04 17:49:00,TRK-092,Rute-I,Cikarang Industrial Hub,611.1,1200,15.13,2.1,59.2,LOADED,YES,DOCK-02
2026-07-05 07:02:00,TRK-099,Rute-K,Grogol Hub (Jakbar),611.8,1200,15.54,2.3,59.7,QUEUED,NO,DOCK-03
2026-07-06 11:15:00,TRK-106,Rute-M,Depok Hub,612.5,1200,15.95,2.4,60.3,DELIVERED,YES,DOCK-04
2026-07-07 15:28:00,TRK-113,Rute-O,Gudang West (Tangerang),613.2,1200,16.36,2.5,60.8,IN_TRANSIT,YES,DOCK-05
2026-07-08 05:41:00,TRK-120,Rute-Q,Petamburan Hub,613.9,1200,16.77,2.7,61.4,IDLE_DOCK,YES,DOCK-06
2026-07-09 09:54:00,TRK-127,Rute-A,Bogor Transit Hub,614.6,1200,17.18,2.8,61.9,LOADED,YES,DOCK-07
2026-07-10 13:07:00,TRK-134,Rute-C,Central Hub (Jakarta),615.3,1200,17.59,3.0,62.5,QUEUED,NO,DOCK-08
2026-07-11 17:20:00,TRK-141,Rute-E,Bekasi Logistics Hub,616.0,1200,18.0,0.3,63.0,DELIVERED,YES,DOCK-09
2026-07-12 07:33:00,TRK-148,Rute-G,Cikarang Industrial Hub,616.7,1200,18.41,0.4,63.6,IN_TRANSIT,YES,DOCK-10
2026-07-13 11:46:00,TRK-155,Rute-I,Grogol Hub (Jakbar),617.4,1200,18.82,0.6,64.1,IDLE_DOCK,YES,DOCK-11
2026-07-14 15:59:00,TRK-162,Rute-K,Depok Hub,618.1,1200,19.23,0.7,64.7,LOADED,YES,DOCK-12
2026-07-15 05:12:00,TRK-169,Rute-M,Gudang West (Tangerang),618.8,1200,19.64,0.9,65.2,QUEUED,NO,DOCK-01
2026-07-16 09:25:00,TRK-176,Rute-O,Petamburan Hub,619.5,1200,20.05,1.0,65.8,DELIVERED,YES,DOCK-02
2026-07-17 13:38:00,TRK-003,Rute-Q,Bogor Transit Hub,620.2,1200,20.46,1.1,66.3,IN_TRANSIT,YES,DOCK-03
2026-07-18 17:51:00,TRK-010,Rute-A,Central Hub (Jakarta),620.9,1200,20.87,1.3,66.8,IDLE_DOCK,YES,DOCK-04
2026-07-19 07:04:00,TRK-017,Rute-C,Bekasi Logistics Hub,621.6,1200,21.28,1.4,67.4,LOADED,YES,DOCK-05
2026-07-20 11:17:00,TRK-024,Rute-E,Cikarang Industrial Hub,622.3,1200,21.69,1.6,68.0,QUEUED,NO,DOCK-06
2026-07-21 15:30:00,TRK-031,Rute-G,Grogol Hub (Jakbar),623.0,1200,22.1,1.7,68.5,DELIVERED,YES,DOCK-07
2026-07-22 05:43:00,TRK-038,Rute-I,Depok Hub,623.7,1200,22.51,1.8,69.1,IN_TRANSIT,YES,DOCK-08
2026-07-23 09:56:00,TRK-045,Rute-K,Gudang West (Tangerang),624.4,1200,22.92,2.0,69.6,IDLE_DOCK,YES,DOCK-09
2026-07-24 13:09:00,TRK-052,Rute-M,Petamburan Hub,625.1,1200,23.33,2.1,70.2,LOADED,YES,DOCK-10
2026-07-25 17:22:00,TRK-059,Rute-O,Bogor Transit Hub,625.8,1200,23.74,2.3,70.7,QUEUED,NO,DOCK-11
2026-07-26 07:35:00,TRK-066,Rute-Q,Central Hub (Jakarta),626.5,1200,24.15,2.4,71.2,DELIVERED,YES,DOCK-12
2026-07-27 11:48:00,TRK-073,Rute-A,Bekasi Logistics Hub,627.2,1200,24.56,2.5,71.8,IN_TRANSIT,YES,DOCK-01
2026-07-28 15:01:00,TRK-080,Rute-C,Cikarang Industrial Hub,627.9,1200,24.97,2.7,72.4,IDLE_DOCK,YES,DOCK-02
2026-07-29 05:14:00,TRK-087,Rute-E,Grogol Hub (Jakbar),628.6,1200,25.38,2.8,72.9,LOADED,YES,DOCK-03
2026-07-30 09:27:00,TRK-094,Rute-G,Depok Hub,629.3,1200,25.79,3.0,73.5,QUEUED,NO,DOCK-04
2026-07-31 13:40:00,TRK-101,Rute-I,Gudang West (Tangerang),630.0,1200,9.8,0.3,74.0,DELIVERED,YES,DOCK-05
2026-07-01 17:53:00,TRK-108,Rute-K,Petamburan Hub,630.7,1200,10.21,0.4,74.6,IN_TRANSIT,YES,DOCK-06
2026-07-02 07:06:00,TRK-115,Rute-M,Bogor Transit Hub,631.4,1200,10.62,0.6,75.1,IDLE_DOCK,YES,DOCK-07
2026-07-03 11:19:00,TRK-122,Rute-O,Central Hub (Jakarta),632.1,1200,11.03,0.7,75.7,LOADED,YES,DOCK-08
2026-07-04 15:32:00,TRK-129,Rute-Q,Bekasi Logistics Hub,632.8,1200,11.44,0.9,76.2,QUEUED,NO,DOCK-09
2026-07-05 05:45:00,TRK-136,Rute-A,Cikarang Industrial Hub,633.5,1200,11.85,1.0,76.8,DELIVERED,YES,DOCK-10
2026-07-06 09:58:00,TRK-143,Rute-C,Grogol Hub (Jakbar),634.2,1200,12.26,1.1,77.3,IN_TRANSIT,YES,DOCK-11
2026-07-07 13:11:00,TRK-150,Rute-E,Depok Hub,634.9,1200,12.67,1.3,77.9,IDLE_DOCK,YES,DOCK-12
2026-07-08 17:24:00,TRK-157,Rute-G,Gudang West (Tangerang),635.6,1200,13.08,1.4,78.4,LOADED,YES,DOCK-01
2026-07-09 07:37:00,TRK-164,Rute-I,Petamburan Hub,636.3,1200,13.49,1.6,79.0,QUEUED,NO,DOCK-02
2026-07-10 11:50:00,TRK-171,Rute-K,Bogor Transit Hub,637.0,1200,13.9,1.7,79.5,DELIVERED,YES,DOCK-03
2026-07-11 15:03:00,TRK-178,Rute-M,Central Hub (Jakarta),637.7,1200,14.31,1.8,80.1,IN_TRANSIT,YES,DOCK-04
2026-07-12 05:16:00,TRK-005,Rute-O,Bekasi Logistics Hub,638.4,1200,14.72,2.0,80.6,IDLE_DOCK,YES,DOCK-05
2026-07-13 09:29:00,TRK-012,Rute-Q,Cikarang Industrial Hub,639.1,1200,15.13,2.1,81.2,LOADED,YES,DOCK-06
2026-07-14 13:42:00,TRK-019,Rute-A,Grogol Hub (Jakbar),639.8,1200,15.54,2.3,81.7,QUEUED,NO,DOCK-07
2026-07-15 17:55:00,TRK-026,Rute-C,Depok Hub,640.5,1200,15.95,2.4,82.2,DELIVERED,YES,DOCK-08
2026-07-16 07:08:00,TRK-033,Rute-E,Gudang West (Tangerang),641.2,1200,16.36,2.5,82.8,IN_TRANSIT,YES,DOCK-09
2026-07-17 11:21:00,TRK-040,Rute-G,Petamburan Hub,641.9,1200,16.77,2.7,83.4,IDLE_DOCK,YES,DOCK-10
2026-07-18 15:34:00,TRK-047,Rute-I,Bogor Transit Hub,642.6,1200,17.18,2.8,83.9,LOADED,YES,DOCK-11
2026-07-19 05:47:00,TRK-054,Rute-K,Central Hub (Jakarta),643.3,1200,17.59,3.0,84.5,QUEUED,NO,DOCK-12
2026-07-20 09:00:00,TRK-061,Rute-M,Bekasi Logistics Hub,644.0,1200,18.0,0.3,85.0,DELIVERED,YES,DOCK-01
2026-07-21 13:13:00,TRK-068,Rute-O,Cikarang Industrial Hub,644.7,1200,18.41,0.4,85.6,IN_TRANSIT,YES,DOCK-02
2026-07-22 17:26:00,TRK-075,Rute-Q,Grogol Hub (Jakbar),645.4,1200,18.82,0.6,86.1,IDLE_DOCK,YES,DOCK-03
2026-07-23 07:39:00,TRK-082,Rute-A,Depok Hub,646.1,1200,19.23,0.7,86.7,LOADED,YES,DOCK-04
2026-07-24 11:52:00,TRK-089,Rute-C,Gudang West (Tangerang),646.8,1200,19.64,0.9,87.2,QUEUED,NO,DOCK-05
2026-07-25 15:05:00,TRK-096,Rute-E,Petamburan Hub,647.5,1200,20.05,1.0,87.8,DELIVERED,YES,DOCK-06
2026-07-26 05:18:00,TRK-103,Rute-G,Bogor Transit Hub,648.2,1200,20.46,1.1,88.3,IN_TRANSIT,YES,DOCK-07
2026-07-27 09:31:00,TRK-110,Rute-I,Central Hub (Jakarta),648.9,1200,20.87,1.3,88.9,IDLE_DOCK,YES,DOCK-08
2026-07-28 13:44:00,TRK-117,Rute-K,Bekasi Logistics Hub,649.6,1200,21.28,1.4,89.4,LOADED,YES,DOCK-09
2026-07-29 17:57:00,TRK-124,Rute-M,Cikarang Industrial Hub,650.3,1200,21.69,1.6,90.0,QUEUED,NO,DOCK-10
2026-07-30 07:10:00,TRK-131,Rute-O,Grogol Hub (Jakbar),651.0,1200,22.1,1.7,90.5,DELIVERED,YES,DOCK-11
2026-07-31 11:23:00,TRK-138,Rute-Q,Depok Hub,651.7,1200,22.51,1.8,91.1,IN_TRANSIT,YES,DOCK-12
2026-07-01 15:36:00,TRK-145,Rute-A,Gudang West (Tangerang),652.4,1200,22.92,2.0,91.6,IDLE_DOCK,YES,DOCK-01
2026-07-02 05:49:00,TRK-152,Rute-C,Petamburan Hub,653.1,1200,23.33,2.1,92.2,LOADED,YES,DOCK-02
2026-07-03 09:02:00,TRK-159,Rute-E,Bogor Transit Hub,653.8,1200,23.74,2.3,92.7,QUEUED,NO,DOCK-03
2026-07-04 13:15:00,TRK-166,Rute-G,Central Hub (Jakarta),654.5,1200,24.15,2.4,93.2,DELIVERED,YES,DOCK-04
2026-07-05 17:28:00,TRK-173,Rute-I,Bekasi Logistics Hub,655.2,1200,24.56,2.5,93.8,IN_TRANSIT,YES,DOCK-05
2026-07-06 07:41:00,TRK-180,Rute-K,Cikarang Industrial Hub,655.9,1200,24.97,2.7,94.4,IDLE_DOCK,YES,DOCK-06
2026-07-07 11:54:00,TRK-007,Rute-M,Grogol Hub (Jakbar),656.6,1200,25.38,2.8,94.9,LOADED,YES,DOCK-07
2026-07-08 15:07:00,TRK-014,Rute-O,Depok Hub,657.3,1200,25.79,3.0,95.5,QUEUED,NO,DOCK-08
2026-07-09 05:20:00,TRK-021,Rute-Q,Gudang West (Tangerang),658.0,1200,9.8,0.3,8.0,DELIVERED,YES,DOCK-09
2026-07-10 09:33:00,TRK-028,Rute-A,Petamburan Hub,658.7,1200,10.21,0.4,8.6,IN_TRANSIT,YES,DOCK-10
2026-07-11 13:46:00,TRK-035,Rute-C,Bogor Transit Hub,659.4,1200,10.62,0.6,9.1,IDLE_DOCK,YES,DOCK-11
2026-07-12 17:59:00,TRK-042,Rute-E,Central Hub (Jakarta),660.1,1200,11.03,0.7,9.7,LOADED,YES,DOCK-12
2026-07-13 07:12:00,TRK-049,Rute-G,Bekasi Logistics Hub,660.8,1200,11.44,0.9,10.2,QUEUED,NO,DOCK-01
2026-07-14 11:25:00,TRK-056,Rute-I,Cikarang Industrial Hub,661.5,1200,11.85,1.0,10.8,DELIVERED,YES,DOCK-02
2026-07-15 15:38:00,TRK-063,Rute-K,Grogol Hub (Jakbar),662.2,1200,12.26,1.1,11.3,IN_TRANSIT,YES,DOCK-03
2026-07-16 05:51:00,TRK-070,Rute-M,Depok Hub,662.9,1200,12.67,1.3,11.9,IDLE_DOCK,YES,DOCK-04
2026-07-17 09:04:00,TRK-077,Rute-O,Gudang West (Tangerang),663.6,1200,13.08,1.4,12.4,LOADED,YES,DOCK-05
2026-07-18 13:17:00,TRK-084,Rute-Q,Petamburan Hub,664.3,1200,13.49,1.6,12.9,QUEUED,NO,DOCK-06
2026-07-19 17:30:00,TRK-091,Rute-A,Bogor Transit Hub,665.0,1200,13.9,1.7,13.5,DELIVERED,YES,DOCK-07
2026-07-20 07:43:00,TRK-098,Rute-C,Central Hub (Jakarta),665.7,1200,14.31,1.8,14.1,IN_TRANSIT,YES,DOCK-08
2026-07-21 11:56:00,TRK-105,Rute-E,Bekasi Logistics Hub,666.4,1200,14.72,2.0,14.6,IDLE_DOCK,YES,DOCK-09
2026-07-22 15:09:00,TRK-112,Rute-G,Cikarang Industrial Hub,667.1,1200,15.13,2.1,15.2,LOADED,YES,DOCK-10
2026-07-23 05:22:00,TRK-119,Rute-I,Grogol Hub (Jakbar),667.8,1200,15.54,2.3,15.7,QUEUED,NO,DOCK-11
2026-07-24 09:35:00,TRK-126,Rute-K,Depok Hub,668.5,1200,15.95,2.4,16.2,DELIVERED,YES,DOCK-12
2026-07-25 13:48:00,TRK-133,Rute-M,Gudang West (Tangerang),669.2,1200,16.36,2.5,16.8,IN_TRANSIT,YES,DOCK-01
2026-07-26 17:01:00,TRK-140,Rute-O,Petamburan Hub,669.9,1200,16.77,2.7,17.4,IDLE_DOCK,YES,DOCK-02
2026-07-27 07:14:00,TRK-147,Rute-Q,Bogor Transit Hub,670.6,1200,17.18,2.8,17.9,LOADED,YES,DOCK-03
2026-07-28 11:27:00,TRK-154,Rute-A,Central Hub (Jakarta),671.3,1200,17.59,3.0,18.5,QUEUED,NO,DOCK-04
2026-07-29 15:40:00,TRK-161,Rute-C,Bekasi Logistics Hub,672.0,1200,18.0,0.3,19.0,DELIVERED,YES,DOCK-05
2026-07-30 05:53:00,TRK-168,Rute-E,Cikarang Industrial Hub,672.7,1200,18.41,0.4,19.6,IN_TRANSIT,YES,DOCK-06
2026-07-31 09:06:00,TRK-175,Rute-G,Grogol Hub (Jakbar),673.4,1200,18.82,0.6,20.1,IDLE_DOCK,YES,DOCK-07
2026-07-01 13:19:00,TRK-002,Rute-I,Depok Hub,674.1,1200,19.23,0.7,20.6,LOADED,YES,DOCK-08
2026-07-02 17:32:00,TRK-009,Rute-K,Gudang West (Tangerang),674.8,1200,19.64,0.9,21.2,QUEUED,NO,DOCK-09
2026-07-03 07:45:00,TRK-016,Rute-M,Petamburan Hub,675.5,1200,20.05,1.0,21.8,DELIVERED,YES,DOCK-10
2026-07-04 11:58:00,TRK-023,Rute-O,Bogor Transit Hub,676.2,1200,20.46,1.1,22.3,IN_TRANSIT,YES,DOCK-11
2026-07-05 15:11:00,TRK-030,Rute-Q,Central Hub (Jakarta),676.9,1200,20.87,1.3,22.9,IDLE_DOCK,YES,DOCK-12
2026-07-06 05:24:00,TRK-037,Rute-A,Bekasi Logistics Hub,677.6,1200,21.28,1.4,23.4,LOADED,YES,DOCK-01
2026-07-07 09:37:00,TRK-044,Rute-C,Cikarang Industrial Hub,678.3,1200,21.69,1.6,24.0,QUEUED,NO,DOCK-02
2026-07-08 13:50:00,TRK-051,Rute-E,Grogol Hub (Jakbar),679.0,1200,22.1,1.7,24.5,DELIVERED,YES,DOCK-03
2026-07-09 17:03:00,TRK-058,Rute-G,Depok Hub,679.7,1200,22.51,1.8,25.1,IN_TRANSIT,YES,DOCK-04
2026-07-10 07:16:00,TRK-065,Rute-I,Gudang West (Tangerang),680.4,1200,22.92,2.0,25.6,IDLE_DOCK,YES,DOCK-05
2026-07-11 11:29:00,TRK-072,Rute-K,Petamburan Hub,681.1,1200,23.33,2.1,26.2,LOADED,YES,DOCK-06
2026-07-12 15:42:00,TRK-079,Rute-M,Bogor Transit Hub,681.8,1200,23.74,2.3,26.7,QUEUED,NO,DOCK-07
2026-07-13 05:55:00,TRK-086,Rute-O,Central Hub (Jakarta),682.5,1200,24.15,2.4,27.2,DELIVERED,YES,DOCK-08
2026-07-14 09:08:00,TRK-093,Rute-Q,Bekasi Logistics Hub,683.2,1200,24.56,2.5,27.8,IN_TRANSIT,YES,DOCK-09
2026-07-15 13:21:00,TRK-100,Rute-A,Cikarang Industrial Hub,683.9,1200,24.97,2.7,28.4,IDLE_DOCK,YES,DOCK-10
2026-07-16 17:34:00,TRK-107,Rute-C,Grogol Hub (Jakbar),684.6,1200,25.38,2.8,28.9,LOADED,YES,DOCK-11
2026-07-17 07:47:00,TRK-114,Rute-E,Depok Hub,685.3,1200,25.79,3.0,29.5,QUEUED,NO,DOCK-12
2026-07-18 11:00:00,TRK-121,Rute-G,Gudang West (Tangerang),686.0,1200,9.8,0.3,30.0,DELIVERED,YES,DOCK-01
2026-07-19 15:13:00,TRK-128,Rute-I,Petamburan Hub,686.7,1200,10.21,0.4,30.6,IN_TRANSIT,YES,DOCK-02
2026-07-20 05:26:00,TRK-135,Rute-K,Bogor Transit Hub,687.4,1200,10.62,0.6,31.1,IDLE_DOCK,YES,DOCK-03
2026-07-21 09:39:00,TRK-142,Rute-M,Central Hub (Jakarta),688.1,1200,11.03,0.7,31.7,LOADED,YES,DOCK-04
2026-07-22 13:52:00,TRK-149,Rute-O,Bekasi Logistics Hub,688.8,1200,11.44,0.9,32.2,QUEUED,NO,DOCK-05
2026-07-23 17:05:00,TRK-156,Rute-Q,Cikarang Industrial Hub,689.5,1200,11.85,1.0,32.8,DELIVERED,YES,DOCK-06
2026-07-24 07:18:00,TRK-163,Rute-A,Grogol Hub (Jakbar),690.2,1200,12.26,1.1,33.3,IN_TRANSIT,YES,DOCK-07
2026-07-25 11:31:00,TRK-170,Rute-C,Depok Hub,690.9,1200,12.67,1.3,33.9,IDLE_DOCK,YES,DOCK-08
2026-07-26 15:44:00,TRK-177,Rute-E,Gudang West (Tangerang),691.6,1200,13.08,1.4,34.4,LOADED,YES,DOCK-09
2026-07-27 05:57:00,TRK-004,Rute-G,Petamburan Hub,692.3,1200,13.49,1.6,35.0,QUEUED,NO,DOCK-10
2026-07-28 09:10:00,TRK-011,Rute-I,Bogor Transit Hub,693.0,1200,13.9,1.7,35.5,DELIVERED,YES,DOCK-11
2026-07-29 13:23:00,TRK-018,Rute-K,Central Hub (Jakarta),693.7,1200,14.31,1.8,36.0,IN_TRANSIT,YES,DOCK-12
2026-07-30 17:36:00,TRK-025,Rute-M,Bekasi Logistics Hub,694.4,1200,14.72,2.0,36.6,IDLE_DOCK,YES,DOCK-01
2026-07-31 07:49:00,TRK-032,Rute-O,Cikarang Industrial Hub,695.1,1200,15.13,2.1,37.2,LOADED,YES,DOCK-02
2026-07-01 11:02:00,TRK-039,Rute-Q,Grogol Hub (Jakbar),695.8,1200,15.54,2.3,37.7,QUEUED,NO,DOCK-03
2026-07-02 15:15:00,TRK-046,Rute-A,Depok Hub,696.5,1200,15.95,2.4,38.2,DELIVERED,YES,DOCK-04
2026-07-03 05:28:00,TRK-053,Rute-C,Gudang West (Tangerang),697.2,1200,16.36,2.5,38.8,IN_TRANSIT,YES,DOCK-05
2026-07-04 09:41:00,TRK-060,Rute-E,Petamburan Hub,697.9,1200,16.77,2.7,39.4,IDLE_DOCK,YES,DOCK-06
2026-07-05 13:54:00,TRK-067,Rute-G,Bogor Transit Hub,698.6,1200,17.18,2.8,39.9,LOADED,YES,DOCK-07
2026-07-06 17:07:00,TRK-074,Rute-I,Central Hub (Jakarta),699.3,1200,17.59,3.0,40.5,QUEUED,NO,DOCK-08
2026-07-07 07:20:00,TRK-081,Rute-K,Bekasi Logistics Hub,700.0,1200,18.0,0.3,41.0,DELIVERED,YES,DOCK-09
2026-07-08 11:33:00,TRK-088,Rute-M,Cikarang Industrial Hub,700.7,1200,18.41,0.4,41.6,IN_TRANSIT,YES,DOCK-10
2026-07-09 15:46:00,TRK-095,Rute-O,Grogol Hub (Jakbar),701.4,1200,18.82,0.6,42.1,IDLE_DOCK,YES,DOCK-11
2026-07-10 05:59:00,TRK-102,Rute-Q,Depok Hub,702.1,1200,19.23,0.7,42.7,LOADED,YES,DOCK-12
2026-07-11 09:12:00,TRK-109,Rute-A,Gudang West (Tangerang),702.8,1200,19.64,0.9,43.2,QUEUED,NO,DOCK-01
2026-07-12 13:25:00,TRK-116,Rute-C,Petamburan Hub,703.5,1200,20.05,1.0,43.8,DELIVERED,YES,DOCK-02
2026-07-13 17:38:00,TRK-123,Rute-E,Bogor Transit Hub,704.2,1200,20.46,1.1,44.3,IN_TRANSIT,YES,DOCK-03
2026-07-14 07:51:00,TRK-130,Rute-G,Central Hub (Jakarta),704.9,1200,20.87,1.3,44.9,IDLE_DOCK,YES,DOCK-04
2026-07-15 11:04:00,TRK-137,Rute-I,Bekasi Logistics Hub,705.6,1200,21.28,1.4,45.4,LOADED,YES,DOCK-05
2026-07-16 15:17:00,TRK-144,Rute-K,Cikarang Industrial Hub,706.3,1200,21.69,1.6,46.0,QUEUED,NO,DOCK-06
2026-07-17 05:30:00,TRK-151,Rute-M,Grogol Hub (Jakbar),707.0,1200,22.1,1.7,46.5,DELIVERED,YES,DOCK-07
2026-07-18 09:43:00,TRK-158,Rute-O,Depok Hub,707.7,1200,22.51,1.8,47.1,IN_TRANSIT,YES,DOCK-08
2026-07-19 13:56:00,TRK-165,Rute-Q,Gudang West (Tangerang),708.4,1200,22.92,2.0,47.6,IDLE_DOCK,YES,DOCK-09
2026-07-20 17:09:00,TRK-172,Rute-A,Petamburan Hub,709.1,1200,23.33,2.1,48.2,LOADED,YES,DOCK-10
2026-07-21 07:22:00,TRK-179,Rute-C,Bogor Transit Hub,709.8,1200,23.74,2.3,48.7,QUEUED,NO,DOCK-11
2026-07-22 11:35:00,TRK-006,Rute-E,Central Hub (Jakarta),710.5,1200,24.15,2.4,49.2,DELIVERED,YES,DOCK-12
2026-07-23 15:48:00,TRK-013,Rute-G,Bekasi Logistics Hub,711.2,1200,24.56,2.5,49.8,IN_TRANSIT,YES,DOCK-01
2026-07-24 05:01:00,TRK-020,Rute-I,Cikarang Industrial Hub,711.9,1200,24.97,2.7,50.4,IDLE_DOCK,YES,DOCK-02
2026-07-25 09:14:00,TRK-027,Rute-K,Grogol Hub (Jakbar),712.6,1200,25.38,2.8,50.9,LOADED,YES,DOCK-03
2026-07-26 13:27:00,TRK-034,Rute-M,Depok Hub,713.3,1200,25.79,3.0,51.5,QUEUED,NO,DOCK-04
2026-07-27 17:40:00,TRK-041,Rute-O,Gudang West (Tangerang),714.0,1200,9.8,0.3,52.0,DELIVERED,YES,DOCK-05
2026-07-28 07:53:00,TRK-048,Rute-Q,Petamburan Hub,714.7,1200,10.21,0.4,52.6,IN_TRANSIT,YES,DOCK-06
2026-07-29 11:06:00,TRK-055,Rute-A,Bogor Transit Hub,715.4,1200,10.62,0.6,53.1,IDLE_DOCK,YES,DOCK-07
2026-07-30 15:19:00,TRK-062,Rute-C,Central Hub (Jakarta),716.1,1200,11.03,0.7,53.7,LOADED,YES,DOCK-08
2026-07-31 05:32:00,TRK-069,Rute-E,Bekasi Logistics Hub,716.8,1200,11.44,0.9,54.2,QUEUED,NO,DOCK-09
2026-07-01 09:45:00,TRK-076,Rute-G,Cikarang Industrial Hub,717.5,1200,11.85,1.0,54.8,DELIVERED,YES,DOCK-10
2026-07-02 13:58:00,TRK-083,Rute-I,Grogol Hub (Jakbar),718.2,1200,12.26,1.1,55.3,IN_TRANSIT,YES,DOCK-11
2026-07-03 17:11:00,TRK-090,Rute-K,Depok Hub,718.9,1200,12.67,1.3,55.9,IDLE_DOCK,YES,DOCK-12
2026-07-04 07:24:00,TRK-097,Rute-M,Gudang West (Tangerang),719.6,1200,13.08,1.4,56.4,LOADED,YES,DOCK-01
2026-07-05 11:37:00,TRK-104,Rute-O,Petamburan Hub,720.3,1200,13.49,1.6,57.0,QUEUED,NO,DOCK-02
2026-07-06 15:50:00,TRK-111,Rute-Q,Bogor Transit Hub,721.0,1200,13.9,1.7,57.5,DELIVERED,YES,DOCK-03
2026-07-07 05:03:00,TRK-118,Rute-A,Central Hub (Jakarta),721.7,1200,14.31,1.8,58.1,IN_TRANSIT,YES,DOCK-04
2026-07-08 09:16:00,TRK-125,Rute-C,Bekasi Logistics Hub,722.4,1200,14.72,2.0,58.6,IDLE_DOCK,YES,DOCK-05
2026-07-09 13:29:00,TRK-132,Rute-E,Cikarang Industrial Hub,723.1,1200,15.13,2.1,59.2,LOADED,YES,DOCK-06
2026-07-10 17:42:00,TRK-139,Rute-G,Grogol Hub (Jakbar),723.8,1200,15.54,2.3,59.7,QUEUED,NO,DOCK-07
2026-07-11 07:55:00,TRK-146,Rute-I,Depok Hub,724.5,1200,15.95,2.4,60.3,DELIVERED,YES,DOCK-08
2026-07-12 11:08:00,TRK-153,Rute-K,Gudang West (Tangerang),725.2,1200,16.36,2.5,60.8,IN_TRANSIT,YES,DOCK-09
2026-07-13 15:21:00,TRK-160,Rute-M,Petamburan Hub,725.9,1200,16.77,2.7,61.4,IDLE_DOCK,YES,DOCK-10
2026-07-14 05:34:00,TRK-167,Rute-O,Bogor Transit Hub,726.6,1200,17.18,2.8,61.9,LOADED,YES,DOCK-11
2026-07-15 09:47:00,TRK-174,Rute-Q,Central Hub (Jakarta),727.3,1200,17.59,3.0,62.5,QUEUED,NO,DOCK-12
2026-07-16 13:00:00,TRK-001,Rute-A,Bekasi Logistics Hub,728.0,1200,18.0,0.3,63.0,DELIVERED,YES,DOCK-01
2026-07-17 17:13:00,TRK-008,Rute-C,Cikarang Industrial Hub,728.7,1200,18.41,0.4,63.6,IN_TRANSIT,YES,DOCK-02
2026-07-18 07:26:00,TRK-015,Rute-E,Grogol Hub (Jakbar),729.4,1200,18.82,0.6,64.1,IDLE_DOCK,YES,DOCK-03
2026-07-19 11:39:00,TRK-022,Rute-G,Depok Hub,730.1,1200,19.23,0.7,64.7,LOADED,YES,DOCK-04
2026-07-20 15:52:00,TRK-029,Rute-I,Gudang West (Tangerang),730.8,1200,19.64,0.9,65.2,QUEUED,NO,DOCK-05
2026-07-21 05:05:00,TRK-036,Rute-K,Petamburan Hub,731.5,1200,20.05,1.0,65.8,DELIVERED,YES,DOCK-06
2026-07-22 09:18:00,TRK-043,Rute-M,Bogor Transit Hub,732.2,1200,20.46,1.1,66.3,IN_TRANSIT,YES,DOCK-07
2026-07-23 13:31:00,TRK-050,Rute-O,Central Hub (Jakarta),732.9,1200,20.87,1.3,66.8,IDLE_DOCK,YES,DOCK-08
2026-07-24 17:44:00,TRK-057,Rute-Q,Bekasi Logistics Hub,733.6,1200,21.28,1.4,67.4,LOADED,YES,DOCK-09
2026-07-25 07:57:00,TRK-064,Rute-A,Cikarang Industrial Hub,734.3,1200,21.69,1.6,68.0,QUEUED,NO,DOCK-10
2026-07-26 11:10:00,TRK-071,Rute-C,Grogol Hub (Jakbar),735.0,1200,22.1,1.7,68.5,DELIVERED,YES,DOCK-11
2026-07-27 15:23:00,TRK-078,Rute-E,Depok Hub,735.7,1200,22.51,1.8,69.1,IN_TRANSIT,YES,DOCK-12
2026-07-28 05:36:00,TRK-085,Rute-G,Gudang West (Tangerang),736.4,1200,22.92,2.0,69.6,IDLE_DOCK,YES,DOCK-01
2026-07-29 09:49:00,TRK-092,Rute-I,Petamburan Hub,737.1,1200,23.33,2.1,70.2,LOADED,YES,DOCK-02
2026-07-30 13:02:00,TRK-099,Rute-K,Bogor Transit Hub,737.8,1200,23.74,2.3,70.7,QUEUED,NO,DOCK-03
2026-07-31 17:15:00,TRK-106,Rute-M,Central Hub (Jakarta),738.5,1200,24.15,2.4,71.2,DELIVERED,YES,DOCK-04
2026-07-01 07:28:00,TRK-113,Rute-O,Bekasi Logistics Hub,739.2,1200,24.56,2.5,71.8,IN_TRANSIT,YES,DOCK-05
2026-07-02 11:41:00,TRK-120,Rute-Q,Cikarang Industrial Hub,739.9,1200,24.97,2.7,72.4,IDLE_DOCK,YES,DOCK-06
2026-07-03 15:54:00,TRK-127,Rute-A,Grogol Hub (Jakbar),740.6,1200,25.38,2.8,72.9,LOADED,YES,DOCK-07
2026-07-04 05:07:00,TRK-134,Rute-C,Depok Hub,741.3,1200,25.79,3.0,73.5,QUEUED,NO,DOCK-08
2026-07-05 09:20:00,TRK-141,Rute-E,Gudang West (Tangerang),742.0,1200,9.8,0.3,74.0,DELIVERED,YES,DOCK-09
2026-07-06 13:33:00,TRK-148,Rute-G,Petamburan Hub,742.7,1200,10.21,0.4,74.6,IN_TRANSIT,YES,DOCK-10
2026-07-07 17:46:00,TRK-155,Rute-I,Bogor Transit Hub,743.4,1200,10.62,0.6,75.1,IDLE_DOCK,YES,DOCK-11
2026-07-08 07:59:00,TRK-162,Rute-K,Central Hub (Jakarta),744.1,1200,11.03,0.7,75.7,LOADED,YES,DOCK-12
2026-07-09 11:12:00,TRK-169,Rute-M,Bekasi Logistics Hub,744.8,1200,11.44,0.9,76.2,QUEUED,NO,DOCK-01
2026-07-10 15:25:00,TRK-176,Rute-O,Cikarang Industrial Hub,745.5,1200,11.85,1.0,76.8,DELIVERED,YES,DOCK-02
2026-07-11 05:38:00,TRK-003,Rute-Q,Grogol Hub (Jakbar),746.2,1200,12.26,1.1,77.3,IN_TRANSIT,YES,DOCK-03
2026-07-12 09:51:00,TRK-010,Rute-A,Depok Hub,746.9,1200,12.67,1.3,77.9,IDLE_DOCK,YES,DOCK-04
2026-07-13 13:04:00,TRK-017,Rute-C,Gudang West (Tangerang),747.6,1200,13.08,1.4,78.4,LOADED,YES,DOCK-05
2026-07-14 17:17:00,TRK-024,Rute-E,Petamburan Hub,748.3,1200,13.49,1.6,79.0,QUEUED,NO,DOCK-06
2026-07-15 07:30:00,TRK-031,Rute-G,Bogor Transit Hub,749.0,1200,13.9,1.7,79.5,DELIVERED,YES,DOCK-07
2026-07-16 11:43:00,TRK-038,Rute-I,Central Hub (Jakarta),749.7,1200,14.31,1.8,80.1,IN_TRANSIT,YES,DOCK-08
2026-07-17 15:56:00,TRK-045,Rute-K,Bekasi Logistics Hub,750.4,1200,14.72,2.0,80.6,IDLE_DOCK,YES,DOCK-09
2026-07-18 05:09:00,TRK-052,Rute-M,Cikarang Industrial Hub,751.1,1200,15.13,2.1,81.2,LOADED,YES,DOCK-10
2026-07-19 09:22:00,TRK-059,Rute-O,Grogol Hub (Jakbar),751.8,1200,15.54,2.3,81.7,QUEUED,NO,DOCK-11
2026-07-20 13:35:00,TRK-066,Rute-Q,Depok Hub,752.5,1200,15.95,2.4,82.2,DELIVERED,YES,DOCK-12
2026-07-21 17:48:00,TRK-073,Rute-A,Gudang West (Tangerang),753.2,1200,16.36,2.5,82.8,IN_TRANSIT,YES,DOCK-01
2026-07-22 07:01:00,TRK-080,Rute-C,Petamburan Hub,753.9,1200,16.77,2.7,83.4,IDLE_DOCK,YES,DOCK-02
2026-07-23 11:14:00,TRK-087,Rute-E,Bogor Transit Hub,754.6,1200,17.18,2.8,83.9,LOADED,YES,DOCK-03
2026-07-24 15:27:00,TRK-094,Rute-G,Central Hub (Jakarta),755.3,1200,17.59,3.0,84.5,QUEUED,NO,DOCK-04
2026-07-25 05:40:00,TRK-101,Rute-I,Bekasi Logistics Hub,756.0,1200,18.0,0.3,85.0,DELIVERED,YES,DOCK-05
2026-07-26 09:53:00,TRK-108,Rute-K,Cikarang Industrial Hub,756.7,1200,18.41,0.4,85.6,IN_TRANSIT,YES,DOCK-06
2026-07-27 13:06:00,TRK-115,Rute-M,Grogol Hub (Jakbar),757.4,1200,18.82,0.6,86.1,IDLE_DOCK,YES,DOCK-07
2026-07-28 17:19:00,TRK-122,Rute-O,Depok Hub,758.1,1200,19.23,0.7,86.7,LOADED,YES,DOCK-08
2026-07-29 07:32:00,TRK-129,Rute-Q,Gudang West (Tangerang),758.8,1200,19.64,0.9,87.2,QUEUED,NO,DOCK-09
2026-07-30 11:45:00,TRK-136,Rute-A,Petamburan Hub,759.5,1200,20.05,1.0,87.8,DELIVERED,YES,DOCK-10
2026-07-31 15:58:00,TRK-143,Rute-C,Bogor Transit Hub,760.2,1200,20.46,1.1,88.3,IN_TRANSIT,YES,DOCK-11
2026-07-01 05:11:00,TRK-150,Rute-E,Central Hub (Jakarta),760.9,1200,20.87,1.3,88.9,IDLE_DOCK,YES,DOCK-12
2026-07-02 09:24:00,TRK-157,Rute-G,Bekasi Logistics Hub,761.6,1200,21.28,1.4,89.4,LOADED,YES,DOCK-01
2026-07-03 13:37:00,TRK-164,Rute-I,Cikarang Industrial Hub,762.3,1200,21.69,1.6,90.0,QUEUED,NO,DOCK-02
2026-07-04 17:50:00,TRK-171,Rute-K,Grogol Hub (Jakbar),763.0,1200,22.1,1.7,90.5,DELIVERED,YES,DOCK-03
2026-07-05 07:03:00,TRK-178,Rute-M,Depok Hub,763.7,1200,22.51,1.8,91.1,IN_TRANSIT,YES,DOCK-04
2026-07-06 11:16:00,TRK-005,Rute-O,Gudang West (Tangerang),764.4,1200,22.92,2.0,91.6,IDLE_DOCK,YES,DOCK-05
2026-07-07 15:29:00,TRK-012,Rute-Q,Petamburan Hub,765.1,1200,23.33,2.1,92.2,LOADED,YES,DOCK-06
2026-07-08 05:42:00,TRK-019,Rute-A,Bogor Transit Hub,765.8,1200,23.74,2.3,92.7,QUEUED,NO,DOCK-07
2026-07-09 09:55:00,TRK-026,Rute-C,Central Hub (Jakarta),766.5,1200,24.15,2.4,93.2,DELIVERED,YES,DOCK-08
2026-07-10 13:08:00,TRK-033,Rute-E,Bekasi Logistics Hub,767.2,1200,24.56,2.5,93.8,IN_TRANSIT,YES,DOCK-09
2026-07-11 17:21:00,TRK-040,Rute-G,Cikarang Industrial Hub,767.9,1200,24.97,2.7,94.4,IDLE_DOCK,YES,DOCK-10
2026-07-12 07:34:00,TRK-047,Rute-I,Grogol Hub (Jakbar),768.6,1200,25.38,2.8,94.9,LOADED,YES,DOCK-11
2026-07-13 11:47:00,TRK-054,Rute-K,Depok Hub,769.3,1200,25.79,3.0,95.5,QUEUED,NO,DOCK-12
2026-07-14 15:00:00,TRK-061,Rute-M,Gudang West (Tangerang),770.0,1200,9.8,0.3,8.0,DELIVERED,YES,DOCK-01
2026-07-15 05:13:00,TRK-068,Rute-O,Petamburan Hub,770.7,1200,10.21,0.4,8.6,IN_TRANSIT,YES,DOCK-02
2026-07-16 09:26:00,TRK-075,Rute-Q,Bogor Transit Hub,771.4,1200,10.62,0.6,9.1,IDLE_DOCK,YES,DOCK-03
2026-07-17 13:39:00,TRK-082,Rute-A,Central Hub (Jakarta),772.1,1200,11.03,0.7,9.7,LOADED,YES,DOCK-04
2026-07-18 17:52:00,TRK-089,Rute-C,Bekasi Logistics Hub,772.8,1200,11.44,0.9,10.2,QUEUED,NO,DOCK-05
2026-07-19 07:05:00,TRK-096,Rute-E,Cikarang Industrial Hub,773.5,1200,11.85,1.0,10.8,DELIVERED,YES,DOCK-06
2026-07-20 11:18:00,TRK-103,Rute-G,Grogol Hub (Jakbar),774.2,1200,12.26,1.1,11.3,IN_TRANSIT,YES,DOCK-07
2026-07-21 15:31:00,TRK-110,Rute-I,Depok Hub,774.9,1200,12.67,1.3,11.9,IDLE_DOCK,YES,DOCK-08
2026-07-22 05:44:00,TRK-117,Rute-K,Gudang West (Tangerang),775.6,1200,13.08,1.4,12.4,LOADED,YES,DOCK-09
2026-07-23 09:57:00,TRK-124,Rute-M,Petamburan Hub,776.3,1200,13.49,1.6,12.9,QUEUED,NO,DOCK-10
2026-07-24 13:10:00,TRK-131,Rute-O,Bogor Transit Hub,777.0,1200,13.9,1.7,13.5,DELIVERED,YES,DOCK-11
2026-07-25 17:23:00,TRK-138,Rute-Q,Central Hub (Jakarta),777.7,1200,14.31,1.8,14.1,IN_TRANSIT,YES,DOCK-12
2026-07-26 07:36:00,TRK-145,Rute-A,Bekasi Logistics Hub,778.4,1200,14.72,2.0,14.6,IDLE_DOCK,YES,DOCK-01
2026-07-27 11:49:00,TRK-152,Rute-C,Cikarang Industrial Hub,779.1,1200,15.13,2.1,15.2,LOADED,YES,DOCK-02
2026-07-28 15:02:00,TRK-159,Rute-E,Grogol Hub (Jakbar),779.8,1200,15.54,2.3,15.7,QUEUED,NO,DOCK-03
2026-07-29 05:15:00,TRK-166,Rute-G,Depok Hub,780.5,1200,15.95,2.4,16.2,DELIVERED,YES,DOCK-04
2026-07-30 09:28:00,TRK-173,Rute-I,Gudang West (Tangerang),781.2,1200,16.36,2.5,16.8,IN_TRANSIT,YES,DOCK-05
2026-07-31 13:41:00,TRK-180,Rute-K,Petamburan Hub,781.9,1200,16.77,2.7,17.4,IDLE_DOCK,YES,DOCK-06
2026-07-01 17:54:00,TRK-007,Rute-M,Bogor Transit Hub,782.6,1200,17.18,2.8,17.9,LOADED,YES,DOCK-07
2026-07-02 07:07:00,TRK-014,Rute-O,Central Hub (Jakarta),783.3,1200,17.59,3.0,18.5,QUEUED,NO,DOCK-08
2026-07-03 11:20:00,TRK-021,Rute-Q,Bekasi Logistics Hub,784.0,1200,18.0,0.3,19.0,DELIVERED,YES,DOCK-09
2026-07-04 15:33:00,TRK-028,Rute-A,Cikarang Industrial Hub,784.7,1200,18.41,0.4,19.6,IN_TRANSIT,YES,DOCK-10
2026-07-05 05:46:00,TRK-035,Rute-C,Grogol Hub (Jakbar),785.4,1200,18.82,0.6,20.1,IDLE_DOCK,YES,DOCK-11
2026-07-06 09:59:00,TRK-042,Rute-E,Depok Hub,786.1,1200,19.23,0.7,20.6,LOADED,YES,DOCK-12
2026-07-07 13:12:00,TRK-049,Rute-G,Gudang West (Tangerang),786.8,1200,19.64,0.9,21.2,QUEUED,NO,DOCK-01
2026-07-08 17:25:00,TRK-056,Rute-I,Petamburan Hub,787.5,1200,20.05,1.0,21.8,DELIVERED,YES,DOCK-02
2026-07-09 07:38:00,TRK-063,Rute-K,Bogor Transit Hub,788.2,1200,20.46,1.1,22.3,IN_TRANSIT,YES,DOCK-03
2026-07-10 11:51:00,TRK-070,Rute-M,Central Hub (Jakarta),788.9,1200,20.87,1.3,22.9,IDLE_DOCK,YES,DOCK-04
2026-07-11 15:04:00,TRK-077,Rute-O,Bekasi Logistics Hub,789.6,1200,21.28,1.4,23.4,LOADED,YES,DOCK-05
2026-07-12 05:17:00,TRK-084,Rute-Q,Cikarang Industrial Hub,790.3,1200,21.69,1.6,24.0,QUEUED,NO,DOCK-06
2026-07-13 09:30:00,TRK-091,Rute-A,Grogol Hub (Jakbar),791.0,1200,22.1,1.7,24.5,DELIVERED,YES,DOCK-07
2026-07-14 13:43:00,TRK-098,Rute-C,Depok Hub,791.7,1200,22.51,1.8,25.1,IN_TRANSIT,YES,DOCK-08
2026-07-15 17:56:00,TRK-105,Rute-E,Gudang West (Tangerang),792.4,1200,22.92,2.0,25.6,IDLE_DOCK,YES,DOCK-09
2026-07-16 07:09:00,TRK-112,Rute-G,Petamburan Hub,793.1,1200,23.33,2.1,26.2,LOADED,YES,DOCK-10
2026-07-17 11:22:00,TRK-119,Rute-I,Bogor Transit Hub,793.8,1200,23.74,2.3,26.7,QUEUED,NO,DOCK-11
2026-07-18 15:35:00,TRK-126,Rute-K,Central Hub (Jakarta),794.5,1200,24.15,2.4,27.2,DELIVERED,YES,DOCK-12
2026-07-19 05:48:00,TRK-133,Rute-M,Bekasi Logistics Hub,795.2,1200,24.56,2.5,27.8,IN_TRANSIT,YES,DOCK-01
2026-07-20 09:01:00,TRK-140,Rute-O,Cikarang Industrial Hub,795.9,1200,24.97,2.7,28.4,IDLE_DOCK,YES,DOCK-02
2026-07-21 13:14:00,TRK-147,Rute-Q,Grogol Hub (Jakbar),796.6,1200,25.38,2.8,28.9,LOADED,YES,DOCK-03
2026-07-22 17:27:00,TRK-154,Rute-A,Depok Hub,797.3,1200,25.79,3.0,29.5,QUEUED,NO,DOCK-04
2026-07-23 07:40:00,TRK-161,Rute-C,Gudang West (Tangerang),798.0,1200,9.8,0.3,30.0,DELIVERED,YES,DOCK-05
2026-07-24 11:53:00,TRK-168,Rute-E,Petamburan Hub,798.7,1200,10.21,0.4,30.6,IN_TRANSIT,YES,DOCK-06
2026-07-25 15:06:00,TRK-175,Rute-G,Bogor Transit Hub,799.4,1200,10.62,0.6,31.1,IDLE_DOCK,YES,DOCK-07
2026-07-26 05:19:00,TRK-002,Rute-I,Central Hub (Jakarta),800.1,1200,11.03,0.7,31.7,LOADED,YES,DOCK-08
2026-07-27 09:32:00,TRK-009,Rute-K,Bekasi Logistics Hub,800.8,1200,11.44,0.9,32.2,QUEUED,NO,DOCK-09
2026-07-28 13:45:00,TRK-016,Rute-M,Cikarang Industrial Hub,801.5,1200,11.85,1.0,32.8,DELIVERED,YES,DOCK-10
2026-07-29 17:58:00,TRK-023,Rute-O,Grogol Hub (Jakbar),802.2,1200,12.26,1.1,33.3,IN_TRANSIT,YES,DOCK-11
2026-07-30 07:11:00,TRK-030,Rute-Q,Depok Hub,802.9,1200,12.67,1.3,33.9,IDLE_DOCK,YES,DOCK-12
2026-07-31 11:24:00,TRK-037,Rute-A,Gudang West (Tangerang),803.6,1200,13.08,1.4,34.4,LOADED,YES,DOCK-01
2026-07-01 15:37:00,TRK-044,Rute-C,Petamburan Hub,804.3,1200,13.49,1.6,35.0,QUEUED,NO,DOCK-02
2026-07-02 05:50:00,TRK-051,Rute-E,Bogor Transit Hub,805.0,1200,13.9,1.7,35.5,DELIVERED,YES,DOCK-03
2026-07-03 09:03:00,TRK-058,Rute-G,Central Hub (Jakarta),805.7,1200,14.31,1.8,36.0,IN_TRANSIT,YES,DOCK-04
2026-07-04 13:16:00,TRK-065,Rute-I,Bekasi Logistics Hub,806.4,1200,14.72,2.0,36.6,IDLE_DOCK,YES,DOCK-05
2026-07-05 17:29:00,TRK-072,Rute-K,Cikarang Industrial Hub,807.1,1200,15.13,2.1,37.2,LOADED,YES,DOCK-06
2026-07-06 07:42:00,TRK-079,Rute-M,Grogol Hub (Jakbar),807.8,1200,15.54,2.3,37.7,QUEUED,NO,DOCK-07
2026-07-07 11:55:00,TRK-086,Rute-O,Depok Hub,808.5,1200,15.95,2.4,38.2,DELIVERED,YES,DOCK-08
2026-07-08 15:08:00,TRK-093,Rute-Q,Gudang West (Tangerang),809.2,1200,16.36,2.5,38.8,IN_TRANSIT,YES,DOCK-09
2026-07-09 05:21:00,TRK-100,Rute-A,Petamburan Hub,809.9,1200,16.77,2.7,39.4,IDLE_DOCK,YES,DOCK-10
2026-07-10 09:34:00,TRK-107,Rute-C,Bogor Transit Hub,810.6,1200,17.18,2.8,39.9,LOADED,YES,DOCK-11
2026-07-11 13:47:00,TRK-114,Rute-E,Central Hub (Jakarta),811.3,1200,17.59,3.0,40.5,QUEUED,NO,DOCK-12
2026-07-12 17:00:00,TRK-121,Rute-G,Bekasi Logistics Hub,812.0,1200,18.0,0.3,41.0,DELIVERED,YES,DOCK-01
2026-07-13 07:13:00,TRK-128,Rute-I,Cikarang Industrial Hub,812.7,1200,18.41,0.4,41.6,IN_TRANSIT,YES,DOCK-02
2026-07-14 11:26:00,TRK-135,Rute-K,Grogol Hub (Jakbar),813.4,1200,18.82,0.6,42.1,IDLE_DOCK,YES,DOCK-03
2026-07-15 15:39:00,TRK-142,Rute-M,Depok Hub,814.1,1200,19.23,0.7,42.7,LOADED,YES,DOCK-04
2026-07-16 05:52:00,TRK-149,Rute-O,Gudang West (Tangerang),814.8,1200,19.64,0.9,43.2,QUEUED,NO,DOCK-05
2026-07-17 09:05:00,TRK-156,Rute-Q,Petamburan Hub,815.5,1200,20.05,1.0,43.8,DELIVERED,YES,DOCK-06
2026-07-18 13:18:00,TRK-163,Rute-A,Bogor Transit Hub,816.2,1200,20.46,1.1,44.3,IN_TRANSIT,YES,DOCK-07
2026-07-19 17:31:00,TRK-170,Rute-C,Central Hub (Jakarta),816.9,1200,20.87,1.3,44.9,IDLE_DOCK,YES,DOCK-08
2026-07-20 07:44:00,TRK-177,Rute-E,Bekasi Logistics Hub,817.6,1200,21.28,1.4,45.4,LOADED,YES,DOCK-09
2026-07-21 11:57:00,TRK-004,Rute-G,Cikarang Industrial Hub,818.3,1200,21.69,1.6,46.0,QUEUED,NO,DOCK-10
2026-07-22 15:10:00,TRK-011,Rute-I,Grogol Hub (Jakbar),819.0,1200,22.1,1.7,46.5,DELIVERED,YES,DOCK-11
2026-07-23 05:23:00,TRK-018,Rute-K,Depok Hub,819.7,1200,22.51,1.8,47.1,IN_TRANSIT,YES,DOCK-12
2026-07-24 09:36:00,TRK-025,Rute-M,Gudang West (Tangerang),820.4,1200,22.92,2.0,47.6,IDLE_DOCK,YES,DOCK-01
2026-07-25 13:49:00,TRK-032,Rute-O,Petamburan Hub,821.1,1200,23.33,2.1,48.2,LOADED,YES,DOCK-02
2026-07-26 17:02:00,TRK-039,Rute-Q,Bogor Transit Hub,821.8,1200,23.74,2.3,48.7,QUEUED,NO,DOCK-03
2026-07-27 07:15:00,TRK-046,Rute-A,Central Hub (Jakarta),822.5,1200,24.15,2.4,49.2,DELIVERED,YES,DOCK-04
2026-07-28 11:28:00,TRK-053,Rute-C,Bekasi Logistics Hub,823.2,1200,24.56,2.5,49.8,IN_TRANSIT,YES,DOCK-05
2026-07-29 15:41:00,TRK-060,Rute-E,Cikarang Industrial Hub,823.9,1200,24.97,2.7,50.4,IDLE_DOCK,YES,DOCK-06
2026-07-30 05:54:00,TRK-067,Rute-G,Grogol Hub (Jakbar),824.6,1200,25.38,2.8,50.9,LOADED,YES,DOCK-07
2026-07-31 09:07:00,TRK-074,Rute-I,Depok Hub,825.3,1200,25.79,3.0,51.5,QUEUED,NO,DOCK-08
2026-07-01 13:20:00,TRK-081,Rute-K,Gudang West (Tangerang),826.0,1200,9.8,0.3,52.0,DELIVERED,YES,DOCK-09
2026-07-02 17:33:00,TRK-088,Rute-M,Petamburan Hub,826.7,1200,10.21,0.4,52.6,IN_TRANSIT,YES,DOCK-10
2026-07-03 07:46:00,TRK-095,Rute-O,Bogor Transit Hub,827.4,1200,10.62,0.6,53.1,IDLE_DOCK,YES,DOCK-11
2026-07-04 11:59:00,TRK-102,Rute-Q,Central Hub (Jakarta),828.1,1200,11.03,0.7,53.7,LOADED,YES,DOCK-12
2026-07-05 15:12:00,TRK-109,Rute-A,Bekasi Logistics Hub,828.8,1200,11.44,0.9,54.2,QUEUED,NO,DOCK-01
2026-07-06 05:25:00,TRK-116,Rute-C,Cikarang Industrial Hub,829.5,1200,11.85,1.0,54.8,DELIVERED,YES,DOCK-02
2026-07-07 09:38:00,TRK-123,Rute-E,Grogol Hub (Jakbar),830.2,1200,12.26,1.1,55.3,IN_TRANSIT,YES,DOCK-03
2026-07-08 13:51:00,TRK-130,Rute-G,Depok Hub,830.9,1200,12.67,1.3,55.9,IDLE_DOCK,YES,DOCK-04
2026-07-09 17:04:00,TRK-137,Rute-I,Gudang West (Tangerang),831.6,1200,13.08,1.4,56.4,LOADED,YES,DOCK-05
2026-07-10 07:17:00,TRK-144,Rute-K,Petamburan Hub,832.3,1200,13.49,1.6,57.0,QUEUED,NO,DOCK-06
2026-07-11 11:30:00,TRK-151,Rute-M,Bogor Transit Hub,833.0,1200,13.9,1.7,57.5,DELIVERED,YES,DOCK-07
2026-07-12 15:43:00,TRK-158,Rute-O,Central Hub (Jakarta),833.7,1200,14.31,1.8,58.1,IN_TRANSIT,YES,DOCK-08
2026-07-13 05:56:00,TRK-165,Rute-Q,Bekasi Logistics Hub,834.4,1200,14.72,2.0,58.6,IDLE_DOCK,YES,DOCK-09
2026-07-14 09:09:00,TRK-172,Rute-A,Cikarang Industrial Hub,835.1,1200,15.13,2.1,59.2,LOADED,YES,DOCK-10
2026-07-15 13:22:00,TRK-179,Rute-C,Grogol Hub (Jakbar),835.8,1200,15.54,2.3,59.7,QUEUED,NO,DOCK-11
2026-07-16 17:35:00,TRK-006,Rute-E,Depok Hub,836.5,1200,15.95,2.4,60.3,DELIVERED,YES,DOCK-12
2026-07-17 07:48:00,TRK-013,Rute-G,Gudang West (Tangerang),837.2,1200,16.36,2.5,60.8,IN_TRANSIT,YES,DOCK-01
2026-07-18 11:01:00,TRK-020,Rute-I,Petamburan Hub,837.9,1200,16.77,2.7,61.4,IDLE_DOCK,YES,DOCK-02
2026-07-19 15:14:00,TRK-027,Rute-K,Bogor Transit Hub,838.6,1200,17.18,2.8,61.9,LOADED,YES,DOCK-03
2026-07-20 05:27:00,TRK-034,Rute-M,Central Hub (Jakarta),839.3,1200,17.59,3.0,62.5,QUEUED,NO,DOCK-04
2026-07-21 09:40:00,TRK-041,Rute-O,Bekasi Logistics Hub,840.0,1200,18.0,0.3,63.0,DELIVERED,YES,DOCK-05
2026-07-22 13:53:00,TRK-048,Rute-Q,Cikarang Industrial Hub,840.7,1200,18.41,0.4,63.6,IN_TRANSIT,YES,DOCK-06
2026-07-23 17:06:00,TRK-055,Rute-A,Grogol Hub (Jakbar),841.4,1200,18.82,0.6,64.1,IDLE_DOCK,YES,DOCK-07
2026-07-24 07:19:00,TRK-062,Rute-C,Depok Hub,842.1,1200,19.23,0.7,64.7,LOADED,YES,DOCK-08
2026-07-25 11:32:00,TRK-069,Rute-E,Gudang West (Tangerang),842.8,1200,19.64,0.9,65.2,QUEUED,NO,DOCK-09
2026-07-26 15:45:00,TRK-076,Rute-G,Petamburan Hub,843.5,1200,20.05,1.0,65.8,DELIVERED,YES,DOCK-10
2026-07-27 05:58:00,TRK-083,Rute-I,Bogor Transit Hub,844.2,1200,20.46,1.1,66.3,IN_TRANSIT,YES,DOCK-11
2026-07-28 09:11:00,TRK-090,Rute-K,Central Hub (Jakarta),844.9,1200,20.87,1.3,66.8,IDLE_DOCK,YES,DOCK-12
2026-07-29 13:24:00,TRK-097,Rute-M,Bekasi Logistics Hub,845.6,1200,21.28,1.4,67.4,LOADED,YES,DOCK-01
2026-07-30 17:37:00,TRK-104,Rute-O,Cikarang Industrial Hub,846.3,1200,21.69,1.6,68.0,QUEUED,NO,DOCK-02
2026-07-31 07:50:00,TRK-111,Rute-Q,Grogol Hub (Jakbar),847.0,1200,22.1,1.7,68.5,DELIVERED,YES,DOCK-03
2026-07-01 11:03:00,TRK-118,Rute-A,Depok Hub,847.7,1200,22.51,1.8,69.1,IN_TRANSIT,YES,DOCK-04
2026-07-02 15:16:00,TRK-125,Rute-C,Gudang West (Tangerang),848.4,1200,22.92,2.0,69.6,IDLE_DOCK,YES,DOCK-05
2026-07-03 05:29:00,TRK-132,Rute-E,Petamburan Hub,849.1,1200,23.33,2.1,70.2,LOADED,YES,DOCK-06
2026-07-04 09:42:00,TRK-139,Rute-G,Bogor Transit Hub,849.8,1200,23.74,2.3,70.7,QUEUED,NO,DOCK-07
2026-07-05 13:55:00,TRK-146,Rute-I,Central Hub (Jakarta),850.5,1200,24.15,2.4,71.2,DELIVERED,YES,DOCK-08
2026-07-06 17:08:00,TRK-153,Rute-K,Bekasi Logistics Hub,851.2,1200,24.56,2.5,71.8,IN_TRANSIT,YES,DOCK-09
2026-07-07 07:21:00,TRK-160,Rute-M,Cikarang Industrial Hub,851.9,1200,24.97,2.7,72.4,IDLE_DOCK,YES,DOCK-10
2026-07-08 11:34:00,TRK-167,Rute-O,Grogol Hub (Jakbar),852.6,1200,25.38,2.8,72.9,LOADED,YES,DOCK-11
2026-07-09 15:47:00,TRK-174,Rute-Q,Depok Hub,853.3,1200,25.79,3.0,73.5,QUEUED,NO,DOCK-12
2026-07-10 05:00:00,TRK-001,Rute-A,Gudang West (Tangerang),854.0,1200,9.8,0.3,74.0,DELIVERED,YES,DOCK-01
2026-07-11 09:13:00,TRK-008,Rute-C,Petamburan Hub,854.7,1200,10.21,0.4,74.6,IN_TRANSIT,YES,DOCK-02
2026-07-12 13:26:00,TRK-015,Rute-E,Bogor Transit Hub,855.4,1200,10.62,0.6,75.1,IDLE_DOCK,YES,DOCK-03
2026-07-13 17:39:00,TRK-022,Rute-G,Central Hub (Jakarta),856.1,1200,11.03,0.7,75.7,LOADED,YES,DOCK-04
2026-07-14 07:52:00,TRK-029,Rute-I,Bekasi Logistics Hub,856.8,1200,11.44,0.9,76.2,QUEUED,NO,DOCK-05
2026-07-15 11:05:00,TRK-036,Rute-K,Cikarang Industrial Hub,857.5,1200,11.85,1.0,76.8,DELIVERED,YES,DOCK-06
2026-07-16 15:18:00,TRK-043,Rute-M,Grogol Hub (Jakbar),858.2,1200,12.26,1.1,77.3,IN_TRANSIT,YES,DOCK-07
2026-07-17 05:31:00,TRK-050,Rute-O,Depok Hub,858.9,1200,12.67,1.3,77.9,IDLE_DOCK,YES,DOCK-08
2026-07-18 09:44:00,TRK-057,Rute-Q,Gudang West (Tangerang),859.6,1200,13.08,1.4,78.4,LOADED,YES,DOCK-09
2026-07-19 13:57:00,TRK-064,Rute-A,Petamburan Hub,860.3,1200,13.49,1.6,79.0,QUEUED,NO,DOCK-10
2026-07-20 17:10:00,TRK-071,Rute-C,Bogor Transit Hub,861.0,1200,13.9,1.7,79.5,DELIVERED,YES,DOCK-11
2026-07-21 07:23:00,TRK-078,Rute-E,Central Hub (Jakarta),861.7,1200,14.31,1.8,80.1,IN_TRANSIT,YES,DOCK-12
2026-07-22 11:36:00,TRK-085,Rute-G,Bekasi Logistics Hub,862.4,1200,14.72,2.0,80.6,IDLE_DOCK,YES,DOCK-01
2026-07-23 15:49:00,TRK-092,Rute-I,Cikarang Industrial Hub,863.1,1200,15.13,2.1,81.2,LOADED,YES,DOCK-02
2026-07-24 05:02:00,TRK-099,Rute-K,Grogol Hub (Jakbar),863.8,1200,15.54,2.3,81.7,QUEUED,NO,DOCK-03
2026-07-25 09:15:00,TRK-106,Rute-M,Depok Hub,864.5,1200,15.95,2.4,82.2,DELIVERED,YES,DOCK-04
2026-07-26 13:28:00,TRK-113,Rute-O,Gudang West (Tangerang),865.2,1200,16.36,2.5,82.8,IN_TRANSIT,YES,DOCK-05
2026-07-27 17:41:00,TRK-120,Rute-Q,Petamburan Hub,865.9,1200,16.77,2.7,83.4,IDLE_DOCK,YES,DOCK-06
2026-07-28 07:54:00,TRK-127,Rute-A,Bogor Transit Hub,866.6,1200,17.18,2.8,83.9,LOADED,YES,DOCK-07
2026-07-29 11:07:00,TRK-134,Rute-C,Central Hub (Jakarta),867.3,1200,17.59,3.0,84.5,QUEUED,NO,DOCK-08
2026-07-30 15:20:00,TRK-141,Rute-E,Bekasi Logistics Hub,868.0,1200,18.0,0.3,85.0,DELIVERED,YES,DOCK-09
2026-07-31 05:33:00,TRK-148,Rute-G,Cikarang Industrial Hub,868.7,1200,18.41,0.4,85.6,IN_TRANSIT,YES,DOCK-10
2026-07-01 09:46:00,TRK-155,Rute-I,Grogol Hub (Jakbar),869.4,1200,18.82,0.6,86.1,IDLE_DOCK,YES,DOCK-11
2026-07-02 13:59:00,TRK-162,Rute-K,Depok Hub,870.1,1200,19.23,0.7,86.7,LOADED,YES,DOCK-12
2026-07-03 17:12:00,TRK-169,Rute-M,Gudang West (Tangerang),870.8,1200,19.64,0.9,87.2,QUEUED,NO,DOCK-01
2026-07-04 07:25:00,TRK-176,Rute-O,Petamburan Hub,871.5,1200,20.05,1.0,87.8,DELIVERED,YES,DOCK-02
2026-07-05 11:38:00,TRK-003,Rute-Q,Bogor Transit Hub,872.2,1200,20.46,1.1,88.3,IN_TRANSIT,YES,DOCK-03
2026-07-06 15:51:00,TRK-010,Rute-A,Central Hub (Jakarta),872.9,1200,20.87,1.3,88.9,IDLE_DOCK,YES,DOCK-04
2026-07-07 05:04:00,TRK-017,Rute-C,Bekasi Logistics Hub,873.6,1200,21.28,1.4,89.4,LOADED,YES,DOCK-05
2026-07-08 09:17:00,TRK-024,Rute-E,Cikarang Industrial Hub,874.3,1200,21.69,1.6,90.0,QUEUED,NO,DOCK-06
2026-07-09 13:30:00,TRK-031,Rute-G,Grogol Hub (Jakbar),875.0,1200,22.1,1.7,90.5,DELIVERED,YES,DOCK-07
2026-07-10 17:43:00,TRK-038,Rute-I,Depok Hub,875.7,1200,22.51,1.8,91.1,IN_TRANSIT,YES,DOCK-08
2026-07-11 07:56:00,TRK-045,Rute-K,Gudang West (Tangerang),876.4,1200,22.92,2.0,91.6,IDLE_DOCK,YES,DOCK-09
2026-07-12 11:09:00,TRK-052,Rute-M,Petamburan Hub,877.1,1200,23.33,2.1,92.2,LOADED,YES,DOCK-10
2026-07-13 15:22:00,TRK-059,Rute-O,Bogor Transit Hub,877.8,1200,23.74,2.3,92.7,QUEUED,NO,DOCK-11
2026-07-14 05:35:00,TRK-066,Rute-Q,Central Hub (Jakarta),878.5,1200,24.15,2.4,93.2,DELIVERED,YES,DOCK-12
2026-07-15 09:48:00,TRK-073,Rute-A,Bekasi Logistics Hub,879.2,1200,24.56,2.5,93.8,IN_TRANSIT,YES,DOCK-01
2026-07-16 13:01:00,TRK-080,Rute-C,Cikarang Industrial Hub,879.9,1200,24.97,2.7,94.4,IDLE_DOCK,YES,DOCK-02
2026-07-17 17:14:00,TRK-087,Rute-E,Grogol Hub (Jakbar),880.6,1200,25.38,2.8,94.9,LOADED,YES,DOCK-03
2026-07-18 07:27:00,TRK-094,Rute-G,Depok Hub,881.3,1200,25.79,3.0,95.5,QUEUED,NO,DOCK-04
2026-07-19 11:40:00,TRK-101,Rute-I,Gudang West (Tangerang),882.0,1200,9.8,0.3,8.0,DELIVERED,YES,DOCK-05
2026-07-20 15:53:00,TRK-108,Rute-K,Petamburan Hub,882.7,1200,10.21,0.4,8.6,IN_TRANSIT,YES,DOCK-06
2026-07-21 05:06:00,TRK-115,Rute-M,Bogor Transit Hub,883.4,1200,10.62,0.6,9.1,IDLE_DOCK,YES,DOCK-07
2026-07-22 09:19:00,TRK-122,Rute-O,Central Hub (Jakarta),884.1,1200,11.03,0.7,9.7,LOADED,YES,DOCK-08
2026-07-23 13:32:00,TRK-129,Rute-Q,Bekasi Logistics Hub,884.8,1200,11.44,0.9,10.2,QUEUED,NO,DOCK-09
2026-07-24 17:45:00,TRK-136,Rute-A,Cikarang Industrial Hub,885.5,1200,11.85,1.0,10.8,DELIVERED,YES,DOCK-10
2026-07-25 07:58:00,TRK-143,Rute-C,Grogol Hub (Jakbar),886.2,1200,12.26,1.1,11.3,IN_TRANSIT,YES,DOCK-11
2026-07-26 11:11:00,TRK-150,Rute-E,Depok Hub,886.9,1200,12.67,1.3,11.9,IDLE_DOCK,YES,DOCK-12
2026-07-27 15:24:00,TRK-157,Rute-G,Gudang West (Tangerang),887.6,1200,13.08,1.4,12.4,LOADED,YES,DOCK-01
2026-07-28 05:37:00,TRK-164,Rute-I,Petamburan Hub,888.3,1200,13.49,1.6,12.9,QUEUED,NO,DOCK-02
2026-07-29 09:50:00,TRK-171,Rute-K,Bogor Transit Hub,889.0,1200,13.9,1.7,13.5,DELIVERED,YES,DOCK-03
2026-07-30 13:03:00,TRK-178,Rute-M,Central Hub (Jakarta),889.7,1200,14.31,1.8,14.1,IN_TRANSIT,YES,DOCK-04
2026-07-31 17:16:00,TRK-005,Rute-O,Bekasi Logistics Hub,890.4,1200,14.72,2.0,14.6,IDLE_DOCK,YES,DOCK-05
2026-07-01 07:29:00,TRK-012,Rute-Q,Cikarang Industrial Hub,891.1,1200,15.13,2.1,15.2,LOADED,YES,DOCK-06
2026-07-02 11:42:00,TRK-019,Rute-A,Grogol Hub (Jakbar),891.8,1200,15.54,2.3,15.7,QUEUED,NO,DOCK-07
2026-07-03 15:55:00,TRK-026,Rute-C,Depok Hub,892.5,1200,15.95,2.4,16.2,DELIVERED,YES,DOCK-08
2026-07-04 05:08:00,TRK-033,Rute-E,Gudang West (Tangerang),893.2,1200,16.36,2.5,16.8,IN_TRANSIT,YES,DOCK-09
2026-07-05 09:21:00,TRK-040,Rute-G,Petamburan Hub,893.9,1200,16.77,2.7,17.4,IDLE_DOCK,YES,DOCK-10
2026-07-06 13:34:00,TRK-047,Rute-I,Bogor Transit Hub,894.6,1200,17.18,2.8,17.9,LOADED,YES,DOCK-11
2026-07-07 17:47:00,TRK-054,Rute-K,Central Hub (Jakarta),895.3,1200,17.59,3.0,18.5,QUEUED,NO,DOCK-12
2026-07-08 07:00:00,TRK-061,Rute-M,Bekasi Logistics Hub,896.0,1200,18.0,0.3,19.0,DELIVERED,YES,DOCK-01
2026-07-09 11:13:00,TRK-068,Rute-O,Cikarang Industrial Hub,896.7,1200,18.41,0.4,19.6,IN_TRANSIT,YES,DOCK-02
2026-07-10 15:26:00,TRK-075,Rute-Q,Grogol Hub (Jakbar),897.4,1200,18.82,0.6,20.1,IDLE_DOCK,YES,DOCK-03
2026-07-11 05:39:00,TRK-082,Rute-A,Depok Hub,898.1,1200,19.23,0.7,20.6,LOADED,YES,DOCK-04
2026-07-12 09:52:00,TRK-089,Rute-C,Gudang West (Tangerang),898.8,1200,19.64,0.9,21.2,QUEUED,NO,DOCK-05
2026-07-13 13:05:00,TRK-096,Rute-E,Petamburan Hub,899.5,1200,20.05,1.0,21.8,DELIVERED,YES,DOCK-06
2026-07-14 17:18:00,TRK-103,Rute-G,Bogor Transit Hub,900.2,1200,20.46,1.1,22.3,IN_TRANSIT,YES,DOCK-07
2026-07-15 07:31:00,TRK-110,Rute-I,Central Hub (Jakarta),900.9,1200,20.87,1.3,22.9,IDLE_DOCK,YES,DOCK-08
2026-07-16 11:44:00,TRK-117,Rute-K,Bekasi Logistics Hub,901.6,1200,21.28,1.4,23.4,LOADED,YES,DOCK-09
2026-07-17 15:57:00,TRK-124,Rute-M,Cikarang Industrial Hub,902.3,1200,21.69,1.6,24.0,QUEUED,NO,DOCK-10
2026-07-18 05:10:00,TRK-131,Rute-O,Grogol Hub (Jakbar),903.0,1200,22.1,1.7,24.5,DELIVERED,YES,DOCK-11
2026-07-19 09:23:00,TRK-138,Rute-Q,Depok Hub,903.7,1200,22.51,1.8,25.1,IN_TRANSIT,YES,DOCK-12
2026-07-20 13:36:00,TRK-145,Rute-A,Gudang West (Tangerang),904.4,1200,22.92,2.0,25.6,IDLE_DOCK,YES,DOCK-01
2026-07-21 17:49:00,TRK-152,Rute-C,Petamburan Hub,905.1,1200,23.33,2.1,26.2,LOADED,YES,DOCK-02
2026-07-22 07:02:00,TRK-159,Rute-E,Bogor Transit Hub,905.8,1200,23.74,2.3,26.7,QUEUED,NO,DOCK-03
2026-07-23 11:15:00,TRK-166,Rute-G,Central Hub (Jakarta),906.5,1200,24.15,2.4,27.2,DELIVERED,YES,DOCK-04
2026-07-24 15:28:00,TRK-173,Rute-I,Bekasi Logistics Hub,907.2,1200,24.56,2.5,27.8,IN_TRANSIT,YES,DOCK-05
2026-07-25 05:41:00,TRK-180,Rute-K,Cikarang Industrial Hub,907.9,1200,24.97,2.7,28.4,IDLE_DOCK,YES,DOCK-06
2026-07-26 09:54:00,TRK-007,Rute-M,Grogol Hub (Jakbar),908.6,1200,25.38,2.8,28.9,LOADED,YES,DOCK-07
2026-07-27 13:07:00,TRK-014,Rute-O,Depok Hub,909.3,1200,25.79,3.0,29.5,QUEUED,NO,DOCK-08
2026-07-28 17:20:00,TRK-021,Rute-Q,Gudang West (Tangerang),910.0,1200,9.8,0.3,30.0,DELIVERED,YES,DOCK-09
2026-07-29 07:33:00,TRK-028,Rute-A,Petamburan Hub,910.7,1200,10.21,0.4,30.6,IN_TRANSIT,YES,DOCK-10
2026-07-30 11:46:00,TRK-035,Rute-C,Bogor Transit Hub,911.4,1200,10.62,0.6,31.1,IDLE_DOCK,YES,DOCK-11
2026-07-31 15:59:00,TRK-042,Rute-E,Central Hub (Jakarta),912.1,1200,11.03,0.7,31.7,LOADED,YES,DOCK-12
2026-07-01 05:12:00,TRK-049,Rute-G,Bekasi Logistics Hub,912.8,1200,11.44,0.9,32.2,QUEUED,NO,DOCK-01
2026-07-02 09:25:00,TRK-056,Rute-I,Cikarang Industrial Hub,913.5,1200,11.85,1.0,32.8,DELIVERED,YES,DOCK-02
2026-07-03 13:38:00,TRK-063,Rute-K,Grogol Hub (Jakbar),914.2,1200,12.26,1.1,33.3,IN_TRANSIT,YES,DOCK-03
2026-07-04 17:51:00,TRK-070,Rute-M,Depok Hub,914.9,1200,12.67,1.3,33.9,IDLE_DOCK,YES,DOCK-04
2026-07-05 07:04:00,TRK-077,Rute-O,Gudang West (Tangerang),915.6,1200,13.08,1.4,34.4,LOADED,YES,DOCK-05
2026-07-06 11:17:00,TRK-084,Rute-Q,Petamburan Hub,916.3,1200,13.49,1.6,35.0,QUEUED,NO,DOCK-06
2026-07-07 15:30:00,TRK-091,Rute-A,Bogor Transit Hub,917.0,1200,13.9,1.7,35.5,DELIVERED,YES,DOCK-07
2026-07-08 05:43:00,TRK-098,Rute-C,Central Hub (Jakarta),917.7,1200,14.31,1.8,36.0,IN_TRANSIT,YES,DOCK-08
2026-07-09 09:56:00,TRK-105,Rute-E,Bekasi Logistics Hub,918.4,1200,14.72,2.0,36.6,IDLE_DOCK,YES,DOCK-09
2026-07-10 13:09:00,TRK-112,Rute-G,Cikarang Industrial Hub,919.1,1200,15.13,2.1,37.2,LOADED,YES,DOCK-10
2026-07-11 17:22:00,TRK-119,Rute-I,Grogol Hub (Jakbar),919.8,1200,15.54,2.3,37.7,QUEUED,NO,DOCK-11
2026-07-12 07:35:00,TRK-126,Rute-K,Depok Hub,920.5,1200,15.95,2.4,38.2,DELIVERED,YES,DOCK-12
2026-07-13 11:48:00,TRK-133,Rute-M,Gudang West (Tangerang),921.2,1200,16.36,2.5,38.8,IN_TRANSIT,YES,DOCK-01
2026-07-14 15:01:00,TRK-140,Rute-O,Petamburan Hub,921.9,1200,16.77,2.7,39.4,IDLE_DOCK,YES,DOCK-02
2026-07-15 05:14:00,TRK-147,Rute-Q,Bogor Transit Hub,922.6,1200,17.18,2.8,39.9,LOADED,YES,DOCK-03
2026-07-16 09:27:00,TRK-154,Rute-A,Central Hub (Jakarta),923.3,1200,17.59,3.0,40.5,QUEUED,NO,DOCK-04
2026-07-17 13:40:00,TRK-161,Rute-C,Bekasi Logistics Hub,924.0,1200,18.0,0.3,41.0,DELIVERED,YES,DOCK-05
2026-07-18 17:53:00,TRK-168,Rute-E,Cikarang Industrial Hub,924.7,1200,18.41,0.4,41.6,IN_TRANSIT,YES,DOCK-06
2026-07-19 07:06:00,TRK-175,Rute-G,Grogol Hub (Jakbar),925.4,1200,18.82,0.6,42.1,IDLE_DOCK,YES,DOCK-07
2026-07-20 11:19:00,TRK-002,Rute-I,Depok Hub,926.1,1200,19.23,0.7,42.7,LOADED,YES,DOCK-08
2026-07-21 15:32:00,TRK-009,Rute-K,Gudang West (Tangerang),926.8,1200,19.64,0.9,43.2,QUEUED,NO,DOCK-09
2026-07-22 05:45:00,TRK-016,Rute-M,Petamburan Hub,927.5,1200,20.05,1.0,43.8,DELIVERED,YES,DOCK-10
2026-07-23 09:58:00,TRK-023,Rute-O,Bogor Transit Hub,928.2,1200,20.46,1.1,44.3,IN_TRANSIT,YES,DOCK-11
2026-07-24 13:11:00,TRK-030,Rute-Q,Central Hub (Jakarta),928.9,1200,20.87,1.3,44.9,IDLE_DOCK,YES,DOCK-12
2026-07-25 17:24:00,TRK-037,Rute-A,Bekasi Logistics Hub,929.6,1200,21.28,1.4,45.4,LOADED,YES,DOCK-01
2026-07-26 07:37:00,TRK-044,Rute-C,Cikarang Industrial Hub,930.3,1200,21.69,1.6,46.0,QUEUED,NO,DOCK-02
2026-07-27 11:50:00,TRK-051,Rute-E,Grogol Hub (Jakbar),931.0,1200,22.1,1.7,46.5,DELIVERED,YES,DOCK-03
2026-07-28 15:03:00,TRK-058,Rute-G,Depok Hub,931.7,1200,22.51,1.8,47.1,IN_TRANSIT,YES,DOCK-04
2026-07-29 05:16:00,TRK-065,Rute-I,Gudang West (Tangerang),932.4,1200,22.92,2.0,47.6,IDLE_DOCK,YES,DOCK-05
2026-07-30 09:29:00,TRK-072,Rute-K,Petamburan Hub,933.1,1200,23.33,2.1,48.2,LOADED,YES,DOCK-06
2026-07-31 13:42:00,TRK-079,Rute-M,Bogor Transit Hub,933.8,1200,23.74,2.3,48.7,QUEUED,NO,DOCK-07
2026-07-01 17:55:00,TRK-086,Rute-O,Central Hub (Jakarta),934.5,1200,24.15,2.4,49.2,DELIVERED,YES,DOCK-08
2026-07-02 07:08:00,TRK-093,Rute-Q,Bekasi Logistics Hub,935.2,1200,24.56,2.5,49.8,IN_TRANSIT,YES,DOCK-09
2026-07-03 11:21:00,TRK-100,Rute-A,Cikarang Industrial Hub,935.9,1200,24.97,2.7,50.4,IDLE_DOCK,YES,DOCK-10
2026-07-04 15:34:00,TRK-107,Rute-C,Grogol Hub (Jakbar),936.6,1200,25.38,2.8,50.9,LOADED,YES,DOCK-11
2026-07-05 05:47:00,TRK-114,Rute-E,Depok Hub,937.3,1200,25.79,3.0,51.5,QUEUED,NO,DOCK-12
2026-07-06 09:00:00,TRK-121,Rute-G,Gudang West (Tangerang),938.0,1200,9.8,0.3,52.0,DELIVERED,YES,DOCK-01
2026-07-07 13:13:00,TRK-128,Rute-I,Petamburan Hub,938.7,1200,10.21,0.4,52.6,IN_TRANSIT,YES,DOCK-02
2026-07-08 17:26:00,TRK-135,Rute-K,Bogor Transit Hub,939.4,1200,10.62,0.6,53.1,IDLE_DOCK,YES,DOCK-03
2026-07-09 07:39:00,TRK-142,Rute-M,Central Hub (Jakarta),940.1,1200,11.03,0.7,53.7,LOADED,YES,DOCK-04
2026-07-10 11:52:00,TRK-149,Rute-O,Bekasi Logistics Hub,940.8,1200,11.44,0.9,54.2,QUEUED,NO,DOCK-05
2026-07-11 15:05:00,TRK-156,Rute-Q,Cikarang Industrial Hub,941.5,1200,11.85,1.0,54.8,DELIVERED,YES,DOCK-06
2026-07-12 05:18:00,TRK-163,Rute-A,Grogol Hub (Jakbar),942.2,1200,12.26,1.1,55.3,IN_TRANSIT,YES,DOCK-07
2026-07-13 09:31:00,TRK-170,Rute-C,Depok Hub,942.9,1200,12.67,1.3,55.9,IDLE_DOCK,YES,DOCK-08
2026-07-14 13:44:00,TRK-177,Rute-E,Gudang West (Tangerang),943.6,1200,13.08,1.4,56.4,LOADED,YES,DOCK-09
2026-07-15 17:57:00,TRK-004,Rute-G,Petamburan Hub,944.3,1200,13.49,1.6,57.0,QUEUED,NO,DOCK-10
2026-07-16 07:10:00,TRK-011,Rute-I,Bogor Transit Hub,945.0,1200,13.9,1.7,57.5,DELIVERED,YES,DOCK-11
2026-07-17 11:23:00,TRK-018,Rute-K,Central Hub (Jakarta),945.7,1200,14.31,1.8,58.1,IN_TRANSIT,YES,DOCK-12
2026-07-18 15:36:00,TRK-025,Rute-M,Bekasi Logistics Hub,946.4,1200,14.72,2.0,58.6,IDLE_DOCK,YES,DOCK-01
2026-07-19 05:49:00,TRK-032,Rute-O,Cikarang Industrial Hub,947.1,1200,15.13,2.1,59.2,LOADED,YES,DOCK-02
2026-07-20 09:02:00,TRK-039,Rute-Q,Grogol Hub (Jakbar),947.8,1200,15.54,2.3,59.7,QUEUED,NO,DOCK-03
2026-07-21 13:15:00,TRK-046,Rute-A,Depok Hub,948.5,1200,15.95,2.4,60.3,DELIVERED,YES,DOCK-04
2026-07-22 17:28:00,TRK-053,Rute-C,Gudang West (Tangerang),949.2,1200,16.36,2.5,60.8,IN_TRANSIT,YES,DOCK-05
2026-07-23 07:41:00,TRK-060,Rute-E,Petamburan Hub,949.9,1200,16.77,2.7,61.4,IDLE_DOCK,YES,DOCK-06
2026-07-24 11:54:00,TRK-067,Rute-G,Bogor Transit Hub,950.6,1200,17.18,2.8,61.9,LOADED,YES,DOCK-07
2026-07-25 15:07:00,TRK-074,Rute-I,Central Hub (Jakarta),951.3,1200,17.59,3.0,62.5,QUEUED,NO,DOCK-08
2026-07-26 05:20:00,TRK-081,Rute-K,Bekasi Logistics Hub,952.0,1200,18.0,0.3,63.0,DELIVERED,YES,DOCK-09
2026-07-27 09:33:00,TRK-088,Rute-M,Cikarang Industrial Hub,952.7,1200,18.41,0.4,63.6,IN_TRANSIT,YES,DOCK-10
2026-07-28 13:46:00,TRK-095,Rute-O,Grogol Hub (Jakbar),953.4,1200,18.82,0.6,64.1,IDLE_DOCK,YES,DOCK-11
2026-07-29 17:59:00,TRK-102,Rute-Q,Depok Hub,954.1,1200,19.23,0.7,64.7,LOADED,YES,DOCK-12
2026-07-30 07:12:00,TRK-109,Rute-A,Gudang West (Tangerang),954.8,1200,19.64,0.9,65.2,QUEUED,NO,DOCK-01
2026-07-31 11:25:00,TRK-116,Rute-C,Petamburan Hub,955.5,1200,20.05,1.0,65.8,DELIVERED,YES,DOCK-02
2026-07-01 15:38:00,TRK-123,Rute-E,Bogor Transit Hub,956.2,1200,20.46,1.1,66.3,IN_TRANSIT,YES,DOCK-03
2026-07-02 05:51:00,TRK-130,Rute-G,Central Hub (Jakarta),956.9,1200,20.87,1.3,66.8,IDLE_DOCK,YES,DOCK-04
2026-07-03 09:04:00,TRK-137,Rute-I,Bekasi Logistics Hub,957.6,1200,21.28,1.4,67.4,LOADED,YES,DOCK-05
2026-07-04 13:17:00,TRK-144,Rute-K,Cikarang Industrial Hub,958.3,1200,21.69,1.6,68.0,QUEUED,NO,DOCK-06
2026-07-05 17:30:00,TRK-151,Rute-M,Grogol Hub (Jakbar),959.0,1200,22.1,1.7,68.5,DELIVERED,YES,DOCK-07
2026-07-06 07:43:00,TRK-158,Rute-O,Depok Hub,959.7,1200,22.51,1.8,69.1,IN_TRANSIT,YES,DOCK-08
2026-07-07 11:56:00,TRK-165,Rute-Q,Gudang West (Tangerang),960.4,1200,22.92,2.0,69.6,IDLE_DOCK,YES,DOCK-09
2026-07-08 15:09:00,TRK-172,Rute-A,Petamburan Hub,961.1,1200,23.33,2.1,70.2,LOADED,YES,DOCK-10
2026-07-09 05:22:00,TRK-179,Rute-C,Bogor Transit Hub,961.8,1200,23.74,2.3,70.7,QUEUED,NO,DOCK-11
2026-07-10 09:35:00,TRK-006,Rute-E,Central Hub (Jakarta),962.5,1200,24.15,2.4,71.2,DELIVERED,YES,DOCK-12
2026-07-11 13:48:00,TRK-013,Rute-G,Bekasi Logistics Hub,963.2,1200,24.56,2.5,71.8,IN_TRANSIT,YES,DOCK-01
2026-07-12 17:01:00,TRK-020,Rute-I,Cikarang Industrial Hub,963.9,1200,24.97,2.7,72.4,IDLE_DOCK,YES,DOCK-02
2026-07-13 07:14:00,TRK-027,Rute-K,Grogol Hub (Jakbar),964.6,1200,25.38,2.8,72.9,LOADED,YES,DOCK-03
2026-07-14 11:27:00,TRK-034,Rute-M,Depok Hub,965.3,1200,25.79,3.0,73.5,QUEUED,NO,DOCK-04
2026-07-15 15:40:00,TRK-041,Rute-O,Gudang West (Tangerang),966.0,1200,9.8,0.3,74.0,DELIVERED,YES,DOCK-05
2026-07-16 05:53:00,TRK-048,Rute-Q,Petamburan Hub,966.7,1200,10.21,0.4,74.6,IN_TRANSIT,YES,DOCK-06
2026-07-17 09:06:00,TRK-055,Rute-A,Bogor Transit Hub,967.4,1200,10.62,0.6,75.1,IDLE_DOCK,YES,DOCK-07
2026-07-18 13:19:00,TRK-062,Rute-C,Central Hub (Jakarta),968.1,1200,11.03,0.7,75.7,LOADED,YES,DOCK-08
2026-07-19 17:32:00,TRK-069,Rute-E,Bekasi Logistics Hub,968.8,1200,11.44,0.9,76.2,QUEUED,NO,DOCK-09
2026-07-20 07:45:00,TRK-076,Rute-G,Cikarang Industrial Hub,969.5,1200,11.85,1.0,76.8,DELIVERED,YES,DOCK-10
2026-07-21 11:58:00,TRK-083,Rute-I,Grogol Hub (Jakbar),970.2,1200,12.26,1.1,77.3,IN_TRANSIT,YES,DOCK-11
2026-07-22 15:11:00,TRK-090,Rute-K,Depok Hub,970.9,1200,12.67,1.3,77.9,IDLE_DOCK,YES,DOCK-12
2026-07-23 05:24:00,TRK-097,Rute-M,Gudang West (Tangerang),971.6,1200,13.08,1.4,78.4,LOADED,YES,DOCK-01
2026-07-24 09:37:00,TRK-104,Rute-O,Petamburan Hub,972.3,1200,13.49,1.6,79.0,QUEUED,NO,DOCK-02
2026-07-25 13:50:00,TRK-111,Rute-Q,Bogor Transit Hub,973.0,1200,13.9,1.7,79.5,DELIVERED,YES,DOCK-03
2026-07-26 17:03:00,TRK-118,Rute-A,Central Hub (Jakarta),973.7,1200,14.31,1.8,80.1,IN_TRANSIT,YES,DOCK-04
2026-07-27 07:16:00,TRK-125,Rute-C,Bekasi Logistics Hub,974.4,1200,14.72,2.0,80.6,IDLE_DOCK,YES,DOCK-05
2026-07-28 11:29:00,TRK-132,Rute-E,Cikarang Industrial Hub,975.1,1200,15.13,2.1,81.2,LOADED,YES,DOCK-06
2026-07-29 15:42:00,TRK-139,Rute-G,Grogol Hub (Jakbar),975.8,1200,15.54,2.3,81.7,QUEUED,NO,DOCK-07
2026-07-30 05:55:00,TRK-146,Rute-I,Depok Hub,976.5,1200,15.95,2.4,82.2,DELIVERED,YES,DOCK-08
2026-07-31 09:08:00,TRK-153,Rute-K,Gudang West (Tangerang),977.2,1200,16.36,2.5,82.8,IN_TRANSIT,YES,DOCK-09
2026-07-01 13:21:00,TRK-160,Rute-M,Petamburan Hub,977.9,1200,16.77,2.7,83.4,IDLE_DOCK,YES,DOCK-10
2026-07-02 17:34:00,TRK-167,Rute-O,Bogor Transit Hub,978.6,1200,17.18,2.8,83.9,LOADED,YES,DOCK-11
2026-07-03 07:47:00,TRK-174,Rute-Q,Central Hub (Jakarta),979.3,1200,17.59,3.0,84.5,QUEUED,NO,DOCK-12
2026-07-04 11:00:00,TRK-001,Rute-A,Bekasi Logistics Hub,350.0,1200,18.0,0.3,85.0,DELIVERED,YES,DOCK-01
2026-07-05 15:13:00,TRK-008,Rute-C,Cikarang Industrial Hub,350.7,1200,18.41,0.4,85.6,IN_TRANSIT,YES,DOCK-02
2026-07-06 05:26:00,TRK-015,Rute-E,Grogol Hub (Jakbar),351.4,1200,18.82,0.6,86.1,IDLE_DOCK,YES,DOCK-03
2026-07-07 09:39:00,TRK-022,Rute-G,Depok Hub,352.1,1200,19.23,0.7,86.7,LOADED,YES,DOCK-04
2026-07-08 13:52:00,TRK-029,Rute-I,Gudang West (Tangerang),352.8,1200,19.64,0.9,87.2,QUEUED,NO,DOCK-05
2026-07-09 17:05:00,TRK-036,Rute-K,Petamburan Hub,353.5,1200,20.05,1.0,87.8,DELIVERED,YES,DOCK-06
2026-07-10 07:18:00,TRK-043,Rute-M,Bogor Transit Hub,354.2,1200,20.46,1.1,88.3,IN_TRANSIT,YES,DOCK-07
2026-07-11 11:31:00,TRK-050,Rute-O,Central Hub (Jakarta),354.9,1200,20.87,1.3,88.9,IDLE_DOCK,YES,DOCK-08
2026-07-12 15:44:00,TRK-057,Rute-Q,Bekasi Logistics Hub,355.6,1200,21.28,1.4,89.4,LOADED,YES,DOCK-09
2026-07-13 05:57:00,TRK-064,Rute-A,Cikarang Industrial Hub,356.3,1200,21.69,1.6,90.0,QUEUED,NO,DOCK-10
2026-07-14 09:10:00,TRK-071,Rute-C,Grogol Hub (Jakbar),357.0,1200,22.1,1.7,90.5,DELIVERED,YES,DOCK-11
2026-07-15 13:23:00,TRK-078,Rute-E,Depok Hub,357.7,1200,22.51,1.8,91.1,IN_TRANSIT,YES,DOCK-12
2026-07-16 17:36:00,TRK-085,Rute-G,Gudang West (Tangerang),358.4,1200,22.92,2.0,91.6,IDLE_DOCK,YES,DOCK-01
2026-07-17 07:49:00,TRK-092,Rute-I,Petamburan Hub,359.1,1200,23.33,2.1,92.2,LOADED,YES,DOCK-02
2026-07-18 11:02:00,TRK-099,Rute-K,Bogor Transit Hub,359.8,1200,23.74,2.3,92.7,QUEUED,NO,DOCK-03
2026-07-19 15:15:00,TRK-106,Rute-M,Central Hub (Jakarta),360.5,1200,24.15,2.4,93.2,DELIVERED,YES,DOCK-04
2026-07-20 05:28:00,TRK-113,Rute-O,Bekasi Logistics Hub,361.2,1200,24.56,2.5,93.8,IN_TRANSIT,YES,DOCK-05
2026-07-21 09:41:00,TRK-120,Rute-Q,Cikarang Industrial Hub,361.9,1200,24.97,2.7,94.4,IDLE_DOCK,YES,DOCK-06
2026-07-22 13:54:00,TRK-127,Rute-A,Grogol Hub (Jakbar),362.6,1200,25.38,2.8,94.9,LOADED,YES,DOCK-07
2026-07-23 17:07:00,TRK-134,Rute-C,Depok Hub,363.3,1200,25.79,3.0,95.5,QUEUED,NO,DOCK-08
2026-07-24 07:20:00,TRK-141,Rute-E,Gudang West (Tangerang),364.0,1200,9.8,0.3,8.0,DELIVERED,YES,DOCK-09
2026-07-25 11:33:00,TRK-148,Rute-G,Petamburan Hub,364.7,1200,10.21,0.4,8.6,IN_TRANSIT,YES,DOCK-10
2026-07-26 15:46:00,TRK-155,Rute-I,Bogor Transit Hub,365.4,1200,10.62,0.6,9.1,IDLE_DOCK,YES,DOCK-11
2026-07-27 05:59:00,TRK-162,Rute-K,Central Hub (Jakarta),366.1,1200,11.03,0.7,9.7,LOADED,YES,DOCK-12
2026-07-28 09:12:00,TRK-169,Rute-M,Bekasi Logistics Hub,366.8,1200,11.44,0.9,10.2,QUEUED,NO,DOCK-01
2026-07-29 13:25:00,TRK-176,Rute-O,Cikarang Industrial Hub,367.5,1200,11.85,1.0,10.8,DELIVERED,YES,DOCK-02
2026-07-30 17:38:00,TRK-003,Rute-Q,Grogol Hub (Jakbar),368.2,1200,12.26,1.1,11.3,IN_TRANSIT,YES,DOCK-03
2026-07-31 07:51:00,TRK-010,Rute-A,Depok Hub,368.9,1200,12.67,1.3,11.9,IDLE_DOCK,YES,DOCK-04
2026-07-01 11:04:00,TRK-017,Rute-C,Gudang West (Tangerang),369.6,1200,13.08,1.4,12.4,LOADED,YES,DOCK-05
2026-07-02 15:17:00,TRK-024,Rute-E,Petamburan Hub,370.3,1200,13.49,1.6,12.9,QUEUED,NO,DOCK-06
2026-07-03 05:30:00,TRK-031,Rute-G,Bogor Transit Hub,371.0,1200,13.9,1.7,13.5,DELIVERED,YES,DOCK-07
2026-07-04 09:43:00,TRK-038,Rute-I,Central Hub (Jakarta),371.7,1200,14.31,1.8,14.1,IN_TRANSIT,YES,DOCK-08
2026-07-05 13:56:00,TRK-045,Rute-K,Bekasi Logistics Hub,372.4,1200,14.72,2.0,14.6,IDLE_DOCK,YES,DOCK-09
2026-07-06 17:09:00,TRK-052,Rute-M,Cikarang Industrial Hub,373.1,1200,15.13,2.1,15.2,LOADED,YES,DOCK-10
2026-07-07 07:22:00,TRK-059,Rute-O,Grogol Hub (Jakbar),373.8,1200,15.54,2.3,15.7,QUEUED,NO,DOCK-11
2026-07-08 11:35:00,TRK-066,Rute-Q,Depok Hub,374.5,1200,15.95,2.4,16.2,DELIVERED,YES,DOCK-12
2026-07-09 15:48:00,TRK-073,Rute-A,Gudang West (Tangerang),375.2,1200,16.36,2.5,16.8,IN_TRANSIT,YES,DOCK-01
2026-07-10 05:01:00,TRK-080,Rute-C,Petamburan Hub,375.9,1200,16.77,2.7,17.4,IDLE_DOCK,YES,DOCK-02
2026-07-11 09:14:00,TRK-087,Rute-E,Bogor Transit Hub,376.6,1200,17.18,2.8,17.9,LOADED,YES,DOCK-03
2026-07-12 13:27:00,TRK-094,Rute-G,Central Hub (Jakarta),377.3,1200,17.59,3.0,18.5,QUEUED,NO,DOCK-04
2026-07-13 17:40:00,TRK-101,Rute-I,Bekasi Logistics Hub,378.0,1200,18.0,0.3,19.0,DELIVERED,YES,DOCK-05
2026-07-14 07:53:00,TRK-108,Rute-K,Cikarang Industrial Hub,378.7,1200,18.41,0.4,19.6,IN_TRANSIT,YES,DOCK-06
2026-07-15 11:06:00,TRK-115,Rute-M,Grogol Hub (Jakbar),379.4,1200,18.82,0.6,20.1,IDLE_DOCK,YES,DOCK-07
2026-07-16 15:19:00,TRK-122,Rute-O,Depok Hub,380.1,1200,19.23,0.7,20.6,LOADED,YES,DOCK-08
2026-07-17 05:32:00,TRK-129,Rute-Q,Gudang West (Tangerang),380.8,1200,19.64,0.9,21.2,QUEUED,NO,DOCK-09
2026-07-18 09:45:00,TRK-136,Rute-A,Petamburan Hub,381.5,1200,20.05,1.0,21.8,DELIVERED,YES,DOCK-10
2026-07-19 13:58:00,TRK-143,Rute-C,Bogor Transit Hub,382.2,1200,20.46,1.1,22.3,IN_TRANSIT,YES,DOCK-11
2026-07-20 17:11:00,TRK-150,Rute-E,Central Hub (Jakarta),382.9,1200,20.87,1.3,22.9,IDLE_DOCK,YES,DOCK-12
2026-07-21 07:24:00,TRK-157,Rute-G,Bekasi Logistics Hub,383.6,1200,21.28,1.4,23.4,LOADED,YES,DOCK-01
2026-07-22 11:37:00,TRK-164,Rute-I,Cikarang Industrial Hub,384.3,1200,21.69,1.6,24.0,QUEUED,NO,DOCK-02
2026-07-23 15:50:00,TRK-171,Rute-K,Grogol Hub (Jakbar),385.0,1200,22.1,1.7,24.5,DELIVERED,YES,DOCK-03
2026-07-24 05:03:00,TRK-178,Rute-M,Depok Hub,385.7,1200,22.51,1.8,25.1,IN_TRANSIT,YES,DOCK-04
2026-07-25 09:16:00,TRK-005,Rute-O,Gudang West (Tangerang),386.4,1200,22.92,2.0,25.6,IDLE_DOCK,YES,DOCK-05
2026-07-26 13:29:00,TRK-012,Rute-Q,Petamburan Hub,387.1,1200,23.33,2.1,26.2,LOADED,YES,DOCK-06
2026-07-27 17:42:00,TRK-019,Rute-A,Bogor Transit Hub,387.8,1200,23.74,2.3,26.7,QUEUED,NO,DOCK-07
2026-07-28 07:55:00,TRK-026,Rute-C,Central Hub (Jakarta),388.5,1200,24.15,2.4,27.2,DELIVERED,YES,DOCK-08
2026-07-29 11:08:00,TRK-033,Rute-E,Bekasi Logistics Hub,389.2,1200,24.56,2.5,27.8,IN_TRANSIT,YES,DOCK-09
2026-07-30 15:21:00,TRK-040,Rute-G,Cikarang Industrial Hub,389.9,1200,24.97,2.7,28.4,IDLE_DOCK,YES,DOCK-10
2026-07-31 05:34:00,TRK-047,Rute-I,Grogol Hub (Jakbar),390.6,1200,25.38,2.8,28.9,LOADED,YES,DOCK-11
2026-07-01 09:47:00,TRK-054,Rute-K,Depok Hub,391.3,1200,25.79,3.0,29.5,QUEUED,NO,DOCK-12
2026-07-02 13:00:00,TRK-061,Rute-M,Gudang West (Tangerang),392.0,1200,9.8,0.3,30.0,DELIVERED,YES,DOCK-01
2026-07-03 17:13:00,TRK-068,Rute-O,Petamburan Hub,392.7,1200,10.21,0.4,30.6,IN_TRANSIT,YES,DOCK-02
2026-07-04 07:26:00,TRK-075,Rute-Q,Bogor Transit Hub,393.4,1200,10.62,0.6,31.1,IDLE_DOCK,YES,DOCK-03
2026-07-05 11:39:00,TRK-082,Rute-A,Central Hub (Jakarta),394.1,1200,11.03,0.7,31.7,LOADED,YES,DOCK-04
2026-07-06 15:52:00,TRK-089,Rute-C,Bekasi Logistics Hub,394.8,1200,11.44,0.9,32.2,QUEUED,NO,DOCK-05
2026-07-07 05:05:00,TRK-096,Rute-E,Cikarang Industrial Hub,395.5,1200,11.85,1.0,32.8,DELIVERED,YES,DOCK-06
2026-07-08 09:18:00,TRK-103,Rute-G,Grogol Hub (Jakbar),396.2,1200,12.26,1.1,33.3,IN_TRANSIT,YES,DOCK-07
2026-07-09 13:31:00,TRK-110,Rute-I,Depok Hub,396.9,1200,12.67,1.3,33.9,IDLE_DOCK,YES,DOCK-08
2026-07-10 17:44:00,TRK-117,Rute-K,Gudang West (Tangerang),397.6,1200,13.08,1.4,34.4,LOADED,YES,DOCK-09
2026-07-11 07:57:00,TRK-124,Rute-M,Petamburan Hub,398.3,1200,13.49,1.6,35.0,QUEUED,NO,DOCK-10
2026-07-12 11:10:00,TRK-131,Rute-O,Bogor Transit Hub,399.0,1200,13.9,1.7,35.5,DELIVERED,YES,DOCK-11
2026-07-13 15:23:00,TRK-138,Rute-Q,Central Hub (Jakarta),399.7,1200,14.31,1.8,36.0,IN_TRANSIT,YES,DOCK-12
2026-07-14 05:36:00,TRK-145,Rute-A,Bekasi Logistics Hub,400.4,1200,14.72,2.0,36.6,IDLE_DOCK,YES,DOCK-01
2026-07-15 09:49:00,TRK-152,Rute-C,Cikarang Industrial Hub,401.1,1200,15.13,2.1,37.2,LOADED,YES,DOCK-02
2026-07-16 13:02:00,TRK-159,Rute-E,Grogol Hub (Jakbar),401.8,1200,15.54,2.3,37.7,QUEUED,NO,DOCK-03
2026-07-17 17:15:00,TRK-166,Rute-G,Depok Hub,402.5,1200,15.95,2.4,38.2,DELIVERED,YES,DOCK-04
2026-07-18 07:28:00,TRK-173,Rute-I,Gudang West (Tangerang),403.2,1200,16.36,2.5,38.8,IN_TRANSIT,YES,DOCK-05
2026-07-19 11:41:00,TRK-180,Rute-K,Petamburan Hub,403.9,1200,16.77,2.7,39.4,IDLE_DOCK,YES,DOCK-06
2026-07-20 15:54:00,TRK-007,Rute-M,Bogor Transit Hub,404.6,1200,17.18,2.8,39.9,LOADED,YES,DOCK-07
2026-07-21 05:07:00,TRK-014,Rute-O,Central Hub (Jakarta),405.3,1200,17.59,3.0,40.5,QUEUED,NO,DOCK-08
2026-07-22 09:20:00,TRK-021,Rute-Q,Bekasi Logistics Hub,406.0,1200,18.0,0.3,41.0,DELIVERED,YES,DOCK-09
2026-07-23 13:33:00,TRK-028,Rute-A,Cikarang Industrial Hub,406.7,1200,18.41,0.4,41.6,IN_TRANSIT,YES,DOCK-10
2026-07-24 17:46:00,TRK-035,Rute-C,Grogol Hub (Jakbar),407.4,1200,18.82,0.6,42.1,IDLE_DOCK,YES,DOCK-11
2026-07-25 07:59:00,TRK-042,Rute-E,Depok Hub,408.1,1200,19.23,0.7,42.7,LOADED,YES,DOCK-12
2026-07-26 11:12:00,TRK-049,Rute-G,Gudang West (Tangerang),408.8,1200,19.64,0.9,43.2,QUEUED,NO,DOCK-01
2026-07-27 15:25:00,TRK-056,Rute-I,Petamburan Hub,409.5,1200,20.05,1.0,43.8,DELIVERED,YES,DOCK-02
2026-07-28 05:38:00,TRK-063,Rute-K,Bogor Transit Hub,410.2,1200,20.46,1.1,44.3,IN_TRANSIT,YES,DOCK-03
2026-07-29 09:51:00,TRK-070,Rute-M,Central Hub (Jakarta),410.9,1200,20.87,1.3,44.9,IDLE_DOCK,YES,DOCK-04
2026-07-30 13:04:00,TRK-077,Rute-O,Bekasi Logistics Hub,411.6,1200,21.28,1.4,45.4,LOADED,YES,DOCK-05
2026-07-31 17:17:00,TRK-084,Rute-Q,Cikarang Industrial Hub,412.3,1200,21.69,1.6,46.0,QUEUED,NO,DOCK-06
2026-07-01 07:30:00,TRK-091,Rute-A,Grogol Hub (Jakbar),413.0,1200,22.1,1.7,46.5,DELIVERED,YES,DOCK-07
2026-07-02 11:43:00,TRK-098,Rute-C,Depok Hub,413.7,1200,22.51,1.8,47.1,IN_TRANSIT,YES,DOCK-08
2026-07-03 15:56:00,TRK-105,Rute-E,Gudang West (Tangerang),414.4,1200,22.92,2.0,47.6,IDLE_DOCK,YES,DOCK-09
2026-07-04 05:09:00,TRK-112,Rute-G,Petamburan Hub,415.1,1200,23.33,2.1,48.2,LOADED,YES,DOCK-10
2026-07-05 09:22:00,TRK-119,Rute-I,Bogor Transit Hub,415.8,1200,23.74,2.3,48.7,QUEUED,NO,DOCK-11
2026-07-06 13:35:00,TRK-126,Rute-K,Central Hub (Jakarta),416.5,1200,24.15,2.4,49.2,DELIVERED,YES,DOCK-12
2026-07-07 17:48:00,TRK-133,Rute-M,Bekasi Logistics Hub,417.2,1200,24.56,2.5,49.8,IN_TRANSIT,YES,DOCK-01
2026-07-08 07:01:00,TRK-140,Rute-O,Cikarang Industrial Hub,417.9,1200,24.97,2.7,50.4,IDLE_DOCK,YES,DOCK-02
2026-07-09 11:14:00,TRK-147,Rute-Q,Grogol Hub (Jakbar),418.6,1200,25.38,2.8,50.9,LOADED,YES,DOCK-03
2026-07-10 15:27:00,TRK-154,Rute-A,Depok Hub,419.3,1200,25.79,3.0,51.5,QUEUED,NO,DOCK-04
2026-07-11 05:40:00,TRK-161,Rute-C,Gudang West (Tangerang),420.0,1200,9.8,0.3,52.0,DELIVERED,YES,DOCK-05
2026-07-12 09:53:00,TRK-168,Rute-E,Petamburan Hub,420.7,1200,10.21,0.4,52.6,IN_TRANSIT,YES,DOCK-06
2026-07-13 13:06:00,TRK-175,Rute-G,Bogor Transit Hub,421.4,1200,10.62,0.6,53.1,IDLE_DOCK,YES,DOCK-07
2026-07-14 17:19:00,TRK-002,Rute-I,Central Hub (Jakarta),422.1,1200,11.03,0.7,53.7,LOADED,YES,DOCK-08
2026-07-15 07:32:00,TRK-009,Rute-K,Bekasi Logistics Hub,422.8,1200,11.44,0.9,54.2,QUEUED,NO,DOCK-09
2026-07-16 11:45:00,TRK-016,Rute-M,Cikarang Industrial Hub,423.5,1200,11.85,1.0,54.8,DELIVERED,YES,DOCK-10
2026-07-17 15:58:00,TRK-023,Rute-O,Grogol Hub (Jakbar),424.2,1200,12.26,1.1,55.3,IN_TRANSIT,YES,DOCK-11
2026-07-18 05:11:00,TRK-030,Rute-Q,Depok Hub,424.9,1200,12.67,1.3,55.9,IDLE_DOCK,YES,DOCK-12
2026-07-19 09:24:00,TRK-037,Rute-A,Gudang West (Tangerang),425.6,1200,13.08,1.4,56.4,LOADED,YES,DOCK-01
2026-07-20 13:37:00,TRK-044,Rute-C,Petamburan Hub,426.3,1200,13.49,1.6,57.0,QUEUED,NO,DOCK-02
2026-07-21 17:50:00,TRK-051,Rute-E,Bogor Transit Hub,427.0,1200,13.9,1.7,57.5,DELIVERED,YES,DOCK-03
2026-07-22 07:03:00,TRK-058,Rute-G,Central Hub (Jakarta),427.7,1200,14.31,1.8,58.1,IN_TRANSIT,YES,DOCK-04
2026-07-23 11:16:00,TRK-065,Rute-I,Bekasi Logistics Hub,428.4,1200,14.72,2.0,58.6,IDLE_DOCK,YES,DOCK-05
2026-07-24 15:29:00,TRK-072,Rute-K,Cikarang Industrial Hub,429.1,1200,15.13,2.1,59.2,LOADED,YES,DOCK-06
2026-07-25 05:42:00,TRK-079,Rute-M,Grogol Hub (Jakbar),429.8,1200,15.54,2.3,59.7,QUEUED,NO,DOCK-07
2026-07-26 09:55:00,TRK-086,Rute-O,Depok Hub,430.5,1200,15.95,2.4,60.3,DELIVERED,YES,DOCK-08
2026-07-27 13:08:00,TRK-093,Rute-Q,Gudang West (Tangerang),431.2,1200,16.36,2.5,60.8,IN_TRANSIT,YES,DOCK-09
2026-07-28 17:21:00,TRK-100,Rute-A,Petamburan Hub,431.9,1200,16.77,2.7,61.4,IDLE_DOCK,YES,DOCK-10
2026-07-29 07:34:00,TRK-107,Rute-C,Bogor Transit Hub,432.6,1200,17.18,2.8,61.9,LOADED,YES,DOCK-11
2026-07-30 11:47:00,TRK-114,Rute-E,Central Hub (Jakarta),433.3,1200,17.59,3.0,62.5,QUEUED,NO,DOCK-12
2026-07-31 15:00:00,TRK-121,Rute-G,Bekasi Logistics Hub,434.0,1200,18.0,0.3,63.0,DELIVERED,YES,DOCK-01
2026-07-01 05:13:00,TRK-128,Rute-I,Cikarang Industrial Hub,434.7,1200,18.41,0.4,63.6,IN_TRANSIT,YES,DOCK-02
2026-07-02 09:26:00,TRK-135,Rute-K,Grogol Hub (Jakbar),435.4,1200,18.82,0.6,64.1,IDLE_DOCK,YES,DOCK-03
2026-07-03 13:39:00,TRK-142,Rute-M,Depok Hub,436.1,1200,19.23,0.7,64.7,LOADED,YES,DOCK-04
2026-07-04 17:52:00,TRK-149,Rute-O,Gudang West (Tangerang),436.8,1200,19.64,0.9,65.2,QUEUED,NO,DOCK-05
2026-07-05 07:05:00,TRK-156,Rute-Q,Petamburan Hub,437.5,1200,20.05,1.0,65.8,DELIVERED,YES,DOCK-06
2026-07-06 11:18:00,TRK-163,Rute-A,Bogor Transit Hub,438.2,1200,20.46,1.1,66.3,IN_TRANSIT,YES,DOCK-07
2026-07-07 15:31:00,TRK-170,Rute-C,Central Hub (Jakarta),438.9,1200,20.87,1.3,66.8,IDLE_DOCK,YES,DOCK-08
2026-07-08 05:44:00,TRK-177,Rute-E,Bekasi Logistics Hub,439.6,1200,21.28,1.4,67.4,LOADED,YES,DOCK-09
2026-07-09 09:57:00,TRK-004,Rute-G,Cikarang Industrial Hub,440.3,1200,21.69,1.6,68.0,QUEUED,NO,DOCK-10
2026-07-10 13:10:00,TRK-011,Rute-I,Grogol Hub (Jakbar),441.0,1200,22.1,1.7,68.5,DELIVERED,YES,DOCK-11
2026-07-11 17:23:00,TRK-018,Rute-K,Depok Hub,441.7,1200,22.51,1.8,69.1,IN_TRANSIT,YES,DOCK-12
2026-07-12 07:36:00,TRK-025,Rute-M,Gudang West (Tangerang),442.4,1200,22.92,2.0,69.6,IDLE_DOCK,YES,DOCK-01
2026-07-13 11:49:00,TRK-032,Rute-O,Petamburan Hub,443.1,1200,23.33,2.1,70.2,LOADED,YES,DOCK-02
2026-07-14 15:02:00,TRK-039,Rute-Q,Bogor Transit Hub,443.8,1200,23.74,2.3,70.7,QUEUED,NO,DOCK-03
2026-07-15 05:15:00,TRK-046,Rute-A,Central Hub (Jakarta),444.5,1200,24.15,2.4,71.2,DELIVERED,YES,DOCK-04
2026-07-16 09:28:00,TRK-053,Rute-C,Bekasi Logistics Hub,445.2,1200,24.56,2.5,71.8,IN_TRANSIT,YES,DOCK-05
2026-07-17 13:41:00,TRK-060,Rute-E,Cikarang Industrial Hub,445.9,1200,24.97,2.7,72.4,IDLE_DOCK,YES,DOCK-06
2026-07-18 17:54:00,TRK-067,Rute-G,Grogol Hub (Jakbar),446.6,1200,25.38,2.8,72.9,LOADED,YES,DOCK-07
2026-07-19 07:07:00,TRK-074,Rute-I,Depok Hub,447.3,1200,25.79,3.0,73.5,QUEUED,NO,DOCK-08
2026-07-20 11:20:00,TRK-081,Rute-K,Gudang West (Tangerang),448.0,1200,9.8,0.3,74.0,DELIVERED,YES,DOCK-09
2026-07-21 15:33:00,TRK-088,Rute-M,Petamburan Hub,448.7,1200,10.21,0.4,74.6,IN_TRANSIT,YES,DOCK-10
2026-07-22 05:46:00,TRK-095,Rute-O,Bogor Transit Hub,449.4,1200,10.62,0.6,75.1,IDLE_DOCK,YES,DOCK-11
2026-07-23 09:59:00,TRK-102,Rute-Q,Central Hub (Jakarta),450.1,1200,11.03,0.7,75.7,LOADED,YES,DOCK-12
2026-07-24 13:12:00,TRK-109,Rute-A,Bekasi Logistics Hub,450.8,1200,11.44,0.9,76.2,QUEUED,NO,DOCK-01
2026-07-25 17:25:00,TRK-116,Rute-C,Cikarang Industrial Hub,451.5,1200,11.85,1.0,76.8,DELIVERED,YES,DOCK-02
2026-07-26 07:38:00,TRK-123,Rute-E,Grogol Hub (Jakbar),452.2,1200,12.26,1.1,77.3,IN_TRANSIT,YES,DOCK-03
2026-07-27 11:51:00,TRK-130,Rute-G,Depok Hub,452.9,1200,12.67,1.3,77.9,IDLE_DOCK,YES,DOCK-04
2026-07-28 15:04:00,TRK-137,Rute-I,Gudang West (Tangerang),453.6,1200,13.08,1.4,78.4,LOADED,YES,DOCK-05
2026-07-29 05:17:00,TRK-144,Rute-K,Petamburan Hub,454.3,1200,13.49,1.6,79.0,QUEUED,NO,DOCK-06
2026-07-30 09:30:00,TRK-151,Rute-M,Bogor Transit Hub,455.0,1200,13.9,1.7,79.5,DELIVERED,YES,DOCK-07
2026-07-31 13:43:00,TRK-158,Rute-O,Central Hub (Jakarta),455.7,1200,14.31,1.8,80.1,IN_TRANSIT,YES,DOCK-08
2026-07-01 17:56:00,TRK-165,Rute-Q,Bekasi Logistics Hub,456.4,1200,14.72,2.0,80.6,IDLE_DOCK,YES,DOCK-09
2026-07-02 07:09:00,TRK-172,Rute-A,Cikarang Industrial Hub,457.1,1200,15.13,2.1,81.2,LOADED,YES,DOCK-10
2026-07-03 11:22:00,TRK-179,Rute-C,Grogol Hub (Jakbar),457.8,1200,15.54,2.3,81.7,QUEUED,NO,DOCK-11
2026-07-04 15:35:00,TRK-006,Rute-E,Depok Hub,458.5,1200,15.95,2.4,82.2,DELIVERED,YES,DOCK-12
2026-07-05 05:48:00,TRK-013,Rute-G,Gudang West (Tangerang),459.2,1200,16.36,2.5,82.8,IN_TRANSIT,YES,DOCK-01
2026-07-06 09:01:00,TRK-020,Rute-I,Petamburan Hub,459.9,1200,16.77,2.7,83.4,IDLE_DOCK,YES,DOCK-02
2026-07-07 13:14:00,TRK-027,Rute-K,Bogor Transit Hub,460.6,1200,17.18,2.8,83.9,LOADED,YES,DOCK-03
2026-07-08 17:27:00,TRK-034,Rute-M,Central Hub (Jakarta),461.3,1200,17.59,3.0,84.5,QUEUED,NO,DOCK-04
2026-07-09 07:40:00,TRK-041,Rute-O,Bekasi Logistics Hub,462.0,1200,18.0,0.3,85.0,DELIVERED,YES,DOCK-05
2026-07-10 11:53:00,TRK-048,Rute-Q,Cikarang Industrial Hub,462.7,1200,18.41,0.4,85.6,IN_TRANSIT,YES,DOCK-06
2026-07-11 15:06:00,TRK-055,Rute-A,Grogol Hub (Jakbar),463.4,1200,18.82,0.6,86.1,IDLE_DOCK,YES,DOCK-07
2026-07-12 05:19:00,TRK-062,Rute-C,Depok Hub,464.1,1200,19.23,0.7,86.7,LOADED,YES,DOCK-08
2026-07-13 09:32:00,TRK-069,Rute-E,Gudang West (Tangerang),464.8,1200,19.64,0.9,87.2,QUEUED,NO,DOCK-09
2026-07-14 13:45:00,TRK-076,Rute-G,Petamburan Hub,465.5,1200,20.05,1.0,87.8,DELIVERED,YES,DOCK-10
2026-07-15 17:58:00,TRK-083,Rute-I,Bogor Transit Hub,466.2,1200,20.46,1.1,88.3,IN_TRANSIT,YES,DOCK-11
2026-07-16 07:11:00,TRK-090,Rute-K,Central Hub (Jakarta),466.9,1200,20.87,1.3,88.9,IDLE_DOCK,YES,DOCK-12
2026-07-17 11:24:00,TRK-097,Rute-M,Bekasi Logistics Hub,467.6,1200,21.28,1.4,89.4,LOADED,YES,DOCK-01
2026-07-18 15:37:00,TRK-104,Rute-O,Cikarang Industrial Hub,468.3,1200,21.69,1.6,90.0,QUEUED,NO,DOCK-02
2026-07-19 05:50:00,TRK-111,Rute-Q,Grogol Hub (Jakbar),469.0,1200,22.1,1.7,90.5,DELIVERED,YES,DOCK-03
2026-07-20 09:03:00,TRK-118,Rute-A,Depok Hub,469.7,1200,22.51,1.8,91.1,IN_TRANSIT,YES,DOCK-04
2026-07-21 13:16:00,TRK-125,Rute-C,Gudang West (Tangerang),470.4,1200,22.92,2.0,91.6,IDLE_DOCK,YES,DOCK-05
2026-07-22 17:29:00,TRK-132,Rute-E,Petamburan Hub,471.1,1200,23.33,2.1,92.2,LOADED,YES,DOCK-06
2026-07-23 07:42:00,TRK-139,Rute-G,Bogor Transit Hub,471.8,1200,23.74,2.3,92.7,QUEUED,NO,DOCK-07
2026-07-24 11:55:00,TRK-146,Rute-I,Central Hub (Jakarta),472.5,1200,24.15,2.4,93.2,DELIVERED,YES,DOCK-08
2026-07-25 15:08:00,TRK-153,Rute-K,Bekasi Logistics Hub,473.2,1200,24.56,2.5,93.8,IN_TRANSIT,YES,DOCK-09
2026-07-26 05:21:00,TRK-160,Rute-M,Cikarang Industrial Hub,473.9,1200,24.97,2.7,94.4,IDLE_DOCK,YES,DOCK-10
2026-07-27 09:34:00,TRK-167,Rute-O,Grogol Hub (Jakbar),474.6,1200,25.38,2.8,94.9,LOADED,YES,DOCK-11
2026-07-28 13:47:00,TRK-174,Rute-Q,Depok Hub,475.3,1200,25.79,3.0,95.5,QUEUED,NO,DOCK-12
2026-07-29 17:00:00,TRK-001,Rute-A,Gudang West (Tangerang),476.0,1200,9.8,0.3,8.0,DELIVERED,YES,DOCK-01
2026-07-30 07:13:00,TRK-008,Rute-C,Petamburan Hub,476.7,1200,10.21,0.4,8.6,IN_TRANSIT,YES,DOCK-02
2026-07-31 11:26:00,TRK-015,Rute-E,Bogor Transit Hub,477.4,1200,10.62,0.6,9.1,IDLE_DOCK,YES,DOCK-03
2026-07-01 15:39:00,TRK-022,Rute-G,Central Hub (Jakarta),478.1,1200,11.03,0.7,9.7,LOADED,YES,DOCK-04
2026-07-02 05:52:00,TRK-029,Rute-I,Bekasi Logistics Hub,478.8,1200,11.44,0.9,10.2,QUEUED,NO,DOCK-05
2026-07-03 09:05:00,TRK-036,Rute-K,Cikarang Industrial Hub,479.5,1200,11.85,1.0,10.8,DELIVERED,YES,DOCK-06
2026-07-04 13:18:00,TRK-043,Rute-M,Grogol Hub (Jakbar),480.2,1200,12.26,1.1,11.3,IN_TRANSIT,YES,DOCK-07
2026-07-05 17:31:00,TRK-050,Rute-O,Depok Hub,480.9,1200,12.67,1.3,11.9,IDLE_DOCK,YES,DOCK-08
2026-07-06 07:44:00,TRK-057,Rute-Q,Gudang West (Tangerang),481.6,1200,13.08,1.4,12.4,LOADED,YES,DOCK-09
2026-07-07 11:57:00,TRK-064,Rute-A,Petamburan Hub,482.3,1200,13.49,1.6,12.9,QUEUED,NO,DOCK-10
2026-07-08 15:10:00,TRK-071,Rute-C,Bogor Transit Hub,483.0,1200,13.9,1.7,13.5,DELIVERED,YES,DOCK-11
2026-07-09 05:23:00,TRK-078,Rute-E,Central Hub (Jakarta),483.7,1200,14.31,1.8,14.1,IN_TRANSIT,YES,DOCK-12
2026-07-10 09:36:00,TRK-085,Rute-G,Bekasi Logistics Hub,484.4,1200,14.72,2.0,14.6,IDLE_DOCK,YES,DOCK-01
2026-07-11 13:49:00,TRK-092,Rute-I,Cikarang Industrial Hub,485.1,1200,15.13,2.1,15.2,LOADED,YES,DOCK-02
2026-07-12 17:02:00,TRK-099,Rute-K,Grogol Hub (Jakbar),485.8,1200,15.54,2.3,15.7,QUEUED,NO,DOCK-03
2026-07-13 07:15:00,TRK-106,Rute-M,Depok Hub,486.5,1200,15.95,2.4,16.2,DELIVERED,YES,DOCK-04
2026-07-14 11:28:00,TRK-113,Rute-O,Gudang West (Tangerang),487.2,1200,16.36,2.5,16.8,IN_TRANSIT,YES,DOCK-05
2026-07-15 15:41:00,TRK-120,Rute-Q,Petamburan Hub,487.9,1200,16.77,2.7,17.4,IDLE_DOCK,YES,DOCK-06
2026-07-16 05:54:00,TRK-127,Rute-A,Bogor Transit Hub,488.6,1200,17.18,2.8,17.9,LOADED,YES,DOCK-07
2026-07-17 09:07:00,TRK-134,Rute-C,Central Hub (Jakarta),489.3,1200,17.59,3.0,18.5,QUEUED,NO,DOCK-08
2026-07-18 13:20:00,TRK-141,Rute-E,Bekasi Logistics Hub,490.0,1200,18.0,0.3,19.0,DELIVERED,YES,DOCK-09
2026-07-19 17:33:00,TRK-148,Rute-G,Cikarang Industrial Hub,490.7,1200,18.41,0.4,19.6,IN_TRANSIT,YES,DOCK-10
2026-07-20 07:46:00,TRK-155,Rute-I,Grogol Hub (Jakbar),491.4,1200,18.82,0.6,20.1,IDLE_DOCK,YES,DOCK-11
2026-07-21 11:59:00,TRK-162,Rute-K,Depok Hub,492.1,1200,19.23,0.7,20.6,LOADED,YES,DOCK-12
2026-07-22 15:12:00,TRK-169,Rute-M,Gudang West (Tangerang),492.8,1200,19.64,0.9,21.2,QUEUED,NO,DOCK-01
2026-07-23 05:25:00,TRK-176,Rute-O,Petamburan Hub,493.5,1200,20.05,1.0,21.8,DELIVERED,YES,DOCK-02
2026-07-24 09:38:00,TRK-003,Rute-Q,Bogor Transit Hub,494.2,1200,20.46,1.1,22.3,IN_TRANSIT,YES,DOCK-03
2026-07-25 13:51:00,TRK-010,Rute-A,Central Hub (Jakarta),494.9,1200,20.87,1.3,22.9,IDLE_DOCK,YES,DOCK-04
2026-07-26 17:04:00,TRK-017,Rute-C,Bekasi Logistics Hub,495.6,1200,21.28,1.4,23.4,LOADED,YES,DOCK-05
2026-07-27 07:17:00,TRK-024,Rute-E,Cikarang Industrial Hub,496.3,1200,21.69,1.6,24.0,QUEUED,NO,DOCK-06
2026-07-28 11:30:00,TRK-031,Rute-G,Grogol Hub (Jakbar),497.0,1200,22.1,1.7,24.5,DELIVERED,YES,DOCK-07
2026-07-29 15:43:00,TRK-038,Rute-I,Depok Hub,497.7,1200,22.51,1.8,25.1,IN_TRANSIT,YES,DOCK-08
2026-07-30 05:56:00,TRK-045,Rute-K,Gudang West (Tangerang),498.4,1200,22.92,2.0,25.6,IDLE_DOCK,YES,DOCK-09
2026-07-31 09:09:00,TRK-052,Rute-M,Petamburan Hub,499.1,1200,23.33,2.1,26.2,LOADED,YES,DOCK-10
2026-07-01 13:22:00,TRK-059,Rute-O,Bogor Transit Hub,499.8,1200,23.74,2.3,26.7,QUEUED,NO,DOCK-11
2026-07-02 17:35:00,TRK-066,Rute-Q,Central Hub (Jakarta),500.5,1200,24.15,2.4,27.2,DELIVERED,YES,DOCK-12
2026-07-03 07:48:00,TRK-073,Rute-A,Bekasi Logistics Hub,501.2,1200,24.56,2.5,27.8,IN_TRANSIT,YES,DOCK-01
2026-07-04 11:01:00,TRK-080,Rute-C,Cikarang Industrial Hub,501.9,1200,24.97,2.7,28.4,IDLE_DOCK,YES,DOCK-02
2026-07-05 15:14:00,TRK-087,Rute-E,Grogol Hub (Jakbar),502.6,1200,25.38,2.8,28.9,LOADED,YES,DOCK-03
2026-07-06 05:27:00,TRK-094,Rute-G,Depok Hub,503.3,1200,25.79,3.0,29.5,QUEUED,NO,DOCK-04
2026-07-07 09:40:00,TRK-101,Rute-I,Gudang West (Tangerang),504.0,1200,9.8,0.3,30.0,DELIVERED,YES,DOCK-05
2026-07-08 13:53:00,TRK-108,Rute-K,Petamburan Hub,504.7,1200,10.21,0.4,30.6,IN_TRANSIT,YES,DOCK-06
2026-07-09 17:06:00,TRK-115,Rute-M,Bogor Transit Hub,505.4,1200,10.62,0.6,31.1,IDLE_DOCK,YES,DOCK-07
2026-07-10 07:19:00,TRK-122,Rute-O,Central Hub (Jakarta),506.1,1200,11.03,0.7,31.7,LOADED,YES,DOCK-08
2026-07-11 11:32:00,TRK-129,Rute-Q,Bekasi Logistics Hub,506.8,1200,11.44,0.9,32.2,QUEUED,NO,DOCK-09
2026-07-12 15:45:00,TRK-136,Rute-A,Cikarang Industrial Hub,507.5,1200,11.85,1.0,32.8,DELIVERED,YES,DOCK-10
2026-07-13 05:58:00,TRK-143,Rute-C,Grogol Hub (Jakbar),508.2,1200,12.26,1.1,33.3,IN_TRANSIT,YES,DOCK-11
2026-07-14 09:11:00,TRK-150,Rute-E,Depok Hub,508.9,1200,12.67,1.3,33.9,IDLE_DOCK,YES,DOCK-12
2026-07-15 13:24:00,TRK-157,Rute-G,Gudang West (Tangerang),509.6,1200,13.08,1.4,34.4,LOADED,YES,DOCK-01
2026-07-16 17:37:00,TRK-164,Rute-I,Petamburan Hub,510.3,1200,13.49,1.6,35.0,QUEUED,NO,DOCK-02
2026-07-17 07:50:00,TRK-171,Rute-K,Bogor Transit Hub,511.0,1200,13.9,1.7,35.5,DELIVERED,YES,DOCK-03
2026-07-18 11:03:00,TRK-178,Rute-M,Central Hub (Jakarta),511.7,1200,14.31,1.8,36.0,IN_TRANSIT,YES,DOCK-04
2026-07-19 15:16:00,TRK-005,Rute-O,Bekasi Logistics Hub,512.4,1200,14.72,2.0,36.6,IDLE_DOCK,YES,DOCK-05
2026-07-20 05:29:00,TRK-012,Rute-Q,Cikarang Industrial Hub,513.1,1200,15.13,2.1,37.2,LOADED,YES,DOCK-06
2026-07-21 09:42:00,TRK-019,Rute-A,Grogol Hub (Jakbar),513.8,1200,15.54,2.3,37.7,QUEUED,NO,DOCK-07
2026-07-22 13:55:00,TRK-026,Rute-C,Depok Hub,514.5,1200,15.95,2.4,38.2,DELIVERED,YES,DOCK-08
2026-07-23 17:08:00,TRK-033,Rute-E,Gudang West (Tangerang),515.2,1200,16.36,2.5,38.8,IN_TRANSIT,YES,DOCK-09
2026-07-24 07:21:00,TRK-040,Rute-G,Petamburan Hub,515.9,1200,16.77,2.7,39.4,IDLE_DOCK,YES,DOCK-10
2026-07-25 11:34:00,TRK-047,Rute-I,Bogor Transit Hub,516.6,1200,17.18,2.8,39.9,LOADED,YES,DOCK-11
2026-07-26 15:47:00,TRK-054,Rute-K,Central Hub (Jakarta),517.3,1200,17.59,3.0,40.5,QUEUED,NO,DOCK-12
2026-07-27 05:00:00,TRK-061,Rute-M,Bekasi Logistics Hub,518.0,1200,18.0,0.3,41.0,DELIVERED,YES,DOCK-01
2026-07-28 09:13:00,TRK-068,Rute-O,Cikarang Industrial Hub,518.7,1200,18.41,0.4,41.6,IN_TRANSIT,YES,DOCK-02
2026-07-29 13:26:00,TRK-075,Rute-Q,Grogol Hub (Jakbar),519.4,1200,18.82,0.6,42.1,IDLE_DOCK,YES,DOCK-03
2026-07-30 17:39:00,TRK-082,Rute-A,Depok Hub,520.1,1200,19.23,0.7,42.7,LOADED,YES,DOCK-04
2026-07-31 07:52:00,TRK-089,Rute-C,Gudang West (Tangerang),520.8,1200,19.64,0.9,43.2,QUEUED,NO,DOCK-05
2026-07-01 11:05:00,TRK-096,Rute-E,Petamburan Hub,521.5,1200,20.05,1.0,43.8,DELIVERED,YES,DOCK-06
2026-07-02 15:18:00,TRK-103,Rute-G,Bogor Transit Hub,522.2,1200,20.46,1.1,44.3,IN_TRANSIT,YES,DOCK-07
2026-07-03 05:31:00,TRK-110,Rute-I,Central Hub (Jakarta),522.9,1200,20.87,1.3,44.9,IDLE_DOCK,YES,DOCK-08
2026-07-04 09:44:00,TRK-117,Rute-K,Bekasi Logistics Hub,523.6,1200,21.28,1.4,45.4,LOADED,YES,DOCK-09
2026-07-05 13:57:00,TRK-124,Rute-M,Cikarang Industrial Hub,524.3,1200,21.69,1.6,46.0,QUEUED,NO,DOCK-10
2026-07-06 17:10:00,TRK-131,Rute-O,Grogol Hub (Jakbar),525.0,1200,22.1,1.7,46.5,DELIVERED,YES,DOCK-11
2026-07-07 07:23:00,TRK-138,Rute-Q,Depok Hub,525.7,1200,22.51,1.8,47.1,IN_TRANSIT,YES,DOCK-12
2026-07-08 11:36:00,TRK-145,Rute-A,Gudang West (Tangerang),526.4,1200,22.92,2.0,47.6,IDLE_DOCK,YES,DOCK-01
2026-07-09 15:49:00,TRK-152,Rute-C,Petamburan Hub,527.1,1200,23.33,2.1,48.2,LOADED,YES,DOCK-02
2026-07-10 05:02:00,TRK-159,Rute-E,Bogor Transit Hub,527.8,1200,23.74,2.3,48.7,QUEUED,NO,DOCK-03
2026-07-11 09:15:00,TRK-166,Rute-G,Central Hub (Jakarta),528.5,1200,24.15,2.4,49.2,DELIVERED,YES,DOCK-04
2026-07-12 13:28:00,TRK-173,Rute-I,Bekasi Logistics Hub,529.2,1200,24.56,2.5,49.8,IN_TRANSIT,YES,DOCK-05
2026-07-13 17:41:00,TRK-180,Rute-K,Cikarang Industrial Hub,529.9,1200,24.97,2.7,50.4,IDLE_DOCK,YES,DOCK-06
2026-07-14 07:54:00,TRK-007,Rute-M,Grogol Hub (Jakbar),530.6,1200,25.38,2.8,50.9,LOADED,YES,DOCK-07
2026-07-15 11:07:00,TRK-014,Rute-O,Depok Hub,531.3,1200,25.79,3.0,51.5,QUEUED,NO,DOCK-08
2026-07-16 15:20:00,TRK-021,Rute-Q,Gudang West (Tangerang),532.0,1200,9.8,0.3,52.0,DELIVERED,YES,DOCK-09
2026-07-17 05:33:00,TRK-028,Rute-A,Petamburan Hub,532.7,1200,10.21,0.4,52.6,IN_TRANSIT,YES,DOCK-10
2026-07-18 09:46:00,TRK-035,Rute-C,Bogor Transit Hub,533.4,1200,10.62,0.6,53.1,IDLE_DOCK,YES,DOCK-11
2026-07-19 13:59:00,TRK-042,Rute-E,Central Hub (Jakarta),534.1,1200,11.03,0.7,53.7,LOADED,YES,DOCK-12
2026-07-20 17:12:00,TRK-049,Rute-G,Bekasi Logistics Hub,534.8,1200,11.44,0.9,54.2,QUEUED,NO,DOCK-01
2026-07-21 07:25:00,TRK-056,Rute-I,Cikarang Industrial Hub,535.5,1200,11.85,1.0,54.8,DELIVERED,YES,DOCK-02
2026-07-22 11:38:00,TRK-063,Rute-K,Grogol Hub (Jakbar),536.2,1200,12.26,1.1,55.3,IN_TRANSIT,YES,DOCK-03
2026-07-23 15:51:00,TRK-070,Rute-M,Depok Hub,536.9,1200,12.67,1.3,55.9,IDLE_DOCK,YES,DOCK-04
2026-07-24 05:04:00,TRK-077,Rute-O,Gudang West (Tangerang),537.6,1200,13.08,1.4,56.4,LOADED,YES,DOCK-05
2026-07-25 09:17:00,TRK-084,Rute-Q,Petamburan Hub,538.3,1200,13.49,1.6,57.0,QUEUED,NO,DOCK-06
2026-07-26 13:30:00,TRK-091,Rute-A,Bogor Transit Hub,539.0,1200,13.9,1.7,57.5,DELIVERED,YES,DOCK-07
2026-07-27 17:43:00,TRK-098,Rute-C,Central Hub (Jakarta),539.7,1200,14.31,1.8,58.1,IN_TRANSIT,YES,DOCK-08
2026-07-28 07:56:00,TRK-105,Rute-E,Bekasi Logistics Hub,540.4,1200,14.72,2.0,58.6,IDLE_DOCK,YES,DOCK-09
2026-07-29 11:09:00,TRK-112,Rute-G,Cikarang Industrial Hub,541.1,1200,15.13,2.1,59.2,LOADED,YES,DOCK-10
2026-07-30 15:22:00,TRK-119,Rute-I,Grogol Hub (Jakbar),541.8,1200,15.54,2.3,59.7,QUEUED,NO,DOCK-11
2026-07-31 05:35:00,TRK-126,Rute-K,Depok Hub,542.5,1200,15.95,2.4,60.3,DELIVERED,YES,DOCK-12
2026-07-01 09:48:00,TRK-133,Rute-M,Gudang West (Tangerang),543.2,1200,16.36,2.5,60.8,IN_TRANSIT,YES,DOCK-01
2026-07-02 13:01:00,TRK-140,Rute-O,Petamburan Hub,543.9,1200,16.77,2.7,61.4,IDLE_DOCK,YES,DOCK-02
2026-07-03 17:14:00,TRK-147,Rute-Q,Bogor Transit Hub,544.6,1200,17.18,2.8,61.9,LOADED,YES,DOCK-03
2026-07-04 07:27:00,TRK-154,Rute-A,Central Hub (Jakarta),545.3,1200,17.59,3.0,62.5,QUEUED,NO,DOCK-04
2026-07-05 11:40:00,TRK-161,Rute-C,Bekasi Logistics Hub,546.0,1200,18.0,0.3,63.0,DELIVERED,YES,DOCK-05
2026-07-06 15:53:00,TRK-168,Rute-E,Cikarang Industrial Hub,546.7,1200,18.41,0.4,63.6,IN_TRANSIT,YES,DOCK-06
2026-07-07 05:06:00,TRK-175,Rute-G,Grogol Hub (Jakbar),547.4,1200,18.82,0.6,64.1,IDLE_DOCK,YES,DOCK-07
2026-07-08 09:19:00,TRK-002,Rute-I,Depok Hub,548.1,1200,19.23,0.7,64.7,LOADED,YES,DOCK-08
2026-07-09 13:32:00,TRK-009,Rute-K,Gudang West (Tangerang),548.8,1200,19.64,0.9,65.2,QUEUED,NO,DOCK-09
2026-07-10 17:45:00,TRK-016,Rute-M,Petamburan Hub,549.5,1200,20.05,1.0,65.8,DELIVERED,YES,DOCK-10
2026-07-11 07:58:00,TRK-023,Rute-O,Bogor Transit Hub,550.2,1200,20.46,1.1,66.3,IN_TRANSIT,YES,DOCK-11
2026-07-12 11:11:00,TRK-030,Rute-Q,Central Hub (Jakarta),550.9,1200,20.87,1.3,66.8,IDLE_DOCK,YES,DOCK-12
2026-07-13 15:24:00,TRK-037,Rute-A,Bekasi Logistics Hub,551.6,1200,21.28,1.4,67.4,LOADED,YES,DOCK-01
2026-07-14 05:37:00,TRK-044,Rute-C,Cikarang Industrial Hub,552.3,1200,21.69,1.6,68.0,QUEUED,NO,DOCK-02
2026-07-15 09:50:00,TRK-051,Rute-E,Grogol Hub (Jakbar),553.0,1200,22.1,1.7,68.5,DELIVERED,YES,DOCK-03
2026-07-16 13:03:00,TRK-058,Rute-G,Depok Hub,553.7,1200,22.51,1.8,69.1,IN_TRANSIT,YES,DOCK-04
2026-07-17 17:16:00,TRK-065,Rute-I,Gudang West (Tangerang),554.4,1200,22.92,2.0,69.6,IDLE_DOCK,YES,DOCK-05
2026-07-18 07:29:00,TRK-072,Rute-K,Petamburan Hub,555.1,1200,23.33,2.1,70.2,LOADED,YES,DOCK-06
2026-07-19 11:42:00,TRK-079,Rute-M,Bogor Transit Hub,555.8,1200,23.74,2.3,70.7,QUEUED,NO,DOCK-07
2026-07-20 15:55:00,TRK-086,Rute-O,Central Hub (Jakarta),556.5,1200,24.15,2.4,71.2,DELIVERED,YES,DOCK-08
2026-07-21 05:08:00,TRK-093,Rute-Q,Bekasi Logistics Hub,557.2,1200,24.56,2.5,71.8,IN_TRANSIT,YES,DOCK-09
2026-07-22 09:21:00,TRK-100,Rute-A,Cikarang Industrial Hub,557.9,1200,24.97,2.7,72.4,IDLE_DOCK,YES,DOCK-10
2026-07-23 13:34:00,TRK-107,Rute-C,Grogol Hub (Jakbar),558.6,1200,25.38,2.8,72.9,LOADED,YES,DOCK-11
2026-07-24 17:47:00,TRK-114,Rute-E,Depok Hub,559.3,1200,25.79,3.0,73.5,QUEUED,NO,DOCK-12
2026-07-25 07:00:00,TRK-121,Rute-G,Gudang West (Tangerang),560.0,1200,9.8,0.3,74.0,DELIVERED,YES,DOCK-01
2026-07-26 11:13:00,TRK-128,Rute-I,Petamburan Hub,560.7,1200,10.21,0.4,74.6,IN_TRANSIT,YES,DOCK-02
2026-07-27 15:26:00,TRK-135,Rute-K,Bogor Transit Hub,561.4,1200,10.62,0.6,75.1,IDLE_DOCK,YES,DOCK-03
2026-07-28 05:39:00,TRK-142,Rute-M,Central Hub (Jakarta),562.1,1200,11.03,0.7,75.7,LOADED,YES,DOCK-04
2026-07-29 09:52:00,TRK-149,Rute-O,Bekasi Logistics Hub,562.8,1200,11.44,0.9,76.2,QUEUED,NO,DOCK-05
2026-07-30 13:05:00,TRK-156,Rute-Q,Cikarang Industrial Hub,563.5,1200,11.85,1.0,76.8,DELIVERED,YES,DOCK-06
2026-07-31 17:18:00,TRK-163,Rute-A,Grogol Hub (Jakbar),564.2,1200,12.26,1.1,77.3,IN_TRANSIT,YES,DOCK-07
2026-07-01 07:31:00,TRK-170,Rute-C,Depok Hub,564.9,1200,12.67,1.3,77.9,IDLE_DOCK,YES,DOCK-08
2026-07-02 11:44:00,TRK-177,Rute-E,Gudang West (Tangerang),565.6,1200,13.08,1.4,78.4,LOADED,YES,DOCK-09
2026-07-03 15:57:00,TRK-004,Rute-G,Petamburan Hub,566.3,1200,13.49,1.6,79.0,QUEUED,NO,DOCK-10
2026-07-04 05:10:00,TRK-011,Rute-I,Bogor Transit Hub,567.0,1200,13.9,1.7,79.5,DELIVERED,YES,DOCK-11
2026-07-05 09:23:00,TRK-018,Rute-K,Central Hub (Jakarta),567.7,1200,14.31,1.8,80.1,IN_TRANSIT,YES,DOCK-12
2026-07-06 13:36:00,TRK-025,Rute-M,Bekasi Logistics Hub,568.4,1200,14.72,2.0,80.6,IDLE_DOCK,YES,DOCK-01
2026-07-07 17:49:00,TRK-032,Rute-O,Cikarang Industrial Hub,569.1,1200,15.13,2.1,81.2,LOADED,YES,DOCK-02
2026-07-08 07:02:00,TRK-039,Rute-Q,Grogol Hub (Jakbar),569.8,1200,15.54,2.3,81.7,QUEUED,NO,DOCK-03
2026-07-09 11:15:00,TRK-046,Rute-A,Depok Hub,570.5,1200,15.95,2.4,82.2,DELIVERED,YES,DOCK-04
2026-07-10 15:28:00,TRK-053,Rute-C,Gudang West (Tangerang),571.2,1200,16.36,2.5,82.8,IN_TRANSIT,YES,DOCK-05
2026-07-11 05:41:00,TRK-060,Rute-E,Petamburan Hub,571.9,1200,16.77,2.7,83.4,IDLE_DOCK,YES,DOCK-06
2026-07-12 09:54:00,TRK-067,Rute-G,Bogor Transit Hub,572.6,1200,17.18,2.8,83.9,LOADED,YES,DOCK-07
2026-07-13 13:07:00,TRK-074,Rute-I,Central Hub (Jakarta),573.3,1200,17.59,3.0,84.5,QUEUED,NO,DOCK-08
2026-07-14 17:20:00,TRK-081,Rute-K,Bekasi Logistics Hub,574.0,1200,18.0,0.3,85.0,DELIVERED,YES,DOCK-09
2026-07-15 07:33:00,TRK-088,Rute-M,Cikarang Industrial Hub,574.7,1200,18.41,0.4,85.6,IN_TRANSIT,YES,DOCK-10
2026-07-16 11:46:00,TRK-095,Rute-O,Grogol Hub (Jakbar),575.4,1200,18.82,0.6,86.1,IDLE_DOCK,YES,DOCK-11
2026-07-17 15:59:00,TRK-102,Rute-Q,Depok Hub,576.1,1200,19.23,0.7,86.7,LOADED,YES,DOCK-12
2026-07-18 05:12:00,TRK-109,Rute-A,Gudang West (Tangerang),576.8,1200,19.64,0.9,87.2,QUEUED,NO,DOCK-01
2026-07-19 09:25:00,TRK-116,Rute-C,Petamburan Hub,577.5,1200,20.05,1.0,87.8,DELIVERED,YES,DOCK-02
2026-07-20 13:38:00,TRK-123,Rute-E,Bogor Transit Hub,578.2,1200,20.46,1.1,88.3,IN_TRANSIT,YES,DOCK-03
2026-07-21 17:51:00,TRK-130,Rute-G,Central Hub (Jakarta),578.9,1200,20.87,1.3,88.9,IDLE_DOCK,YES,DOCK-04
2026-07-22 07:04:00,TRK-137,Rute-I,Bekasi Logistics Hub,579.6,1200,21.28,1.4,89.4,LOADED,YES,DOCK-05
2026-07-23 11:17:00,TRK-144,Rute-K,Cikarang Industrial Hub,580.3,1200,21.69,1.6,90.0,QUEUED,NO,DOCK-06
2026-07-24 15:30:00,TRK-151,Rute-M,Grogol Hub (Jakbar),581.0,1200,22.1,1.7,90.5,DELIVERED,YES,DOCK-07
2026-07-25 05:43:00,TRK-158,Rute-O,Depok Hub,581.7,1200,22.51,1.8,91.1,IN_TRANSIT,YES,DOCK-08
2026-07-26 09:56:00,TRK-165,Rute-Q,Gudang West (Tangerang),582.4,1200,22.92,2.0,91.6,IDLE_DOCK,YES,DOCK-09
2026-07-27 13:09:00,TRK-172,Rute-A,Petamburan Hub,583.1,1200,23.33,2.1,92.2,LOADED,YES,DOCK-10
2026-07-28 17:22:00,TRK-179,Rute-C,Bogor Transit Hub,583.8,1200,23.74,2.3,92.7,QUEUED,NO,DOCK-11
2026-07-29 07:35:00,TRK-006,Rute-E,Central Hub (Jakarta),584.5,1200,24.15,2.4,93.2,DELIVERED,YES,DOCK-12
2026-07-30 11:48:00,TRK-013,Rute-G,Bekasi Logistics Hub,585.2,1200,24.56,2.5,93.8,IN_TRANSIT,YES,DOCK-01
2026-07-31 15:01:00,TRK-020,Rute-I,Cikarang Industrial Hub,585.9,1200,24.97,2.7,94.4,IDLE_DOCK,YES,DOCK-02
2026-07-01 05:14:00,TRK-027,Rute-K,Grogol Hub (Jakbar),586.6,1200,25.38,2.8,94.9,LOADED,YES,DOCK-03
2026-07-02 09:27:00,TRK-034,Rute-M,Depok Hub,587.3,1200,25.79,3.0,95.5,QUEUED,NO,DOCK-04
2026-07-03 13:40:00,TRK-041,Rute-O,Gudang West (Tangerang),588.0,1200,9.8,0.3,8.0,DELIVERED,YES,DOCK-05
2026-07-04 17:53:00,TRK-048,Rute-Q,Petamburan Hub,588.7,1200,10.21,0.4,8.6,IN_TRANSIT,YES,DOCK-06
2026-07-05 07:06:00,TRK-055,Rute-A,Bogor Transit Hub,589.4,1200,10.62,0.6,9.1,IDLE_DOCK,YES,DOCK-07
2026-07-06 11:19:00,TRK-062,Rute-C,Central Hub (Jakarta),590.1,1200,11.03,0.7,9.7,LOADED,YES,DOCK-08
2026-07-07 15:32:00,TRK-069,Rute-E,Bekasi Logistics Hub,590.8,1200,11.44,0.9,10.2,QUEUED,NO,DOCK-09
2026-07-08 05:45:00,TRK-076,Rute-G,Cikarang Industrial Hub,591.5,1200,11.85,1.0,10.8,DELIVERED,YES,DOCK-10
2026-07-09 09:58:00,TRK-083,Rute-I,Grogol Hub (Jakbar),592.2,1200,12.26,1.1,11.3,IN_TRANSIT,YES,DOCK-11
2026-07-10 13:11:00,TRK-090,Rute-K,Depok Hub,592.9,1200,12.67,1.3,11.9,IDLE_DOCK,YES,DOCK-12
2026-07-11 17:24:00,TRK-097,Rute-M,Gudang West (Tangerang),593.6,1200,13.08,1.4,12.4,LOADED,YES,DOCK-01
2026-07-12 07:37:00,TRK-104,Rute-O,Petamburan Hub,594.3,1200,13.49,1.6,12.9,QUEUED,NO,DOCK-02
2026-07-13 11:50:00,TRK-111,Rute-Q,Bogor Transit Hub,595.0,1200,13.9,1.7,13.5,DELIVERED,YES,DOCK-03
2026-07-14 15:03:00,TRK-118,Rute-A,Central Hub (Jakarta),595.7,1200,14.31,1.8,14.1,IN_TRANSIT,YES,DOCK-04
2026-07-15 05:16:00,TRK-125,Rute-C,Bekasi Logistics Hub,596.4,1200,14.72,2.0,14.6,IDLE_DOCK,YES,DOCK-05
2026-07-16 09:29:00,TRK-132,Rute-E,Cikarang Industrial Hub,597.1,1200,15.13,2.1,15.2,LOADED,YES,DOCK-06
2026-07-17 13:42:00,TRK-139,Rute-G,Grogol Hub (Jakbar),597.8,1200,15.54,2.3,15.7,QUEUED,NO,DOCK-07
2026-07-18 17:55:00,TRK-146,Rute-I,Depok Hub,598.5,1200,15.95,2.4,16.2,DELIVERED,YES,DOCK-08
2026-07-19 07:08:00,TRK-153,Rute-K,Gudang West (Tangerang),599.2,1200,16.36,2.5,16.8,IN_TRANSIT,YES,DOCK-09
2026-07-20 11:21:00,TRK-160,Rute-M,Petamburan Hub,599.9,1200,16.77,2.7,17.4,IDLE_DOCK,YES,DOCK-10
2026-07-21 15:34:00,TRK-167,Rute-O,Bogor Transit Hub,600.6,1200,17.18,2.8,17.9,LOADED,YES,DOCK-11
2026-07-22 05:47:00,TRK-174,Rute-Q,Central Hub (Jakarta),601.3,1200,17.59,3.0,18.5,QUEUED,NO,DOCK-12
2026-07-23 09:00:00,TRK-001,Rute-A,Bekasi Logistics Hub,602.0,1200,18.0,0.3,19.0,DELIVERED,YES,DOCK-01
2026-07-24 13:13:00,TRK-008,Rute-C,Cikarang Industrial Hub,602.7,1200,18.41,0.4,19.6,IN_TRANSIT,YES,DOCK-02
2026-07-25 17:26:00,TRK-015,Rute-E,Grogol Hub (Jakbar),603.4,1200,18.82,0.6,20.1,IDLE_DOCK,YES,DOCK-03
2026-07-26 07:39:00,TRK-022,Rute-G,Depok Hub,604.1,1200,19.23,0.7,20.6,LOADED,YES,DOCK-04
2026-07-27 11:52:00,TRK-029,Rute-I,Gudang West (Tangerang),604.8,1200,19.64,0.9,21.2,QUEUED,NO,DOCK-05
2026-07-28 15:05:00,TRK-036,Rute-K,Petamburan Hub,605.5,1200,20.05,1.0,21.8,DELIVERED,YES,DOCK-06
2026-07-29 05:18:00,TRK-043,Rute-M,Bogor Transit Hub,606.2,1200,20.46,1.1,22.3,IN_TRANSIT,YES,DOCK-07
2026-07-30 09:31:00,TRK-050,Rute-O,Central Hub (Jakarta),606.9,1200,20.87,1.3,22.9,IDLE_DOCK,YES,DOCK-08
2026-07-31 13:44:00,TRK-057,Rute-Q,Bekasi Logistics Hub,607.6,1200,21.28,1.4,23.4,LOADED,YES,DOCK-09
2026-07-01 17:57:00,TRK-064,Rute-A,Cikarang Industrial Hub,608.3,1200,21.69,1.6,24.0,QUEUED,NO,DOCK-10
2026-07-02 07:10:00,TRK-071,Rute-C,Grogol Hub (Jakbar),609.0,1200,22.1,1.7,24.5,DELIVERED,YES,DOCK-11
2026-07-03 11:23:00,TRK-078,Rute-E,Depok Hub,609.7,1200,22.51,1.8,25.1,IN_TRANSIT,YES,DOCK-12
2026-07-04 15:36:00,TRK-085,Rute-G,Gudang West (Tangerang),610.4,1200,22.92,2.0,25.6,IDLE_DOCK,YES,DOCK-01
2026-07-05 05:49:00,TRK-092,Rute-I,Petamburan Hub,611.1,1200,23.33,2.1,26.2,LOADED,YES,DOCK-02
2026-07-06 09:02:00,TRK-099,Rute-K,Bogor Transit Hub,611.8,1200,23.74,2.3,26.7,QUEUED,NO,DOCK-03
2026-07-07 13:15:00,TRK-106,Rute-M,Central Hub (Jakarta),612.5,1200,24.15,2.4,27.2,DELIVERED,YES,DOCK-04
2026-07-08 17:28:00,TRK-113,Rute-O,Bekasi Logistics Hub,613.2,1200,24.56,2.5,27.8,IN_TRANSIT,YES,DOCK-05
2026-07-09 07:41:00,TRK-120,Rute-Q,Cikarang Industrial Hub,613.9,1200,24.97,2.7,28.4,IDLE_DOCK,YES,DOCK-06
2026-07-10 11:54:00,TRK-127,Rute-A,Grogol Hub (Jakbar),614.6,1200,25.38,2.8,28.9,LOADED,YES,DOCK-07
2026-07-11 15:07:00,TRK-134,Rute-C,Depok Hub,615.3,1200,25.79,3.0,29.5,QUEUED,NO,DOCK-08
2026-07-12 05:20:00,TRK-141,Rute-E,Gudang West (Tangerang),616.0,1200,9.8,0.3,30.0,DELIVERED,YES,DOCK-09
2026-07-13 09:33:00,TRK-148,Rute-G,Petamburan Hub,616.7,1200,10.21,0.4,30.6,IN_TRANSIT,YES,DOCK-10
2026-07-14 13:46:00,TRK-155,Rute-I,Bogor Transit Hub,617.4,1200,10.62,0.6,31.1,IDLE_DOCK,YES,DOCK-11
2026-07-15 17:59:00,TRK-162,Rute-K,Central Hub (Jakarta),618.1,1200,11.03,0.7,31.7,LOADED,YES,DOCK-12
2026-07-16 07:12:00,TRK-169,Rute-M,Bekasi Logistics Hub,618.8,1200,11.44,0.9,32.2,QUEUED,NO,DOCK-01
2026-07-17 11:25:00,TRK-176,Rute-O,Cikarang Industrial Hub,619.5,1200,11.85,1.0,32.8,DELIVERED,YES,DOCK-02
2026-07-18 15:38:00,TRK-003,Rute-Q,Grogol Hub (Jakbar),620.2,1200,12.26,1.1,33.3,IN_TRANSIT,YES,DOCK-03
2026-07-19 05:51:00,TRK-010,Rute-A,Depok Hub,620.9,1200,12.67,1.3,33.9,IDLE_DOCK,YES,DOCK-04
2026-07-20 09:04:00,TRK-017,Rute-C,Gudang West (Tangerang),621.6,1200,13.08,1.4,34.4,LOADED,YES,DOCK-05
2026-07-21 13:17:00,TRK-024,Rute-E,Petamburan Hub,622.3,1200,13.49,1.6,35.0,QUEUED,NO,DOCK-06
2026-07-22 17:30:00,TRK-031,Rute-G,Bogor Transit Hub,623.0,1200,13.9,1.7,35.5,DELIVERED,YES,DOCK-07
2026-07-23 07:43:00,TRK-038,Rute-I,Central Hub (Jakarta),623.7,1200,14.31,1.8,36.0,IN_TRANSIT,YES,DOCK-08
2026-07-24 11:56:00,TRK-045,Rute-K,Bekasi Logistics Hub,624.4,1200,14.72,2.0,36.6,IDLE_DOCK,YES,DOCK-09
2026-07-25 15:09:00,TRK-052,Rute-M,Cikarang Industrial Hub,625.1,1200,15.13,2.1,37.2,LOADED,YES,DOCK-10
2026-07-26 05:22:00,TRK-059,Rute-O,Grogol Hub (Jakbar),625.8,1200,15.54,2.3,37.7,QUEUED,NO,DOCK-11
2026-07-27 09:35:00,TRK-066,Rute-Q,Depok Hub,626.5,1200,15.95,2.4,38.2,DELIVERED,YES,DOCK-12
2026-07-28 13:48:00,TRK-073,Rute-A,Gudang West (Tangerang),627.2,1200,16.36,2.5,38.8,IN_TRANSIT,YES,DOCK-01
2026-07-29 17:01:00,TRK-080,Rute-C,Petamburan Hub,627.9,1200,16.77,2.7,39.4,IDLE_DOCK,YES,DOCK-02
2026-07-30 07:14:00,TRK-087,Rute-E,Bogor Transit Hub,628.6,1200,17.18,2.8,39.9,LOADED,YES,DOCK-03
2026-07-31 11:27:00,TRK-094,Rute-G,Central Hub (Jakarta),629.3,1200,17.59,3.0,40.5,QUEUED,NO,DOCK-04
2026-07-01 15:40:00,TRK-101,Rute-I,Bekasi Logistics Hub,630.0,1200,18.0,0.3,41.0,DELIVERED,YES,DOCK-05
2026-07-02 05:53:00,TRK-108,Rute-K,Cikarang Industrial Hub,630.7,1200,18.41,0.4,41.6,IN_TRANSIT,YES,DOCK-06
2026-07-03 09:06:00,TRK-115,Rute-M,Grogol Hub (Jakbar),631.4,1200,18.82,0.6,42.1,IDLE_DOCK,YES,DOCK-07
2026-07-04 13:19:00,TRK-122,Rute-O,Depok Hub,632.1,1200,19.23,0.7,42.7,LOADED,YES,DOCK-08
2026-07-05 17:32:00,TRK-129,Rute-Q,Gudang West (Tangerang),632.8,1200,19.64,0.9,43.2,QUEUED,NO,DOCK-09
2026-07-06 07:45:00,TRK-136,Rute-A,Petamburan Hub,633.5,1200,20.05,1.0,43.8,DELIVERED,YES,DOCK-10
2026-07-07 11:58:00,TRK-143,Rute-C,Bogor Transit Hub,634.2,1200,20.46,1.1,44.3,IN_TRANSIT,YES,DOCK-11
2026-07-08 15:11:00,TRK-150,Rute-E,Central Hub (Jakarta),634.9,1200,20.87,1.3,44.9,IDLE_DOCK,YES,DOCK-12
2026-07-09 05:24:00,TRK-157,Rute-G,Bekasi Logistics Hub,635.6,1200,21.28,1.4,45.4,LOADED,YES,DOCK-01
2026-07-10 09:37:00,TRK-164,Rute-I,Cikarang Industrial Hub,636.3,1200,21.69,1.6,46.0,QUEUED,NO,DOCK-02
2026-07-11 13:50:00,TRK-171,Rute-K,Grogol Hub (Jakbar),637.0,1200,22.1,1.7,46.5,DELIVERED,YES,DOCK-03
2026-07-12 17:03:00,TRK-178,Rute-M,Depok Hub,637.7,1200,22.51,1.8,47.1,IN_TRANSIT,YES,DOCK-04
2026-07-13 07:16:00,TRK-005,Rute-O,Gudang West (Tangerang),638.4,1200,22.92,2.0,47.6,IDLE_DOCK,YES,DOCK-05
2026-07-14 11:29:00,TRK-012,Rute-Q,Petamburan Hub,639.1,1200,23.33,2.1,48.2,LOADED,YES,DOCK-06
2026-07-15 15:42:00,TRK-019,Rute-A,Bogor Transit Hub,639.8,1200,23.74,2.3,48.7,QUEUED,NO,DOCK-07
2026-07-16 05:55:00,TRK-026,Rute-C,Central Hub (Jakarta),640.5,1200,24.15,2.4,49.2,DELIVERED,YES,DOCK-08
2026-07-17 09:08:00,TRK-033,Rute-E,Bekasi Logistics Hub,641.2,1200,24.56,2.5,49.8,IN_TRANSIT,YES,DOCK-09
2026-07-18 13:21:00,TRK-040,Rute-G,Cikarang Industrial Hub,641.9,1200,24.97,2.7,50.4,IDLE_DOCK,YES,DOCK-10
2026-07-19 17:34:00,TRK-047,Rute-I,Grogol Hub (Jakbar),642.6,1200,25.38,2.8,50.9,LOADED,YES,DOCK-11
2026-07-20 07:47:00,TRK-054,Rute-K,Depok Hub,643.3,1200,25.79,3.0,51.5,QUEUED,NO,DOCK-12
2026-07-21 11:00:00,TRK-061,Rute-M,Gudang West (Tangerang),644.0,1200,9.8,0.3,52.0,DELIVERED,YES,DOCK-01
2026-07-22 15:13:00,TRK-068,Rute-O,Petamburan Hub,644.7,1200,10.21,0.4,52.6,IN_TRANSIT,YES,DOCK-02
2026-07-23 05:26:00,TRK-075,Rute-Q,Bogor Transit Hub,645.4,1200,10.62,0.6,53.1,IDLE_DOCK,YES,DOCK-03
2026-07-24 09:39:00,TRK-082,Rute-A,Central Hub (Jakarta),646.1,1200,11.03,0.7,53.7,LOADED,YES,DOCK-04
2026-07-25 13:52:00,TRK-089,Rute-C,Bekasi Logistics Hub,646.8,1200,11.44,0.9,54.2,QUEUED,NO,DOCK-05
2026-07-26 17:05:00,TRK-096,Rute-E,Cikarang Industrial Hub,647.5,1200,11.85,1.0,54.8,DELIVERED,YES,DOCK-06
2026-07-27 07:18:00,TRK-103,Rute-G,Grogol Hub (Jakbar),648.2,1200,12.26,1.1,55.3,IN_TRANSIT,YES,DOCK-07
2026-07-28 11:31:00,TRK-110,Rute-I,Depok Hub,648.9,1200,12.67,1.3,55.9,IDLE_DOCK,YES,DOCK-08
2026-07-29 15:44:00,TRK-117,Rute-K,Gudang West (Tangerang),649.6,1200,13.08,1.4,56.4,LOADED,YES,DOCK-09
2026-07-30 05:57:00,TRK-124,Rute-M,Petamburan Hub,650.3,1200,13.49,1.6,57.0,QUEUED,NO,DOCK-10
2026-07-31 09:10:00,TRK-131,Rute-O,Bogor Transit Hub,651.0,1200,13.9,1.7,57.5,DELIVERED,YES,DOCK-11
2026-07-01 13:23:00,TRK-138,Rute-Q,Central Hub (Jakarta),651.7,1200,14.31,1.8,58.1,IN_TRANSIT,YES,DOCK-12
2026-07-02 17:36:00,TRK-145,Rute-A,Bekasi Logistics Hub,652.4,1200,14.72,2.0,58.6,IDLE_DOCK,YES,DOCK-01
2026-07-03 07:49:00,TRK-152,Rute-C,Cikarang Industrial Hub,653.1,1200,15.13,2.1,59.2,LOADED,YES,DOCK-02
2026-07-04 11:02:00,TRK-159,Rute-E,Grogol Hub (Jakbar),653.8,1200,15.54,2.3,59.7,QUEUED,NO,DOCK-03
2026-07-05 15:15:00,TRK-166,Rute-G,Depok Hub,654.5,1200,15.95,2.4,60.3,DELIVERED,YES,DOCK-04
2026-07-06 05:28:00,TRK-173,Rute-I,Gudang West (Tangerang),655.2,1200,16.36,2.5,60.8,IN_TRANSIT,YES,DOCK-05
2026-07-07 09:41:00,TRK-180,Rute-K,Petamburan Hub,655.9,1200,16.77,2.7,61.4,IDLE_DOCK,YES,DOCK-06
2026-07-08 13:54:00,TRK-007,Rute-M,Bogor Transit Hub,656.6,1200,17.18,2.8,61.9,LOADED,YES,DOCK-07
2026-07-09 17:07:00,TRK-014,Rute-O,Central Hub (Jakarta),657.3,1200,17.59,3.0,62.5,QUEUED,NO,DOCK-08
2026-07-10 07:20:00,TRK-021,Rute-Q,Bekasi Logistics Hub,658.0,1200,18.0,0.3,63.0,DELIVERED,YES,DOCK-09
2026-07-11 11:33:00,TRK-028,Rute-A,Cikarang Industrial Hub,658.7,1200,18.41,0.4,63.6,IN_TRANSIT,YES,DOCK-10
2026-07-12 15:46:00,TRK-035,Rute-C,Grogol Hub (Jakbar),659.4,1200,18.82,0.6,64.1,IDLE_DOCK,YES,DOCK-11
2026-07-13 05:59:00,TRK-042,Rute-E,Depok Hub,660.1,1200,19.23,0.7,64.7,LOADED,YES,DOCK-12
2026-07-14 09:12:00,TRK-049,Rute-G,Gudang West (Tangerang),660.8,1200,19.64,0.9,65.2,QUEUED,NO,DOCK-01
2026-07-15 13:25:00,TRK-056,Rute-I,Petamburan Hub,661.5,1200,20.05,1.0,65.8,DELIVERED,YES,DOCK-02
2026-07-16 17:38:00,TRK-063,Rute-K,Bogor Transit Hub,662.2,1200,20.46,1.1,66.3,IN_TRANSIT,YES,DOCK-03
2026-07-17 07:51:00,TRK-070,Rute-M,Central Hub (Jakarta),662.9,1200,20.87,1.3,66.8,IDLE_DOCK,YES,DOCK-04
2026-07-18 11:04:00,TRK-077,Rute-O,Bekasi Logistics Hub,663.6,1200,21.28,1.4,67.4,LOADED,YES,DOCK-05
2026-07-19 15:17:00,TRK-084,Rute-Q,Cikarang Industrial Hub,664.3,1200,21.69,1.6,68.0,QUEUED,NO,DOCK-06
2026-07-20 05:30:00,TRK-091,Rute-A,Grogol Hub (Jakbar),665.0,1200,22.1,1.7,68.5,DELIVERED,YES,DOCK-07
2026-07-21 09:43:00,TRK-098,Rute-C,Depok Hub,665.7,1200,22.51,1.8,69.1,IN_TRANSIT,YES,DOCK-08
2026-07-22 13:56:00,TRK-105,Rute-E,Gudang West (Tangerang),666.4,1200,22.92,2.0,69.6,IDLE_DOCK,YES,DOCK-09
2026-07-23 17:09:00,TRK-112,Rute-G,Petamburan Hub,667.1,1200,23.33,2.1,70.2,LOADED,YES,DOCK-10
2026-07-24 07:22:00,TRK-119,Rute-I,Bogor Transit Hub,667.8,1200,23.74,2.3,70.7,QUEUED,NO,DOCK-11
2026-07-25 11:35:00,TRK-126,Rute-K,Central Hub (Jakarta),668.5,1200,24.15,2.4,71.2,DELIVERED,YES,DOCK-12
2026-07-26 15:48:00,TRK-133,Rute-M,Bekasi Logistics Hub,669.2,1200,24.56,2.5,71.8,IN_TRANSIT,YES,DOCK-01
2026-07-27 05:01:00,TRK-140,Rute-O,Cikarang Industrial Hub,669.9,1200,24.97,2.7,72.4,IDLE_DOCK,YES,DOCK-02
2026-07-28 09:14:00,TRK-147,Rute-Q,Grogol Hub (Jakbar),670.6,1200,25.38,2.8,72.9,LOADED,YES,DOCK-03
2026-07-29 13:27:00,TRK-154,Rute-A,Depok Hub,671.3,1200,25.79,3.0,73.5,QUEUED,NO,DOCK-04
2026-07-30 17:40:00,TRK-161,Rute-C,Gudang West (Tangerang),672.0,1200,9.8,0.3,74.0,DELIVERED,YES,DOCK-05
2026-07-31 07:53:00,TRK-168,Rute-E,Petamburan Hub,672.7,1200,10.21,0.4,74.6,IN_TRANSIT,YES,DOCK-06
2026-07-01 11:06:00,TRK-175,Rute-G,Bogor Transit Hub,673.4,1200,10.62,0.6,75.1,IDLE_DOCK,YES,DOCK-07
2026-07-02 15:19:00,TRK-002,Rute-I,Central Hub (Jakarta),674.1,1200,11.03,0.7,75.7,LOADED,YES,DOCK-08
2026-07-03 05:32:00,TRK-009,Rute-K,Bekasi Logistics Hub,674.8,1200,11.44,0.9,76.2,QUEUED,NO,DOCK-09
2026-07-04 09:45:00,TRK-016,Rute-M,Cikarang Industrial Hub,675.5,1200,11.85,1.0,76.8,DELIVERED,YES,DOCK-10
2026-07-05 13:58:00,TRK-023,Rute-O,Grogol Hub (Jakbar),676.2,1200,12.26,1.1,77.3,IN_TRANSIT,YES,DOCK-11
2026-07-06 17:11:00,TRK-030,Rute-Q,Depok Hub,676.9,1200,12.67,1.3,77.9,IDLE_DOCK,YES,DOCK-12
2026-07-07 07:24:00,TRK-037,Rute-A,Gudang West (Tangerang),677.6,1200,13.08,1.4,78.4,LOADED,YES,DOCK-01
2026-07-08 11:37:00,TRK-044,Rute-C,Petamburan Hub,678.3,1200,13.49,1.6,79.0,QUEUED,NO,DOCK-02
2026-07-09 15:50:00,TRK-051,Rute-E,Bogor Transit Hub,679.0,1200,13.9,1.7,79.5,DELIVERED,YES,DOCK-03
2026-07-10 05:03:00,TRK-058,Rute-G,Central Hub (Jakarta),679.7,1200,14.31,1.8,80.1,IN_TRANSIT,YES,DOCK-04
2026-07-11 09:16:00,TRK-065,Rute-I,Bekasi Logistics Hub,680.4,1200,14.72,2.0,80.6,IDLE_DOCK,YES,DOCK-05
2026-07-12 13:29:00,TRK-072,Rute-K,Cikarang Industrial Hub,681.1,1200,15.13,2.1,81.2,LOADED,YES,DOCK-06
2026-07-13 17:42:00,TRK-079,Rute-M,Grogol Hub (Jakbar),681.8,1200,15.54,2.3,81.7,QUEUED,NO,DOCK-07
2026-07-14 07:55:00,TRK-086,Rute-O,Depok Hub,682.5,1200,15.95,2.4,82.2,DELIVERED,YES,DOCK-08
2026-07-15 11:08:00,TRK-093,Rute-Q,Gudang West (Tangerang),683.2,1200,16.36,2.5,82.8,IN_TRANSIT,YES,DOCK-09
2026-07-16 15:21:00,TRK-100,Rute-A,Petamburan Hub,683.9,1200,16.77,2.7,83.4,IDLE_DOCK,YES,DOCK-10
2026-07-17 05:34:00,TRK-107,Rute-C,Bogor Transit Hub,684.6,1200,17.18,2.8,83.9,LOADED,YES,DOCK-11
2026-07-18 09:47:00,TRK-114,Rute-E,Central Hub (Jakarta),685.3,1200,17.59,3.0,84.5,QUEUED,NO,DOCK-12
2026-07-19 13:00:00,TRK-121,Rute-G,Bekasi Logistics Hub,686.0,1200,18.0,0.3,85.0,DELIVERED,YES,DOCK-01
2026-07-20 17:13:00,TRK-128,Rute-I,Cikarang Industrial Hub,686.7,1200,18.41,0.4,85.6,IN_TRANSIT,YES,DOCK-02
2026-07-21 07:26:00,TRK-135,Rute-K,Grogol Hub (Jakbar),687.4,1200,18.82,0.6,86.1,IDLE_DOCK,YES,DOCK-03
2026-07-22 11:39:00,TRK-142,Rute-M,Depok Hub,688.1,1200,19.23,0.7,86.7,LOADED,YES,DOCK-04
2026-07-23 15:52:00,TRK-149,Rute-O,Gudang West (Tangerang),688.8,1200,19.64,0.9,87.2,QUEUED,NO,DOCK-05
2026-07-24 05:05:00,TRK-156,Rute-Q,Petamburan Hub,689.5,1200,20.05,1.0,87.8,DELIVERED,YES,DOCK-06
2026-07-25 09:18:00,TRK-163,Rute-A,Bogor Transit Hub,690.2,1200,20.46,1.1,88.3,IN_TRANSIT,YES,DOCK-07
2026-07-26 13:31:00,TRK-170,Rute-C,Central Hub (Jakarta),690.9,1200,20.87,1.3,88.9,IDLE_DOCK,YES,DOCK-08
2026-07-27 17:44:00,TRK-177,Rute-E,Bekasi Logistics Hub,691.6,1200,21.28,1.4,89.4,LOADED,YES,DOCK-09
2026-07-28 07:57:00,TRK-004,Rute-G,Cikarang Industrial Hub,692.3,1200,21.69,1.6,90.0,QUEUED,NO,DOCK-10
2026-07-29 11:10:00,TRK-011,Rute-I,Grogol Hub (Jakbar),693.0,1200,22.1,1.7,90.5,DELIVERED,YES,DOCK-11
2026-07-30 15:23:00,TRK-018,Rute-K,Depok Hub,693.7,1200,22.51,1.8,91.1,IN_TRANSIT,YES,DOCK-12
2026-07-31 05:36:00,TRK-025,Rute-M,Gudang West (Tangerang),694.4,1200,22.92,2.0,91.6,IDLE_DOCK,YES,DOCK-01
2026-07-01 09:49:00,TRK-032,Rute-O,Petamburan Hub,695.1,1200,23.33,2.1,92.2,LOADED,YES,DOCK-02
2026-07-02 13:02:00,TRK-039,Rute-Q,Bogor Transit Hub,695.8,1200,23.74,2.3,92.7,QUEUED,NO,DOCK-03
2026-07-03 17:15:00,TRK-046,Rute-A,Central Hub (Jakarta),696.5,1200,24.15,2.4,93.2,DELIVERED,YES,DOCK-04
2026-07-04 07:28:00,TRK-053,Rute-C,Bekasi Logistics Hub,697.2,1200,24.56,2.5,93.8,IN_TRANSIT,YES,DOCK-05
2026-07-05 11:41:00,TRK-060,Rute-E,Cikarang Industrial Hub,697.9,1200,24.97,2.7,94.4,IDLE_DOCK,YES,DOCK-06
2026-07-06 15:54:00,TRK-067,Rute-G,Grogol Hub (Jakbar),698.6,1200,25.38,2.8,94.9,LOADED,YES,DOCK-07
2026-07-07 05:07:00,TRK-074,Rute-I,Depok Hub,699.3,1200,25.79,3.0,95.5,QUEUED,NO,DOCK-08
2026-07-08 09:20:00,TRK-081,Rute-K,Gudang West (Tangerang),700.0,1200,9.8,0.3,8.0,DELIVERED,YES,DOCK-09
2026-07-09 13:33:00,TRK-088,Rute-M,Petamburan Hub,700.7,1200,10.21,0.4,8.6,IN_TRANSIT,YES,DOCK-10
2026-07-10 17:46:00,TRK-095,Rute-O,Bogor Transit Hub,701.4,1200,10.62,0.6,9.1,IDLE_DOCK,YES,DOCK-11
2026-07-11 07:59:00,TRK-102,Rute-Q,Central Hub (Jakarta),702.1,1200,11.03,0.7,9.7,LOADED,YES,DOCK-12
2026-07-12 11:12:00,TRK-109,Rute-A,Bekasi Logistics Hub,702.8,1200,11.44,0.9,10.2,QUEUED,NO,DOCK-01
2026-07-13 15:25:00,TRK-116,Rute-C,Cikarang Industrial Hub,703.5,1200,11.85,1.0,10.8,DELIVERED,YES,DOCK-02
2026-07-14 05:38:00,TRK-123,Rute-E,Grogol Hub (Jakbar),704.2,1200,12.26,1.1,11.3,IN_TRANSIT,YES,DOCK-03
2026-07-15 09:51:00,TRK-130,Rute-G,Depok Hub,704.9,1200,12.67,1.3,11.9,IDLE_DOCK,YES,DOCK-04
2026-07-16 13:04:00,TRK-137,Rute-I,Gudang West (Tangerang),705.6,1200,13.08,1.4,12.4,LOADED,YES,DOCK-05
2026-07-17 17:17:00,TRK-144,Rute-K,Petamburan Hub,706.3,1200,13.49,1.6,12.9,QUEUED,NO,DOCK-06
2026-07-18 07:30:00,TRK-151,Rute-M,Bogor Transit Hub,707.0,1200,13.9,1.7,13.5,DELIVERED,YES,DOCK-07
2026-07-19 11:43:00,TRK-158,Rute-O,Central Hub (Jakarta),707.7,1200,14.31,1.8,14.1,IN_TRANSIT,YES,DOCK-08
2026-07-20 15:56:00,TRK-165,Rute-Q,Bekasi Logistics Hub,708.4,1200,14.72,2.0,14.6,IDLE_DOCK,YES,DOCK-09
2026-07-21 05:09:00,TRK-172,Rute-A,Cikarang Industrial Hub,709.1,1200,15.13,2.1,15.2,LOADED,YES,DOCK-10
2026-07-22 09:22:00,TRK-179,Rute-C,Grogol Hub (Jakbar),709.8,1200,15.54,2.3,15.7,QUEUED,NO,DOCK-11
2026-07-23 13:35:00,TRK-006,Rute-E,Depok Hub,710.5,1200,15.95,2.4,16.2,DELIVERED,YES,DOCK-12
2026-07-24 17:48:00,TRK-013,Rute-G,Gudang West (Tangerang),711.2,1200,16.36,2.5,16.8,IN_TRANSIT,YES,DOCK-01
2026-07-25 07:01:00,TRK-020,Rute-I,Petamburan Hub,711.9,1200,16.77,2.7,17.4,IDLE_DOCK,YES,DOCK-02
2026-07-26 11:14:00,TRK-027,Rute-K,Bogor Transit Hub,712.6,1200,17.18,2.8,17.9,LOADED,YES,DOCK-03
2026-07-27 15:27:00,TRK-034,Rute-M,Central Hub (Jakarta),713.3,1200,17.59,3.0,18.5,QUEUED,NO,DOCK-04
2026-07-28 05:40:00,TRK-041,Rute-O,Bekasi Logistics Hub,714.0,1200,18.0,0.3,19.0,DELIVERED,YES,DOCK-05
2026-07-29 09:53:00,TRK-048,Rute-Q,Cikarang Industrial Hub,714.7,1200,18.41,0.4,19.6,IN_TRANSIT,YES,DOCK-06
2026-07-30 13:06:00,TRK-055,Rute-A,Grogol Hub (Jakbar),715.4,1200,18.82,0.6,20.1,IDLE_DOCK,YES,DOCK-07
2026-07-31 17:19:00,TRK-062,Rute-C,Depok Hub,716.1,1200,19.23,0.7,20.6,LOADED,YES,DOCK-08
2026-07-01 07:32:00,TRK-069,Rute-E,Gudang West (Tangerang),716.8,1200,19.64,0.9,21.2,QUEUED,NO,DOCK-09
2026-07-02 11:45:00,TRK-076,Rute-G,Petamburan Hub,717.5,1200,20.05,1.0,21.8,DELIVERED,YES,DOCK-10
2026-07-03 15:58:00,TRK-083,Rute-I,Bogor Transit Hub,718.2,1200,20.46,1.1,22.3,IN_TRANSIT,YES,DOCK-11
2026-07-04 05:11:00,TRK-090,Rute-K,Central Hub (Jakarta),718.9,1200,20.87,1.3,22.9,IDLE_DOCK,YES,DOCK-12
2026-07-05 09:24:00,TRK-097,Rute-M,Bekasi Logistics Hub,719.6,1200,21.28,1.4,23.4,LOADED,YES,DOCK-01
2026-07-06 13:37:00,TRK-104,Rute-O,Cikarang Industrial Hub,720.3,1200,21.69,1.6,24.0,QUEUED,NO,DOCK-02
2026-07-07 17:50:00,TRK-111,Rute-Q,Grogol Hub (Jakbar),721.0,1200,22.1,1.7,24.5,DELIVERED,YES,DOCK-03
2026-07-08 07:03:00,TRK-118,Rute-A,Depok Hub,721.7,1200,22.51,1.8,25.1,IN_TRANSIT,YES,DOCK-04
2026-07-09 11:16:00,TRK-125,Rute-C,Gudang West (Tangerang),722.4,1200,22.92,2.0,25.6,IDLE_DOCK,YES,DOCK-05
2026-07-10 15:29:00,TRK-132,Rute-E,Petamburan Hub,723.1,1200,23.33,2.1,26.2,LOADED,YES,DOCK-06
2026-07-11 05:42:00,TRK-139,Rute-G,Bogor Transit Hub,723.8,1200,23.74,2.3,26.7,QUEUED,NO,DOCK-07
2026-07-12 09:55:00,TRK-146,Rute-I,Central Hub (Jakarta),724.5,1200,24.15,2.4,27.2,DELIVERED,YES,DOCK-08
2026-07-13 13:08:00,TRK-153,Rute-K,Bekasi Logistics Hub,725.2,1200,24.56,2.5,27.8,IN_TRANSIT,YES,DOCK-09
2026-07-14 17:21:00,TRK-160,Rute-M,Cikarang Industrial Hub,725.9,1200,24.97,2.7,28.4,IDLE_DOCK,YES,DOCK-10
2026-07-15 07:34:00,TRK-167,Rute-O,Grogol Hub (Jakbar),726.6,1200,25.38,2.8,28.9,LOADED,YES,DOCK-11
2026-07-16 11:47:00,TRK-174,Rute-Q,Depok Hub,727.3,1200,25.79,3.0,29.5,QUEUED,NO,DOCK-12
2026-07-17 15:00:00,TRK-001,Rute-A,Gudang West (Tangerang),728.0,1200,9.8,0.3,30.0,DELIVERED,YES,DOCK-01
2026-07-18 05:13:00,TRK-008,Rute-C,Petamburan Hub,728.7,1200,10.21,0.4,30.6,IN_TRANSIT,YES,DOCK-02
2026-07-19 09:26:00,TRK-015,Rute-E,Bogor Transit Hub,729.4,1200,10.62,0.6,31.1,IDLE_DOCK,YES,DOCK-03
2026-07-20 13:39:00,TRK-022,Rute-G,Central Hub (Jakarta),730.1,1200,11.03,0.7,31.7,LOADED,YES,DOCK-04
2026-07-21 17:52:00,TRK-029,Rute-I,Bekasi Logistics Hub,730.8,1200,11.44,0.9,32.2,QUEUED,NO,DOCK-05
2026-07-22 07:05:00,TRK-036,Rute-K,Cikarang Industrial Hub,731.5,1200,11.85,1.0,32.8,DELIVERED,YES,DOCK-06
2026-07-23 11:18:00,TRK-043,Rute-M,Grogol Hub (Jakbar),732.2,1200,12.26,1.1,33.3,IN_TRANSIT,YES,DOCK-07
2026-07-24 15:31:00,TRK-050,Rute-O,Depok Hub,732.9,1200,12.67,1.3,33.9,IDLE_DOCK,YES,DOCK-08
2026-07-25 05:44:00,TRK-057,Rute-Q,Gudang West (Tangerang),733.6,1200,13.08,1.4,34.4,LOADED,YES,DOCK-09
2026-07-26 09:57:00,TRK-064,Rute-A,Petamburan Hub,734.3,1200,13.49,1.6,35.0,QUEUED,NO,DOCK-10
2026-07-27 13:10:00,TRK-071,Rute-C,Bogor Transit Hub,735.0,1200,13.9,1.7,35.5,DELIVERED,YES,DOCK-11
2026-07-28 17:23:00,TRK-078,Rute-E,Central Hub (Jakarta),735.7,1200,14.31,1.8,36.0,IN_TRANSIT,YES,DOCK-12
2026-07-29 07:36:00,TRK-085,Rute-G,Bekasi Logistics Hub,736.4,1200,14.72,2.0,36.6,IDLE_DOCK,YES,DOCK-01
2026-07-30 11:49:00,TRK-092,Rute-I,Cikarang Industrial Hub,737.1,1200,15.13,2.1,37.2,LOADED,YES,DOCK-02
2026-07-31 15:02:00,TRK-099,Rute-K,Grogol Hub (Jakbar),737.8,1200,15.54,2.3,37.7,QUEUED,NO,DOCK-03
2026-07-01 05:15:00,TRK-106,Rute-M,Depok Hub,738.5,1200,15.95,2.4,38.2,DELIVERED,YES,DOCK-04
2026-07-02 09:28:00,TRK-113,Rute-O,Gudang West (Tangerang),739.2,1200,16.36,2.5,38.8,IN_TRANSIT,YES,DOCK-05
2026-07-03 13:41:00,TRK-120,Rute-Q,Petamburan Hub,739.9,1200,16.77,2.7,39.4,IDLE_DOCK,YES,DOCK-06
2026-07-04 17:54:00,TRK-127,Rute-A,Bogor Transit Hub,740.6,1200,17.18,2.8,39.9,LOADED,YES,DOCK-07
2026-07-05 07:07:00,TRK-134,Rute-C,Central Hub (Jakarta),741.3,1200,17.59,3.0,40.5,QUEUED,NO,DOCK-08
2026-07-06 11:20:00,TRK-141,Rute-E,Bekasi Logistics Hub,742.0,1200,18.0,0.3,41.0,DELIVERED,YES,DOCK-09
2026-07-07 15:33:00,TRK-148,Rute-G,Cikarang Industrial Hub,742.7,1200,18.41,0.4,41.6,IN_TRANSIT,YES,DOCK-10
2026-07-08 05:46:00,TRK-155,Rute-I,Grogol Hub (Jakbar),743.4,1200,18.82,0.6,42.1,IDLE_DOCK,YES,DOCK-11
2026-07-09 09:59:00,TRK-162,Rute-K,Depok Hub,744.1,1200,19.23,0.7,42.7,LOADED,YES,DOCK-12
2026-07-10 13:12:00,TRK-169,Rute-M,Gudang West (Tangerang),744.8,1200,19.64,0.9,43.2,QUEUED,NO,DOCK-01
2026-07-11 17:25:00,TRK-176,Rute-O,Petamburan Hub,745.5,1200,20.05,1.0,43.8,DELIVERED,YES,DOCK-02
2026-07-12 07:38:00,TRK-003,Rute-Q,Bogor Transit Hub,746.2,1200,20.46,1.1,44.3,IN_TRANSIT,YES,DOCK-03
2026-07-13 11:51:00,TRK-010,Rute-A,Central Hub (Jakarta),746.9,1200,20.87,1.3,44.9,IDLE_DOCK,YES,DOCK-04
2026-07-14 15:04:00,TRK-017,Rute-C,Bekasi Logistics Hub,747.6,1200,21.28,1.4,45.4,LOADED,YES,DOCK-05
2026-07-15 05:17:00,TRK-024,Rute-E,Cikarang Industrial Hub,748.3,1200,21.69,1.6,46.0,QUEUED,NO,DOCK-06
2026-07-16 09:30:00,TRK-031,Rute-G,Grogol Hub (Jakbar),749.0,1200,22.1,1.7,46.5,DELIVERED,YES,DOCK-07
2026-07-17 13:43:00,TRK-038,Rute-I,Depok Hub,749.7,1200,22.51,1.8,47.1,IN_TRANSIT,YES,DOCK-08
2026-07-18 17:56:00,TRK-045,Rute-K,Gudang West (Tangerang),750.4,1200,22.92,2.0,47.6,IDLE_DOCK,YES,DOCK-09
2026-07-19 07:09:00,TRK-052,Rute-M,Petamburan Hub,751.1,1200,23.33,2.1,48.2,LOADED,YES,DOCK-10
2026-07-20 11:22:00,TRK-059,Rute-O,Bogor Transit Hub,751.8,1200,23.74,2.3,48.7,QUEUED,NO,DOCK-11
2026-07-21 15:35:00,TRK-066,Rute-Q,Central Hub (Jakarta),752.5,1200,24.15,2.4,49.2,DELIVERED,YES,DOCK-12
2026-07-22 05:48:00,TRK-073,Rute-A,Bekasi Logistics Hub,753.2,1200,24.56,2.5,49.8,IN_TRANSIT,YES,DOCK-01
2026-07-23 09:01:00,TRK-080,Rute-C,Cikarang Industrial Hub,753.9,1200,24.97,2.7,50.4,IDLE_DOCK,YES,DOCK-02
2026-07-24 13:14:00,TRK-087,Rute-E,Grogol Hub (Jakbar),754.6,1200,25.38,2.8,50.9,LOADED,YES,DOCK-03
2026-07-25 17:27:00,TRK-094,Rute-G,Depok Hub,755.3,1200,25.79,3.0,51.5,QUEUED,NO,DOCK-04
2026-07-26 07:40:00,TRK-101,Rute-I,Gudang West (Tangerang),756.0,1200,9.8,0.3,52.0,DELIVERED,YES,DOCK-05
2026-07-27 11:53:00,TRK-108,Rute-K,Petamburan Hub,756.7,1200,10.21,0.4,52.6,IN_TRANSIT,YES,DOCK-06
2026-07-28 15:06:00,TRK-115,Rute-M,Bogor Transit Hub,757.4,1200,10.62,0.6,53.1,IDLE_DOCK,YES,DOCK-07
2026-07-29 05:19:00,TRK-122,Rute-O,Central Hub (Jakarta),758.1,1200,11.03,0.7,53.7,LOADED,YES,DOCK-08
2026-07-30 09:32:00,TRK-129,Rute-Q,Bekasi Logistics Hub,758.8,1200,11.44,0.9,54.2,QUEUED,NO,DOCK-09
2026-07-31 13:45:00,TRK-136,Rute-A,Cikarang Industrial Hub,759.5,1200,11.85,1.0,54.8,DELIVERED,YES,DOCK-10
2026-07-01 17:58:00,TRK-143,Rute-C,Grogol Hub (Jakbar),760.2,1200,12.26,1.1,55.3,IN_TRANSIT,YES,DOCK-11
2026-07-02 07:11:00,TRK-150,Rute-E,Depok Hub,760.9,1200,12.67,1.3,55.9,IDLE_DOCK,YES,DOCK-12
2026-07-03 11:24:00,TRK-157,Rute-G,Gudang West (Tangerang),761.6,1200,13.08,1.4,56.4,LOADED,YES,DOCK-01
2026-07-04 15:37:00,TRK-164,Rute-I,Petamburan Hub,762.3,1200,13.49,1.6,57.0,QUEUED,NO,DOCK-02
2026-07-05 05:50:00,TRK-171,Rute-K,Bogor Transit Hub,763.0,1200,13.9,1.7,57.5,DELIVERED,YES,DOCK-03
2026-07-06 09:03:00,TRK-178,Rute-M,Central Hub (Jakarta),763.7,1200,14.31,1.8,58.1,IN_TRANSIT,YES,DOCK-04
2026-07-07 13:16:00,TRK-005,Rute-O,Bekasi Logistics Hub,764.4,1200,14.72,2.0,58.6,IDLE_DOCK,YES,DOCK-05
2026-07-08 17:29:00,TRK-012,Rute-Q,Cikarang Industrial Hub,765.1,1200,15.13,2.1,59.2,LOADED,YES,DOCK-06
2026-07-09 07:42:00,TRK-019,Rute-A,Grogol Hub (Jakbar),765.8,1200,15.54,2.3,59.7,QUEUED,NO,DOCK-07
2026-07-10 11:55:00,TRK-026,Rute-C,Depok Hub,766.5,1200,15.95,2.4,60.3,DELIVERED,YES,DOCK-08
2026-07-11 15:08:00,TRK-033,Rute-E,Gudang West (Tangerang),767.2,1200,16.36,2.5,60.8,IN_TRANSIT,YES,DOCK-09
2026-07-12 05:21:00,TRK-040,Rute-G,Petamburan Hub,767.9,1200,16.77,2.7,61.4,IDLE_DOCK,YES,DOCK-10
2026-07-13 09:34:00,TRK-047,Rute-I,Bogor Transit Hub,768.6,1200,17.18,2.8,61.9,LOADED,YES,DOCK-11
2026-07-14 13:47:00,TRK-054,Rute-K,Central Hub (Jakarta),769.3,1200,17.59,3.0,62.5,QUEUED,NO,DOCK-12
2026-07-15 17:00:00,TRK-061,Rute-M,Bekasi Logistics Hub,770.0,1200,18.0,0.3,63.0,DELIVERED,YES,DOCK-01
2026-07-16 07:13:00,TRK-068,Rute-O,Cikarang Industrial Hub,770.7,1200,18.41,0.4,63.6,IN_TRANSIT,YES,DOCK-02
2026-07-17 11:26:00,TRK-075,Rute-Q,Grogol Hub (Jakbar),771.4,1200,18.82,0.6,64.1,IDLE_DOCK,YES,DOCK-03
2026-07-18 15:39:00,TRK-082,Rute-A,Depok Hub,772.1,1200,19.23,0.7,64.7,LOADED,YES,DOCK-04
2026-07-19 05:52:00,TRK-089,Rute-C,Gudang West (Tangerang),772.8,1200,19.64,0.9,65.2,QUEUED,NO,DOCK-05
2026-07-20 09:05:00,TRK-096,Rute-E,Petamburan Hub,773.5,1200,20.05,1.0,65.8,DELIVERED,YES,DOCK-06
2026-07-21 13:18:00,TRK-103,Rute-G,Bogor Transit Hub,774.2,1200,20.46,1.1,66.3,IN_TRANSIT,YES,DOCK-07
2026-07-22 17:31:00,TRK-110,Rute-I,Central Hub (Jakarta),774.9,1200,20.87,1.3,66.8,IDLE_DOCK,YES,DOCK-08
2026-07-23 07:44:00,TRK-117,Rute-K,Bekasi Logistics Hub,775.6,1200,21.28,1.4,67.4,LOADED,YES,DOCK-09
2026-07-24 11:57:00,TRK-124,Rute-M,Cikarang Industrial Hub,776.3,1200,21.69,1.6,68.0,QUEUED,NO,DOCK-10
2026-07-25 15:10:00,TRK-131,Rute-O,Grogol Hub (Jakbar),777.0,1200,22.1,1.7,68.5,DELIVERED,YES,DOCK-11
2026-07-26 05:23:00,TRK-138,Rute-Q,Depok Hub,777.7,1200,22.51,1.8,69.1,IN_TRANSIT,YES,DOCK-12
2026-07-27 09:36:00,TRK-145,Rute-A,Gudang West (Tangerang),778.4,1200,22.92,2.0,69.6,IDLE_DOCK,YES,DOCK-01
2026-07-28 13:49:00,TRK-152,Rute-C,Petamburan Hub,779.1,1200,23.33,2.1,70.2,LOADED,YES,DOCK-02
2026-07-29 17:02:00,TRK-159,Rute-E,Bogor Transit Hub,779.8,1200,23.74,2.3,70.7,QUEUED,NO,DOCK-03
2026-07-30 07:15:00,TRK-166,Rute-G,Central Hub (Jakarta),780.5,1200,24.15,2.4,71.2,DELIVERED,YES,DOCK-04
2026-07-31 11:28:00,TRK-173,Rute-I,Bekasi Logistics Hub,781.2,1200,24.56,2.5,71.8,IN_TRANSIT,YES,DOCK-05
2026-07-01 15:41:00,TRK-180,Rute-K,Cikarang Industrial Hub,781.9,1200,24.97,2.7,72.4,IDLE_DOCK,YES,DOCK-06
2026-07-02 05:54:00,TRK-007,Rute-M,Grogol Hub (Jakbar),782.6,1200,25.38,2.8,72.9,LOADED,YES,DOCK-07
2026-07-03 09:07:00,TRK-014,Rute-O,Depok Hub,783.3,1200,25.79,3.0,73.5,QUEUED,NO,DOCK-08
2026-07-04 13:20:00,TRK-021,Rute-Q,Gudang West (Tangerang),784.0,1200,9.8,0.3,74.0,DELIVERED,YES,DOCK-09
2026-07-05 17:33:00,TRK-028,Rute-A,Petamburan Hub,784.7,1200,10.21,0.4,74.6,IN_TRANSIT,YES,DOCK-10
2026-07-06 07:46:00,TRK-035,Rute-C,Bogor Transit Hub,785.4,1200,10.62,0.6,75.1,IDLE_DOCK,YES,DOCK-11
2026-07-07 11:59:00,TRK-042,Rute-E,Central Hub (Jakarta),786.1,1200,11.03,0.7,75.7,LOADED,YES,DOCK-12
2026-07-08 15:12:00,TRK-049,Rute-G,Bekasi Logistics Hub,786.8,1200,11.44,0.9,76.2,QUEUED,NO,DOCK-01
2026-07-09 05:25:00,TRK-056,Rute-I,Cikarang Industrial Hub,787.5,1200,11.85,1.0,76.8,DELIVERED,YES,DOCK-02
2026-07-10 09:38:00,TRK-063,Rute-K,Grogol Hub (Jakbar),788.2,1200,12.26,1.1,77.3,IN_TRANSIT,YES,DOCK-03
2026-07-11 13:51:00,TRK-070,Rute-M,Depok Hub,788.9,1200,12.67,1.3,77.9,IDLE_DOCK,YES,DOCK-04
2026-07-12 17:04:00,TRK-077,Rute-O,Gudang West (Tangerang),789.6,1200,13.08,1.4,78.4,LOADED,YES,DOCK-05
2026-07-13 07:17:00,TRK-084,Rute-Q,Petamburan Hub,790.3,1200,13.49,1.6,79.0,QUEUED,NO,DOCK-06
2026-07-14 11:30:00,TRK-091,Rute-A,Bogor Transit Hub,791.0,1200,13.9,1.7,79.5,DELIVERED,YES,DOCK-07
2026-07-15 15:43:00,TRK-098,Rute-C,Central Hub (Jakarta),791.7,1200,14.31,1.8,80.1,IN_TRANSIT,YES,DOCK-08
2026-07-16 05:56:00,TRK-105,Rute-E,Bekasi Logistics Hub,792.4,1200,14.72,2.0,80.6,IDLE_DOCK,YES,DOCK-09
2026-07-17 09:09:00,TRK-112,Rute-G,Cikarang Industrial Hub,793.1,1200,15.13,2.1,81.2,LOADED,YES,DOCK-10
2026-07-18 13:22:00,TRK-119,Rute-I,Grogol Hub (Jakbar),793.8,1200,15.54,2.3,81.7,QUEUED,NO,DOCK-11
2026-07-19 17:35:00,TRK-126,Rute-K,Depok Hub,794.5,1200,15.95,2.4,82.2,DELIVERED,YES,DOCK-12
2026-07-20 07:48:00,TRK-133,Rute-M,Gudang West (Tangerang),795.2,1200,16.36,2.5,82.8,IN_TRANSIT,YES,DOCK-01
2026-07-21 11:01:00,TRK-140,Rute-O,Petamburan Hub,795.9,1200,16.77,2.7,83.4,IDLE_DOCK,YES,DOCK-02
2026-07-22 15:14:00,TRK-147,Rute-Q,Bogor Transit Hub,796.6,1200,17.18,2.8,83.9,LOADED,YES,DOCK-03
2026-07-23 05:27:00,TRK-154,Rute-A,Central Hub (Jakarta),797.3,1200,17.59,3.0,84.5,QUEUED,NO,DOCK-04
2026-07-24 09:40:00,TRK-161,Rute-C,Bekasi Logistics Hub,798.0,1200,18.0,0.3,85.0,DELIVERED,YES,DOCK-05
2026-07-25 13:53:00,TRK-168,Rute-E,Cikarang Industrial Hub,798.7,1200,18.41,0.4,85.6,IN_TRANSIT,YES,DOCK-06
2026-07-26 17:06:00,TRK-175,Rute-G,Grogol Hub (Jakbar),799.4,1200,18.82,0.6,86.1,IDLE_DOCK,YES,DOCK-07
2026-07-27 07:19:00,TRK-002,Rute-I,Depok Hub,800.1,1200,19.23,0.7,86.7,LOADED,YES,DOCK-08
2026-07-28 11:32:00,TRK-009,Rute-K,Gudang West (Tangerang),800.8,1200,19.64,0.9,87.2,QUEUED,NO,DOCK-09
2026-07-29 15:45:00,TRK-016,Rute-M,Petamburan Hub,801.5,1200,20.05,1.0,87.8,DELIVERED,YES,DOCK-10
2026-07-30 05:58:00,TRK-023,Rute-O,Bogor Transit Hub,802.2,1200,20.46,1.1,88.3,IN_TRANSIT,YES,DOCK-11
2026-07-31 09:11:00,TRK-030,Rute-Q,Central Hub (Jakarta),802.9,1200,20.87,1.3,88.9,IDLE_DOCK,YES,DOCK-12
2026-07-01 13:24:00,TRK-037,Rute-A,Bekasi Logistics Hub,803.6,1200,21.28,1.4,89.4,LOADED,YES,DOCK-01
2026-07-02 17:37:00,TRK-044,Rute-C,Cikarang Industrial Hub,804.3,1200,21.69,1.6,90.0,QUEUED,NO,DOCK-02
2026-07-03 07:50:00,TRK-051,Rute-E,Grogol Hub (Jakbar),805.0,1200,22.1,1.7,90.5,DELIVERED,YES,DOCK-03
2026-07-04 11:03:00,TRK-058,Rute-G,Depok Hub,805.7,1200,22.51,1.8,91.1,IN_TRANSIT,YES,DOCK-04
2026-07-05 15:16:00,TRK-065,Rute-I,Gudang West (Tangerang),806.4,1200,22.92,2.0,91.6,IDLE_DOCK,YES,DOCK-05
2026-07-06 05:29:00,TRK-072,Rute-K,Petamburan Hub,807.1,1200,23.33,2.1,92.2,LOADED,YES,DOCK-06
2026-07-07 09:42:00,TRK-079,Rute-M,Bogor Transit Hub,807.8,1200,23.74,2.3,92.7,QUEUED,NO,DOCK-07
2026-07-08 13:55:00,TRK-086,Rute-O,Central Hub (Jakarta),808.5,1200,24.15,2.4,93.2,DELIVERED,YES,DOCK-08
2026-07-09 17:08:00,TRK-093,Rute-Q,Bekasi Logistics Hub,809.2,1200,24.56,2.5,93.8,IN_TRANSIT,YES,DOCK-09
2026-07-10 07:21:00,TRK-100,Rute-A,Cikarang Industrial Hub,809.9,1200,24.97,2.7,94.4,IDLE_DOCK,YES,DOCK-10
2026-07-11 11:34:00,TRK-107,Rute-C,Grogol Hub (Jakbar),810.6,1200,25.38,2.8,94.9,LOADED,YES,DOCK-11
2026-07-12 15:47:00,TRK-114,Rute-E,Depok Hub,811.3,1200,25.79,3.0,95.5,QUEUED,NO,DOCK-12
2026-07-13 05:00:00,TRK-121,Rute-G,Gudang West (Tangerang),812.0,1200,9.8,0.3,8.0,DELIVERED,YES,DOCK-01
2026-07-14 09:13:00,TRK-128,Rute-I,Petamburan Hub,812.7,1200,10.21,0.4,8.6,IN_TRANSIT,YES,DOCK-02
2026-07-15 13:26:00,TRK-135,Rute-K,Bogor Transit Hub,813.4,1200,10.62,0.6,9.1,IDLE_DOCK,YES,DOCK-03
2026-07-16 17:39:00,TRK-142,Rute-M,Central Hub (Jakarta),814.1,1200,11.03,0.7,9.7,LOADED,YES,DOCK-04
2026-07-17 07:52:00,TRK-149,Rute-O,Bekasi Logistics Hub,814.8,1200,11.44,0.9,10.2,QUEUED,NO,DOCK-05
2026-07-18 11:05:00,TRK-156,Rute-Q,Cikarang Industrial Hub,815.5,1200,11.85,1.0,10.8,DELIVERED,YES,DOCK-06
2026-07-19 15:18:00,TRK-163,Rute-A,Grogol Hub (Jakbar),816.2,1200,12.26,1.1,11.3,IN_TRANSIT,YES,DOCK-07
2026-07-20 05:31:00,TRK-170,Rute-C,Depok Hub,816.9,1200,12.67,1.3,11.9,IDLE_DOCK,YES,DOCK-08
2026-07-21 09:44:00,TRK-177,Rute-E,Gudang West (Tangerang),817.6,1200,13.08,1.4,12.4,LOADED,YES,DOCK-09
2026-07-22 13:57:00,TRK-004,Rute-G,Petamburan Hub,818.3,1200,13.49,1.6,12.9,QUEUED,NO,DOCK-10
2026-07-23 17:10:00,TRK-011,Rute-I,Bogor Transit Hub,819.0,1200,13.9,1.7,13.5,DELIVERED,YES,DOCK-11
2026-07-24 07:23:00,TRK-018,Rute-K,Central Hub (Jakarta),819.7,1200,14.31,1.8,14.1,IN_TRANSIT,YES,DOCK-12
2026-07-25 11:36:00,TRK-025,Rute-M,Bekasi Logistics Hub,820.4,1200,14.72,2.0,14.6,IDLE_DOCK,YES,DOCK-01
2026-07-26 15:49:00,TRK-032,Rute-O,Cikarang Industrial Hub,821.1,1200,15.13,2.1,15.2,LOADED,YES,DOCK-02
2026-07-27 05:02:00,TRK-039,Rute-Q,Grogol Hub (Jakbar),821.8,1200,15.54,2.3,15.7,QUEUED,NO,DOCK-03
2026-07-28 09:15:00,TRK-046,Rute-A,Depok Hub,822.5,1200,15.95,2.4,16.2,DELIVERED,YES,DOCK-04
2026-07-29 13:28:00,TRK-053,Rute-C,Gudang West (Tangerang),823.2,1200,16.36,2.5,16.8,IN_TRANSIT,YES,DOCK-05
2026-07-30 17:41:00,TRK-060,Rute-E,Petamburan Hub,823.9,1200,16.77,2.7,17.4,IDLE_DOCK,YES,DOCK-06
2026-07-31 07:54:00,TRK-067,Rute-G,Bogor Transit Hub,824.6,1200,17.18,2.8,17.9,LOADED,YES,DOCK-07
2026-07-01 11:07:00,TRK-074,Rute-I,Central Hub (Jakarta),825.3,1200,17.59,3.0,18.5,QUEUED,NO,DOCK-08
2026-07-02 15:20:00,TRK-081,Rute-K,Bekasi Logistics Hub,826.0,1200,18.0,0.3,19.0,DELIVERED,YES,DOCK-09
2026-07-03 05:33:00,TRK-088,Rute-M,Cikarang Industrial Hub,826.7,1200,18.41,0.4,19.6,IN_TRANSIT,YES,DOCK-10
2026-07-04 09:46:00,TRK-095,Rute-O,Grogol Hub (Jakbar),827.4,1200,18.82,0.6,20.1,IDLE_DOCK,YES,DOCK-11
2026-07-05 13:59:00,TRK-102,Rute-Q,Depok Hub,828.1,1200,19.23,0.7,20.6,LOADED,YES,DOCK-12
2026-07-06 17:12:00,TRK-109,Rute-A,Gudang West (Tangerang),828.8,1200,19.64,0.9,21.2,QUEUED,NO,DOCK-01
2026-07-07 07:25:00,TRK-116,Rute-C,Petamburan Hub,829.5,1200,20.05,1.0,21.8,DELIVERED,YES,DOCK-02
2026-07-08 11:38:00,TRK-123,Rute-E,Bogor Transit Hub,830.2,1200,20.46,1.1,22.3,IN_TRANSIT,YES,DOCK-03
2026-07-09 15:51:00,TRK-130,Rute-G,Central Hub (Jakarta),830.9,1200,20.87,1.3,22.9,IDLE_DOCK,YES,DOCK-04
2026-07-10 05:04:00,TRK-137,Rute-I,Bekasi Logistics Hub,831.6,1200,21.28,1.4,23.4,LOADED,YES,DOCK-05
2026-07-11 09:17:00,TRK-144,Rute-K,Cikarang Industrial Hub,832.3,1200,21.69,1.6,24.0,QUEUED,NO,DOCK-06
2026-07-12 13:30:00,TRK-151,Rute-M,Grogol Hub (Jakbar),833.0,1200,22.1,1.7,24.5,DELIVERED,YES,DOCK-07
2026-07-13 17:43:00,TRK-158,Rute-O,Depok Hub,833.7,1200,22.51,1.8,25.1,IN_TRANSIT,YES,DOCK-08
2026-07-14 07:56:00,TRK-165,Rute-Q,Gudang West (Tangerang),834.4,1200,22.92,2.0,25.6,IDLE_DOCK,YES,DOCK-09
2026-07-15 11:09:00,TRK-172,Rute-A,Petamburan Hub,835.1,1200,23.33,2.1,26.2,LOADED,YES,DOCK-10
2026-07-16 15:22:00,TRK-179,Rute-C,Bogor Transit Hub,835.8,1200,23.74,2.3,26.7,QUEUED,NO,DOCK-11
2026-07-17 05:35:00,TRK-006,Rute-E,Central Hub (Jakarta),836.5,1200,24.15,2.4,27.2,DELIVERED,YES,DOCK-12
2026-07-18 09:48:00,TRK-013,Rute-G,Bekasi Logistics Hub,837.2,1200,24.56,2.5,27.8,IN_TRANSIT,YES,DOCK-01
2026-07-19 13:01:00,TRK-020,Rute-I,Cikarang Industrial Hub,837.9,1200,24.97,2.7,28.4,IDLE_DOCK,YES,DOCK-02
2026-07-20 17:14:00,TRK-027,Rute-K,Grogol Hub (Jakbar),838.6,1200,25.38,2.8,28.9,LOADED,YES,DOCK-03
2026-07-21 07:27:00,TRK-034,Rute-M,Depok Hub,839.3,1200,25.79,3.0,29.5,QUEUED,NO,DOCK-04
2026-07-22 11:40:00,TRK-041,Rute-O,Gudang West (Tangerang),840.0,1200,9.8,0.3,30.0,DELIVERED,YES,DOCK-05
2026-07-23 15:53:00,TRK-048,Rute-Q,Petamburan Hub,840.7,1200,10.21,0.4,30.6,IN_TRANSIT,YES,DOCK-06
2026-07-24 05:06:00,TRK-055,Rute-A,Bogor Transit Hub,841.4,1200,10.62,0.6,31.1,IDLE_DOCK,YES,DOCK-07
2026-07-25 09:19:00,TRK-062,Rute-C,Central Hub (Jakarta),842.1,1200,11.03,0.7,31.7,LOADED,YES,DOCK-08
2026-07-26 13:32:00,TRK-069,Rute-E,Bekasi Logistics Hub,842.8,1200,11.44,0.9,32.2,QUEUED,NO,DOCK-09
2026-07-27 17:45:00,TRK-076,Rute-G,Cikarang Industrial Hub,843.5,1200,11.85,1.0,32.8,DELIVERED,YES,DOCK-10
2026-07-28 07:58:00,TRK-083,Rute-I,Grogol Hub (Jakbar),844.2,1200,12.26,1.1,33.3,IN_TRANSIT,YES,DOCK-11
2026-07-29 11:11:00,TRK-090,Rute-K,Depok Hub,844.9,1200,12.67,1.3,33.9,IDLE_DOCK,YES,DOCK-12
2026-07-30 15:24:00,TRK-097,Rute-M,Gudang West (Tangerang),845.6,1200,13.08,1.4,34.4,LOADED,YES,DOCK-01
2026-07-31 05:37:00,TRK-104,Rute-O,Petamburan Hub,846.3,1200,13.49,1.6,35.0,QUEUED,NO,DOCK-02
2026-07-01 09:50:00,TRK-111,Rute-Q,Bogor Transit Hub,847.0,1200,13.9,1.7,35.5,DELIVERED,YES,DOCK-03
2026-07-02 13:03:00,TRK-118,Rute-A,Central Hub (Jakarta),847.7,1200,14.31,1.8,36.0,IN_TRANSIT,YES,DOCK-04
2026-07-03 17:16:00,TRK-125,Rute-C,Bekasi Logistics Hub,848.4,1200,14.72,2.0,36.6,IDLE_DOCK,YES,DOCK-05
2026-07-04 07:29:00,TRK-132,Rute-E,Cikarang Industrial Hub,849.1,1200,15.13,2.1,37.2,LOADED,YES,DOCK-06
2026-07-05 11:42:00,TRK-139,Rute-G,Grogol Hub (Jakbar),849.8,1200,15.54,2.3,37.7,QUEUED,NO,DOCK-07
2026-07-06 15:55:00,TRK-146,Rute-I,Depok Hub,850.5,1200,15.95,2.4,38.2,DELIVERED,YES,DOCK-08
2026-07-07 05:08:00,TRK-153,Rute-K,Gudang West (Tangerang),851.2,1200,16.36,2.5,38.8,IN_TRANSIT,YES,DOCK-09
2026-07-08 09:21:00,TRK-160,Rute-M,Petamburan Hub,851.9,1200,16.77,2.7,39.4,IDLE_DOCK,YES,DOCK-10
2026-07-09 13:34:00,TRK-167,Rute-O,Bogor Transit Hub,852.6,1200,17.18,2.8,39.9,LOADED,YES,DOCK-11
2026-07-10 17:47:00,TRK-174,Rute-Q,Central Hub (Jakarta),853.3,1200,17.59,3.0,40.5,QUEUED,NO,DOCK-12
2026-07-11 07:00:00,TRK-001,Rute-A,Bekasi Logistics Hub,854.0,1200,18.0,0.3,41.0,DELIVERED,YES,DOCK-01
2026-07-12 11:13:00,TRK-008,Rute-C,Cikarang Industrial Hub,854.7,1200,18.41,0.4,41.6,IN_TRANSIT,YES,DOCK-02
2026-07-13 15:26:00,TRK-015,Rute-E,Grogol Hub (Jakbar),855.4,1200,18.82,0.6,42.1,IDLE_DOCK,YES,DOCK-03
2026-07-14 05:39:00,TRK-022,Rute-G,Depok Hub,856.1,1200,19.23,0.7,42.7,LOADED,YES,DOCK-04
2026-07-15 09:52:00,TRK-029,Rute-I,Gudang West (Tangerang),856.8,1200,19.64,0.9,43.2,QUEUED,NO,DOCK-05
2026-07-16 13:05:00,TRK-036,Rute-K,Petamburan Hub,857.5,1200,20.05,1.0,43.8,DELIVERED,YES,DOCK-06
2026-07-17 17:18:00,TRK-043,Rute-M,Bogor Transit Hub,858.2,1200,20.46,1.1,44.3,IN_TRANSIT,YES,DOCK-07
2026-07-18 07:31:00,TRK-050,Rute-O,Central Hub (Jakarta),858.9,1200,20.87,1.3,44.9,IDLE_DOCK,YES,DOCK-08
2026-07-19 11:44:00,TRK-057,Rute-Q,Bekasi Logistics Hub,859.6,1200,21.28,1.4,45.4,LOADED,YES,DOCK-09
2026-07-20 15:57:00,TRK-064,Rute-A,Cikarang Industrial Hub,860.3,1200,21.69,1.6,46.0,QUEUED,NO,DOCK-10
2026-07-21 05:10:00,TRK-071,Rute-C,Grogol Hub (Jakbar),861.0,1200,22.1,1.7,46.5,DELIVERED,YES,DOCK-11
2026-07-22 09:23:00,TRK-078,Rute-E,Depok Hub,861.7,1200,22.51,1.8,47.1,IN_TRANSIT,YES,DOCK-12
2026-07-23 13:36:00,TRK-085,Rute-G,Gudang West (Tangerang),862.4,1200,22.92,2.0,47.6,IDLE_DOCK,YES,DOCK-01
2026-07-24 17:49:00,TRK-092,Rute-I,Petamburan Hub,863.1,1200,23.33,2.1,48.2,LOADED,YES,DOCK-02
2026-07-25 07:02:00,TRK-099,Rute-K,Bogor Transit Hub,863.8,1200,23.74,2.3,48.7,QUEUED,NO,DOCK-03
2026-07-26 11:15:00,TRK-106,Rute-M,Central Hub (Jakarta),864.5,1200,24.15,2.4,49.2,DELIVERED,YES,DOCK-04
2026-07-27 15:28:00,TRK-113,Rute-O,Bekasi Logistics Hub,865.2,1200,24.56,2.5,49.8,IN_TRANSIT,YES,DOCK-05
2026-07-28 05:41:00,TRK-120,Rute-Q,Cikarang Industrial Hub,865.9,1200,24.97,2.7,50.4,IDLE_DOCK,YES,DOCK-06
2026-07-29 09:54:00,TRK-127,Rute-A,Grogol Hub (Jakbar),866.6,1200,25.38,2.8,50.9,LOADED,YES,DOCK-07
2026-07-30 13:07:00,TRK-134,Rute-C,Depok Hub,867.3,1200,25.79,3.0,51.5,QUEUED,NO,DOCK-08
2026-07-31 17:20:00,TRK-141,Rute-E,Gudang West (Tangerang),868.0,1200,9.8,0.3,52.0,DELIVERED,YES,DOCK-09
2026-07-01 07:33:00,TRK-148,Rute-G,Petamburan Hub,868.7,1200,10.21,0.4,52.6,IN_TRANSIT,YES,DOCK-10
2026-07-02 11:46:00,TRK-155,Rute-I,Bogor Transit Hub,869.4,1200,10.62,0.6,53.1,IDLE_DOCK,YES,DOCK-11
2026-07-03 15:59:00,TRK-162,Rute-K,Central Hub (Jakarta),870.1,1200,11.03,0.7,53.7,LOADED,YES,DOCK-12
2026-07-04 05:12:00,TRK-169,Rute-M,Bekasi Logistics Hub,870.8,1200,11.44,0.9,54.2,QUEUED,NO,DOCK-01
2026-07-05 09:25:00,TRK-176,Rute-O,Cikarang Industrial Hub,871.5,1200,11.85,1.0,54.8,DELIVERED,YES,DOCK-02
2026-07-06 13:38:00,TRK-003,Rute-Q,Grogol Hub (Jakbar),872.2,1200,12.26,1.1,55.3,IN_TRANSIT,YES,DOCK-03
2026-07-07 17:51:00,TRK-010,Rute-A,Depok Hub,872.9,1200,12.67,1.3,55.9,IDLE_DOCK,YES,DOCK-04
2026-07-08 07:04:00,TRK-017,Rute-C,Gudang West (Tangerang),873.6,1200,13.08,1.4,56.4,LOADED,YES,DOCK-05
2026-07-09 11:17:00,TRK-024,Rute-E,Petamburan Hub,874.3,1200,13.49,1.6,57.0,QUEUED,NO,DOCK-06
2026-07-10 15:30:00,TRK-031,Rute-G,Bogor Transit Hub,875.0,1200,13.9,1.7,57.5,DELIVERED,YES,DOCK-07
2026-07-11 05:43:00,TRK-038,Rute-I,Central Hub (Jakarta),875.7,1200,14.31,1.8,58.1,IN_TRANSIT,YES,DOCK-08
2026-07-12 09:56:00,TRK-045,Rute-K,Bekasi Logistics Hub,876.4,1200,14.72,2.0,58.6,IDLE_DOCK,YES,DOCK-09
2026-07-13 13:09:00,TRK-052,Rute-M,Cikarang Industrial Hub,877.1,1200,15.13,2.1,59.2,LOADED,YES,DOCK-10
2026-07-14 17:22:00,TRK-059,Rute-O,Grogol Hub (Jakbar),877.8,1200,15.54,2.3,59.7,QUEUED,NO,DOCK-11
2026-07-15 07:35:00,TRK-066,Rute-Q,Depok Hub,878.5,1200,15.95,2.4,60.3,DELIVERED,YES,DOCK-12
2026-07-16 11:48:00,TRK-073,Rute-A,Gudang West (Tangerang),879.2,1200,16.36,2.5,60.8,IN_TRANSIT,YES,DOCK-01
2026-07-17 15:01:00,TRK-080,Rute-C,Petamburan Hub,879.9,1200,16.77,2.7,61.4,IDLE_DOCK,YES,DOCK-02
2026-07-18 05:14:00,TRK-087,Rute-E,Bogor Transit Hub,880.6,1200,17.18,2.8,61.9,LOADED,YES,DOCK-03
2026-07-19 09:27:00,TRK-094,Rute-G,Central Hub (Jakarta),881.3,1200,17.59,3.0,62.5,QUEUED,NO,DOCK-04
2026-07-20 13:40:00,TRK-101,Rute-I,Bekasi Logistics Hub,882.0,1200,18.0,0.3,63.0,DELIVERED,YES,DOCK-05
2026-07-21 17:53:00,TRK-108,Rute-K,Cikarang Industrial Hub,882.7,1200,18.41,0.4,63.6,IN_TRANSIT,YES,DOCK-06
2026-07-22 07:06:00,TRK-115,Rute-M,Grogol Hub (Jakbar),883.4,1200,18.82,0.6,64.1,IDLE_DOCK,YES,DOCK-07
2026-07-23 11:19:00,TRK-122,Rute-O,Depok Hub,884.1,1200,19.23,0.7,64.7,LOADED,YES,DOCK-08
2026-07-24 15:32:00,TRK-129,Rute-Q,Gudang West (Tangerang),884.8,1200,19.64,0.9,65.2,QUEUED,NO,DOCK-09
2026-07-25 05:45:00,TRK-136,Rute-A,Petamburan Hub,885.5,1200,20.05,1.0,65.8,DELIVERED,YES,DOCK-10
2026-07-26 09:58:00,TRK-143,Rute-C,Bogor Transit Hub,886.2,1200,20.46,1.1,66.3,IN_TRANSIT,YES,DOCK-11
2026-07-27 13:11:00,TRK-150,Rute-E,Central Hub (Jakarta),886.9,1200,20.87,1.3,66.8,IDLE_DOCK,YES,DOCK-12
2026-07-28 17:24:00,TRK-157,Rute-G,Bekasi Logistics Hub,887.6,1200,21.28,1.4,67.4,LOADED,YES,DOCK-01
2026-07-29 07:37:00,TRK-164,Rute-I,Cikarang Industrial Hub,888.3,1200,21.69,1.6,68.0,QUEUED,NO,DOCK-02
2026-07-30 11:50:00,TRK-171,Rute-K,Grogol Hub (Jakbar),889.0,1200,22.1,1.7,68.5,DELIVERED,YES,DOCK-03
2026-07-31 15:03:00,TRK-178,Rute-M,Depok Hub,889.7,1200,22.51,1.8,69.1,IN_TRANSIT,YES,DOCK-04
2026-07-01 05:16:00,TRK-005,Rute-O,Gudang West (Tangerang),890.4,1200,22.92,2.0,69.6,IDLE_DOCK,YES,DOCK-05
2026-07-02 09:29:00,TRK-012,Rute-Q,Petamburan Hub,891.1,1200,23.33,2.1,70.2,LOADED,YES,DOCK-06
2026-07-03 13:42:00,TRK-019,Rute-A,Bogor Transit Hub,891.8,1200,23.74,2.3,70.7,QUEUED,NO,DOCK-07
2026-07-04 17:55:00,TRK-026,Rute-C,Central Hub (Jakarta),892.5,1200,24.15,2.4,71.2,DELIVERED,YES,DOCK-08
2026-07-05 07:08:00,TRK-033,Rute-E,Bekasi Logistics Hub,893.2,1200,24.56,2.5,71.8,IN_TRANSIT,YES,DOCK-09
2026-07-06 11:21:00,TRK-040,Rute-G,Cikarang Industrial Hub,893.9,1200,24.97,2.7,72.4,IDLE_DOCK,YES,DOCK-10
2026-07-07 15:34:00,TRK-047,Rute-I,Grogol Hub (Jakbar),894.6,1200,25.38,2.8,72.9,LOADED,YES,DOCK-11
2026-07-08 05:47:00,TRK-054,Rute-K,Depok Hub,895.3,1200,25.79,3.0,73.5,QUEUED,NO,DOCK-12
2026-07-09 09:00:00,TRK-061,Rute-M,Gudang West (Tangerang),896.0,1200,9.8,0.3,74.0,DELIVERED,YES,DOCK-01
2026-07-10 13:13:00,TRK-068,Rute-O,Petamburan Hub,896.7,1200,10.21,0.4,74.6,IN_TRANSIT,YES,DOCK-02
2026-07-11 17:26:00,TRK-075,Rute-Q,Bogor Transit Hub,897.4,1200,10.62,0.6,75.1,IDLE_DOCK,YES,DOCK-03
2026-07-12 07:39:00,TRK-082,Rute-A,Central Hub (Jakarta),898.1,1200,11.03,0.7,75.7,LOADED,YES,DOCK-04
2026-07-13 11:52:00,TRK-089,Rute-C,Bekasi Logistics Hub,898.8,1200,11.44,0.9,76.2,QUEUED,NO,DOCK-05
2026-07-14 15:05:00,TRK-096,Rute-E,Cikarang Industrial Hub,899.5,1200,11.85,1.0,76.8,DELIVERED,YES,DOCK-06
2026-07-15 05:18:00,TRK-103,Rute-G,Grogol Hub (Jakbar),900.2,1200,12.26,1.1,77.3,IN_TRANSIT,YES,DOCK-07
2026-07-16 09:31:00,TRK-110,Rute-I,Depok Hub,900.9,1200,12.67,1.3,77.9,IDLE_DOCK,YES,DOCK-08
2026-07-17 13:44:00,TRK-117,Rute-K,Gudang West (Tangerang),901.6,1200,13.08,1.4,78.4,LOADED,YES,DOCK-09
2026-07-18 17:57:00,TRK-124,Rute-M,Petamburan Hub,902.3,1200,13.49,1.6,79.0,QUEUED,NO,DOCK-10
2026-07-19 07:10:00,TRK-131,Rute-O,Bogor Transit Hub,903.0,1200,13.9,1.7,79.5,DELIVERED,YES,DOCK-11
2026-07-20 11:23:00,TRK-138,Rute-Q,Central Hub (Jakarta),903.7,1200,14.31,1.8,80.1,IN_TRANSIT,YES,DOCK-12
2026-07-21 15:36:00,TRK-145,Rute-A,Bekasi Logistics Hub,904.4,1200,14.72,2.0,80.6,IDLE_DOCK,YES,DOCK-01
2026-07-22 05:49:00,TRK-152,Rute-C,Cikarang Industrial Hub,905.1,1200,15.13,2.1,81.2,LOADED,YES,DOCK-02
2026-07-23 09:02:00,TRK-159,Rute-E,Grogol Hub (Jakbar),905.8,1200,15.54,2.3,81.7,QUEUED,NO,DOCK-03
2026-07-24 13:15:00,TRK-166,Rute-G,Depok Hub,906.5,1200,15.95,2.4,82.2,DELIVERED,YES,DOCK-04
2026-07-25 17:28:00,TRK-173,Rute-I,Gudang West (Tangerang),907.2,1200,16.36,2.5,82.8,IN_TRANSIT,YES,DOCK-05
2026-07-26 07:41:00,TRK-180,Rute-K,Petamburan Hub,907.9,1200,16.77,2.7,83.4,IDLE_DOCK,YES,DOCK-06
2026-07-27 11:54:00,TRK-007,Rute-M,Bogor Transit Hub,908.6,1200,17.18,2.8,83.9,LOADED,YES,DOCK-07
2026-07-28 15:07:00,TRK-014,Rute-O,Central Hub (Jakarta),909.3,1200,17.59,3.0,84.5,QUEUED,NO,DOCK-08
2026-07-29 05:20:00,TRK-021,Rute-Q,Bekasi Logistics Hub,910.0,1200,18.0,0.3,85.0,DELIVERED,YES,DOCK-09
2026-07-30 09:33:00,TRK-028,Rute-A,Cikarang Industrial Hub,910.7,1200,18.41,0.4,85.6,IN_TRANSIT,YES,DOCK-10
2026-07-31 13:46:00,TRK-035,Rute-C,Grogol Hub (Jakbar),911.4,1200,18.82,0.6,86.1,IDLE_DOCK,YES,DOCK-11
2026-07-01 17:59:00,TRK-042,Rute-E,Depok Hub,912.1,1200,19.23,0.7,86.7,LOADED,YES,DOCK-12
2026-07-02 07:12:00,TRK-049,Rute-G,Gudang West (Tangerang),912.8,1200,19.64,0.9,87.2,QUEUED,NO,DOCK-01
2026-07-03 11:25:00,TRK-056,Rute-I,Petamburan Hub,913.5,1200,20.05,1.0,87.8,DELIVERED,YES,DOCK-02
2026-07-04 15:38:00,TRK-063,Rute-K,Bogor Transit Hub,914.2,1200,20.46,1.1,88.3,IN_TRANSIT,YES,DOCK-03
2026-07-05 05:51:00,TRK-070,Rute-M,Central Hub (Jakarta),914.9,1200,20.87,1.3,88.9,IDLE_DOCK,YES,DOCK-04
2026-07-06 09:04:00,TRK-077,Rute-O,Bekasi Logistics Hub,915.6,1200,21.28,1.4,89.4,LOADED,YES,DOCK-05
2026-07-07 13:17:00,TRK-084,Rute-Q,Cikarang Industrial Hub,916.3,1200,21.69,1.6,90.0,QUEUED,NO,DOCK-06
2026-07-08 17:30:00,TRK-091,Rute-A,Grogol Hub (Jakbar),917.0,1200,22.1,1.7,90.5,DELIVERED,YES,DOCK-07
2026-07-09 07:43:00,TRK-098,Rute-C,Depok Hub,917.7,1200,22.51,1.8,91.1,IN_TRANSIT,YES,DOCK-08
2026-07-10 11:56:00,TRK-105,Rute-E,Gudang West (Tangerang),918.4,1200,22.92,2.0,91.6,IDLE_DOCK,YES,DOCK-09
2026-07-11 15:09:00,TRK-112,Rute-G,Petamburan Hub,919.1,1200,23.33,2.1,92.2,LOADED,YES,DOCK-10
2026-07-12 05:22:00,TRK-119,Rute-I,Bogor Transit Hub,919.8,1200,23.74,2.3,92.7,QUEUED,NO,DOCK-11
2026-07-13 09:35:00,TRK-126,Rute-K,Central Hub (Jakarta),920.5,1200,24.15,2.4,93.2,DELIVERED,YES,DOCK-12
2026-07-14 13:48:00,TRK-133,Rute-M,Bekasi Logistics Hub,921.2,1200,24.56,2.5,93.8,IN_TRANSIT,YES,DOCK-01
2026-07-15 17:01:00,TRK-140,Rute-O,Cikarang Industrial Hub,921.9,1200,24.97,2.7,94.4,IDLE_DOCK,YES,DOCK-02
2026-07-16 07:14:00,TRK-147,Rute-Q,Grogol Hub (Jakbar),922.6,1200,25.38,2.8,94.9,LOADED,YES,DOCK-03
2026-07-17 11:27:00,TRK-154,Rute-A,Depok Hub,923.3,1200,25.79,3.0,95.5,QUEUED,NO,DOCK-04
2026-07-18 15:40:00,TRK-161,Rute-C,Gudang West (Tangerang),924.0,1200,9.8,0.3,8.0,DELIVERED,YES,DOCK-05
2026-07-19 05:53:00,TRK-168,Rute-E,Petamburan Hub,924.7,1200,10.21,0.4,8.6,IN_TRANSIT,YES,DOCK-06
2026-07-20 09:06:00,TRK-175,Rute-G,Bogor Transit Hub,925.4,1200,10.62,0.6,9.1,IDLE_DOCK,YES,DOCK-07
2026-07-21 13:19:00,TRK-002,Rute-I,Central Hub (Jakarta),926.1,1200,11.03,0.7,9.7,LOADED,YES,DOCK-08
2026-07-22 17:32:00,TRK-009,Rute-K,Bekasi Logistics Hub,926.8,1200,11.44,0.9,10.2,QUEUED,NO,DOCK-09
2026-07-23 07:45:00,TRK-016,Rute-M,Cikarang Industrial Hub,927.5,1200,11.85,1.0,10.8,DELIVERED,YES,DOCK-10
2026-07-24 11:58:00,TRK-023,Rute-O,Grogol Hub (Jakbar),928.2,1200,12.26,1.1,11.3,IN_TRANSIT,YES,DOCK-11
2026-07-25 15:11:00,TRK-030,Rute-Q,Depok Hub,928.9,1200,12.67,1.3,11.9,IDLE_DOCK,YES,DOCK-12
2026-07-26 05:24:00,TRK-037,Rute-A,Gudang West (Tangerang),929.6,1200,13.08,1.4,12.4,LOADED,YES,DOCK-01
2026-07-27 09:37:00,TRK-044,Rute-C,Petamburan Hub,930.3,1200,13.49,1.6,12.9,QUEUED,NO,DOCK-02
2026-07-28 13:50:00,TRK-051,Rute-E,Bogor Transit Hub,931.0,1200,13.9,1.7,13.5,DELIVERED,YES,DOCK-03
2026-07-29 17:03:00,TRK-058,Rute-G,Central Hub (Jakarta),931.7,1200,14.31,1.8,14.1,IN_TRANSIT,YES,DOCK-04
2026-07-30 07:16:00,TRK-065,Rute-I,Bekasi Logistics Hub,932.4,1200,14.72,2.0,14.6,IDLE_DOCK,YES,DOCK-05
2026-07-31 11:29:00,TRK-072,Rute-K,Cikarang Industrial Hub,933.1,1200,15.13,2.1,15.2,LOADED,YES,DOCK-06
2026-07-01 15:42:00,TRK-079,Rute-M,Grogol Hub (Jakbar),933.8,1200,15.54,2.3,15.7,QUEUED,NO,DOCK-07
2026-07-02 05:55:00,TRK-086,Rute-O,Depok Hub,934.5,1200,15.95,2.4,16.2,DELIVERED,YES,DOCK-08
2026-07-03 09:08:00,TRK-093,Rute-Q,Gudang West (Tangerang),935.2,1200,16.36,2.5,16.8,IN_TRANSIT,YES,DOCK-09
2026-07-04 13:21:00,TRK-100,Rute-A,Petamburan Hub,935.9,1200,16.77,2.7,17.4,IDLE_DOCK,YES,DOCK-10
2026-07-05 17:34:00,TRK-107,Rute-C,Bogor Transit Hub,936.6,1200,17.18,2.8,17.9,LOADED,YES,DOCK-11
2026-07-06 07:47:00,TRK-114,Rute-E,Central Hub (Jakarta),937.3,1200,17.59,3.0,18.5,QUEUED,NO,DOCK-12
2026-07-07 11:00:00,TRK-121,Rute-G,Bekasi Logistics Hub,938.0,1200,18.0,0.3,19.0,DELIVERED,YES,DOCK-01
2026-07-08 15:13:00,TRK-128,Rute-I,Cikarang Industrial Hub,938.7,1200,18.41,0.4,19.6,IN_TRANSIT,YES,DOCK-02
2026-07-09 05:26:00,TRK-135,Rute-K,Grogol Hub (Jakbar),939.4,1200,18.82,0.6,20.1,IDLE_DOCK,YES,DOCK-03
2026-07-10 09:39:00,TRK-142,Rute-M,Depok Hub,940.1,1200,19.23,0.7,20.6,LOADED,YES,DOCK-04
2026-07-11 13:52:00,TRK-149,Rute-O,Gudang West (Tangerang),940.8,1200,19.64,0.9,21.2,QUEUED,NO,DOCK-05
2026-07-12 17:05:00,TRK-156,Rute-Q,Petamburan Hub,941.5,1200,20.05,1.0,21.8,DELIVERED,YES,DOCK-06
2026-07-13 07:18:00,TRK-163,Rute-A,Bogor Transit Hub,942.2,1200,20.46,1.1,22.3,IN_TRANSIT,YES,DOCK-07
2026-07-14 11:31:00,TRK-170,Rute-C,Central Hub (Jakarta),942.9,1200,20.87,1.3,22.9,IDLE_DOCK,YES,DOCK-08
2026-07-15 15:44:00,TRK-177,Rute-E,Bekasi Logistics Hub,943.6,1200,21.28,1.4,23.4,LOADED,YES,DOCK-09
2026-07-16 05:57:00,TRK-004,Rute-G,Cikarang Industrial Hub,944.3,1200,21.69,1.6,24.0,QUEUED,NO,DOCK-10
2026-07-17 09:10:00,TRK-011,Rute-I,Grogol Hub (Jakbar),945.0,1200,22.1,1.7,24.5,DELIVERED,YES,DOCK-11
2026-07-18 13:23:00,TRK-018,Rute-K,Depok Hub,945.7,1200,22.51,1.8,25.1,IN_TRANSIT,YES,DOCK-12
2026-07-19 17:36:00,TRK-025,Rute-M,Gudang West (Tangerang),946.4,1200,22.92,2.0,25.6,IDLE_DOCK,YES,DOCK-01
2026-07-20 07:49:00,TRK-032,Rute-O,Petamburan Hub,947.1,1200,23.33,2.1,26.2,LOADED,YES,DOCK-02
2026-07-21 11:02:00,TRK-039,Rute-Q,Bogor Transit Hub,947.8,1200,23.74,2.3,26.7,QUEUED,NO,DOCK-03
2026-07-22 15:15:00,TRK-046,Rute-A,Central Hub (Jakarta),948.5,1200,24.15,2.4,27.2,DELIVERED,YES,DOCK-04
2026-07-23 05:28:00,TRK-053,Rute-C,Bekasi Logistics Hub,949.2,1200,24.56,2.5,27.8,IN_TRANSIT,YES,DOCK-05
2026-07-24 09:41:00,TRK-060,Rute-E,Cikarang Industrial Hub,949.9,1200,24.97,2.7,28.4,IDLE_DOCK,YES,DOCK-06
2026-07-25 13:54:00,TRK-067,Rute-G,Grogol Hub (Jakbar),950.6,1200,25.38,2.8,28.9,LOADED,YES,DOCK-07
2026-07-26 17:07:00,TRK-074,Rute-I,Depok Hub,951.3,1200,25.79,3.0,29.5,QUEUED,NO,DOCK-08
2026-07-27 07:20:00,TRK-081,Rute-K,Gudang West (Tangerang),952.0,1200,9.8,0.3,30.0,DELIVERED,YES,DOCK-09
2026-07-28 11:33:00,TRK-088,Rute-M,Petamburan Hub,952.7,1200,10.21,0.4,30.6,IN_TRANSIT,YES,DOCK-10
2026-07-29 15:46:00,TRK-095,Rute-O,Bogor Transit Hub,953.4,1200,10.62,0.6,31.1,IDLE_DOCK,YES,DOCK-11
2026-07-30 05:59:00,TRK-102,Rute-Q,Central Hub (Jakarta),954.1,1200,11.03,0.7,31.7,LOADED,YES,DOCK-12
2026-07-31 09:12:00,TRK-109,Rute-A,Bekasi Logistics Hub,954.8,1200,11.44,0.9,32.2,QUEUED,NO,DOCK-01
2026-07-01 13:25:00,TRK-116,Rute-C,Cikarang Industrial Hub,955.5,1200,11.85,1.0,32.8,DELIVERED,YES,DOCK-02
2026-07-02 17:38:00,TRK-123,Rute-E,Grogol Hub (Jakbar),956.2,1200,12.26,1.1,33.3,IN_TRANSIT,YES,DOCK-03
2026-07-03 07:51:00,TRK-130,Rute-G,Depok Hub,956.9,1200,12.67,1.3,33.9,IDLE_DOCK,YES,DOCK-04
2026-07-04 11:04:00,TRK-137,Rute-I,Gudang West (Tangerang),957.6,1200,13.08,1.4,34.4,LOADED,YES,DOCK-05
2026-07-05 15:17:00,TRK-144,Rute-K,Petamburan Hub,958.3,1200,13.49,1.6,35.0,QUEUED,NO,DOCK-06
2026-07-06 05:30:00,TRK-151,Rute-M,Bogor Transit Hub,959.0,1200,13.9,1.7,35.5,DELIVERED,YES,DOCK-07
2026-07-07 09:43:00,TRK-158,Rute-O,Central Hub (Jakarta),959.7,1200,14.31,1.8,36.0,IN_TRANSIT,YES,DOCK-08
2026-07-08 13:56:00,TRK-165,Rute-Q,Bekasi Logistics Hub,960.4,1200,14.72,2.0,36.6,IDLE_DOCK,YES,DOCK-09
2026-07-09 17:09:00,TRK-172,Rute-A,Cikarang Industrial Hub,961.1,1200,15.13,2.1,37.2,LOADED,YES,DOCK-10
2026-07-10 07:22:00,TRK-179,Rute-C,Grogol Hub (Jakbar),961.8,1200,15.54,2.3,37.7,QUEUED,NO,DOCK-11
2026-07-11 11:35:00,TRK-006,Rute-E,Depok Hub,962.5,1200,15.95,2.4,38.2,DELIVERED,YES,DOCK-12
2026-07-12 15:48:00,TRK-013,Rute-G,Gudang West (Tangerang),963.2,1200,16.36,2.5,38.8,IN_TRANSIT,YES,DOCK-01
2026-07-13 05:01:00,TRK-020,Rute-I,Petamburan Hub,963.9,1200,16.77,2.7,39.4,IDLE_DOCK,YES,DOCK-02
2026-07-14 09:14:00,TRK-027,Rute-K,Bogor Transit Hub,964.6,1200,17.18,2.8,39.9,LOADED,YES,DOCK-03
2026-07-15 13:27:00,TRK-034,Rute-M,Central Hub (Jakarta),965.3,1200,17.59,3.0,40.5,QUEUED,NO,DOCK-04
2026-07-16 17:40:00,TRK-041,Rute-O,Bekasi Logistics Hub,966.0,1200,18.0,0.3,41.0,DELIVERED,YES,DOCK-05
2026-07-17 07:53:00,TRK-048,Rute-Q,Cikarang Industrial Hub,966.7,1200,18.41,0.4,41.6,IN_TRANSIT,YES,DOCK-06
2026-07-18 11:06:00,TRK-055,Rute-A,Grogol Hub (Jakbar),967.4,1200,18.82,0.6,42.1,IDLE_DOCK,YES,DOCK-07
2026-07-19 15:19:00,TRK-062,Rute-C,Depok Hub,968.1,1200,19.23,0.7,42.7,LOADED,YES,DOCK-08
2026-07-20 05:32:00,TRK-069,Rute-E,Gudang West (Tangerang),968.8,1200,19.64,0.9,43.2,QUEUED,NO,DOCK-09
2026-07-21 09:45:00,TRK-076,Rute-G,Petamburan Hub,969.5,1200,20.05,1.0,43.8,DELIVERED,YES,DOCK-10
2026-07-22 13:58:00,TRK-083,Rute-I,Bogor Transit Hub,970.2,1200,20.46,1.1,44.3,IN_TRANSIT,YES,DOCK-11
2026-07-23 17:11:00,TRK-090,Rute-K,Central Hub (Jakarta),970.9,1200,20.87,1.3,44.9,IDLE_DOCK,YES,DOCK-12
2026-07-24 07:24:00,TRK-097,Rute-M,Bekasi Logistics Hub,971.6,1200,21.28,1.4,45.4,LOADED,YES,DOCK-01
2026-07-25 11:37:00,TRK-104,Rute-O,Cikarang Industrial Hub,972.3,1200,21.69,1.6,46.0,QUEUED,NO,DOCK-02
2026-07-26 15:50:00,TRK-111,Rute-Q,Grogol Hub (Jakbar),973.0,1200,22.1,1.7,46.5,DELIVERED,YES,DOCK-03
2026-07-27 05:03:00,TRK-118,Rute-A,Depok Hub,973.7,1200,22.51,1.8,47.1,IN_TRANSIT,YES,DOCK-04
2026-07-28 09:16:00,TRK-125,Rute-C,Gudang West (Tangerang),974.4,1200,22.92,2.0,47.6,IDLE_DOCK,YES,DOCK-05
2026-07-29 13:29:00,TRK-132,Rute-E,Petamburan Hub,975.1,1200,23.33,2.1,48.2,LOADED,YES,DOCK-06
2026-07-30 17:42:00,TRK-139,Rute-G,Bogor Transit Hub,975.8,1200,23.74,2.3,48.7,QUEUED,NO,DOCK-07
2026-07-31 07:55:00,TRK-146,Rute-I,Central Hub (Jakarta),976.5,1200,24.15,2.4,49.2,DELIVERED,YES,DOCK-08
2026-07-01 11:08:00,TRK-153,Rute-K,Bekasi Logistics Hub,977.2,1200,24.56,2.5,49.8,IN_TRANSIT,YES,DOCK-09
2026-07-02 15:21:00,TRK-160,Rute-M,Cikarang Industrial Hub,977.9,1200,24.97,2.7,50.4,IDLE_DOCK,YES,DOCK-10
2026-07-03 05:34:00,TRK-167,Rute-O,Grogol Hub (Jakbar),978.6,1200,25.38,2.8,50.9,LOADED,YES,DOCK-11
2026-07-04 09:47:00,TRK-174,Rute-Q,Depok Hub,979.3,1200,25.79,3.0,51.5,QUEUED,NO,DOCK-12
2026-07-05 13:00:00,TRK-001,Rute-A,Gudang West (Tangerang),350.0,1200,9.8,0.3,52.0,DELIVERED,YES,DOCK-01
2026-07-06 17:13:00,TRK-008,Rute-C,Petamburan Hub,350.7,1200,10.21,0.4,52.6,IN_TRANSIT,YES,DOCK-02
2026-07-07 07:26:00,TRK-015,Rute-E,Bogor Transit Hub,351.4,1200,10.62,0.6,53.1,IDLE_DOCK,YES,DOCK-03
2026-07-08 11:39:00,TRK-022,Rute-G,Central Hub (Jakarta),352.1,1200,11.03,0.7,53.7,LOADED,YES,DOCK-04
2026-07-09 15:52:00,TRK-029,Rute-I,Bekasi Logistics Hub,352.8,1200,11.44,0.9,54.2,QUEUED,NO,DOCK-05
2026-07-10 05:05:00,TRK-036,Rute-K,Cikarang Industrial Hub,353.5,1200,11.85,1.0,54.8,DELIVERED,YES,DOCK-06
2026-07-11 09:18:00,TRK-043,Rute-M,Grogol Hub (Jakbar),354.2,1200,12.26,1.1,55.3,IN_TRANSIT,YES,DOCK-07
2026-07-12 13:31:00,TRK-050,Rute-O,Depok Hub,354.9,1200,12.67,1.3,55.9,IDLE_DOCK,YES,DOCK-08
2026-07-13 17:44:00,TRK-057,Rute-Q,Gudang West (Tangerang),355.6,1200,13.08,1.4,56.4,LOADED,YES,DOCK-09
2026-07-14 07:57:00,TRK-064,Rute-A,Petamburan Hub,356.3,1200,13.49,1.6,57.0,QUEUED,NO,DOCK-10
2026-07-15 11:10:00,TRK-071,Rute-C,Bogor Transit Hub,357.0,1200,13.9,1.7,57.5,DELIVERED,YES,DOCK-11
2026-07-16 15:23:00,TRK-078,Rute-E,Central Hub (Jakarta),357.7,1200,14.31,1.8,58.1,IN_TRANSIT,YES,DOCK-12
2026-07-17 05:36:00,TRK-085,Rute-G,Bekasi Logistics Hub,358.4,1200,14.72,2.0,58.6,IDLE_DOCK,YES,DOCK-01
2026-07-18 09:49:00,TRK-092,Rute-I,Cikarang Industrial Hub,359.1,1200,15.13,2.1,59.2,LOADED,YES,DOCK-02
2026-07-19 13:02:00,TRK-099,Rute-K,Grogol Hub (Jakbar),359.8,1200,15.54,2.3,59.7,QUEUED,NO,DOCK-03
2026-07-20 17:15:00,TRK-106,Rute-M,Depok Hub,360.5,1200,15.95,2.4,60.3,DELIVERED,YES,DOCK-04
2026-07-21 07:28:00,TRK-113,Rute-O,Gudang West (Tangerang),361.2,1200,16.36,2.5,60.8,IN_TRANSIT,YES,DOCK-05
2026-07-22 11:41:00,TRK-120,Rute-Q,Petamburan Hub,361.9,1200,16.77,2.7,61.4,IDLE_DOCK,YES,DOCK-06
2026-07-23 15:54:00,TRK-127,Rute-A,Bogor Transit Hub,362.6,1200,17.18,2.8,61.9,LOADED,YES,DOCK-07
2026-07-24 05:07:00,TRK-134,Rute-C,Central Hub (Jakarta),363.3,1200,17.59,3.0,62.5,QUEUED,NO,DOCK-08
2026-07-25 09:20:00,TRK-141,Rute-E,Bekasi Logistics Hub,364.0,1200,18.0,0.3,63.0,DELIVERED,YES,DOCK-09
2026-07-26 13:33:00,TRK-148,Rute-G,Cikarang Industrial Hub,364.7,1200,18.41,0.4,63.6,IN_TRANSIT,YES,DOCK-10
2026-07-27 17:46:00,TRK-155,Rute-I,Grogol Hub (Jakbar),365.4,1200,18.82,0.6,64.1,IDLE_DOCK,YES,DOCK-11
2026-07-28 07:59:00,TRK-162,Rute-K,Depok Hub,366.1,1200,19.23,0.7,64.7,LOADED,YES,DOCK-12
2026-07-29 11:12:00,TRK-169,Rute-M,Gudang West (Tangerang),366.8,1200,19.64,0.9,65.2,QUEUED,NO,DOCK-01
2026-07-30 15:25:00,TRK-176,Rute-O,Petamburan Hub,367.5,1200,20.05,1.0,65.8,DELIVERED,YES,DOCK-02
2026-07-31 05:38:00,TRK-003,Rute-Q,Bogor Transit Hub,368.2,1200,20.46,1.1,66.3,IN_TRANSIT,YES,DOCK-03
2026-07-01 09:51:00,TRK-010,Rute-A,Central Hub (Jakarta),368.9,1200,20.87,1.3,66.8,IDLE_DOCK,YES,DOCK-04
2026-07-02 13:04:00,TRK-017,Rute-C,Bekasi Logistics Hub,369.6,1200,21.28,1.4,67.4,LOADED,YES,DOCK-05
2026-07-03 17:17:00,TRK-024,Rute-E,Cikarang Industrial Hub,370.3,1200,21.69,1.6,68.0,QUEUED,NO,DOCK-06
2026-07-04 07:30:00,TRK-031,Rute-G,Grogol Hub (Jakbar),371.0,1200,22.1,1.7,68.5,DELIVERED,YES,DOCK-07
2026-07-05 11:43:00,TRK-038,Rute-I,Depok Hub,371.7,1200,22.51,1.8,69.1,IN_TRANSIT,YES,DOCK-08
2026-07-06 15:56:00,TRK-045,Rute-K,Gudang West (Tangerang),372.4,1200,22.92,2.0,69.6,IDLE_DOCK,YES,DOCK-09
2026-07-07 05:09:00,TRK-052,Rute-M,Petamburan Hub,373.1,1200,23.33,2.1,70.2,LOADED,YES,DOCK-10
2026-07-08 09:22:00,TRK-059,Rute-O,Bogor Transit Hub,373.8,1200,23.74,2.3,70.7,QUEUED,NO,DOCK-11
2026-07-09 13:35:00,TRK-066,Rute-Q,Central Hub (Jakarta),374.5,1200,24.15,2.4,71.2,DELIVERED,YES,DOCK-12
2026-07-10 17:48:00,TRK-073,Rute-A,Bekasi Logistics Hub,375.2,1200,24.56,2.5,71.8,IN_TRANSIT,YES,DOCK-01
2026-07-11 07:01:00,TRK-080,Rute-C,Cikarang Industrial Hub,375.9,1200,24.97,2.7,72.4,IDLE_DOCK,YES,DOCK-02
2026-07-12 11:14:00,TRK-087,Rute-E,Grogol Hub (Jakbar),376.6,1200,25.38,2.8,72.9,LOADED,YES,DOCK-03
2026-07-13 15:27:00,TRK-094,Rute-G,Depok Hub,377.3,1200,25.79,3.0,73.5,QUEUED,NO,DOCK-04
2026-07-14 05:40:00,TRK-101,Rute-I,Gudang West (Tangerang),378.0,1200,9.8,0.3,74.0,DELIVERED,YES,DOCK-05
2026-07-15 09:53:00,TRK-108,Rute-K,Petamburan Hub,378.7,1200,10.21,0.4,74.6,IN_TRANSIT,YES,DOCK-06
2026-07-16 13:06:00,TRK-115,Rute-M,Bogor Transit Hub,379.4,1200,10.62,0.6,75.1,IDLE_DOCK,YES,DOCK-07
2026-07-17 17:19:00,TRK-122,Rute-O,Central Hub (Jakarta),380.1,1200,11.03,0.7,75.7,LOADED,YES,DOCK-08
2026-07-18 07:32:00,TRK-129,Rute-Q,Bekasi Logistics Hub,380.8,1200,11.44,0.9,76.2,QUEUED,NO,DOCK-09
2026-07-19 11:45:00,TRK-136,Rute-A,Cikarang Industrial Hub,381.5,1200,11.85,1.0,76.8,DELIVERED,YES,DOCK-10
2026-07-20 15:58:00,TRK-143,Rute-C,Grogol Hub (Jakbar),382.2,1200,12.26,1.1,77.3,IN_TRANSIT,YES,DOCK-11
2026-07-21 05:11:00,TRK-150,Rute-E,Depok Hub,382.9,1200,12.67,1.3,77.9,IDLE_DOCK,YES,DOCK-12
2026-07-22 09:24:00,TRK-157,Rute-G,Gudang West (Tangerang),383.6,1200,13.08,1.4,78.4,LOADED,YES,DOCK-01
2026-07-23 13:37:00,TRK-164,Rute-I,Petamburan Hub,384.3,1200,13.49,1.6,79.0,QUEUED,NO,DOCK-02
2026-07-24 17:50:00,TRK-171,Rute-K,Bogor Transit Hub,385.0,1200,13.9,1.7,79.5,DELIVERED,YES,DOCK-03
2026-07-25 07:03:00,TRK-178,Rute-M,Central Hub (Jakarta),385.7,1200,14.31,1.8,80.1,IN_TRANSIT,YES,DOCK-04
2026-07-26 11:16:00,TRK-005,Rute-O,Bekasi Logistics Hub,386.4,1200,14.72,2.0,80.6,IDLE_DOCK,YES,DOCK-05
2026-07-27 15:29:00,TRK-012,Rute-Q,Cikarang Industrial Hub,387.1,1200,15.13,2.1,81.2,LOADED,YES,DOCK-06
2026-07-28 05:42:00,TRK-019,Rute-A,Grogol Hub (Jakbar),387.8,1200,15.54,2.3,81.7,QUEUED,NO,DOCK-07
2026-07-29 09:55:00,TRK-026,Rute-C,Depok Hub,388.5,1200,15.95,2.4,82.2,DELIVERED,YES,DOCK-08
2026-07-30 13:08:00,TRK-033,Rute-E,Gudang West (Tangerang),389.2,1200,16.36,2.5,82.8,IN_TRANSIT,YES,DOCK-09
2026-07-31 17:21:00,TRK-040,Rute-G,Petamburan Hub,389.9,1200,16.77,2.7,83.4,IDLE_DOCK,YES,DOCK-10
2026-07-01 07:34:00,TRK-047,Rute-I,Bogor Transit Hub,390.6,1200,17.18,2.8,83.9,LOADED,YES,DOCK-11
2026-07-02 11:47:00,TRK-054,Rute-K,Central Hub (Jakarta),391.3,1200,17.59,3.0,84.5,QUEUED,NO,DOCK-12
2026-07-03 15:00:00,TRK-061,Rute-M,Bekasi Logistics Hub,392.0,1200,18.0,0.3,85.0,DELIVERED,YES,DOCK-01
2026-07-04 05:13:00,TRK-068,Rute-O,Cikarang Industrial Hub,392.7,1200,18.41,0.4,85.6,IN_TRANSIT,YES,DOCK-02
2026-07-05 09:26:00,TRK-075,Rute-Q,Grogol Hub (Jakbar),393.4,1200,18.82,0.6,86.1,IDLE_DOCK,YES,DOCK-03
2026-07-06 13:39:00,TRK-082,Rute-A,Depok Hub,394.1,1200,19.23,0.7,86.7,LOADED,YES,DOCK-04
2026-07-07 17:52:00,TRK-089,Rute-C,Gudang West (Tangerang),394.8,1200,19.64,0.9,87.2,QUEUED,NO,DOCK-05
2026-07-08 07:05:00,TRK-096,Rute-E,Petamburan Hub,395.5,1200,20.05,1.0,87.8,DELIVERED,YES,DOCK-06
2026-07-09 11:18:00,TRK-103,Rute-G,Bogor Transit Hub,396.2,1200,20.46,1.1,88.3,IN_TRANSIT,YES,DOCK-07
2026-07-10 15:31:00,TRK-110,Rute-I,Central Hub (Jakarta),396.9,1200,20.87,1.3,88.9,IDLE_DOCK,YES,DOCK-08
2026-07-11 05:44:00,TRK-117,Rute-K,Bekasi Logistics Hub,397.6,1200,21.28,1.4,89.4,LOADED,YES,DOCK-09
2026-07-12 09:57:00,TRK-124,Rute-M,Cikarang Industrial Hub,398.3,1200,21.69,1.6,90.0,QUEUED,NO,DOCK-10
2026-07-13 13:10:00,TRK-131,Rute-O,Grogol Hub (Jakbar),399.0,1200,22.1,1.7,90.5,DELIVERED,YES,DOCK-11
2026-07-14 17:23:00,TRK-138,Rute-Q,Depok Hub,399.7,1200,22.51,1.8,91.1,IN_TRANSIT,YES,DOCK-12
2026-07-15 07:36:00,TRK-145,Rute-A,Gudang West (Tangerang),400.4,1200,22.92,2.0,91.6,IDLE_DOCK,YES,DOCK-01
2026-07-16 11:49:00,TRK-152,Rute-C,Petamburan Hub,401.1,1200,23.33,2.1,92.2,LOADED,YES,DOCK-02
2026-07-17 15:02:00,TRK-159,Rute-E,Bogor Transit Hub,401.8,1200,23.74,2.3,92.7,QUEUED,NO,DOCK-03
2026-07-18 05:15:00,TRK-166,Rute-G,Central Hub (Jakarta),402.5,1200,24.15,2.4,93.2,DELIVERED,YES,DOCK-04
2026-07-19 09:28:00,TRK-173,Rute-I,Bekasi Logistics Hub,403.2,1200,24.56,2.5,93.8,IN_TRANSIT,YES,DOCK-05
2026-07-20 13:41:00,TRK-180,Rute-K,Cikarang Industrial Hub,403.9,1200,24.97,2.7,94.4,IDLE_DOCK,YES,DOCK-06
2026-07-21 17:54:00,TRK-007,Rute-M,Grogol Hub (Jakbar),404.6,1200,25.38,2.8,94.9,LOADED,YES,DOCK-07
2026-07-22 07:07:00,TRK-014,Rute-O,Depok Hub,405.3,1200,25.79,3.0,95.5,QUEUED,NO,DOCK-08
2026-07-23 11:20:00,TRK-021,Rute-Q,Gudang West (Tangerang),406.0,1200,9.8,0.3,8.0,DELIVERED,YES,DOCK-09
2026-07-24 15:33:00,TRK-028,Rute-A,Petamburan Hub,406.7,1200,10.21,0.4,8.6,IN_TRANSIT,YES,DOCK-10
2026-07-25 05:46:00,TRK-035,Rute-C,Bogor Transit Hub,407.4,1200,10.62,0.6,9.1,IDLE_DOCK,YES,DOCK-11
2026-07-26 09:59:00,TRK-042,Rute-E,Central Hub (Jakarta),408.1,1200,11.03,0.7,9.7,LOADED,YES,DOCK-12
2026-07-27 13:12:00,TRK-049,Rute-G,Bekasi Logistics Hub,408.8,1200,11.44,0.9,10.2,QUEUED,NO,DOCK-01
2026-07-28 17:25:00,TRK-056,Rute-I,Cikarang Industrial Hub,409.5,1200,11.85,1.0,10.8,DELIVERED,YES,DOCK-02
2026-07-29 07:38:00,TRK-063,Rute-K,Grogol Hub (Jakbar),410.2,1200,12.26,1.1,11.3,IN_TRANSIT,YES,DOCK-03
2026-07-30 11:51:00,TRK-070,Rute-M,Depok Hub,410.9,1200,12.67,1.3,11.9,IDLE_DOCK,YES,DOCK-04
2026-07-31 15:04:00,TRK-077,Rute-O,Gudang West (Tangerang),411.6,1200,13.08,1.4,12.4,LOADED,YES,DOCK-05
2026-07-01 05:17:00,TRK-084,Rute-Q,Petamburan Hub,412.3,1200,13.49,1.6,12.9,QUEUED,NO,DOCK-06
2026-07-02 09:30:00,TRK-091,Rute-A,Bogor Transit Hub,413.0,1200,13.9,1.7,13.5,DELIVERED,YES,DOCK-07
2026-07-03 13:43:00,TRK-098,Rute-C,Central Hub (Jakarta),413.7,1200,14.31,1.8,14.1,IN_TRANSIT,YES,DOCK-08
2026-07-04 17:56:00,TRK-105,Rute-E,Bekasi Logistics Hub,414.4,1200,14.72,2.0,14.6,IDLE_DOCK,YES,DOCK-09
2026-07-05 07:09:00,TRK-112,Rute-G,Cikarang Industrial Hub,415.1,1200,15.13,2.1,15.2,LOADED,YES,DOCK-10
2026-07-06 11:22:00,TRK-119,Rute-I,Grogol Hub (Jakbar),415.8,1200,15.54,2.3,15.7,QUEUED,NO,DOCK-11
2026-07-07 15:35:00,TRK-126,Rute-K,Depok Hub,416.5,1200,15.95,2.4,16.2,DELIVERED,YES,DOCK-12
2026-07-08 05:48:00,TRK-133,Rute-M,Gudang West (Tangerang),417.2,1200,16.36,2.5,16.8,IN_TRANSIT,YES,DOCK-01
2026-07-09 09:01:00,TRK-140,Rute-O,Petamburan Hub,417.9,1200,16.77,2.7,17.4,IDLE_DOCK,YES,DOCK-02
2026-07-10 13:14:00,TRK-147,Rute-Q,Bogor Transit Hub,418.6,1200,17.18,2.8,17.9,LOADED,YES,DOCK-03
2026-07-11 17:27:00,TRK-154,Rute-A,Central Hub (Jakarta),419.3,1200,17.59,3.0,18.5,QUEUED,NO,DOCK-04
2026-07-12 07:40:00,TRK-161,Rute-C,Bekasi Logistics Hub,420.0,1200,18.0,0.3,19.0,DELIVERED,YES,DOCK-05
2026-07-13 11:53:00,TRK-168,Rute-E,Cikarang Industrial Hub,420.7,1200,18.41,0.4,19.6,IN_TRANSIT,YES,DOCK-06
2026-07-14 15:06:00,TRK-175,Rute-G,Grogol Hub (Jakbar),421.4,1200,18.82,0.6,20.1,IDLE_DOCK,YES,DOCK-07
2026-07-15 05:19:00,TRK-002,Rute-I,Depok Hub,422.1,1200,19.23,0.7,20.6,LOADED,YES,DOCK-08
2026-07-16 09:32:00,TRK-009,Rute-K,Gudang West (Tangerang),422.8,1200,19.64,0.9,21.2,QUEUED,NO,DOCK-09
2026-07-17 13:45:00,TRK-016,Rute-M,Petamburan Hub,423.5,1200,20.05,1.0,21.8,DELIVERED,YES,DOCK-10
2026-07-18 17:58:00,TRK-023,Rute-O,Bogor Transit Hub,424.2,1200,20.46,1.1,22.3,IN_TRANSIT,YES,DOCK-11
2026-07-19 07:11:00,TRK-030,Rute-Q,Central Hub (Jakarta),424.9,1200,20.87,1.3,22.9,IDLE_DOCK,YES,DOCK-12
2026-07-20 11:24:00,TRK-037,Rute-A,Bekasi Logistics Hub,425.6,1200,21.28,1.4,23.4,LOADED,YES,DOCK-01
2026-07-21 15:37:00,TRK-044,Rute-C,Cikarang Industrial Hub,426.3,1200,21.69,1.6,24.0,QUEUED,NO,DOCK-02
2026-07-22 05:50:00,TRK-051,Rute-E,Grogol Hub (Jakbar),427.0,1200,22.1,1.7,24.5,DELIVERED,YES,DOCK-03
2026-07-23 09:03:00,TRK-058,Rute-G,Depok Hub,427.7,1200,22.51,1.8,25.1,IN_TRANSIT,YES,DOCK-04
2026-07-24 13:16:00,TRK-065,Rute-I,Gudang West (Tangerang),428.4,1200,22.92,2.0,25.6,IDLE_DOCK,YES,DOCK-05
2026-07-25 17:29:00,TRK-072,Rute-K,Petamburan Hub,429.1,1200,23.33,2.1,26.2,LOADED,YES,DOCK-06
2026-07-26 07:42:00,TRK-079,Rute-M,Bogor Transit Hub,429.8,1200,23.74,2.3,26.7,QUEUED,NO,DOCK-07
2026-07-27 11:55:00,TRK-086,Rute-O,Central Hub (Jakarta),430.5,1200,24.15,2.4,27.2,DELIVERED,YES,DOCK-08
2026-07-28 15:08:00,TRK-093,Rute-Q,Bekasi Logistics Hub,431.2,1200,24.56,2.5,27.8,IN_TRANSIT,YES,DOCK-09
2026-07-29 05:21:00,TRK-100,Rute-A,Cikarang Industrial Hub,431.9,1200,24.97,2.7,28.4,IDLE_DOCK,YES,DOCK-10
2026-07-30 09:34:00,TRK-107,Rute-C,Grogol Hub (Jakbar),432.6,1200,25.38,2.8,28.9,LOADED,YES,DOCK-11
2026-07-31 13:47:00,TRK-114,Rute-E,Depok Hub,433.3,1200,25.79,3.0,29.5,QUEUED,NO,DOCK-12
2026-07-01 17:00:00,TRK-121,Rute-G,Gudang West (Tangerang),434.0,1200,9.8,0.3,30.0,DELIVERED,YES,DOCK-01
2026-07-02 07:13:00,TRK-128,Rute-I,Petamburan Hub,434.7,1200,10.21,0.4,30.6,IN_TRANSIT,YES,DOCK-02
2026-07-03 11:26:00,TRK-135,Rute-K,Bogor Transit Hub,435.4,1200,10.62,0.6,31.1,IDLE_DOCK,YES,DOCK-03
2026-07-04 15:39:00,TRK-142,Rute-M,Central Hub (Jakarta),436.1,1200,11.03,0.7,31.7,LOADED,YES,DOCK-04
2026-07-05 05:52:00,TRK-149,Rute-O,Bekasi Logistics Hub,436.8,1200,11.44,0.9,32.2,QUEUED,NO,DOCK-05
2026-07-06 09:05:00,TRK-156,Rute-Q,Cikarang Industrial Hub,437.5,1200,11.85,1.0,32.8,DELIVERED,YES,DOCK-06
2026-07-07 13:18:00,TRK-163,Rute-A,Grogol Hub (Jakbar),438.2,1200,12.26,1.1,33.3,IN_TRANSIT,YES,DOCK-07
2026-07-08 17:31:00,TRK-170,Rute-C,Depok Hub,438.9,1200,12.67,1.3,33.9,IDLE_DOCK,YES,DOCK-08
2026-07-09 07:44:00,TRK-177,Rute-E,Gudang West (Tangerang),439.6,1200,13.08,1.4,34.4,LOADED,YES,DOCK-09
2026-07-10 11:57:00,TRK-004,Rute-G,Petamburan Hub,440.3,1200,13.49,1.6,35.0,QUEUED,NO,DOCK-10
2026-07-11 15:10:00,TRK-011,Rute-I,Bogor Transit Hub,441.0,1200,13.9,1.7,35.5,DELIVERED,YES,DOCK-11
2026-07-12 05:23:00,TRK-018,Rute-K,Central Hub (Jakarta),441.7,1200,14.31,1.8,36.0,IN_TRANSIT,YES,DOCK-12
2026-07-13 09:36:00,TRK-025,Rute-M,Bekasi Logistics Hub,442.4,1200,14.72,2.0,36.6,IDLE_DOCK,YES,DOCK-01
2026-07-14 13:49:00,TRK-032,Rute-O,Cikarang Industrial Hub,443.1,1200,15.13,2.1,37.2,LOADED,YES,DOCK-02
2026-07-15 17:02:00,TRK-039,Rute-Q,Grogol Hub (Jakbar),443.8,1200,15.54,2.3,37.7,QUEUED,NO,DOCK-03
2026-07-16 07:15:00,TRK-046,Rute-A,Depok Hub,444.5,1200,15.95,2.4,38.2,DELIVERED,YES,DOCK-04
2026-07-17 11:28:00,TRK-053,Rute-C,Gudang West (Tangerang),445.2,1200,16.36,2.5,38.8,IN_TRANSIT,YES,DOCK-05
2026-07-18 15:41:00,TRK-060,Rute-E,Petamburan Hub,445.9,1200,16.77,2.7,39.4,IDLE_DOCK,YES,DOCK-06
2026-07-19 05:54:00,TRK-067,Rute-G,Bogor Transit Hub,446.6,1200,17.18,2.8,39.9,LOADED,YES,DOCK-07
2026-07-20 09:07:00,TRK-074,Rute-I,Central Hub (Jakarta),447.3,1200,17.59,3.0,40.5,QUEUED,NO,DOCK-08
2026-07-21 13:20:00,TRK-081,Rute-K,Bekasi Logistics Hub,448.0,1200,18.0,0.3,41.0,DELIVERED,YES,DOCK-09
2026-07-22 17:33:00,TRK-088,Rute-M,Cikarang Industrial Hub,448.7,1200,18.41,0.4,41.6,IN_TRANSIT,YES,DOCK-10
2026-07-23 07:46:00,TRK-095,Rute-O,Grogol Hub (Jakbar),449.4,1200,18.82,0.6,42.1,IDLE_DOCK,YES,DOCK-11
2026-07-24 11:59:00,TRK-102,Rute-Q,Depok Hub,450.1,1200,19.23,0.7,42.7,LOADED,YES,DOCK-12
2026-07-25 15:12:00,TRK-109,Rute-A,Gudang West (Tangerang),450.8,1200,19.64,0.9,43.2,QUEUED,NO,DOCK-01
2026-07-26 05:25:00,TRK-116,Rute-C,Petamburan Hub,451.5,1200,20.05,1.0,43.8,DELIVERED,YES,DOCK-02
2026-07-27 09:38:00,TRK-123,Rute-E,Bogor Transit Hub,452.2,1200,20.46,1.1,44.3,IN_TRANSIT,YES,DOCK-03
2026-07-28 13:51:00,TRK-130,Rute-G,Central Hub (Jakarta),452.9,1200,20.87,1.3,44.9,IDLE_DOCK,YES,DOCK-04
2026-07-29 17:04:00,TRK-137,Rute-I,Bekasi Logistics Hub,453.6,1200,21.28,1.4,45.4,LOADED,YES,DOCK-05
2026-07-30 07:17:00,TRK-144,Rute-K,Cikarang Industrial Hub,454.3,1200,21.69,1.6,46.0,QUEUED,NO,DOCK-06
2026-07-31 11:30:00,TRK-151,Rute-M,Grogol Hub (Jakbar),455.0,1200,22.1,1.7,46.5,DELIVERED,YES,DOCK-07
2026-07-01 15:43:00,TRK-158,Rute-O,Depok Hub,455.7,1200,22.51,1.8,47.1,IN_TRANSIT,YES,DOCK-08
2026-07-02 05:56:00,TRK-165,Rute-Q,Gudang West (Tangerang),456.4,1200,22.92,2.0,47.6,IDLE_DOCK,YES,DOCK-09
2026-07-03 09:09:00,TRK-172,Rute-A,Petamburan Hub,457.1,1200,23.33,2.1,48.2,LOADED,YES,DOCK-10
2026-07-04 13:22:00,TRK-179,Rute-C,Bogor Transit Hub,457.8,1200,23.74,2.3,48.7,QUEUED,NO,DOCK-11
2026-07-05 17:35:00,TRK-006,Rute-E,Central Hub (Jakarta),458.5,1200,24.15,2.4,49.2,DELIVERED,YES,DOCK-12
2026-07-06 07:48:00,TRK-013,Rute-G,Bekasi Logistics Hub,459.2,1200,24.56,2.5,49.8,IN_TRANSIT,YES,DOCK-01
2026-07-07 11:01:00,TRK-020,Rute-I,Cikarang Industrial Hub,459.9,1200,24.97,2.7,50.4,IDLE_DOCK,YES,DOCK-02
2026-07-08 15:14:00,TRK-027,Rute-K,Grogol Hub (Jakbar),460.6,1200,25.38,2.8,50.9,LOADED,YES,DOCK-03
2026-07-09 05:27:00,TRK-034,Rute-M,Depok Hub,461.3,1200,25.79,3.0,51.5,QUEUED,NO,DOCK-04
2026-07-10 09:40:00,TRK-041,Rute-O,Gudang West (Tangerang),462.0,1200,9.8,0.3,52.0,DELIVERED,YES,DOCK-05
2026-07-11 13:53:00,TRK-048,Rute-Q,Petamburan Hub,462.7,1200,10.21,0.4,52.6,IN_TRANSIT,YES,DOCK-06
2026-07-12 17:06:00,TRK-055,Rute-A,Bogor Transit Hub,463.4,1200,10.62,0.6,53.1,IDLE_DOCK,YES,DOCK-07
2026-07-13 07:19:00,TRK-062,Rute-C,Central Hub (Jakarta),464.1,1200,11.03,0.7,53.7,LOADED,YES,DOCK-08
2026-07-14 11:32:00,TRK-069,Rute-E,Bekasi Logistics Hub,464.8,1200,11.44,0.9,54.2,QUEUED,NO,DOCK-09
2026-07-15 15:45:00,TRK-076,Rute-G,Cikarang Industrial Hub,465.5,1200,11.85,1.0,54.8,DELIVERED,YES,DOCK-10
2026-07-16 05:58:00,TRK-083,Rute-I,Grogol Hub (Jakbar),466.2,1200,12.26,1.1,55.3,IN_TRANSIT,YES,DOCK-11
2026-07-17 09:11:00,TRK-090,Rute-K,Depok Hub,466.9,1200,12.67,1.3,55.9,IDLE_DOCK,YES,DOCK-12
2026-07-18 13:24:00,TRK-097,Rute-M,Gudang West (Tangerang),467.6,1200,13.08,1.4,56.4,LOADED,YES,DOCK-01
2026-07-19 17:37:00,TRK-104,Rute-O,Petamburan Hub,468.3,1200,13.49,1.6,57.0,QUEUED,NO,DOCK-02
2026-07-20 07:50:00,TRK-111,Rute-Q,Bogor Transit Hub,469.0,1200,13.9,1.7,57.5,DELIVERED,YES,DOCK-03
2026-07-21 11:03:00,TRK-118,Rute-A,Central Hub (Jakarta),469.7,1200,14.31,1.8,58.1,IN_TRANSIT,YES,DOCK-04
2026-07-22 15:16:00,TRK-125,Rute-C,Bekasi Logistics Hub,470.4,1200,14.72,2.0,58.6,IDLE_DOCK,YES,DOCK-05
2026-07-23 05:29:00,TRK-132,Rute-E,Cikarang Industrial Hub,471.1,1200,15.13,2.1,59.2,LOADED,YES,DOCK-06
2026-07-24 09:42:00,TRK-139,Rute-G,Grogol Hub (Jakbar),471.8,1200,15.54,2.3,59.7,QUEUED,NO,DOCK-07
2026-07-25 13:55:00,TRK-146,Rute-I,Depok Hub,472.5,1200,15.95,2.4,60.3,DELIVERED,YES,DOCK-08
2026-07-26 17:08:00,TRK-153,Rute-K,Gudang West (Tangerang),473.2,1200,16.36,2.5,60.8,IN_TRANSIT,YES,DOCK-09
2026-07-27 07:21:00,TRK-160,Rute-M,Petamburan Hub,473.9,1200,16.77,2.7,61.4,IDLE_DOCK,YES,DOCK-10
2026-07-28 11:34:00,TRK-167,Rute-O,Bogor Transit Hub,474.6,1200,17.18,2.8,61.9,LOADED,YES,DOCK-11
2026-07-29 15:47:00,TRK-174,Rute-Q,Central Hub (Jakarta),475.3,1200,17.59,3.0,62.5,QUEUED,NO,DOCK-12
2026-07-30 05:00:00,TRK-001,Rute-A,Bekasi Logistics Hub,476.0,1200,18.0,0.3,63.0,DELIVERED,YES,DOCK-01
2026-07-31 09:13:00,TRK-008,Rute-C,Cikarang Industrial Hub,476.7,1200,18.41,0.4,63.6,IN_TRANSIT,YES,DOCK-02
2026-07-01 13:26:00,TRK-015,Rute-E,Grogol Hub (Jakbar),477.4,1200,18.82,0.6,64.1,IDLE_DOCK,YES,DOCK-03
2026-07-02 17:39:00,TRK-022,Rute-G,Depok Hub,478.1,1200,19.23,0.7,64.7,LOADED,YES,DOCK-04
2026-07-03 07:52:00,TRK-029,Rute-I,Gudang West (Tangerang),478.8,1200,19.64,0.9,65.2,QUEUED,NO,DOCK-05
2026-07-04 11:05:00,TRK-036,Rute-K,Petamburan Hub,479.5,1200,20.05,1.0,65.8,DELIVERED,YES,DOCK-06
2026-07-05 15:18:00,TRK-043,Rute-M,Bogor Transit Hub,480.2,1200,20.46,1.1,66.3,IN_TRANSIT,YES,DOCK-07
2026-07-06 05:31:00,TRK-050,Rute-O,Central Hub (Jakarta),480.9,1200,20.87,1.3,66.8,IDLE_DOCK,YES,DOCK-08
2026-07-07 09:44:00,TRK-057,Rute-Q,Bekasi Logistics Hub,481.6,1200,21.28,1.4,67.4,LOADED,YES,DOCK-09
2026-07-08 13:57:00,TRK-064,Rute-A,Cikarang Industrial Hub,482.3,1200,21.69,1.6,68.0,QUEUED,NO,DOCK-10
2026-07-09 17:10:00,TRK-071,Rute-C,Grogol Hub (Jakbar),483.0,1200,22.1,1.7,68.5,DELIVERED,YES,DOCK-11
2026-07-10 07:23:00,TRK-078,Rute-E,Depok Hub,483.7,1200,22.51,1.8,69.1,IN_TRANSIT,YES,DOCK-12
2026-07-11 11:36:00,TRK-085,Rute-G,Gudang West (Tangerang),484.4,1200,22.92,2.0,69.6,IDLE_DOCK,YES,DOCK-01
2026-07-12 15:49:00,TRK-092,Rute-I,Petamburan Hub,485.1,1200,23.33,2.1,70.2,LOADED,YES,DOCK-02
2026-07-13 05:02:00,TRK-099,Rute-K,Bogor Transit Hub,485.8,1200,23.74,2.3,70.7,QUEUED,NO,DOCK-03
2026-07-14 09:15:00,TRK-106,Rute-M,Central Hub (Jakarta),486.5,1200,24.15,2.4,71.2,DELIVERED,YES,DOCK-04
2026-07-15 13:28:00,TRK-113,Rute-O,Bekasi Logistics Hub,487.2,1200,24.56,2.5,71.8,IN_TRANSIT,YES,DOCK-05
2026-07-16 17:41:00,TRK-120,Rute-Q,Cikarang Industrial Hub,487.9,1200,24.97,2.7,72.4,IDLE_DOCK,YES,DOCK-06
2026-07-17 07:54:00,TRK-127,Rute-A,Grogol Hub (Jakbar),488.6,1200,25.38,2.8,72.9,LOADED,YES,DOCK-07
2026-07-18 11:07:00,TRK-134,Rute-C,Depok Hub,489.3,1200,25.79,3.0,73.5,QUEUED,NO,DOCK-08
2026-07-19 15:20:00,TRK-141,Rute-E,Gudang West (Tangerang),490.0,1200,9.8,0.3,74.0,DELIVERED,YES,DOCK-09
2026-07-20 05:33:00,TRK-148,Rute-G,Petamburan Hub,490.7,1200,10.21,0.4,74.6,IN_TRANSIT,YES,DOCK-10
2026-07-21 09:46:00,TRK-155,Rute-I,Bogor Transit Hub,491.4,1200,10.62,0.6,75.1,IDLE_DOCK,YES,DOCK-11
2026-07-22 13:59:00,TRK-162,Rute-K,Central Hub (Jakarta),492.1,1200,11.03,0.7,75.7,LOADED,YES,DOCK-12
2026-07-23 17:12:00,TRK-169,Rute-M,Bekasi Logistics Hub,492.8,1200,11.44,0.9,76.2,QUEUED,NO,DOCK-01
2026-07-24 07:25:00,TRK-176,Rute-O,Cikarang Industrial Hub,493.5,1200,11.85,1.0,76.8,DELIVERED,YES,DOCK-02
2026-07-25 11:38:00,TRK-003,Rute-Q,Grogol Hub (Jakbar),494.2,1200,12.26,1.1,77.3,IN_TRANSIT,YES,DOCK-03
2026-07-26 15:51:00,TRK-010,Rute-A,Depok Hub,494.9,1200,12.67,1.3,77.9,IDLE_DOCK,YES,DOCK-04
2026-07-27 05:04:00,TRK-017,Rute-C,Gudang West (Tangerang),495.6,1200,13.08,1.4,78.4,LOADED,YES,DOCK-05
2026-07-28 09:17:00,TRK-024,Rute-E,Petamburan Hub,496.3,1200,13.49,1.6,79.0,QUEUED,NO,DOCK-06
2026-07-29 13:30:00,TRK-031,Rute-G,Bogor Transit Hub,497.0,1200,13.9,1.7,79.5,DELIVERED,YES,DOCK-07
2026-07-30 17:43:00,TRK-038,Rute-I,Central Hub (Jakarta),497.7,1200,14.31,1.8,80.1,IN_TRANSIT,YES,DOCK-08
2026-07-31 07:56:00,TRK-045,Rute-K,Bekasi Logistics Hub,498.4,1200,14.72,2.0,80.6,IDLE_DOCK,YES,DOCK-09
2026-07-01 11:09:00,TRK-052,Rute-M,Cikarang Industrial Hub,499.1,1200,15.13,2.1,81.2,LOADED,YES,DOCK-10
2026-07-02 15:22:00,TRK-059,Rute-O,Grogol Hub (Jakbar),499.8,1200,15.54,2.3,81.7,QUEUED,NO,DOCK-11
2026-07-03 05:35:00,TRK-066,Rute-Q,Depok Hub,500.5,1200,15.95,2.4,82.2,DELIVERED,YES,DOCK-12
2026-07-04 09:48:00,TRK-073,Rute-A,Gudang West (Tangerang),501.2,1200,16.36,2.5,82.8,IN_TRANSIT,YES,DOCK-01
2026-07-05 13:01:00,TRK-080,Rute-C,Petamburan Hub,501.9,1200,16.77,2.7,83.4,IDLE_DOCK,YES,DOCK-02
2026-07-06 17:14:00,TRK-087,Rute-E,Bogor Transit Hub,502.6,1200,17.18,2.8,83.9,LOADED,YES,DOCK-03
2026-07-07 07:27:00,TRK-094,Rute-G,Central Hub (Jakarta),503.3,1200,17.59,3.0,84.5,QUEUED,NO,DOCK-04
2026-07-08 11:40:00,TRK-101,Rute-I,Bekasi Logistics Hub,504.0,1200,18.0,0.3,85.0,DELIVERED,YES,DOCK-05
2026-07-09 15:53:00,TRK-108,Rute-K,Cikarang Industrial Hub,504.7,1200,18.41,0.4,85.6,IN_TRANSIT,YES,DOCK-06
2026-07-10 05:06:00,TRK-115,Rute-M,Grogol Hub (Jakbar),505.4,1200,18.82,0.6,86.1,IDLE_DOCK,YES,DOCK-07
2026-07-11 09:19:00,TRK-122,Rute-O,Depok Hub,506.1,1200,19.23,0.7,86.7,LOADED,YES,DOCK-08
2026-07-12 13:32:00,TRK-129,Rute-Q,Gudang West (Tangerang),506.8,1200,19.64,0.9,87.2,QUEUED,NO,DOCK-09
2026-07-13 17:45:00,TRK-136,Rute-A,Petamburan Hub,507.5,1200,20.05,1.0,87.8,DELIVERED,YES,DOCK-10
2026-07-14 07:58:00,TRK-143,Rute-C,Bogor Transit Hub,508.2,1200,20.46,1.1,88.3,IN_TRANSIT,YES,DOCK-11
2026-07-15 11:11:00,TRK-150,Rute-E,Central Hub (Jakarta),508.9,1200,20.87,1.3,88.9,IDLE_DOCK,YES,DOCK-12
2026-07-16 15:24:00,TRK-157,Rute-G,Bekasi Logistics Hub,509.6,1200,21.28,1.4,89.4,LOADED,YES,DOCK-01
2026-07-17 05:37:00,TRK-164,Rute-I,Cikarang Industrial Hub,510.3,1200,21.69,1.6,90.0,QUEUED,NO,DOCK-02
2026-07-18 09:50:00,TRK-171,Rute-K,Grogol Hub (Jakbar),511.0,1200,22.1,1.7,90.5,DELIVERED,YES,DOCK-03
2026-07-19 13:03:00,TRK-178,Rute-M,Depok Hub,511.7,1200,22.51,1.8,91.1,IN_TRANSIT,YES,DOCK-04
2026-07-20 17:16:00,TRK-005,Rute-O,Gudang West (Tangerang),512.4,1200,22.92,2.0,91.6,IDLE_DOCK,YES,DOCK-05
2026-07-21 07:29:00,TRK-012,Rute-Q,Petamburan Hub,513.1,1200,23.33,2.1,92.2,LOADED,YES,DOCK-06
2026-07-22 11:42:00,TRK-019,Rute-A,Bogor Transit Hub,513.8,1200,23.74,2.3,92.7,QUEUED,NO,DOCK-07
2026-07-23 15:55:00,TRK-026,Rute-C,Central Hub (Jakarta),514.5,1200,24.15,2.4,93.2,DELIVERED,YES,DOCK-08
2026-07-24 05:08:00,TRK-033,Rute-E,Bekasi Logistics Hub,515.2,1200,24.56,2.5,93.8,IN_TRANSIT,YES,DOCK-09
2026-07-25 09:21:00,TRK-040,Rute-G,Cikarang Industrial Hub,515.9,1200,24.97,2.7,94.4,IDLE_DOCK,YES,DOCK-10
2026-07-26 13:34:00,TRK-047,Rute-I,Grogol Hub (Jakbar),516.6,1200,25.38,2.8,94.9,LOADED,YES,DOCK-11
2026-07-27 17:47:00,TRK-054,Rute-K,Depok Hub,517.3,1200,25.79,3.0,95.5,QUEUED,NO,DOCK-12
2026-07-28 07:00:00,TRK-061,Rute-M,Gudang West (Tangerang),518.0,1200,9.8,0.3,8.0,DELIVERED,YES,DOCK-01
2026-07-29 11:13:00,TRK-068,Rute-O,Petamburan Hub,518.7,1200,10.21,0.4,8.6,IN_TRANSIT,YES,DOCK-02
2026-07-30 15:26:00,TRK-075,Rute-Q,Bogor Transit Hub,519.4,1200,10.62,0.6,9.1,IDLE_DOCK,YES,DOCK-03
2026-07-31 05:39:00,TRK-082,Rute-A,Central Hub (Jakarta),520.1,1200,11.03,0.7,9.7,LOADED,YES,DOCK-04
2026-07-01 09:52:00,TRK-089,Rute-C,Bekasi Logistics Hub,520.8,1200,11.44,0.9,10.2,QUEUED,NO,DOCK-05
2026-07-02 13:05:00,TRK-096,Rute-E,Cikarang Industrial Hub,521.5,1200,11.85,1.0,10.8,DELIVERED,YES,DOCK-06
2026-07-03 17:18:00,TRK-103,Rute-G,Grogol Hub (Jakbar),522.2,1200,12.26,1.1,11.3,IN_TRANSIT,YES,DOCK-07
2026-07-04 07:31:00,TRK-110,Rute-I,Depok Hub,522.9,1200,12.67,1.3,11.9,IDLE_DOCK,YES,DOCK-08
2026-07-05 11:44:00,TRK-117,Rute-K,Gudang West (Tangerang),523.6,1200,13.08,1.4,12.4,LOADED,YES,DOCK-09
2026-07-06 15:57:00,TRK-124,Rute-M,Petamburan Hub,524.3,1200,13.49,1.6,12.9,QUEUED,NO,DOCK-10
2026-07-07 05:10:00,TRK-131,Rute-O,Bogor Transit Hub,525.0,1200,13.9,1.7,13.5,DELIVERED,YES,DOCK-11
2026-07-08 09:23:00,TRK-138,Rute-Q,Central Hub (Jakarta),525.7,1200,14.31,1.8,14.1,IN_TRANSIT,YES,DOCK-12
2026-07-09 13:36:00,TRK-145,Rute-A,Bekasi Logistics Hub,526.4,1200,14.72,2.0,14.6,IDLE_DOCK,YES,DOCK-01
2026-07-10 17:49:00,TRK-152,Rute-C,Cikarang Industrial Hub,527.1,1200,15.13,2.1,15.2,LOADED,YES,DOCK-02
2026-07-11 07:02:00,TRK-159,Rute-E,Grogol Hub (Jakbar),527.8,1200,15.54,2.3,15.7,QUEUED,NO,DOCK-03
2026-07-12 11:15:00,TRK-166,Rute-G,Depok Hub,528.5,1200,15.95,2.4,16.2,DELIVERED,YES,DOCK-04
2026-07-13 15:28:00,TRK-173,Rute-I,Gudang West (Tangerang),529.2,1200,16.36,2.5,16.8,IN_TRANSIT,YES,DOCK-05
2026-07-14 05:41:00,TRK-180,Rute-K,Petamburan Hub,529.9,1200,16.77,2.7,17.4,IDLE_DOCK,YES,DOCK-06
2026-07-15 09:54:00,TRK-007,Rute-M,Bogor Transit Hub,530.6,1200,17.18,2.8,17.9,LOADED,YES,DOCK-07
2026-07-16 13:07:00,TRK-014,Rute-O,Central Hub (Jakarta),531.3,1200,17.59,3.0,18.5,QUEUED,NO,DOCK-08
2026-07-17 17:20:00,TRK-021,Rute-Q,Bekasi Logistics Hub,532.0,1200,18.0,0.3,19.0,DELIVERED,YES,DOCK-09
2026-07-18 07:33:00,TRK-028,Rute-A,Cikarang Industrial Hub,532.7,1200,18.41,0.4,19.6,IN_TRANSIT,YES,DOCK-10
2026-07-19 11:46:00,TRK-035,Rute-C,Grogol Hub (Jakbar),533.4,1200,18.82,0.6,20.1,IDLE_DOCK,YES,DOCK-11
2026-07-20 15:59:00,TRK-042,Rute-E,Depok Hub,534.1,1200,19.23,0.7,20.6,LOADED,YES,DOCK-12
2026-07-21 05:12:00,TRK-049,Rute-G,Gudang West (Tangerang),534.8,1200,19.64,0.9,21.2,QUEUED,NO,DOCK-01
2026-07-22 09:25:00,TRK-056,Rute-I,Petamburan Hub,535.5,1200,20.05,1.0,21.8,DELIVERED,YES,DOCK-02
2026-07-23 13:38:00,TRK-063,Rute-K,Bogor Transit Hub,536.2,1200,20.46,1.1,22.3,IN_TRANSIT,YES,DOCK-03
2026-07-24 17:51:00,TRK-070,Rute-M,Central Hub (Jakarta),536.9,1200,20.87,1.3,22.9,IDLE_DOCK,YES,DOCK-04
2026-07-25 07:04:00,TRK-077,Rute-O,Bekasi Logistics Hub,537.6,1200,21.28,1.4,23.4,LOADED,YES,DOCK-05
2026-07-26 11:17:00,TRK-084,Rute-Q,Cikarang Industrial Hub,538.3,1200,21.69,1.6,24.0,QUEUED,NO,DOCK-06
2026-07-27 15:30:00,TRK-091,Rute-A,Grogol Hub (Jakbar),539.0,1200,22.1,1.7,24.5,DELIVERED,YES,DOCK-07
2026-07-28 05:43:00,TRK-098,Rute-C,Depok Hub,539.7,1200,22.51,1.8,25.1,IN_TRANSIT,YES,DOCK-08
2026-07-29 09:56:00,TRK-105,Rute-E,Gudang West (Tangerang),540.4,1200,22.92,2.0,25.6,IDLE_DOCK,YES,DOCK-09
2026-07-30 13:09:00,TRK-112,Rute-G,Petamburan Hub,541.1,1200,23.33,2.1,26.2,LOADED,YES,DOCK-10
2026-07-31 17:22:00,TRK-119,Rute-I,Bogor Transit Hub,541.8,1200,23.74,2.3,26.7,QUEUED,NO,DOCK-11
2026-07-01 07:35:00,TRK-126,Rute-K,Central Hub (Jakarta),542.5,1200,24.15,2.4,27.2,DELIVERED,YES,DOCK-12
2026-07-02 11:48:00,TRK-133,Rute-M,Bekasi Logistics Hub,543.2,1200,24.56,2.5,27.8,IN_TRANSIT,YES,DOCK-01
2026-07-03 15:01:00,TRK-140,Rute-O,Cikarang Industrial Hub,543.9,1200,24.97,2.7,28.4,IDLE_DOCK,YES,DOCK-02
2026-07-04 05:14:00,TRK-147,Rute-Q,Grogol Hub (Jakbar),544.6,1200,25.38,2.8,28.9,LOADED,YES,DOCK-03
2026-07-05 09:27:00,TRK-154,Rute-A,Depok Hub,545.3,1200,25.79,3.0,29.5,QUEUED,NO,DOCK-04
2026-07-06 13:40:00,TRK-161,Rute-C,Gudang West (Tangerang),546.0,1200,9.8,0.3,30.0,DELIVERED,YES,DOCK-05
2026-07-07 17:53:00,TRK-168,Rute-E,Petamburan Hub,546.7,1200,10.21,0.4,30.6,IN_TRANSIT,YES,DOCK-06
2026-07-08 07:06:00,TRK-175,Rute-G,Bogor Transit Hub,547.4,1200,10.62,0.6,31.1,IDLE_DOCK,YES,DOCK-07
2026-07-09 11:19:00,TRK-002,Rute-I,Central Hub (Jakarta),548.1,1200,11.03,0.7,31.7,LOADED,YES,DOCK-08
2026-07-10 15:32:00,TRK-009,Rute-K,Bekasi Logistics Hub,548.8,1200,11.44,0.9,32.2,QUEUED,NO,DOCK-09
2026-07-11 05:45:00,TRK-016,Rute-M,Cikarang Industrial Hub,549.5,1200,11.85,1.0,32.8,DELIVERED,YES,DOCK-10
2026-07-12 09:58:00,TRK-023,Rute-O,Grogol Hub (Jakbar),550.2,1200,12.26,1.1,33.3,IN_TRANSIT,YES,DOCK-11
2026-07-13 13:11:00,TRK-030,Rute-Q,Depok Hub,550.9,1200,12.67,1.3,33.9,IDLE_DOCK,YES,DOCK-12
2026-07-14 17:24:00,TRK-037,Rute-A,Gudang West (Tangerang),551.6,1200,13.08,1.4,34.4,LOADED,YES,DOCK-01
2026-07-15 07:37:00,TRK-044,Rute-C,Petamburan Hub,552.3,1200,13.49,1.6,35.0,QUEUED,NO,DOCK-02
2026-07-16 11:50:00,TRK-051,Rute-E,Bogor Transit Hub,553.0,1200,13.9,1.7,35.5,DELIVERED,YES,DOCK-03
2026-07-17 15:03:00,TRK-058,Rute-G,Central Hub (Jakarta),553.7,1200,14.31,1.8,36.0,IN_TRANSIT,YES,DOCK-04
2026-07-18 05:16:00,TRK-065,Rute-I,Bekasi Logistics Hub,554.4,1200,14.72,2.0,36.6,IDLE_DOCK,YES,DOCK-05
2026-07-19 09:29:00,TRK-072,Rute-K,Cikarang Industrial Hub,555.1,1200,15.13,2.1,37.2,LOADED,YES,DOCK-06
2026-07-20 13:42:00,TRK-079,Rute-M,Grogol Hub (Jakbar),555.8,1200,15.54,2.3,37.7,QUEUED,NO,DOCK-07
2026-07-21 17:55:00,TRK-086,Rute-O,Depok Hub,556.5,1200,15.95,2.4,38.2,DELIVERED,YES,DOCK-08
2026-07-22 07:08:00,TRK-093,Rute-Q,Gudang West (Tangerang),557.2,1200,16.36,2.5,38.8,IN_TRANSIT,YES,DOCK-09
2026-07-23 11:21:00,TRK-100,Rute-A,Petamburan Hub,557.9,1200,16.77,2.7,39.4,IDLE_DOCK,YES,DOCK-10
2026-07-24 15:34:00,TRK-107,Rute-C,Bogor Transit Hub,558.6,1200,17.18,2.8,39.9,LOADED,YES,DOCK-11
2026-07-25 05:47:00,TRK-114,Rute-E,Central Hub (Jakarta),559.3,1200,17.59,3.0,40.5,QUEUED,NO,DOCK-12
2026-07-26 09:00:00,TRK-121,Rute-G,Bekasi Logistics Hub,560.0,1200,18.0,0.3,41.0,DELIVERED,YES,DOCK-01
2026-07-27 13:13:00,TRK-128,Rute-I,Cikarang Industrial Hub,560.7,1200,18.41,0.4,41.6,IN_TRANSIT,YES,DOCK-02
2026-07-28 17:26:00,TRK-135,Rute-K,Grogol Hub (Jakbar),561.4,1200,18.82,0.6,42.1,IDLE_DOCK,YES,DOCK-03
2026-07-29 07:39:00,TRK-142,Rute-M,Depok Hub,562.1,1200,19.23,0.7,42.7,LOADED,YES,DOCK-04
2026-07-30 11:52:00,TRK-149,Rute-O,Gudang West (Tangerang),562.8,1200,19.64,0.9,43.2,QUEUED,NO,DOCK-05
2026-07-31 15:05:00,TRK-156,Rute-Q,Petamburan Hub,563.5,1200,20.05,1.0,43.8,DELIVERED,YES,DOCK-06
2026-07-01 05:18:00,TRK-163,Rute-A,Bogor Transit Hub,564.2,1200,20.46,1.1,44.3,IN_TRANSIT,YES,DOCK-07
2026-07-02 09:31:00,TRK-170,Rute-C,Central Hub (Jakarta),564.9,1200,20.87,1.3,44.9,IDLE_DOCK,YES,DOCK-08
2026-07-03 13:44:00,TRK-177,Rute-E,Bekasi Logistics Hub,565.6,1200,21.28,1.4,45.4,LOADED,YES,DOCK-09
2026-07-04 17:57:00,TRK-004,Rute-G,Cikarang Industrial Hub,566.3,1200,21.69,1.6,46.0,QUEUED,NO,DOCK-10
2026-07-05 07:10:00,TRK-011,Rute-I,Grogol Hub (Jakbar),567.0,1200,22.1,1.7,46.5,DELIVERED,YES,DOCK-11
2026-07-06 11:23:00,TRK-018,Rute-K,Depok Hub,567.7,1200,22.51,1.8,47.1,IN_TRANSIT,YES,DOCK-12
2026-07-07 15:36:00,TRK-025,Rute-M,Gudang West (Tangerang),568.4,1200,22.92,2.0,47.6,IDLE_DOCK,YES,DOCK-01
2026-07-08 05:49:00,TRK-032,Rute-O,Petamburan Hub,569.1,1200,23.33,2.1,48.2,LOADED,YES,DOCK-02
2026-07-09 09:02:00,TRK-039,Rute-Q,Bogor Transit Hub,569.8,1200,23.74,2.3,48.7,QUEUED,NO,DOCK-03
2026-07-10 13:15:00,TRK-046,Rute-A,Central Hub (Jakarta),570.5,1200,24.15,2.4,49.2,DELIVERED,YES,DOCK-04
2026-07-11 17:28:00,TRK-053,Rute-C,Bekasi Logistics Hub,571.2,1200,24.56,2.5,49.8,IN_TRANSIT,YES,DOCK-05
2026-07-12 07:41:00,TRK-060,Rute-E,Cikarang Industrial Hub,571.9,1200,24.97,2.7,50.4,IDLE_DOCK,YES,DOCK-06
2026-07-13 11:54:00,TRK-067,Rute-G,Grogol Hub (Jakbar),572.6,1200,25.38,2.8,50.9,LOADED,YES,DOCK-07
2026-07-14 15:07:00,TRK-074,Rute-I,Depok Hub,573.3,1200,25.79,3.0,51.5,QUEUED,NO,DOCK-08
2026-07-15 05:20:00,TRK-081,Rute-K,Gudang West (Tangerang),574.0,1200,9.8,0.3,52.0,DELIVERED,YES,DOCK-09
2026-07-16 09:33:00,TRK-088,Rute-M,Petamburan Hub,574.7,1200,10.21,0.4,52.6,IN_TRANSIT,YES,DOCK-10
2026-07-17 13:46:00,TRK-095,Rute-O,Bogor Transit Hub,575.4,1200,10.62,0.6,53.1,IDLE_DOCK,YES,DOCK-11
2026-07-18 17:59:00,TRK-102,Rute-Q,Central Hub (Jakarta),576.1,1200,11.03,0.7,53.7,LOADED,YES,DOCK-12
2026-07-19 07:12:00,TRK-109,Rute-A,Bekasi Logistics Hub,576.8,1200,11.44,0.9,54.2,QUEUED,NO,DOCK-01
2026-07-20 11:25:00,TRK-116,Rute-C,Cikarang Industrial Hub,577.5,1200,11.85,1.0,54.8,DELIVERED,YES,DOCK-02
2026-07-21 15:38:00,TRK-123,Rute-E,Grogol Hub (Jakbar),578.2,1200,12.26,1.1,55.3,IN_TRANSIT,YES,DOCK-03
2026-07-22 05:51:00,TRK-130,Rute-G,Depok Hub,578.9,1200,12.67,1.3,55.9,IDLE_DOCK,YES,DOCK-04
2026-07-23 09:04:00,TRK-137,Rute-I,Gudang West (Tangerang),579.6,1200,13.08,1.4,56.4,LOADED,YES,DOCK-05
2026-07-24 13:17:00,TRK-144,Rute-K,Petamburan Hub,580.3,1200,13.49,1.6,57.0,QUEUED,NO,DOCK-06
2026-07-25 17:30:00,TRK-151,Rute-M,Bogor Transit Hub,581.0,1200,13.9,1.7,57.5,DELIVERED,YES,DOCK-07
2026-07-26 07:43:00,TRK-158,Rute-O,Central Hub (Jakarta),581.7,1200,14.31,1.8,58.1,IN_TRANSIT,YES,DOCK-08
2026-07-27 11:56:00,TRK-165,Rute-Q,Bekasi Logistics Hub,582.4,1200,14.72,2.0,58.6,IDLE_DOCK,YES,DOCK-09
2026-07-28 15:09:00,TRK-172,Rute-A,Cikarang Industrial Hub,583.1,1200,15.13,2.1,59.2,LOADED,YES,DOCK-10
2026-07-29 05:22:00,TRK-179,Rute-C,Grogol Hub (Jakbar),583.8,1200,15.54,2.3,59.7,QUEUED,NO,DOCK-11
2026-07-30 09:35:00,TRK-006,Rute-E,Depok Hub,584.5,1200,15.95,2.4,60.3,DELIVERED,YES,DOCK-12
2026-07-31 13:48:00,TRK-013,Rute-G,Gudang West (Tangerang),585.2,1200,16.36,2.5,60.8,IN_TRANSIT,YES,DOCK-01
2026-07-01 17:01:00,TRK-020,Rute-I,Petamburan Hub,585.9,1200,16.77,2.7,61.4,IDLE_DOCK,YES,DOCK-02
2026-07-02 07:14:00,TRK-027,Rute-K,Bogor Transit Hub,586.6,1200,17.18,2.8,61.9,LOADED,YES,DOCK-03
2026-07-03 11:27:00,TRK-034,Rute-M,Central Hub (Jakarta),587.3,1200,17.59,3.0,62.5,QUEUED,NO,DOCK-04
2026-07-04 15:40:00,TRK-041,Rute-O,Bekasi Logistics Hub,588.0,1200,18.0,0.3,63.0,DELIVERED,YES,DOCK-05
2026-07-05 05:53:00,TRK-048,Rute-Q,Cikarang Industrial Hub,588.7,1200,18.41,0.4,63.6,IN_TRANSIT,YES,DOCK-06
2026-07-06 09:06:00,TRK-055,Rute-A,Grogol Hub (Jakbar),589.4,1200,18.82,0.6,64.1,IDLE_DOCK,YES,DOCK-07
2026-07-07 13:19:00,TRK-062,Rute-C,Depok Hub,590.1,1200,19.23,0.7,64.7,LOADED,YES,DOCK-08
2026-07-08 17:32:00,TRK-069,Rute-E,Gudang West (Tangerang),590.8,1200,19.64,0.9,65.2,QUEUED,NO,DOCK-09
2026-07-09 07:45:00,TRK-076,Rute-G,Petamburan Hub,591.5,1200,20.05,1.0,65.8,DELIVERED,YES,DOCK-10
2026-07-10 11:58:00,TRK-083,Rute-I,Bogor Transit Hub,592.2,1200,20.46,1.1,66.3,IN_TRANSIT,YES,DOCK-11
2026-07-11 15:11:00,TRK-090,Rute-K,Central Hub (Jakarta),592.9,1200,20.87,1.3,66.8,IDLE_DOCK,YES,DOCK-12
2026-07-12 05:24:00,TRK-097,Rute-M,Bekasi Logistics Hub,593.6,1200,21.28,1.4,67.4,LOADED,YES,DOCK-01
2026-07-13 09:37:00,TRK-104,Rute-O,Cikarang Industrial Hub,594.3,1200,21.69,1.6,68.0,QUEUED,NO,DOCK-02
2026-07-14 13:50:00,TRK-111,Rute-Q,Grogol Hub (Jakbar),595.0,1200,22.1,1.7,68.5,DELIVERED,YES,DOCK-03
2026-07-15 17:03:00,TRK-118,Rute-A,Depok Hub,595.7,1200,22.51,1.8,69.1,IN_TRANSIT,YES,DOCK-04
2026-07-16 07:16:00,TRK-125,Rute-C,Gudang West (Tangerang),596.4,1200,22.92,2.0,69.6,IDLE_DOCK,YES,DOCK-05
2026-07-17 11:29:00,TRK-132,Rute-E,Petamburan Hub,597.1,1200,23.33,2.1,70.2,LOADED,YES,DOCK-06
2026-07-18 15:42:00,TRK-139,Rute-G,Bogor Transit Hub,597.8,1200,23.74,2.3,70.7,QUEUED,NO,DOCK-07
2026-07-19 05:55:00,TRK-146,Rute-I,Central Hub (Jakarta),598.5,1200,24.15,2.4,71.2,DELIVERED,YES,DOCK-08
2026-07-20 09:08:00,TRK-153,Rute-K,Bekasi Logistics Hub,599.2,1200,24.56,2.5,71.8,IN_TRANSIT,YES,DOCK-09
2026-07-21 13:21:00,TRK-160,Rute-M,Cikarang Industrial Hub,599.9,1200,24.97,2.7,72.4,IDLE_DOCK,YES,DOCK-10
2026-07-22 17:34:00,TRK-167,Rute-O,Grogol Hub (Jakbar),600.6,1200,25.38,2.8,72.9,LOADED,YES,DOCK-11
2026-07-23 07:47:00,TRK-174,Rute-Q,Depok Hub,601.3,1200,25.79,3.0,73.5,QUEUED,NO,DOCK-12
2026-07-24 11:00:00,TRK-001,Rute-A,Gudang West (Tangerang),602.0,1200,9.8,0.3,74.0,DELIVERED,YES,DOCK-01
2026-07-25 15:13:00,TRK-008,Rute-C,Petamburan Hub,602.7,1200,10.21,0.4,74.6,IN_TRANSIT,YES,DOCK-02
2026-07-26 05:26:00,TRK-015,Rute-E,Bogor Transit Hub,603.4,1200,10.62,0.6,75.1,IDLE_DOCK,YES,DOCK-03
2026-07-27 09:39:00,TRK-022,Rute-G,Central Hub (Jakarta),604.1,1200,11.03,0.7,75.7,LOADED,YES,DOCK-04
2026-07-28 13:52:00,TRK-029,Rute-I,Bekasi Logistics Hub,604.8,1200,11.44,0.9,76.2,QUEUED,NO,DOCK-05
2026-07-29 17:05:00,TRK-036,Rute-K,Cikarang Industrial Hub,605.5,1200,11.85,1.0,76.8,DELIVERED,YES,DOCK-06
2026-07-30 07:18:00,TRK-043,Rute-M,Grogol Hub (Jakbar),606.2,1200,12.26,1.1,77.3,IN_TRANSIT,YES,DOCK-07
2026-07-31 11:31:00,TRK-050,Rute-O,Depok Hub,606.9,1200,12.67,1.3,77.9,IDLE_DOCK,YES,DOCK-08
2026-07-01 15:44:00,TRK-057,Rute-Q,Gudang West (Tangerang),607.6,1200,13.08,1.4,78.4,LOADED,YES,DOCK-09
2026-07-02 05:57:00,TRK-064,Rute-A,Petamburan Hub,608.3,1200,13.49,1.6,79.0,QUEUED,NO,DOCK-10
2026-07-03 09:10:00,TRK-071,Rute-C,Bogor Transit Hub,609.0,1200,13.9,1.7,79.5,DELIVERED,YES,DOCK-11
2026-07-04 13:23:00,TRK-078,Rute-E,Central Hub (Jakarta),609.7,1200,14.31,1.8,80.1,IN_TRANSIT,YES,DOCK-12
2026-07-05 17:36:00,TRK-085,Rute-G,Bekasi Logistics Hub,610.4,1200,14.72,2.0,80.6,IDLE_DOCK,YES,DOCK-01
2026-07-06 07:49:00,TRK-092,Rute-I,Cikarang Industrial Hub,611.1,1200,15.13,2.1,81.2,LOADED,YES,DOCK-02
2026-07-07 11:02:00,TRK-099,Rute-K,Grogol Hub (Jakbar),611.8,1200,15.54,2.3,81.7,QUEUED,NO,DOCK-03
2026-07-08 15:15:00,TRK-106,Rute-M,Depok Hub,612.5,1200,15.95,2.4,82.2,DELIVERED,YES,DOCK-04
2026-07-09 05:28:00,TRK-113,Rute-O,Gudang West (Tangerang),613.2,1200,16.36,2.5,82.8,IN_TRANSIT,YES,DOCK-05
2026-07-10 09:41:00,TRK-120,Rute-Q,Petamburan Hub,613.9,1200,16.77,2.7,83.4,IDLE_DOCK,YES,DOCK-06
2026-07-11 13:54:00,TRK-127,Rute-A,Bogor Transit Hub,614.6,1200,17.18,2.8,83.9,LOADED,YES,DOCK-07
2026-07-12 17:07:00,TRK-134,Rute-C,Central Hub (Jakarta),615.3,1200,17.59,3.0,84.5,QUEUED,NO,DOCK-08
2026-07-13 07:20:00,TRK-141,Rute-E,Bekasi Logistics Hub,616.0,1200,18.0,0.3,85.0,DELIVERED,YES,DOCK-09
2026-07-14 11:33:00,TRK-148,Rute-G,Cikarang Industrial Hub,616.7,1200,18.41,0.4,85.6,IN_TRANSIT,YES,DOCK-10
2026-07-15 15:46:00,TRK-155,Rute-I,Grogol Hub (Jakbar),617.4,1200,18.82,0.6,86.1,IDLE_DOCK,YES,DOCK-11
2026-07-16 05:59:00,TRK-162,Rute-K,Depok Hub,618.1,1200,19.23,0.7,86.7,LOADED,YES,DOCK-12
2026-07-17 09:12:00,TRK-169,Rute-M,Gudang West (Tangerang),618.8,1200,19.64,0.9,87.2,QUEUED,NO,DOCK-01
2026-07-18 13:25:00,TRK-176,Rute-O,Petamburan Hub,619.5,1200,20.05,1.0,87.8,DELIVERED,YES,DOCK-02
2026-07-19 17:38:00,TRK-003,Rute-Q,Bogor Transit Hub,620.2,1200,20.46,1.1,88.3,IN_TRANSIT,YES,DOCK-03
2026-07-20 07:51:00,TRK-010,Rute-A,Central Hub (Jakarta),620.9,1200,20.87,1.3,88.9,IDLE_DOCK,YES,DOCK-04
2026-07-21 11:04:00,TRK-017,Rute-C,Bekasi Logistics Hub,621.6,1200,21.28,1.4,89.4,LOADED,YES,DOCK-05
2026-07-22 15:17:00,TRK-024,Rute-E,Cikarang Industrial Hub,622.3,1200,21.69,1.6,90.0,QUEUED,NO,DOCK-06
2026-07-23 05:30:00,TRK-031,Rute-G,Grogol Hub (Jakbar),623.0,1200,22.1,1.7,90.5,DELIVERED,YES,DOCK-07
2026-07-24 09:43:00,TRK-038,Rute-I,Depok Hub,623.7,1200,22.51,1.8,91.1,IN_TRANSIT,YES,DOCK-08
2026-07-25 13:56:00,TRK-045,Rute-K,Gudang West (Tangerang),624.4,1200,22.92,2.0,91.6,IDLE_DOCK,YES,DOCK-09
2026-07-26 17:09:00,TRK-052,Rute-M,Petamburan Hub,625.1,1200,23.33,2.1,92.2,LOADED,YES,DOCK-10
2026-07-27 07:22:00,TRK-059,Rute-O,Bogor Transit Hub,625.8,1200,23.74,2.3,92.7,QUEUED,NO,DOCK-11
2026-07-28 11:35:00,TRK-066,Rute-Q,Central Hub (Jakarta),626.5,1200,24.15,2.4,93.2,DELIVERED,YES,DOCK-12
2026-07-29 15:48:00,TRK-073,Rute-A,Bekasi Logistics Hub,627.2,1200,24.56,2.5,93.8,IN_TRANSIT,YES,DOCK-01
2026-07-30 05:01:00,TRK-080,Rute-C,Cikarang Industrial Hub,627.9,1200,24.97,2.7,94.4,IDLE_DOCK,YES,DOCK-02
2026-07-31 09:14:00,TRK-087,Rute-E,Grogol Hub (Jakbar),628.6,1200,25.38,2.8,94.9,LOADED,YES,DOCK-03
2026-07-01 13:27:00,TRK-094,Rute-G,Depok Hub,629.3,1200,25.79,3.0,95.5,QUEUED,NO,DOCK-04
2026-07-02 17:40:00,TRK-101,Rute-I,Gudang West (Tangerang),630.0,1200,9.8,0.3,8.0,DELIVERED,YES,DOCK-05
2026-07-03 07:53:00,TRK-108,Rute-K,Petamburan Hub,630.7,1200,10.21,0.4,8.6,IN_TRANSIT,YES,DOCK-06
2026-07-04 11:06:00,TRK-115,Rute-M,Bogor Transit Hub,631.4,1200,10.62,0.6,9.1,IDLE_DOCK,YES,DOCK-07
2026-07-05 15:19:00,TRK-122,Rute-O,Central Hub (Jakarta),632.1,1200,11.03,0.7,9.7,LOADED,YES,DOCK-08
2026-07-06 05:32:00,TRK-129,Rute-Q,Bekasi Logistics Hub,632.8,1200,11.44,0.9,10.2,QUEUED,NO,DOCK-09
2026-07-07 09:45:00,TRK-136,Rute-A,Cikarang Industrial Hub,633.5,1200,11.85,1.0,10.8,DELIVERED,YES,DOCK-10
2026-07-08 13:58:00,TRK-143,Rute-C,Grogol Hub (Jakbar),634.2,1200,12.26,1.1,11.3,IN_TRANSIT,YES,DOCK-11
2026-07-09 17:11:00,TRK-150,Rute-E,Depok Hub,634.9,1200,12.67,1.3,11.9,IDLE_DOCK,YES,DOCK-12
2026-07-10 07:24:00,TRK-157,Rute-G,Gudang West (Tangerang),635.6,1200,13.08,1.4,12.4,LOADED,YES,DOCK-01
2026-07-11 11:37:00,TRK-164,Rute-I,Petamburan Hub,636.3,1200,13.49,1.6,12.9,QUEUED,NO,DOCK-02
2026-07-12 15:50:00,TRK-171,Rute-K,Bogor Transit Hub,637.0,1200,13.9,1.7,13.5,DELIVERED,YES,DOCK-03
2026-07-13 05:03:00,TRK-178,Rute-M,Central Hub (Jakarta),637.7,1200,14.31,1.8,14.1,IN_TRANSIT,YES,DOCK-04
2026-07-14 09:16:00,TRK-005,Rute-O,Bekasi Logistics Hub,638.4,1200,14.72,2.0,14.6,IDLE_DOCK,YES,DOCK-05
2026-07-15 13:29:00,TRK-012,Rute-Q,Cikarang Industrial Hub,639.1,1200,15.13,2.1,15.2,LOADED,YES,DOCK-06
2026-07-16 17:42:00,TRK-019,Rute-A,Grogol Hub (Jakbar),639.8,1200,15.54,2.3,15.7,QUEUED,NO,DOCK-07
2026-07-17 07:55:00,TRK-026,Rute-C,Depok Hub,640.5,1200,15.95,2.4,16.2,DELIVERED,YES,DOCK-08
2026-07-18 11:08:00,TRK-033,Rute-E,Gudang West (Tangerang),641.2,1200,16.36,2.5,16.8,IN_TRANSIT,YES,DOCK-09
2026-07-19 15:21:00,TRK-040,Rute-G,Petamburan Hub,641.9,1200,16.77,2.7,17.4,IDLE_DOCK,YES,DOCK-10
2026-07-20 05:34:00,TRK-047,Rute-I,Bogor Transit Hub,642.6,1200,17.18,2.8,17.9,LOADED,YES,DOCK-11
2026-07-21 09:47:00,TRK-054,Rute-K,Central Hub (Jakarta),643.3,1200,17.59,3.0,18.5,QUEUED,NO,DOCK-12
2026-07-22 13:00:00,TRK-061,Rute-M,Bekasi Logistics Hub,644.0,1200,18.0,0.3,19.0,DELIVERED,YES,DOCK-01
2026-07-23 17:13:00,TRK-068,Rute-O,Cikarang Industrial Hub,644.7,1200,18.41,0.4,19.6,IN_TRANSIT,YES,DOCK-02
2026-07-24 07:26:00,TRK-075,Rute-Q,Grogol Hub (Jakbar),645.4,1200,18.82,0.6,20.1,IDLE_DOCK,YES,DOCK-03
2026-07-25 11:39:00,TRK-082,Rute-A,Depok Hub,646.1,1200,19.23,0.7,20.6,LOADED,YES,DOCK-04
2026-07-26 15:52:00,TRK-089,Rute-C,Gudang West (Tangerang),646.8,1200,19.64,0.9,21.2,QUEUED,NO,DOCK-05
2026-07-27 05:05:00,TRK-096,Rute-E,Petamburan Hub,647.5,1200,20.05,1.0,21.8,DELIVERED,YES,DOCK-06
2026-07-28 09:18:00,TRK-103,Rute-G,Bogor Transit Hub,648.2,1200,20.46,1.1,22.3,IN_TRANSIT,YES,DOCK-07
2026-07-29 13:31:00,TRK-110,Rute-I,Central Hub (Jakarta),648.9,1200,20.87,1.3,22.9,IDLE_DOCK,YES,DOCK-08
2026-07-30 17:44:00,TRK-117,Rute-K,Bekasi Logistics Hub,649.6,1200,21.28,1.4,23.4,LOADED,YES,DOCK-09
2026-07-31 07:57:00,TRK-124,Rute-M,Cikarang Industrial Hub,650.3,1200,21.69,1.6,24.0,QUEUED,NO,DOCK-10
2026-07-01 11:10:00,TRK-131,Rute-O,Grogol Hub (Jakbar),651.0,1200,22.1,1.7,24.5,DELIVERED,YES,DOCK-11
2026-07-02 15:23:00,TRK-138,Rute-Q,Depok Hub,651.7,1200,22.51,1.8,25.1,IN_TRANSIT,YES,DOCK-12
2026-07-03 05:36:00,TRK-145,Rute-A,Gudang West (Tangerang),652.4,1200,22.92,2.0,25.6,IDLE_DOCK,YES,DOCK-01
2026-07-04 09:49:00,TRK-152,Rute-C,Petamburan Hub,653.1,1200,23.33,2.1,26.2,LOADED,YES,DOCK-02
2026-07-05 13:02:00,TRK-159,Rute-E,Bogor Transit Hub,653.8,1200,23.74,2.3,26.7,QUEUED,NO,DOCK-03
2026-07-06 17:15:00,TRK-166,Rute-G,Central Hub (Jakarta),654.5,1200,24.15,2.4,27.2,DELIVERED,YES,DOCK-04
2026-07-07 07:28:00,TRK-173,Rute-I,Bekasi Logistics Hub,655.2,1200,24.56,2.5,27.8,IN_TRANSIT,YES,DOCK-05
2026-07-08 11:41:00,TRK-180,Rute-K,Cikarang Industrial Hub,655.9,1200,24.97,2.7,28.4,IDLE_DOCK,YES,DOCK-06
2026-07-09 15:54:00,TRK-007,Rute-M,Grogol Hub (Jakbar),656.6,1200,25.38,2.8,28.9,LOADED,YES,DOCK-07
2026-07-10 05:07:00,TRK-014,Rute-O,Depok Hub,657.3,1200,25.79,3.0,29.5,QUEUED,NO,DOCK-08
2026-07-11 09:20:00,TRK-021,Rute-Q,Gudang West (Tangerang),658.0,1200,9.8,0.3,30.0,DELIVERED,YES,DOCK-09
2026-07-12 13:33:00,TRK-028,Rute-A,Petamburan Hub,658.7,1200,10.21,0.4,30.6,IN_TRANSIT,YES,DOCK-10
2026-07-13 17:46:00,TRK-035,Rute-C,Bogor Transit Hub,659.4,1200,10.62,0.6,31.1,IDLE_DOCK,YES,DOCK-11
2026-07-14 07:59:00,TRK-042,Rute-E,Central Hub (Jakarta),660.1,1200,11.03,0.7,31.7,LOADED,YES,DOCK-12
2026-07-15 11:12:00,TRK-049,Rute-G,Bekasi Logistics Hub,660.8,1200,11.44,0.9,32.2,QUEUED,NO,DOCK-01
2026-07-16 15:25:00,TRK-056,Rute-I,Cikarang Industrial Hub,661.5,1200,11.85,1.0,32.8,DELIVERED,YES,DOCK-02
2026-07-17 05:38:00,TRK-063,Rute-K,Grogol Hub (Jakbar),662.2,1200,12.26,1.1,33.3,IN_TRANSIT,YES,DOCK-03
2026-07-18 09:51:00,TRK-070,Rute-M,Depok Hub,662.9,1200,12.67,1.3,33.9,IDLE_DOCK,YES,DOCK-04
2026-07-19 13:04:00,TRK-077,Rute-O,Gudang West (Tangerang),663.6,1200,13.08,1.4,34.4,LOADED,YES,DOCK-05
2026-07-20 17:17:00,TRK-084,Rute-Q,Petamburan Hub,664.3,1200,13.49,1.6,35.0,QUEUED,NO,DOCK-06
2026-07-21 07:30:00,TRK-091,Rute-A,Bogor Transit Hub,665.0,1200,13.9,1.7,35.5,DELIVERED,YES,DOCK-07
2026-07-22 11:43:00,TRK-098,Rute-C,Central Hub (Jakarta),665.7,1200,14.31,1.8,36.0,IN_TRANSIT,YES,DOCK-08
2026-07-23 15:56:00,TRK-105,Rute-E,Bekasi Logistics Hub,666.4,1200,14.72,2.0,36.6,IDLE_DOCK,YES,DOCK-09
2026-07-24 05:09:00,TRK-112,Rute-G,Cikarang Industrial Hub,667.1,1200,15.13,2.1,37.2,LOADED,YES,DOCK-10
2026-07-25 09:22:00,TRK-119,Rute-I,Grogol Hub (Jakbar),667.8,1200,15.54,2.3,37.7,QUEUED,NO,DOCK-11
2026-07-26 13:35:00,TRK-126,Rute-K,Depok Hub,668.5,1200,15.95,2.4,38.2,DELIVERED,YES,DOCK-12
2026-07-27 17:48:00,TRK-133,Rute-M,Gudang West (Tangerang),669.2,1200,16.36,2.5,38.8,IN_TRANSIT,YES,DOCK-01
2026-07-28 07:01:00,TRK-140,Rute-O,Petamburan Hub,669.9,1200,16.77,2.7,39.4,IDLE_DOCK,YES,DOCK-02
2026-07-29 11:14:00,TRK-147,Rute-Q,Bogor Transit Hub,670.6,1200,17.18,2.8,39.9,LOADED,YES,DOCK-03
2026-07-30 15:27:00,TRK-154,Rute-A,Central Hub (Jakarta),671.3,1200,17.59,3.0,40.5,QUEUED,NO,DOCK-04
2026-07-31 05:40:00,TRK-161,Rute-C,Bekasi Logistics Hub,672.0,1200,18.0,0.3,41.0,DELIVERED,YES,DOCK-05
2026-07-01 09:53:00,TRK-168,Rute-E,Cikarang Industrial Hub,672.7,1200,18.41,0.4,41.6,IN_TRANSIT,YES,DOCK-06
2026-07-02 13:06:00,TRK-175,Rute-G,Grogol Hub (Jakbar),673.4,1200,18.82,0.6,42.1,IDLE_DOCK,YES,DOCK-07
2026-07-03 17:19:00,TRK-002,Rute-I,Depok Hub,674.1,1200,19.23,0.7,42.7,LOADED,YES,DOCK-08
2026-07-04 07:32:00,TRK-009,Rute-K,Gudang West (Tangerang),674.8,1200,19.64,0.9,43.2,QUEUED,NO,DOCK-09
2026-07-05 11:45:00,TRK-016,Rute-M,Petamburan Hub,675.5,1200,20.05,1.0,43.8,DELIVERED,YES,DOCK-10
2026-07-06 15:58:00,TRK-023,Rute-O,Bogor Transit Hub,676.2,1200,20.46,1.1,44.3,IN_TRANSIT,YES,DOCK-11
2026-07-07 05:11:00,TRK-030,Rute-Q,Central Hub (Jakarta),676.9,1200,20.87,1.3,44.9,IDLE_DOCK,YES,DOCK-12
2026-07-08 09:24:00,TRK-037,Rute-A,Bekasi Logistics Hub,677.6,1200,21.28,1.4,45.4,LOADED,YES,DOCK-01
2026-07-09 13:37:00,TRK-044,Rute-C,Cikarang Industrial Hub,678.3,1200,21.69,1.6,46.0,QUEUED,NO,DOCK-02
2026-07-10 17:50:00,TRK-051,Rute-E,Grogol Hub (Jakbar),679.0,1200,22.1,1.7,46.5,DELIVERED,YES,DOCK-03
2026-07-11 07:03:00,TRK-058,Rute-G,Depok Hub,679.7,1200,22.51,1.8,47.1,IN_TRANSIT,YES,DOCK-04
2026-07-12 11:16:00,TRK-065,Rute-I,Gudang West (Tangerang),680.4,1200,22.92,2.0,47.6,IDLE_DOCK,YES,DOCK-05
2026-07-13 15:29:00,TRK-072,Rute-K,Petamburan Hub,681.1,1200,23.33,2.1,48.2,LOADED,YES,DOCK-06
2026-07-14 05:42:00,TRK-079,Rute-M,Bogor Transit Hub,681.8,1200,23.74,2.3,48.7,QUEUED,NO,DOCK-07
2026-07-15 09:55:00,TRK-086,Rute-O,Central Hub (Jakarta),682.5,1200,24.15,2.4,49.2,DELIVERED,YES,DOCK-08
2026-07-16 13:08:00,TRK-093,Rute-Q,Bekasi Logistics Hub,683.2,1200,24.56,2.5,49.8,IN_TRANSIT,YES,DOCK-09
2026-07-17 17:21:00,TRK-100,Rute-A,Cikarang Industrial Hub,683.9,1200,24.97,2.7,50.4,IDLE_DOCK,YES,DOCK-10
2026-07-18 07:34:00,TRK-107,Rute-C,Grogol Hub (Jakbar),684.6,1200,25.38,2.8,50.9,LOADED,YES,DOCK-11
2026-07-19 11:47:00,TRK-114,Rute-E,Depok Hub,685.3,1200,25.79,3.0,51.5,QUEUED,NO,DOCK-12
2026-07-20 15:00:00,TRK-121,Rute-G,Gudang West (Tangerang),686.0,1200,9.8,0.3,52.0,DELIVERED,YES,DOCK-01
2026-07-21 05:13:00,TRK-128,Rute-I,Petamburan Hub,686.7,1200,10.21,0.4,52.6,IN_TRANSIT,YES,DOCK-02
2026-07-22 09:26:00,TRK-135,Rute-K,Bogor Transit Hub,687.4,1200,10.62,0.6,53.1,IDLE_DOCK,YES,DOCK-03
2026-07-23 13:39:00,TRK-142,Rute-M,Central Hub (Jakarta),688.1,1200,11.03,0.7,53.7,LOADED,YES,DOCK-04
2026-07-24 17:52:00,TRK-149,Rute-O,Bekasi Logistics Hub,688.8,1200,11.44,0.9,54.2,QUEUED,NO,DOCK-05
2026-07-25 07:05:00,TRK-156,Rute-Q,Cikarang Industrial Hub,689.5,1200,11.85,1.0,54.8,DELIVERED,YES,DOCK-06
2026-07-26 11:18:00,TRK-163,Rute-A,Grogol Hub (Jakbar),690.2,1200,12.26,1.1,55.3,IN_TRANSIT,YES,DOCK-07
2026-07-27 15:31:00,TRK-170,Rute-C,Depok Hub,690.9,1200,12.67,1.3,55.9,IDLE_DOCK,YES,DOCK-08
2026-07-28 05:44:00,TRK-177,Rute-E,Gudang West (Tangerang),691.6,1200,13.08,1.4,56.4,LOADED,YES,DOCK-09
2026-07-29 09:57:00,TRK-004,Rute-G,Petamburan Hub,692.3,1200,13.49,1.6,57.0,QUEUED,NO,DOCK-10
2026-07-30 13:10:00,TRK-011,Rute-I,Bogor Transit Hub,693.0,1200,13.9,1.7,57.5,DELIVERED,YES,DOCK-11
2026-07-31 17:23:00,TRK-018,Rute-K,Central Hub (Jakarta),693.7,1200,14.31,1.8,58.1,IN_TRANSIT,YES,DOCK-12
2026-07-01 07:36:00,TRK-025,Rute-M,Bekasi Logistics Hub,694.4,1200,14.72,2.0,58.6,IDLE_DOCK,YES,DOCK-01
2026-07-02 11:49:00,TRK-032,Rute-O,Cikarang Industrial Hub,695.1,1200,15.13,2.1,59.2,LOADED,YES,DOCK-02
2026-07-03 15:02:00,TRK-039,Rute-Q,Grogol Hub (Jakbar),695.8,1200,15.54,2.3,59.7,QUEUED,NO,DOCK-03
2026-07-04 05:15:00,TRK-046,Rute-A,Depok Hub,696.5,1200,15.95,2.4,60.3,DELIVERED,YES,DOCK-04
2026-07-05 09:28:00,TRK-053,Rute-C,Gudang West (Tangerang),697.2,1200,16.36,2.5,60.8,IN_TRANSIT,YES,DOCK-05
2026-07-06 13:41:00,TRK-060,Rute-E,Petamburan Hub,697.9,1200,16.77,2.7,61.4,IDLE_DOCK,YES,DOCK-06
2026-07-07 17:54:00,TRK-067,Rute-G,Bogor Transit Hub,698.6,1200,17.18,2.8,61.9,LOADED,YES,DOCK-07
2026-07-08 07:07:00,TRK-074,Rute-I,Central Hub (Jakarta),699.3,1200,17.59,3.0,62.5,QUEUED,NO,DOCK-08
2026-07-09 11:20:00,TRK-081,Rute-K,Bekasi Logistics Hub,700.0,1200,18.0,0.3,63.0,DELIVERED,YES,DOCK-09
2026-07-10 15:33:00,TRK-088,Rute-M,Cikarang Industrial Hub,700.7,1200,18.41,0.4,63.6,IN_TRANSIT,YES,DOCK-10
2026-07-11 05:46:00,TRK-095,Rute-O,Grogol Hub (Jakbar),701.4,1200,18.82,0.6,64.1,IDLE_DOCK,YES,DOCK-11
2026-07-12 09:59:00,TRK-102,Rute-Q,Depok Hub,702.1,1200,19.23,0.7,64.7,LOADED,YES,DOCK-12
2026-07-13 13:12:00,TRK-109,Rute-A,Gudang West (Tangerang),702.8,1200,19.64,0.9,65.2,QUEUED,NO,DOCK-01
2026-07-14 17:25:00,TRK-116,Rute-C,Petamburan Hub,703.5,1200,20.05,1.0,65.8,DELIVERED,YES,DOCK-02
2026-07-15 07:38:00,TRK-123,Rute-E,Bogor Transit Hub,704.2,1200,20.46,1.1,66.3,IN_TRANSIT,YES,DOCK-03
2026-07-16 11:51:00,TRK-130,Rute-G,Central Hub (Jakarta),704.9,1200,20.87,1.3,66.8,IDLE_DOCK,YES,DOCK-04
2026-07-17 15:04:00,TRK-137,Rute-I,Bekasi Logistics Hub,705.6,1200,21.28,1.4,67.4,LOADED,YES,DOCK-05
2026-07-18 05:17:00,TRK-144,Rute-K,Cikarang Industrial Hub,706.3,1200,21.69,1.6,68.0,QUEUED,NO,DOCK-06
2026-07-19 09:30:00,TRK-151,Rute-M,Grogol Hub (Jakbar),707.0,1200,22.1,1.7,68.5,DELIVERED,YES,DOCK-07
2026-07-20 13:43:00,TRK-158,Rute-O,Depok Hub,707.7,1200,22.51,1.8,69.1,IN_TRANSIT,YES,DOCK-08
2026-07-21 17:56:00,TRK-165,Rute-Q,Gudang West (Tangerang),708.4,1200,22.92,2.0,69.6,IDLE_DOCK,YES,DOCK-09
2026-07-22 07:09:00,TRK-172,Rute-A,Petamburan Hub,709.1,1200,23.33,2.1,70.2,LOADED,YES,DOCK-10
2026-07-23 11:22:00,TRK-179,Rute-C,Bogor Transit Hub,709.8,1200,23.74,2.3,70.7,QUEUED,NO,DOCK-11
2026-07-24 15:35:00,TRK-006,Rute-E,Central Hub (Jakarta),710.5,1200,24.15,2.4,71.2,DELIVERED,YES,DOCK-12
2026-07-25 05:48:00,TRK-013,Rute-G,Bekasi Logistics Hub,711.2,1200,24.56,2.5,71.8,IN_TRANSIT,YES,DOCK-01
2026-07-26 09:01:00,TRK-020,Rute-I,Cikarang Industrial Hub,711.9,1200,24.97,2.7,72.4,IDLE_DOCK,YES,DOCK-02
2026-07-27 13:14:00,TRK-027,Rute-K,Grogol Hub (Jakbar),712.6,1200,25.38,2.8,72.9,LOADED,YES,DOCK-03
2026-07-28 17:27:00,TRK-034,Rute-M,Depok Hub,713.3,1200,25.79,3.0,73.5,QUEUED,NO,DOCK-04
2026-07-29 07:40:00,TRK-041,Rute-O,Gudang West (Tangerang),714.0,1200,9.8,0.3,74.0,DELIVERED,YES,DOCK-05
2026-07-30 11:53:00,TRK-048,Rute-Q,Petamburan Hub,714.7,1200,10.21,0.4,74.6,IN_TRANSIT,YES,DOCK-06
2026-07-31 15:06:00,TRK-055,Rute-A,Bogor Transit Hub,715.4,1200,10.62,0.6,75.1,IDLE_DOCK,YES,DOCK-07
2026-07-01 05:19:00,TRK-062,Rute-C,Central Hub (Jakarta),716.1,1200,11.03,0.7,75.7,LOADED,YES,DOCK-08
2026-07-02 09:32:00,TRK-069,Rute-E,Bekasi Logistics Hub,716.8,1200,11.44,0.9,76.2,QUEUED,NO,DOCK-09
2026-07-03 13:45:00,TRK-076,Rute-G,Cikarang Industrial Hub,717.5,1200,11.85,1.0,76.8,DELIVERED,YES,DOCK-10
2026-07-04 17:58:00,TRK-083,Rute-I,Grogol Hub (Jakbar),718.2,1200,12.26,1.1,77.3,IN_TRANSIT,YES,DOCK-11
2026-07-05 07:11:00,TRK-090,Rute-K,Depok Hub,718.9,1200,12.67,1.3,77.9,IDLE_DOCK,YES,DOCK-12
2026-07-06 11:24:00,TRK-097,Rute-M,Gudang West (Tangerang),719.6,1200,13.08,1.4,78.4,LOADED,YES,DOCK-01
2026-07-07 15:37:00,TRK-104,Rute-O,Petamburan Hub,720.3,1200,13.49,1.6,79.0,QUEUED,NO,DOCK-02
2026-07-08 05:50:00,TRK-111,Rute-Q,Bogor Transit Hub,721.0,1200,13.9,1.7,79.5,DELIVERED,YES,DOCK-03
2026-07-09 09:03:00,TRK-118,Rute-A,Central Hub (Jakarta),721.7,1200,14.31,1.8,80.1,IN_TRANSIT,YES,DOCK-04
2026-07-10 13:16:00,TRK-125,Rute-C,Bekasi Logistics Hub,722.4,1200,14.72,2.0,80.6,IDLE_DOCK,YES,DOCK-05
2026-07-11 17:29:00,TRK-132,Rute-E,Cikarang Industrial Hub,723.1,1200,15.13,2.1,81.2,LOADED,YES,DOCK-06
2026-07-12 07:42:00,TRK-139,Rute-G,Grogol Hub (Jakbar),723.8,1200,15.54,2.3,81.7,QUEUED,NO,DOCK-07
2026-07-13 11:55:00,TRK-146,Rute-I,Depok Hub,724.5,1200,15.95,2.4,82.2,DELIVERED,YES,DOCK-08
2026-07-14 15:08:00,TRK-153,Rute-K,Gudang West (Tangerang),725.2,1200,16.36,2.5,82.8,IN_TRANSIT,YES,DOCK-09
2026-07-15 05:21:00,TRK-160,Rute-M,Petamburan Hub,725.9,1200,16.77,2.7,83.4,IDLE_DOCK,YES,DOCK-10
2026-07-16 09:34:00,TRK-167,Rute-O,Bogor Transit Hub,726.6,1200,17.18,2.8,83.9,LOADED,YES,DOCK-11
2026-07-17 13:47:00,TRK-174,Rute-Q,Central Hub (Jakarta),727.3,1200,17.59,3.0,84.5,QUEUED,NO,DOCK-12
2026-07-18 17:00:00,TRK-001,Rute-A,Bekasi Logistics Hub,728.0,1200,18.0,0.3,85.0,DELIVERED,YES,DOCK-01
2026-07-19 07:13:00,TRK-008,Rute-C,Cikarang Industrial Hub,728.7,1200,18.41,0.4,85.6,IN_TRANSIT,YES,DOCK-02
2026-07-20 11:26:00,TRK-015,Rute-E,Grogol Hub (Jakbar),729.4,1200,18.82,0.6,86.1,IDLE_DOCK,YES,DOCK-03
2026-07-21 15:39:00,TRK-022,Rute-G,Depok Hub,730.1,1200,19.23,0.7,86.7,LOADED,YES,DOCK-04
2026-07-22 05:52:00,TRK-029,Rute-I,Gudang West (Tangerang),730.8,1200,19.64,0.9,87.2,QUEUED,NO,DOCK-05
2026-07-23 09:05:00,TRK-036,Rute-K,Petamburan Hub,731.5,1200,20.05,1.0,87.8,DELIVERED,YES,DOCK-06
2026-07-24 13:18:00,TRK-043,Rute-M,Bogor Transit Hub,732.2,1200,20.46,1.1,88.3,IN_TRANSIT,YES,DOCK-07
2026-07-25 17:31:00,TRK-050,Rute-O,Central Hub (Jakarta),732.9,1200,20.87,1.3,88.9,IDLE_DOCK,YES,DOCK-08
2026-07-26 07:44:00,TRK-057,Rute-Q,Bekasi Logistics Hub,733.6,1200,21.28,1.4,89.4,LOADED,YES,DOCK-09
2026-07-27 11:57:00,TRK-064,Rute-A,Cikarang Industrial Hub,734.3,1200,21.69,1.6,90.0,QUEUED,NO,DOCK-10
2026-07-28 15:10:00,TRK-071,Rute-C,Grogol Hub (Jakbar),735.0,1200,22.1,1.7,90.5,DELIVERED,YES,DOCK-11
2026-07-29 05:23:00,TRK-078,Rute-E,Depok Hub,735.7,1200,22.51,1.8,91.1,IN_TRANSIT,YES,DOCK-12
2026-07-30 09:36:00,TRK-085,Rute-G,Gudang West (Tangerang),736.4,1200,22.92,2.0,91.6,IDLE_DOCK,YES,DOCK-01
2026-07-31 13:49:00,TRK-092,Rute-I,Petamburan Hub,737.1,1200,23.33,2.1,92.2,LOADED,YES,DOCK-02
2026-07-01 17:02:00,TRK-099,Rute-K,Bogor Transit Hub,737.8,1200,23.74,2.3,92.7,QUEUED,NO,DOCK-03
2026-07-02 07:15:00,TRK-106,Rute-M,Central Hub (Jakarta),738.5,1200,24.15,2.4,93.2,DELIVERED,YES,DOCK-04
2026-07-03 11:28:00,TRK-113,Rute-O,Bekasi Logistics Hub,739.2,1200,24.56,2.5,93.8,IN_TRANSIT,YES,DOCK-05
2026-07-04 15:41:00,TRK-120,Rute-Q,Cikarang Industrial Hub,739.9,1200,24.97,2.7,94.4,IDLE_DOCK,YES,DOCK-06
2026-07-05 05:54:00,TRK-127,Rute-A,Grogol Hub (Jakbar),740.6,1200,25.38,2.8,94.9,LOADED,YES,DOCK-07
2026-07-06 09:07:00,TRK-134,Rute-C,Depok Hub,741.3,1200,25.79,3.0,95.5,QUEUED,NO,DOCK-08
2026-07-07 13:20:00,TRK-141,Rute-E,Gudang West (Tangerang),742.0,1200,9.8,0.3,8.0,DELIVERED,YES,DOCK-09
2026-07-08 17:33:00,TRK-148,Rute-G,Petamburan Hub,742.7,1200,10.21,0.4,8.6,IN_TRANSIT,YES,DOCK-10
2026-07-09 07:46:00,TRK-155,Rute-I,Bogor Transit Hub,743.4,1200,10.62,0.6,9.1,IDLE_DOCK,YES,DOCK-11
2026-07-10 11:59:00,TRK-162,Rute-K,Central Hub (Jakarta),744.1,1200,11.03,0.7,9.7,LOADED,YES,DOCK-12
2026-07-11 15:12:00,TRK-169,Rute-M,Bekasi Logistics Hub,744.8,1200,11.44,0.9,10.2,QUEUED,NO,DOCK-01
2026-07-12 05:25:00,TRK-176,Rute-O,Cikarang Industrial Hub,745.5,1200,11.85,1.0,10.8,DELIVERED,YES,DOCK-02
2026-07-13 09:38:00,TRK-003,Rute-Q,Grogol Hub (Jakbar),746.2,1200,12.26,1.1,11.3,IN_TRANSIT,YES,DOCK-03
2026-07-14 13:51:00,TRK-010,Rute-A,Depok Hub,746.9,1200,12.67,1.3,11.9,IDLE_DOCK,YES,DOCK-04
2026-07-15 17:04:00,TRK-017,Rute-C,Gudang West (Tangerang),747.6,1200,13.08,1.4,12.4,LOADED,YES,DOCK-05
2026-07-16 07:17:00,TRK-024,Rute-E,Petamburan Hub,748.3,1200,13.49,1.6,12.9,QUEUED,NO,DOCK-06
2026-07-17 11:30:00,TRK-031,Rute-G,Bogor Transit Hub,749.0,1200,13.9,1.7,13.5,DELIVERED,YES,DOCK-07
2026-07-18 15:43:00,TRK-038,Rute-I,Central Hub (Jakarta),749.7,1200,14.31,1.8,14.1,IN_TRANSIT,YES,DOCK-08
2026-07-19 05:56:00,TRK-045,Rute-K,Bekasi Logistics Hub,750.4,1200,14.72,2.0,14.6,IDLE_DOCK,YES,DOCK-09
2026-07-20 09:09:00,TRK-052,Rute-M,Cikarang Industrial Hub,751.1,1200,15.13,2.1,15.2,LOADED,YES,DOCK-10
2026-07-21 13:22:00,TRK-059,Rute-O,Grogol Hub (Jakbar),751.8,1200,15.54,2.3,15.7,QUEUED,NO,DOCK-11
2026-07-22 17:35:00,TRK-066,Rute-Q,Depok Hub,752.5,1200,15.95,2.4,16.2,DELIVERED,YES,DOCK-12
2026-07-23 07:48:00,TRK-073,Rute-A,Gudang West (Tangerang),753.2,1200,16.36,2.5,16.8,IN_TRANSIT,YES,DOCK-01
2026-07-24 11:01:00,TRK-080,Rute-C,Petamburan Hub,753.9,1200,16.77,2.7,17.4,IDLE_DOCK,YES,DOCK-02
2026-07-25 15:14:00,TRK-087,Rute-E,Bogor Transit Hub,754.6,1200,17.18,2.8,17.9,LOADED,YES,DOCK-03
2026-07-26 05:27:00,TRK-094,Rute-G,Central Hub (Jakarta),755.3,1200,17.59,3.0,18.5,QUEUED,NO,DOCK-04
2026-07-27 09:40:00,TRK-101,Rute-I,Bekasi Logistics Hub,756.0,1200,18.0,0.3,19.0,DELIVERED,YES,DOCK-05
2026-07-28 13:53:00,TRK-108,Rute-K,Cikarang Industrial Hub,756.7,1200,18.41,0.4,19.6,IN_TRANSIT,YES,DOCK-06
2026-07-29 17:06:00,TRK-115,Rute-M,Grogol Hub (Jakbar),757.4,1200,18.82,0.6,20.1,IDLE_DOCK,YES,DOCK-07
2026-07-30 07:19:00,TRK-122,Rute-O,Depok Hub,758.1,1200,19.23,0.7,20.6,LOADED,YES,DOCK-08
2026-07-31 11:32:00,TRK-129,Rute-Q,Gudang West (Tangerang),758.8,1200,19.64,0.9,21.2,QUEUED,NO,DOCK-09
2026-07-01 15:45:00,TRK-136,Rute-A,Petamburan Hub,759.5,1200,20.05,1.0,21.8,DELIVERED,YES,DOCK-10
2026-07-02 05:58:00,TRK-143,Rute-C,Bogor Transit Hub,760.2,1200,20.46,1.1,22.3,IN_TRANSIT,YES,DOCK-11
2026-07-03 09:11:00,TRK-150,Rute-E,Central Hub (Jakarta),760.9,1200,20.87,1.3,22.9,IDLE_DOCK,YES,DOCK-12
2026-07-04 13:24:00,TRK-157,Rute-G,Bekasi Logistics Hub,761.6,1200,21.28,1.4,23.4,LOADED,YES,DOCK-01
2026-07-05 17:37:00,TRK-164,Rute-I,Cikarang Industrial Hub,762.3,1200,21.69,1.6,24.0,QUEUED,NO,DOCK-02
2026-07-06 07:50:00,TRK-171,Rute-K,Grogol Hub (Jakbar),763.0,1200,22.1,1.7,24.5,DELIVERED,YES,DOCK-03
2026-07-07 11:03:00,TRK-178,Rute-M,Depok Hub,763.7,1200,22.51,1.8,25.1,IN_TRANSIT,YES,DOCK-04
2026-07-08 15:16:00,TRK-005,Rute-O,Gudang West (Tangerang),764.4,1200,22.92,2.0,25.6,IDLE_DOCK,YES,DOCK-05
2026-07-09 05:29:00,TRK-012,Rute-Q,Petamburan Hub,765.1,1200,23.33,2.1,26.2,LOADED,YES,DOCK-06
2026-07-10 09:42:00,TRK-019,Rute-A,Bogor Transit Hub,765.8,1200,23.74,2.3,26.7,QUEUED,NO,DOCK-07
2026-07-11 13:55:00,TRK-026,Rute-C,Central Hub (Jakarta),766.5,1200,24.15,2.4,27.2,DELIVERED,YES,DOCK-08
2026-07-12 17:08:00,TRK-033,Rute-E,Bekasi Logistics Hub,767.2,1200,24.56,2.5,27.8,IN_TRANSIT,YES,DOCK-09
2026-07-13 07:21:00,TRK-040,Rute-G,Cikarang Industrial Hub,767.9,1200,24.97,2.7,28.4,IDLE_DOCK,YES,DOCK-10
2026-07-14 11:34:00,TRK-047,Rute-I,Grogol Hub (Jakbar),768.6,1200,25.38,2.8,28.9,LOADED,YES,DOCK-11
2026-07-15 15:47:00,TRK-054,Rute-K,Depok Hub,769.3,1200,25.79,3.0,29.5,QUEUED,NO,DOCK-12
2026-07-16 05:00:00,TRK-061,Rute-M,Gudang West (Tangerang),770.0,1200,9.8,0.3,30.0,DELIVERED,YES,DOCK-01
2026-07-17 09:13:00,TRK-068,Rute-O,Petamburan Hub,770.7,1200,10.21,0.4,30.6,IN_TRANSIT,YES,DOCK-02
2026-07-18 13:26:00,TRK-075,Rute-Q,Bogor Transit Hub,771.4,1200,10.62,0.6,31.1,IDLE_DOCK,YES,DOCK-03
2026-07-19 17:39:00,TRK-082,Rute-A,Central Hub (Jakarta),772.1,1200,11.03,0.7,31.7,LOADED,YES,DOCK-04
2026-07-20 07:52:00,TRK-089,Rute-C,Bekasi Logistics Hub,772.8,1200,11.44,0.9,32.2,QUEUED,NO,DOCK-05
2026-07-21 11:05:00,TRK-096,Rute-E,Cikarang Industrial Hub,773.5,1200,11.85,1.0,32.8,DELIVERED,YES,DOCK-06
2026-07-22 15:18:00,TRK-103,Rute-G,Grogol Hub (Jakbar),774.2,1200,12.26,1.1,33.3,IN_TRANSIT,YES,DOCK-07
2026-07-23 05:31:00,TRK-110,Rute-I,Depok Hub,774.9,1200,12.67,1.3,33.9,IDLE_DOCK,YES,DOCK-08
2026-07-24 09:44:00,TRK-117,Rute-K,Gudang West (Tangerang),775.6,1200,13.08,1.4,34.4,LOADED,YES,DOCK-09
2026-07-25 13:57:00,TRK-124,Rute-M,Petamburan Hub,776.3,1200,13.49,1.6,35.0,QUEUED,NO,DOCK-10
2026-07-26 17:10:00,TRK-131,Rute-O,Bogor Transit Hub,777.0,1200,13.9,1.7,35.5,DELIVERED,YES,DOCK-11
2026-07-27 07:23:00,TRK-138,Rute-Q,Central Hub (Jakarta),777.7,1200,14.31,1.8,36.0,IN_TRANSIT,YES,DOCK-12
2026-07-28 11:36:00,TRK-145,Rute-A,Bekasi Logistics Hub,778.4,1200,14.72,2.0,36.6,IDLE_DOCK,YES,DOCK-01
2026-07-29 15:49:00,TRK-152,Rute-C,Cikarang Industrial Hub,779.1,1200,15.13,2.1,37.2,LOADED,YES,DOCK-02
2026-07-30 05:02:00,TRK-159,Rute-E,Grogol Hub (Jakbar),779.8,1200,15.54,2.3,37.7,QUEUED,NO,DOCK-03
2026-07-31 09:15:00,TRK-166,Rute-G,Depok Hub,780.5,1200,15.95,2.4,38.2,DELIVERED,YES,DOCK-04
2026-07-01 13:28:00,TRK-173,Rute-I,Gudang West (Tangerang),781.2,1200,16.36,2.5,38.8,IN_TRANSIT,YES,DOCK-05
2026-07-02 17:41:00,TRK-180,Rute-K,Petamburan Hub,781.9,1200,16.77,2.7,39.4,IDLE_DOCK,YES,DOCK-06
2026-07-03 07:54:00,TRK-007,Rute-M,Bogor Transit Hub,782.6,1200,17.18,2.8,39.9,LOADED,YES,DOCK-07
2026-07-04 11:07:00,TRK-014,Rute-O,Central Hub (Jakarta),783.3,1200,17.59,3.0,40.5,QUEUED,NO,DOCK-08
2026-07-05 15:20:00,TRK-021,Rute-Q,Bekasi Logistics Hub,784.0,1200,18.0,0.3,41.0,DELIVERED,YES,DOCK-09
2026-07-06 05:33:00,TRK-028,Rute-A,Cikarang Industrial Hub,784.7,1200,18.41,0.4,41.6,IN_TRANSIT,YES,DOCK-10
2026-07-07 09:46:00,TRK-035,Rute-C,Grogol Hub (Jakbar),785.4,1200,18.82,0.6,42.1,IDLE_DOCK,YES,DOCK-11
2026-07-08 13:59:00,TRK-042,Rute-E,Depok Hub,786.1,1200,19.23,0.7,42.7,LOADED,YES,DOCK-12
2026-07-09 17:12:00,TRK-049,Rute-G,Gudang West (Tangerang),786.8,1200,19.64,0.9,43.2,QUEUED,NO,DOCK-01
2026-07-10 07:25:00,TRK-056,Rute-I,Petamburan Hub,787.5,1200,20.05,1.0,43.8,DELIVERED,YES,DOCK-02
2026-07-11 11:38:00,TRK-063,Rute-K,Bogor Transit Hub,788.2,1200,20.46,1.1,44.3,IN_TRANSIT,YES,DOCK-03
2026-07-12 15:51:00,TRK-070,Rute-M,Central Hub (Jakarta),788.9,1200,20.87,1.3,44.9,IDLE_DOCK,YES,DOCK-04
2026-07-13 05:04:00,TRK-077,Rute-O,Bekasi Logistics Hub,789.6,1200,21.28,1.4,45.4,LOADED,YES,DOCK-05
2026-07-14 09:17:00,TRK-084,Rute-Q,Cikarang Industrial Hub,790.3,1200,21.69,1.6,46.0,QUEUED,NO,DOCK-06
2026-07-15 13:30:00,TRK-091,Rute-A,Grogol Hub (Jakbar),791.0,1200,22.1,1.7,46.5,DELIVERED,YES,DOCK-07
2026-07-16 17:43:00,TRK-098,Rute-C,Depok Hub,791.7,1200,22.51,1.8,47.1,IN_TRANSIT,YES,DOCK-08
2026-07-17 07:56:00,TRK-105,Rute-E,Gudang West (Tangerang),792.4,1200,22.92,2.0,47.6,IDLE_DOCK,YES,DOCK-09
2026-07-18 11:09:00,TRK-112,Rute-G,Petamburan Hub,793.1,1200,23.33,2.1,48.2,LOADED,YES,DOCK-10
2026-07-19 15:22:00,TRK-119,Rute-I,Bogor Transit Hub,793.8,1200,23.74,2.3,48.7,QUEUED,NO,DOCK-11
2026-07-20 05:35:00,TRK-126,Rute-K,Central Hub (Jakarta),794.5,1200,24.15,2.4,49.2,DELIVERED,YES,DOCK-12
2026-07-21 09:48:00,TRK-133,Rute-M,Bekasi Logistics Hub,795.2,1200,24.56,2.5,49.8,IN_TRANSIT,YES,DOCK-01
2026-07-22 13:01:00,TRK-140,Rute-O,Cikarang Industrial Hub,795.9,1200,24.97,2.7,50.4,IDLE_DOCK,YES,DOCK-02
2026-07-23 17:14:00,TRK-147,Rute-Q,Grogol Hub (Jakbar),796.6,1200,25.38,2.8,50.9,LOADED,YES,DOCK-03
2026-07-24 07:27:00,TRK-154,Rute-A,Depok Hub,797.3,1200,25.79,3.0,51.5,QUEUED,NO,DOCK-04
2026-07-25 11:40:00,TRK-161,Rute-C,Gudang West (Tangerang),798.0,1200,9.8,0.3,52.0,DELIVERED,YES,DOCK-05
2026-07-26 15:53:00,TRK-168,Rute-E,Petamburan Hub,798.7,1200,10.21,0.4,52.6,IN_TRANSIT,YES,DOCK-06
2026-07-27 05:06:00,TRK-175,Rute-G,Bogor Transit Hub,799.4,1200,10.62,0.6,53.1,IDLE_DOCK,YES,DOCK-07
2026-07-28 09:19:00,TRK-002,Rute-I,Central Hub (Jakarta),800.1,1200,11.03,0.7,53.7,LOADED,YES,DOCK-08
2026-07-29 13:32:00,TRK-009,Rute-K,Bekasi Logistics Hub,800.8,1200,11.44,0.9,54.2,QUEUED,NO,DOCK-09
2026-07-30 17:45:00,TRK-016,Rute-M,Cikarang Industrial Hub,801.5,1200,11.85,1.0,54.8,DELIVERED,YES,DOCK-10
2026-07-31 07:58:00,TRK-023,Rute-O,Grogol Hub (Jakbar),802.2,1200,12.26,1.1,55.3,IN_TRANSIT,YES,DOCK-11
2026-07-01 11:11:00,TRK-030,Rute-Q,Depok Hub,802.9,1200,12.67,1.3,55.9,IDLE_DOCK,YES,DOCK-12
2026-07-02 15:24:00,TRK-037,Rute-A,Gudang West (Tangerang),803.6,1200,13.08,1.4,56.4,LOADED,YES,DOCK-01
2026-07-03 05:37:00,TRK-044,Rute-C,Petamburan Hub,804.3,1200,13.49,1.6,57.0,QUEUED,NO,DOCK-02
2026-07-04 09:50:00,TRK-051,Rute-E,Bogor Transit Hub,805.0,1200,13.9,1.7,57.5,DELIVERED,YES,DOCK-03
2026-07-05 13:03:00,TRK-058,Rute-G,Central Hub (Jakarta),805.7,1200,14.31,1.8,58.1,IN_TRANSIT,YES,DOCK-04
2026-07-06 17:16:00,TRK-065,Rute-I,Bekasi Logistics Hub,806.4,1200,14.72,2.0,58.6,IDLE_DOCK,YES,DOCK-05
2026-07-07 07:29:00,TRK-072,Rute-K,Cikarang Industrial Hub,807.1,1200,15.13,2.1,59.2,LOADED,YES,DOCK-06
2026-07-08 11:42:00,TRK-079,Rute-M,Grogol Hub (Jakbar),807.8,1200,15.54,2.3,59.7,QUEUED,NO,DOCK-07
2026-07-09 15:55:00,TRK-086,Rute-O,Depok Hub,808.5,1200,15.95,2.4,60.3,DELIVERED,YES,DOCK-08
2026-07-10 05:08:00,TRK-093,Rute-Q,Gudang West (Tangerang),809.2,1200,16.36,2.5,60.8,IN_TRANSIT,YES,DOCK-09
2026-07-11 09:21:00,TRK-100,Rute-A,Petamburan Hub,809.9,1200,16.77,2.7,61.4,IDLE_DOCK,YES,DOCK-10
2026-07-12 13:34:00,TRK-107,Rute-C,Bogor Transit Hub,810.6,1200,17.18,2.8,61.9,LOADED,YES,DOCK-11
2026-07-13 17:47:00,TRK-114,Rute-E,Central Hub (Jakarta),811.3,1200,17.59,3.0,62.5,QUEUED,NO,DOCK-12
2026-07-14 07:00:00,TRK-121,Rute-G,Bekasi Logistics Hub,812.0,1200,18.0,0.3,63.0,DELIVERED,YES,DOCK-01
2026-07-15 11:13:00,TRK-128,Rute-I,Cikarang Industrial Hub,812.7,1200,18.41,0.4,63.6,IN_TRANSIT,YES,DOCK-02
2026-07-16 15:26:00,TRK-135,Rute-K,Grogol Hub (Jakbar),813.4,1200,18.82,0.6,64.1,IDLE_DOCK,YES,DOCK-03
2026-07-17 05:39:00,TRK-142,Rute-M,Depok Hub,814.1,1200,19.23,0.7,64.7,LOADED,YES,DOCK-04
2026-07-18 09:52:00,TRK-149,Rute-O,Gudang West (Tangerang),814.8,1200,19.64,0.9,65.2,QUEUED,NO,DOCK-05
2026-07-19 13:05:00,TRK-156,Rute-Q,Petamburan Hub,815.5,1200,20.05,1.0,65.8,DELIVERED,YES,DOCK-06
2026-07-20 17:18:00,TRK-163,Rute-A,Bogor Transit Hub,816.2,1200,20.46,1.1,66.3,IN_TRANSIT,YES,DOCK-07
2026-07-21 07:31:00,TRK-170,Rute-C,Central Hub (Jakarta),816.9,1200,20.87,1.3,66.8,IDLE_DOCK,YES,DOCK-08
2026-07-22 11:44:00,TRK-177,Rute-E,Bekasi Logistics Hub,817.6,1200,21.28,1.4,67.4,LOADED,YES,DOCK-09
2026-07-23 15:57:00,TRK-004,Rute-G,Cikarang Industrial Hub,818.3,1200,21.69,1.6,68.0,QUEUED,NO,DOCK-10
2026-07-24 05:10:00,TRK-011,Rute-I,Grogol Hub (Jakbar),819.0,1200,22.1,1.7,68.5,DELIVERED,YES,DOCK-11
2026-07-25 09:23:00,TRK-018,Rute-K,Depok Hub,819.7,1200,22.51,1.8,69.1,IN_TRANSIT,YES,DOCK-12
2026-07-26 13:36:00,TRK-025,Rute-M,Gudang West (Tangerang),820.4,1200,22.92,2.0,69.6,IDLE_DOCK,YES,DOCK-01
2026-07-27 17:49:00,TRK-032,Rute-O,Petamburan Hub,821.1,1200,23.33,2.1,70.2,LOADED,YES,DOCK-02
2026-07-28 07:02:00,TRK-039,Rute-Q,Bogor Transit Hub,821.8,1200,23.74,2.3,70.7,QUEUED,NO,DOCK-03
2026-07-29 11:15:00,TRK-046,Rute-A,Central Hub (Jakarta),822.5,1200,24.15,2.4,71.2,DELIVERED,YES,DOCK-04
2026-07-30 15:28:00,TRK-053,Rute-C,Bekasi Logistics Hub,823.2,1200,24.56,2.5,71.8,IN_TRANSIT,YES,DOCK-05
2026-07-31 05:41:00,TRK-060,Rute-E,Cikarang Industrial Hub,823.9,1200,24.97,2.7,72.4,IDLE_DOCK,YES,DOCK-06
2026-07-01 09:54:00,TRK-067,Rute-G,Grogol Hub (Jakbar),824.6,1200,25.38,2.8,72.9,LOADED,YES,DOCK-07
2026-07-02 13:07:00,TRK-074,Rute-I,Depok Hub,825.3,1200,25.79,3.0,73.5,QUEUED,NO,DOCK-08
2026-07-03 17:20:00,TRK-081,Rute-K,Gudang West (Tangerang),826.0,1200,9.8,0.3,74.0,DELIVERED,YES,DOCK-09
2026-07-04 07:33:00,TRK-088,Rute-M,Petamburan Hub,826.7,1200,10.21,0.4,74.6,IN_TRANSIT,YES,DOCK-10
2026-07-05 11:46:00,TRK-095,Rute-O,Bogor Transit Hub,827.4,1200,10.62,0.6,75.1,IDLE_DOCK,YES,DOCK-11
2026-07-06 15:59:00,TRK-102,Rute-Q,Central Hub (Jakarta),828.1,1200,11.03,0.7,75.7,LOADED,YES,DOCK-12
2026-07-07 05:12:00,TRK-109,Rute-A,Bekasi Logistics Hub,828.8,1200,11.44,0.9,76.2,QUEUED,NO,DOCK-01
2026-07-08 09:25:00,TRK-116,Rute-C,Cikarang Industrial Hub,829.5,1200,11.85,1.0,76.8,DELIVERED,YES,DOCK-02
2026-07-09 13:38:00,TRK-123,Rute-E,Grogol Hub (Jakbar),830.2,1200,12.26,1.1,77.3,IN_TRANSIT,YES,DOCK-03
2026-07-10 17:51:00,TRK-130,Rute-G,Depok Hub,830.9,1200,12.67,1.3,77.9,IDLE_DOCK,YES,DOCK-04
2026-07-11 07:04:00,TRK-137,Rute-I,Gudang West (Tangerang),831.6,1200,13.08,1.4,78.4,LOADED,YES,DOCK-05
2026-07-12 11:17:00,TRK-144,Rute-K,Petamburan Hub,832.3,1200,13.49,1.6,79.0,QUEUED,NO,DOCK-06
2026-07-13 15:30:00,TRK-151,Rute-M,Bogor Transit Hub,833.0,1200,13.9,1.7,79.5,DELIVERED,YES,DOCK-07
2026-07-14 05:43:00,TRK-158,Rute-O,Central Hub (Jakarta),833.7,1200,14.31,1.8,80.1,IN_TRANSIT,YES,DOCK-08
2026-07-15 09:56:00,TRK-165,Rute-Q,Bekasi Logistics Hub,834.4,1200,14.72,2.0,80.6,IDLE_DOCK,YES,DOCK-09
2026-07-16 13:09:00,TRK-172,Rute-A,Cikarang Industrial Hub,835.1,1200,15.13,2.1,81.2,LOADED,YES,DOCK-10
2026-07-17 17:22:00,TRK-179,Rute-C,Grogol Hub (Jakbar),835.8,1200,15.54,2.3,81.7,QUEUED,NO,DOCK-11
2026-07-18 07:35:00,TRK-006,Rute-E,Depok Hub,836.5,1200,15.95,2.4,82.2,DELIVERED,YES,DOCK-12
2026-07-19 11:48:00,TRK-013,Rute-G,Gudang West (Tangerang),837.2,1200,16.36,2.5,82.8,IN_TRANSIT,YES,DOCK-01
2026-07-20 15:01:00,TRK-020,Rute-I,Petamburan Hub,837.9,1200,16.77,2.7,83.4,IDLE_DOCK,YES,DOCK-02
2026-07-21 05:14:00,TRK-027,Rute-K,Bogor Transit Hub,838.6,1200,17.18,2.8,83.9,LOADED,YES,DOCK-03
2026-07-22 09:27:00,TRK-034,Rute-M,Central Hub (Jakarta),839.3,1200,17.59,3.0,84.5,QUEUED,NO,DOCK-04
2026-07-23 13:40:00,TRK-041,Rute-O,Bekasi Logistics Hub,840.0,1200,18.0,0.3,85.0,DELIVERED,YES,DOCK-05
2026-07-24 17:53:00,TRK-048,Rute-Q,Cikarang Industrial Hub,840.7,1200,18.41,0.4,85.6,IN_TRANSIT,YES,DOCK-06
2026-07-25 07:06:00,TRK-055,Rute-A,Grogol Hub (Jakbar),841.4,1200,18.82,0.6,86.1,IDLE_DOCK,YES,DOCK-07
2026-07-26 11:19:00,TRK-062,Rute-C,Depok Hub,842.1,1200,19.23,0.7,86.7,LOADED,YES,DOCK-08
2026-07-27 15:32:00,TRK-069,Rute-E,Gudang West (Tangerang),842.8,1200,19.64,0.9,87.2,QUEUED,NO,DOCK-09
2026-07-28 05:45:00,TRK-076,Rute-G,Petamburan Hub,843.5,1200,20.05,1.0,87.8,DELIVERED,YES,DOCK-10
2026-07-29 09:58:00,TRK-083,Rute-I,Bogor Transit Hub,844.2,1200,20.46,1.1,88.3,IN_TRANSIT,YES,DOCK-11
2026-07-30 13:11:00,TRK-090,Rute-K,Central Hub (Jakarta),844.9,1200,20.87,1.3,88.9,IDLE_DOCK,YES,DOCK-12
2026-07-31 17:24:00,TRK-097,Rute-M,Bekasi Logistics Hub,845.6,1200,21.28,1.4,89.4,LOADED,YES,DOCK-01
2026-07-01 07:37:00,TRK-104,Rute-O,Cikarang Industrial Hub,846.3,1200,21.69,1.6,90.0,QUEUED,NO,DOCK-02
2026-07-02 11:50:00,TRK-111,Rute-Q,Grogol Hub (Jakbar),847.0,1200,22.1,1.7,90.5,DELIVERED,YES,DOCK-03
2026-07-03 15:03:00,TRK-118,Rute-A,Depok Hub,847.7,1200,22.51,1.8,91.1,IN_TRANSIT,YES,DOCK-04
2026-07-04 05:16:00,TRK-125,Rute-C,Gudang West (Tangerang),848.4,1200,22.92,2.0,91.6,IDLE_DOCK,YES,DOCK-05
2026-07-05 09:29:00,TRK-132,Rute-E,Petamburan Hub,849.1,1200,23.33,2.1,92.2,LOADED,YES,DOCK-06
2026-07-06 13:42:00,TRK-139,Rute-G,Bogor Transit Hub,849.8,1200,23.74,2.3,92.7,QUEUED,NO,DOCK-07
2026-07-07 17:55:00,TRK-146,Rute-I,Central Hub (Jakarta),850.5,1200,24.15,2.4,93.2,DELIVERED,YES,DOCK-08
2026-07-08 07:08:00,TRK-153,Rute-K,Bekasi Logistics Hub,851.2,1200,24.56,2.5,93.8,IN_TRANSIT,YES,DOCK-09
2026-07-09 11:21:00,TRK-160,Rute-M,Cikarang Industrial Hub,851.9,1200,24.97,2.7,94.4,IDLE_DOCK,YES,DOCK-10
2026-07-10 15:34:00,TRK-167,Rute-O,Grogol Hub (Jakbar),852.6,1200,25.38,2.8,94.9,LOADED,YES,DOCK-11
2026-07-11 05:47:00,TRK-174,Rute-Q,Depok Hub,853.3,1200,25.79,3.0,95.5,QUEUED,NO,DOCK-12
2026-07-12 09:00:00,TRK-001,Rute-A,Gudang West (Tangerang),854.0,1200,9.8,0.3,8.0,DELIVERED,YES,DOCK-01
2026-07-13 13:13:00,TRK-008,Rute-C,Petamburan Hub,854.7,1200,10.21,0.4,8.6,IN_TRANSIT,YES,DOCK-02
2026-07-14 17:26:00,TRK-015,Rute-E,Bogor Transit Hub,855.4,1200,10.62,0.6,9.1,IDLE_DOCK,YES,DOCK-03
2026-07-15 07:39:00,TRK-022,Rute-G,Central Hub (Jakarta),856.1,1200,11.03,0.7,9.7,LOADED,YES,DOCK-04
2026-07-16 11:52:00,TRK-029,Rute-I,Bekasi Logistics Hub,856.8,1200,11.44,0.9,10.2,QUEUED,NO,DOCK-05
2026-07-17 15:05:00,TRK-036,Rute-K,Cikarang Industrial Hub,857.5,1200,11.85,1.0,10.8,DELIVERED,YES,DOCK-06
2026-07-18 05:18:00,TRK-043,Rute-M,Grogol Hub (Jakbar),858.2,1200,12.26,1.1,11.3,IN_TRANSIT,YES,DOCK-07
2026-07-19 09:31:00,TRK-050,Rute-O,Depok Hub,858.9,1200,12.67,1.3,11.9,IDLE_DOCK,YES,DOCK-08
2026-07-20 13:44:00,TRK-057,Rute-Q,Gudang West (Tangerang),859.6,1200,13.08,1.4,12.4,LOADED,YES,DOCK-09
2026-07-21 17:57:00,TRK-064,Rute-A,Petamburan Hub,860.3,1200,13.49,1.6,12.9,QUEUED,NO,DOCK-10
2026-07-22 07:10:00,TRK-071,Rute-C,Bogor Transit Hub,861.0,1200,13.9,1.7,13.5,DELIVERED,YES,DOCK-11
2026-07-23 11:23:00,TRK-078,Rute-E,Central Hub (Jakarta),861.7,1200,14.31,1.8,14.1,IN_TRANSIT,YES,DOCK-12
2026-07-24 15:36:00,TRK-085,Rute-G,Bekasi Logistics Hub,862.4,1200,14.72,2.0,14.6,IDLE_DOCK,YES,DOCK-01
2026-07-25 05:49:00,TRK-092,Rute-I,Cikarang Industrial Hub,863.1,1200,15.13,2.1,15.2,LOADED,YES,DOCK-02
2026-07-26 09:02:00,TRK-099,Rute-K,Grogol Hub (Jakbar),863.8,1200,15.54,2.3,15.7,QUEUED,NO,DOCK-03
2026-07-27 13:15:00,TRK-106,Rute-M,Depok Hub,864.5,1200,15.95,2.4,16.2,DELIVERED,YES,DOCK-04
2026-07-28 17:28:00,TRK-113,Rute-O,Gudang West (Tangerang),865.2,1200,16.36,2.5,16.8,IN_TRANSIT,YES,DOCK-05
2026-07-29 07:41:00,TRK-120,Rute-Q,Petamburan Hub,865.9,1200,16.77,2.7,17.4,IDLE_DOCK,YES,DOCK-06
2026-07-30 11:54:00,TRK-127,Rute-A,Bogor Transit Hub,866.6,1200,17.18,2.8,17.9,LOADED,YES,DOCK-07
2026-07-31 15:07:00,TRK-134,Rute-C,Central Hub (Jakarta),867.3,1200,17.59,3.0,18.5,QUEUED,NO,DOCK-08
2026-07-01 05:20:00,TRK-141,Rute-E,Bekasi Logistics Hub,868.0,1200,18.0,0.3,19.0,DELIVERED,YES,DOCK-09
2026-07-02 09:33:00,TRK-148,Rute-G,Cikarang Industrial Hub,868.7,1200,18.41,0.4,19.6,IN_TRANSIT,YES,DOCK-10
2026-07-03 13:46:00,TRK-155,Rute-I,Grogol Hub (Jakbar),869.4,1200,18.82,0.6,20.1,IDLE_DOCK,YES,DOCK-11
2026-07-04 17:59:00,TRK-162,Rute-K,Depok Hub,870.1,1200,19.23,0.7,20.6,LOADED,YES,DOCK-12
2026-07-05 07:12:00,TRK-169,Rute-M,Gudang West (Tangerang),870.8,1200,19.64,0.9,21.2,QUEUED,NO,DOCK-01
2026-07-06 11:25:00,TRK-176,Rute-O,Petamburan Hub,871.5,1200,20.05,1.0,21.8,DELIVERED,YES,DOCK-02
2026-07-07 15:38:00,TRK-003,Rute-Q,Bogor Transit Hub,872.2,1200,20.46,1.1,22.3,IN_TRANSIT,YES,DOCK-03
2026-07-08 05:51:00,TRK-010,Rute-A,Central Hub (Jakarta),872.9,1200,20.87,1.3,22.9,IDLE_DOCK,YES,DOCK-04
2026-07-09 09:04:00,TRK-017,Rute-C,Bekasi Logistics Hub,873.6,1200,21.28,1.4,23.4,LOADED,YES,DOCK-05
2026-07-10 13:17:00,TRK-024,Rute-E,Cikarang Industrial Hub,874.3,1200,21.69,1.6,24.0,QUEUED,NO,DOCK-06
2026-07-11 17:30:00,TRK-031,Rute-G,Grogol Hub (Jakbar),875.0,1200,22.1,1.7,24.5,DELIVERED,YES,DOCK-07
2026-07-12 07:43:00,TRK-038,Rute-I,Depok Hub,875.7,1200,22.51,1.8,25.1,IN_TRANSIT,YES,DOCK-08
2026-07-13 11:56:00,TRK-045,Rute-K,Gudang West (Tangerang),876.4,1200,22.92,2.0,25.6,IDLE_DOCK,YES,DOCK-09
2026-07-14 15:09:00,TRK-052,Rute-M,Petamburan Hub,877.1,1200,23.33,2.1,26.2,LOADED,YES,DOCK-10
2026-07-15 05:22:00,TRK-059,Rute-O,Bogor Transit Hub,877.8,1200,23.74,2.3,26.7,QUEUED,NO,DOCK-11
2026-07-16 09:35:00,TRK-066,Rute-Q,Central Hub (Jakarta),878.5,1200,24.15,2.4,27.2,DELIVERED,YES,DOCK-12
2026-07-17 13:48:00,TRK-073,Rute-A,Bekasi Logistics Hub,879.2,1200,24.56,2.5,27.8,IN_TRANSIT,YES,DOCK-01
2026-07-18 17:01:00,TRK-080,Rute-C,Cikarang Industrial Hub,879.9,1200,24.97,2.7,28.4,IDLE_DOCK,YES,DOCK-02
2026-07-19 07:14:00,TRK-087,Rute-E,Grogol Hub (Jakbar),880.6,1200,25.38,2.8,28.9,LOADED,YES,DOCK-03
2026-07-20 11:27:00,TRK-094,Rute-G,Depok Hub,881.3,1200,25.79,3.0,29.5,QUEUED,NO,DOCK-04
2026-07-21 15:40:00,TRK-101,Rute-I,Gudang West (Tangerang),882.0,1200,9.8,0.3,30.0,DELIVERED,YES,DOCK-05
2026-07-22 05:53:00,TRK-108,Rute-K,Petamburan Hub,882.7,1200,10.21,0.4,30.6,IN_TRANSIT,YES,DOCK-06
2026-07-23 09:06:00,TRK-115,Rute-M,Bogor Transit Hub,883.4,1200,10.62,0.6,31.1,IDLE_DOCK,YES,DOCK-07
2026-07-24 13:19:00,TRK-122,Rute-O,Central Hub (Jakarta),884.1,1200,11.03,0.7,31.7,LOADED,YES,DOCK-08
2026-07-25 17:32:00,TRK-129,Rute-Q,Bekasi Logistics Hub,884.8,1200,11.44,0.9,32.2,QUEUED,NO,DOCK-09
2026-07-26 07:45:00,TRK-136,Rute-A,Cikarang Industrial Hub,885.5,1200,11.85,1.0,32.8,DELIVERED,YES,DOCK-10
2026-07-27 11:58:00,TRK-143,Rute-C,Grogol Hub (Jakbar),886.2,1200,12.26,1.1,33.3,IN_TRANSIT,YES,DOCK-11
2026-07-28 15:11:00,TRK-150,Rute-E,Depok Hub,886.9,1200,12.67,1.3,33.9,IDLE_DOCK,YES,DOCK-12
2026-07-29 05:24:00,TRK-157,Rute-G,Gudang West (Tangerang),887.6,1200,13.08,1.4,34.4,LOADED,YES,DOCK-01
2026-07-30 09:37:00,TRK-164,Rute-I,Petamburan Hub,888.3,1200,13.49,1.6,35.0,QUEUED,NO,DOCK-02
2026-07-31 13:50:00,TRK-171,Rute-K,Bogor Transit Hub,889.0,1200,13.9,1.7,35.5,DELIVERED,YES,DOCK-03
2026-07-01 17:03:00,TRK-178,Rute-M,Central Hub (Jakarta),889.7,1200,14.31,1.8,36.0,IN_TRANSIT,YES,DOCK-04
2026-07-02 07:16:00,TRK-005,Rute-O,Bekasi Logistics Hub,890.4,1200,14.72,2.0,36.6,IDLE_DOCK,YES,DOCK-05
2026-07-03 11:29:00,TRK-012,Rute-Q,Cikarang Industrial Hub,891.1,1200,15.13,2.1,37.2,LOADED,YES,DOCK-06
2026-07-04 15:42:00,TRK-019,Rute-A,Grogol Hub (Jakbar),891.8,1200,15.54,2.3,37.7,QUEUED,NO,DOCK-07
2026-07-05 05:55:00,TRK-026,Rute-C,Depok Hub,892.5,1200,15.95,2.4,38.2,DELIVERED,YES,DOCK-08
2026-07-06 09:08:00,TRK-033,Rute-E,Gudang West (Tangerang),893.2,1200,16.36,2.5,38.8,IN_TRANSIT,YES,DOCK-09
2026-07-07 13:21:00,TRK-040,Rute-G,Petamburan Hub,893.9,1200,16.77,2.7,39.4,IDLE_DOCK,YES,DOCK-10
2026-07-08 17:34:00,TRK-047,Rute-I,Bogor Transit Hub,894.6,1200,17.18,2.8,39.9,LOADED,YES,DOCK-11
2026-07-09 07:47:00,TRK-054,Rute-K,Central Hub (Jakarta),895.3,1200,17.59,3.0,40.5,QUEUED,NO,DOCK-12
2026-07-10 11:00:00,TRK-061,Rute-M,Bekasi Logistics Hub,896.0,1200,18.0,0.3,41.0,DELIVERED,YES,DOCK-01
2026-07-11 15:13:00,TRK-068,Rute-O,Cikarang Industrial Hub,896.7,1200,18.41,0.4,41.6,IN_TRANSIT,YES,DOCK-02
2026-07-12 05:26:00,TRK-075,Rute-Q,Grogol Hub (Jakbar),897.4,1200,18.82,0.6,42.1,IDLE_DOCK,YES,DOCK-03
2026-07-13 09:39:00,TRK-082,Rute-A,Depok Hub,898.1,1200,19.23,0.7,42.7,LOADED,YES,DOCK-04
2026-07-14 13:52:00,TRK-089,Rute-C,Gudang West (Tangerang),898.8,1200,19.64,0.9,43.2,QUEUED,NO,DOCK-05
2026-07-15 17:05:00,TRK-096,Rute-E,Petamburan Hub,899.5,1200,20.05,1.0,43.8,DELIVERED,YES,DOCK-06
2026-07-16 07:18:00,TRK-103,Rute-G,Bogor Transit Hub,900.2,1200,20.46,1.1,44.3,IN_TRANSIT,YES,DOCK-07
2026-07-17 11:31:00,TRK-110,Rute-I,Central Hub (Jakarta),900.9,1200,20.87,1.3,44.9,IDLE_DOCK,YES,DOCK-08
2026-07-18 15:44:00,TRK-117,Rute-K,Bekasi Logistics Hub,901.6,1200,21.28,1.4,45.4,LOADED,YES,DOCK-09
2026-07-19 05:57:00,TRK-124,Rute-M,Cikarang Industrial Hub,902.3,1200,21.69,1.6,46.0,QUEUED,NO,DOCK-10
2026-07-20 09:10:00,TRK-131,Rute-O,Grogol Hub (Jakbar),903.0,1200,22.1,1.7,46.5,DELIVERED,YES,DOCK-11
2026-07-21 13:23:00,TRK-138,Rute-Q,Depok Hub,903.7,1200,22.51,1.8,47.1,IN_TRANSIT,YES,DOCK-12
2026-07-22 17:36:00,TRK-145,Rute-A,Gudang West (Tangerang),904.4,1200,22.92,2.0,47.6,IDLE_DOCK,YES,DOCK-01
2026-07-23 07:49:00,TRK-152,Rute-C,Petamburan Hub,905.1,1200,23.33,2.1,48.2,LOADED,YES,DOCK-02
2026-07-24 11:02:00,TRK-159,Rute-E,Bogor Transit Hub,905.8,1200,23.74,2.3,48.7,QUEUED,NO,DOCK-03
2026-07-25 15:15:00,TRK-166,Rute-G,Central Hub (Jakarta),906.5,1200,24.15,2.4,49.2,DELIVERED,YES,DOCK-04
2026-07-26 05:28:00,TRK-173,Rute-I,Bekasi Logistics Hub,907.2,1200,24.56,2.5,49.8,IN_TRANSIT,YES,DOCK-05
2026-07-27 09:41:00,TRK-180,Rute-K,Cikarang Industrial Hub,907.9,1200,24.97,2.7,50.4,IDLE_DOCK,YES,DOCK-06
2026-07-28 13:54:00,TRK-007,Rute-M,Grogol Hub (Jakbar),908.6,1200,25.38,2.8,50.9,LOADED,YES,DOCK-07
2026-07-29 17:07:00,TRK-014,Rute-O,Depok Hub,909.3,1200,25.79,3.0,51.5,QUEUED,NO,DOCK-08
2026-07-30 07:20:00,TRK-021,Rute-Q,Gudang West (Tangerang),910.0,1200,9.8,0.3,52.0,DELIVERED,YES,DOCK-09
2026-07-31 11:33:00,TRK-028,Rute-A,Petamburan Hub,910.7,1200,10.21,0.4,52.6,IN_TRANSIT,YES,DOCK-10
2026-07-01 15:46:00,TRK-035,Rute-C,Bogor Transit Hub,911.4,1200,10.62,0.6,53.1,IDLE_DOCK,YES,DOCK-11
2026-07-02 05:59:00,TRK-042,Rute-E,Central Hub (Jakarta),912.1,1200,11.03,0.7,53.7,LOADED,YES,DOCK-12
2026-07-03 09:12:00,TRK-049,Rute-G,Bekasi Logistics Hub,912.8,1200,11.44,0.9,54.2,QUEUED,NO,DOCK-01
2026-07-04 13:25:00,TRK-056,Rute-I,Cikarang Industrial Hub,913.5,1200,11.85,1.0,54.8,DELIVERED,YES,DOCK-02
2026-07-05 17:38:00,TRK-063,Rute-K,Grogol Hub (Jakbar),914.2,1200,12.26,1.1,55.3,IN_TRANSIT,YES,DOCK-03
2026-07-06 07:51:00,TRK-070,Rute-M,Depok Hub,914.9,1200,12.67,1.3,55.9,IDLE_DOCK,YES,DOCK-04
2026-07-07 11:04:00,TRK-077,Rute-O,Gudang West (Tangerang),915.6,1200,13.08,1.4,56.4,LOADED,YES,DOCK-05
2026-07-08 15:17:00,TRK-084,Rute-Q,Petamburan Hub,916.3,1200,13.49,1.6,57.0,QUEUED,NO,DOCK-06
2026-07-09 05:30:00,TRK-091,Rute-A,Bogor Transit Hub,917.0,1200,13.9,1.7,57.5,DELIVERED,YES,DOCK-07
2026-07-10 09:43:00,TRK-098,Rute-C,Central Hub (Jakarta),917.7,1200,14.31,1.8,58.1,IN_TRANSIT,YES,DOCK-08
2026-07-11 13:56:00,TRK-105,Rute-E,Bekasi Logistics Hub,918.4,1200,14.72,2.0,58.6,IDLE_DOCK,YES,DOCK-09
2026-07-12 17:09:00,TRK-112,Rute-G,Cikarang Industrial Hub,919.1,1200,15.13,2.1,59.2,LOADED,YES,DOCK-10
2026-07-13 07:22:00,TRK-119,Rute-I,Grogol Hub (Jakbar),919.8,1200,15.54,2.3,59.7,QUEUED,NO,DOCK-11
2026-07-14 11:35:00,TRK-126,Rute-K,Depok Hub,920.5,1200,15.95,2.4,60.3,DELIVERED,YES,DOCK-12
2026-07-15 15:48:00,TRK-133,Rute-M,Gudang West (Tangerang),921.2,1200,16.36,2.5,60.8,IN_TRANSIT,YES,DOCK-01
2026-07-16 05:01:00,TRK-140,Rute-O,Petamburan Hub,921.9,1200,16.77,2.7,61.4,IDLE_DOCK,YES,DOCK-02
2026-07-17 09:14:00,TRK-147,Rute-Q,Bogor Transit Hub,922.6,1200,17.18,2.8,61.9,LOADED,YES,DOCK-03
2026-07-18 13:27:00,TRK-154,Rute-A,Central Hub (Jakarta),923.3,1200,17.59,3.0,62.5,QUEUED,NO,DOCK-04
2026-07-19 17:40:00,TRK-161,Rute-C,Bekasi Logistics Hub,924.0,1200,18.0,0.3,63.0,DELIVERED,YES,DOCK-05
2026-07-20 07:53:00,TRK-168,Rute-E,Cikarang Industrial Hub,924.7,1200,18.41,0.4,63.6,IN_TRANSIT,YES,DOCK-06
2026-07-21 11:06:00,TRK-175,Rute-G,Grogol Hub (Jakbar),925.4,1200,18.82,0.6,64.1,IDLE_DOCK,YES,DOCK-07
2026-07-22 15:19:00,TRK-002,Rute-I,Depok Hub,926.1,1200,19.23,0.7,64.7,LOADED,YES,DOCK-08
2026-07-23 05:32:00,TRK-009,Rute-K,Gudang West (Tangerang),926.8,1200,19.64,0.9,65.2,QUEUED,NO,DOCK-09
2026-07-24 09:45:00,TRK-016,Rute-M,Petamburan Hub,927.5,1200,20.05,1.0,65.8,DELIVERED,YES,DOCK-10
2026-07-25 13:58:00,TRK-023,Rute-O,Bogor Transit Hub,928.2,1200,20.46,1.1,66.3,IN_TRANSIT,YES,DOCK-11
2026-07-26 17:11:00,TRK-030,Rute-Q,Central Hub (Jakarta),928.9,1200,20.87,1.3,66.8,IDLE_DOCK,YES,DOCK-12
2026-07-27 07:24:00,TRK-037,Rute-A,Bekasi Logistics Hub,929.6,1200,21.28,1.4,67.4,LOADED,YES,DOCK-01
2026-07-28 11:37:00,TRK-044,Rute-C,Cikarang Industrial Hub,930.3,1200,21.69,1.6,68.0,QUEUED,NO,DOCK-02
2026-07-29 15:50:00,TRK-051,Rute-E,Grogol Hub (Jakbar),931.0,1200,22.1,1.7,68.5,DELIVERED,YES,DOCK-03
2026-07-30 05:03:00,TRK-058,Rute-G,Depok Hub,931.7,1200,22.51,1.8,69.1,IN_TRANSIT,YES,DOCK-04
2026-07-31 09:16:00,TRK-065,Rute-I,Gudang West (Tangerang),932.4,1200,22.92,2.0,69.6,IDLE_DOCK,YES,DOCK-05
2026-07-01 13:29:00,TRK-072,Rute-K,Petamburan Hub,933.1,1200,23.33,2.1,70.2,LOADED,YES,DOCK-06
2026-07-02 17:42:00,TRK-079,Rute-M,Bogor Transit Hub,933.8,1200,23.74,2.3,70.7,QUEUED,NO,DOCK-07
2026-07-03 07:55:00,TRK-086,Rute-O,Central Hub (Jakarta),934.5,1200,24.15,2.4,71.2,DELIVERED,YES,DOCK-08
2026-07-04 11:08:00,TRK-093,Rute-Q,Bekasi Logistics Hub,935.2,1200,24.56,2.5,71.8,IN_TRANSIT,YES,DOCK-09
2026-07-05 15:21:00,TRK-100,Rute-A,Cikarang Industrial Hub,935.9,1200,24.97,2.7,72.4,IDLE_DOCK,YES,DOCK-10
2026-07-06 05:34:00,TRK-107,Rute-C,Grogol Hub (Jakbar),936.6,1200,25.38,2.8,72.9,LOADED,YES,DOCK-11
2026-07-07 09:47:00,TRK-114,Rute-E,Depok Hub,937.3,1200,25.79,3.0,73.5,QUEUED,NO,DOCK-12
2026-07-08 13:00:00,TRK-121,Rute-G,Gudang West (Tangerang),938.0,1200,9.8,0.3,74.0,DELIVERED,YES,DOCK-01
2026-07-09 17:13:00,TRK-128,Rute-I,Petamburan Hub,938.7,1200,10.21,0.4,74.6,IN_TRANSIT,YES,DOCK-02
2026-07-10 07:26:00,TRK-135,Rute-K,Bogor Transit Hub,939.4,1200,10.62,0.6,75.1,IDLE_DOCK,YES,DOCK-03
2026-07-11 11:39:00,TRK-142,Rute-M,Central Hub (Jakarta),940.1,1200,11.03,0.7,75.7,LOADED,YES,DOCK-04
2026-07-12 15:52:00,TRK-149,Rute-O,Bekasi Logistics Hub,940.8,1200,11.44,0.9,76.2,QUEUED,NO,DOCK-05
2026-07-13 05:05:00,TRK-156,Rute-Q,Cikarang Industrial Hub,941.5,1200,11.85,1.0,76.8,DELIVERED,YES,DOCK-06
2026-07-14 09:18:00,TRK-163,Rute-A,Grogol Hub (Jakbar),942.2,1200,12.26,1.1,77.3,IN_TRANSIT,YES,DOCK-07
2026-07-15 13:31:00,TRK-170,Rute-C,Depok Hub,942.9,1200,12.67,1.3,77.9,IDLE_DOCK,YES,DOCK-08
2026-07-16 17:44:00,TRK-177,Rute-E,Gudang West (Tangerang),943.6,1200,13.08,1.4,78.4,LOADED,YES,DOCK-09
2026-07-17 07:57:00,TRK-004,Rute-G,Petamburan Hub,944.3,1200,13.49,1.6,79.0,QUEUED,NO,DOCK-10
2026-07-18 11:10:00,TRK-011,Rute-I,Bogor Transit Hub,945.0,1200,13.9,1.7,79.5,DELIVERED,YES,DOCK-11
2026-07-19 15:23:00,TRK-018,Rute-K,Central Hub (Jakarta),945.7,1200,14.31,1.8,80.1,IN_TRANSIT,YES,DOCK-12
2026-07-20 05:36:00,TRK-025,Rute-M,Bekasi Logistics Hub,946.4,1200,14.72,2.0,80.6,IDLE_DOCK,YES,DOCK-01
2026-07-21 09:49:00,TRK-032,Rute-O,Cikarang Industrial Hub,947.1,1200,15.13,2.1,81.2,LOADED,YES,DOCK-02
2026-07-22 13:02:00,TRK-039,Rute-Q,Grogol Hub (Jakbar),947.8,1200,15.54,2.3,81.7,QUEUED,NO,DOCK-03
2026-07-23 17:15:00,TRK-046,Rute-A,Depok Hub,948.5,1200,15.95,2.4,82.2,DELIVERED,YES,DOCK-04
2026-07-24 07:28:00,TRK-053,Rute-C,Gudang West (Tangerang),949.2,1200,16.36,2.5,82.8,IN_TRANSIT,YES,DOCK-05
2026-07-25 11:41:00,TRK-060,Rute-E,Petamburan Hub,949.9,1200,16.77,2.7,83.4,IDLE_DOCK,YES,DOCK-06
2026-07-26 15:54:00,TRK-067,Rute-G,Bogor Transit Hub,950.6,1200,17.18,2.8,83.9,LOADED,YES,DOCK-07
2026-07-27 05:07:00,TRK-074,Rute-I,Central Hub (Jakarta),951.3,1200,17.59,3.0,84.5,QUEUED,NO,DOCK-08
2026-07-28 09:20:00,TRK-081,Rute-K,Bekasi Logistics Hub,952.0,1200,18.0,0.3,85.0,DELIVERED,YES,DOCK-09
2026-07-29 13:33:00,TRK-088,Rute-M,Cikarang Industrial Hub,952.7,1200,18.41,0.4,85.6,IN_TRANSIT,YES,DOCK-10
2026-07-30 17:46:00,TRK-095,Rute-O,Grogol Hub (Jakbar),953.4,1200,18.82,0.6,86.1,IDLE_DOCK,YES,DOCK-11
2026-07-31 07:59:00,TRK-102,Rute-Q,Depok Hub,954.1,1200,19.23,0.7,86.7,LOADED,YES,DOCK-12
2026-07-01 11:12:00,TRK-109,Rute-A,Gudang West (Tangerang),954.8,1200,19.64,0.9,87.2,QUEUED,NO,DOCK-01
2026-07-02 15:25:00,TRK-116,Rute-C,Petamburan Hub,955.5,1200,20.05,1.0,87.8,DELIVERED,YES,DOCK-02
2026-07-03 05:38:00,TRK-123,Rute-E,Bogor Transit Hub,956.2,1200,20.46,1.1,88.3,IN_TRANSIT,YES,DOCK-03
2026-07-04 09:51:00,TRK-130,Rute-G,Central Hub (Jakarta),956.9,1200,20.87,1.3,88.9,IDLE_DOCK,YES,DOCK-04
2026-07-05 13:04:00,TRK-137,Rute-I,Bekasi Logistics Hub,957.6,1200,21.28,1.4,89.4,LOADED,YES,DOCK-05
2026-07-06 17:17:00,TRK-144,Rute-K,Cikarang Industrial Hub,958.3,1200,21.69,1.6,90.0,QUEUED,NO,DOCK-06
2026-07-07 07:30:00,TRK-151,Rute-M,Grogol Hub (Jakbar),959.0,1200,22.1,1.7,90.5,DELIVERED,YES,DOCK-07
2026-07-08 11:43:00,TRK-158,Rute-O,Depok Hub,959.7,1200,22.51,1.8,91.1,IN_TRANSIT,YES,DOCK-08
2026-07-09 15:56:00,TRK-165,Rute-Q,Gudang West (Tangerang),960.4,1200,22.92,2.0,91.6,IDLE_DOCK,YES,DOCK-09
2026-07-10 05:09:00,TRK-172,Rute-A,Petamburan Hub,961.1,1200,23.33,2.1,92.2,LOADED,YES,DOCK-10
2026-07-11 09:22:00,TRK-179,Rute-C,Bogor Transit Hub,961.8,1200,23.74,2.3,92.7,QUEUED,NO,DOCK-11
2026-07-12 13:35:00,TRK-006,Rute-E,Central Hub (Jakarta),962.5,1200,24.15,2.4,93.2,DELIVERED,YES,DOCK-12
2026-07-13 17:48:00,TRK-013,Rute-G,Bekasi Logistics Hub,963.2,1200,24.56,2.5,93.8,IN_TRANSIT,YES,DOCK-01
2026-07-14 07:01:00,TRK-020,Rute-I,Cikarang Industrial Hub,963.9,1200,24.97,2.7,94.4,IDLE_DOCK,YES,DOCK-02
2026-07-15 11:14:00,TRK-027,Rute-K,Grogol Hub (Jakbar),964.6,1200,25.38,2.8,94.9,LOADED,YES,DOCK-03
2026-07-16 15:27:00,TRK-034,Rute-M,Depok Hub,965.3,1200,25.79,3.0,95.5,QUEUED,NO,DOCK-04
2026-07-17 05:40:00,TRK-041,Rute-O,Gudang West (Tangerang),966.0,1200,9.8,0.3,8.0,DELIVERED,YES,DOCK-05
2026-07-18 09:53:00,TRK-048,Rute-Q,Petamburan Hub,966.7,1200,10.21,0.4,8.6,IN_TRANSIT,YES,DOCK-06
2026-07-19 13:06:00,TRK-055,Rute-A,Bogor Transit Hub,967.4,1200,10.62,0.6,9.1,IDLE_DOCK,YES,DOCK-07
2026-07-20 17:19:00,TRK-062,Rute-C,Central Hub (Jakarta),968.1,1200,11.03,0.7,9.7,LOADED,YES,DOCK-08
2026-07-21 07:32:00,TRK-069,Rute-E,Bekasi Logistics Hub,968.8,1200,11.44,0.9,10.2,QUEUED,NO,DOCK-09
2026-07-22 11:45:00,TRK-076,Rute-G,Cikarang Industrial Hub,969.5,1200,11.85,1.0,10.8,DELIVERED,YES,DOCK-10
2026-07-23 15:58:00,TRK-083,Rute-I,Grogol Hub (Jakbar),970.2,1200,12.26,1.1,11.3,IN_TRANSIT,YES,DOCK-11
2026-07-24 05:11:00,TRK-090,Rute-K,Depok Hub,970.9,1200,12.67,1.3,11.9,IDLE_DOCK,YES,DOCK-12
2026-07-25 09:24:00,TRK-097,Rute-M,Gudang West (Tangerang),971.6,1200,13.08,1.4,12.4,LOADED,YES,DOCK-01
2026-07-26 13:37:00,TRK-104,Rute-O,Petamburan Hub,972.3,1200,13.49,1.6,12.9,QUEUED,NO,DOCK-02
2026-07-27 17:50:00,TRK-111,Rute-Q,Bogor Transit Hub,973.0,1200,13.9,1.7,13.5,DELIVERED,YES,DOCK-03
2026-07-28 07:03:00,TRK-118,Rute-A,Central Hub (Jakarta),973.7,1200,14.31,1.8,14.1,IN_TRANSIT,YES,DOCK-04
2026-07-29 11:16:00,TRK-125,Rute-C,Bekasi Logistics Hub,974.4,1200,14.72,2.0,14.6,IDLE_DOCK,YES,DOCK-05
2026-07-30 15:29:00,TRK-132,Rute-E,Cikarang Industrial Hub,975.1,1200,15.13,2.1,15.2,LOADED,YES,DOCK-06
2026-07-31 05:42:00,TRK-139,Rute-G,Grogol Hub (Jakbar),975.8,1200,15.54,2.3,15.7,QUEUED,NO,DOCK-07
2026-07-01 09:55:00,TRK-146,Rute-I,Depok Hub,976.5,1200,15.95,2.4,16.2,DELIVERED,YES,DOCK-08
2026-07-02 13:08:00,TRK-153,Rute-K,Gudang West (Tangerang),977.2,1200,16.36,2.5,16.8,IN_TRANSIT,YES,DOCK-09
2026-07-03 17:21:00,TRK-160,Rute-M,Petamburan Hub,977.9,1200,16.77,2.7,17.4,IDLE_DOCK,YES,DOCK-10
2026-07-04 07:34:00,TRK-167,Rute-O,Bogor Transit Hub,978.6,1200,17.18,2.8,17.9,LOADED,YES,DOCK-11
2026-07-05 11:47:00,TRK-174,Rute-Q,Central Hub (Jakarta),979.3,1200,17.59,3.0,18.5,QUEUED,NO,DOCK-12
2026-07-06 15:00:00,TRK-001,Rute-A,Bekasi Logistics Hub,350.0,1200,18.0,0.3,19.0,DELIVERED,YES,DOCK-01
2026-07-07 05:13:00,TRK-008,Rute-C,Cikarang Industrial Hub,350.7,1200,18.41,0.4,19.6,IN_TRANSIT,YES,DOCK-02
2026-07-08 09:26:00,TRK-015,Rute-E,Grogol Hub (Jakbar),351.4,1200,18.82,0.6,20.1,IDLE_DOCK,YES,DOCK-03
2026-07-09 13:39:00,TRK-022,Rute-G,Depok Hub,352.1,1200,19.23,0.7,20.6,LOADED,YES,DOCK-04
2026-07-10 17:52:00,TRK-029,Rute-I,Gudang West (Tangerang),352.8,1200,19.64,0.9,21.2,QUEUED,NO,DOCK-05
2026-07-11 07:05:00,TRK-036,Rute-K,Petamburan Hub,353.5,1200,20.05,1.0,21.8,DELIVERED,YES,DOCK-06
2026-07-12 11:18:00,TRK-043,Rute-M,Bogor Transit Hub,354.2,1200,20.46,1.1,22.3,IN_TRANSIT,YES,DOCK-07
2026-07-13 15:31:00,TRK-050,Rute-O,Central Hub (Jakarta),354.9,1200,20.87,1.3,22.9,IDLE_DOCK,YES,DOCK-08
2026-07-14 05:44:00,TRK-057,Rute-Q,Bekasi Logistics Hub,355.6,1200,21.28,1.4,23.4,LOADED,YES,DOCK-09
2026-07-15 09:57:00,TRK-064,Rute-A,Cikarang Industrial Hub,356.3,1200,21.69,1.6,24.0,QUEUED,NO,DOCK-10
2026-07-16 13:10:00,TRK-071,Rute-C,Grogol Hub (Jakbar),357.0,1200,22.1,1.7,24.5,DELIVERED,YES,DOCK-11
2026-07-17 17:23:00,TRK-078,Rute-E,Depok Hub,357.7,1200,22.51,1.8,25.1,IN_TRANSIT,YES,DOCK-12
2026-07-18 07:36:00,TRK-085,Rute-G,Gudang West (Tangerang),358.4,1200,22.92,2.0,25.6,IDLE_DOCK,YES,DOCK-01
2026-07-19 11:49:00,TRK-092,Rute-I,Petamburan Hub,359.1,1200,23.33,2.1,26.2,LOADED,YES,DOCK-02
2026-07-20 15:02:00,TRK-099,Rute-K,Bogor Transit Hub,359.8,1200,23.74,2.3,26.7,QUEUED,NO,DOCK-03
2026-07-21 05:15:00,TRK-106,Rute-M,Central Hub (Jakarta),360.5,1200,24.15,2.4,27.2,DELIVERED,YES,DOCK-04
2026-07-22 09:28:00,TRK-113,Rute-O,Bekasi Logistics Hub,361.2,1200,24.56,2.5,27.8,IN_TRANSIT,YES,DOCK-05
2026-07-23 13:41:00,TRK-120,Rute-Q,Cikarang Industrial Hub,361.9,1200,24.97,2.7,28.4,IDLE_DOCK,YES,DOCK-06
2026-07-24 17:54:00,TRK-127,Rute-A,Grogol Hub (Jakbar),362.6,1200,25.38,2.8,28.9,LOADED,YES,DOCK-07
2026-07-25 07:07:00,TRK-134,Rute-C,Depok Hub,363.3,1200,25.79,3.0,29.5,QUEUED,NO,DOCK-08
2026-07-26 11:20:00,TRK-141,Rute-E,Gudang West (Tangerang),364.0,1200,9.8,0.3,30.0,DELIVERED,YES,DOCK-09
2026-07-27 15:33:00,TRK-148,Rute-G,Petamburan Hub,364.7,1200,10.21,0.4,30.6,IN_TRANSIT,YES,DOCK-10
2026-07-28 05:46:00,TRK-155,Rute-I,Bogor Transit Hub,365.4,1200,10.62,0.6,31.1,IDLE_DOCK,YES,DOCK-11
2026-07-29 09:59:00,TRK-162,Rute-K,Central Hub (Jakarta),366.1,1200,11.03,0.7,31.7,LOADED,YES,DOCK-12
2026-07-30 13:12:00,TRK-169,Rute-M,Bekasi Logistics Hub,366.8,1200,11.44,0.9,32.2,QUEUED,NO,DOCK-01
2026-07-31 17:25:00,TRK-176,Rute-O,Cikarang Industrial Hub,367.5,1200,11.85,1.0,32.8,DELIVERED,YES,DOCK-02
2026-07-01 07:38:00,TRK-003,Rute-Q,Grogol Hub (Jakbar),368.2,1200,12.26,1.1,33.3,IN_TRANSIT,YES,DOCK-03
2026-07-02 11:51:00,TRK-010,Rute-A,Depok Hub,368.9,1200,12.67,1.3,33.9,IDLE_DOCK,YES,DOCK-04
2026-07-03 15:04:00,TRK-017,Rute-C,Gudang West (Tangerang),369.6,1200,13.08,1.4,34.4,LOADED,YES,DOCK-05
2026-07-04 05:17:00,TRK-024,Rute-E,Petamburan Hub,370.3,1200,13.49,1.6,35.0,QUEUED,NO,DOCK-06
2026-07-05 09:30:00,TRK-031,Rute-G,Bogor Transit Hub,371.0,1200,13.9,1.7,35.5,DELIVERED,YES,DOCK-07
2026-07-06 13:43:00,TRK-038,Rute-I,Central Hub (Jakarta),371.7,1200,14.31,1.8,36.0,IN_TRANSIT,YES,DOCK-08
2026-07-07 17:56:00,TRK-045,Rute-K,Bekasi Logistics Hub,372.4,1200,14.72,2.0,36.6,IDLE_DOCK,YES,DOCK-09
2026-07-08 07:09:00,TRK-052,Rute-M,Cikarang Industrial Hub,373.1,1200,15.13,2.1,37.2,LOADED,YES,DOCK-10
2026-07-09 11:22:00,TRK-059,Rute-O,Grogol Hub (Jakbar),373.8,1200,15.54,2.3,37.7,QUEUED,NO,DOCK-11
2026-07-10 15:35:00,TRK-066,Rute-Q,Depok Hub,374.5,1200,15.95,2.4,38.2,DELIVERED,YES,DOCK-12
2026-07-11 05:48:00,TRK-073,Rute-A,Gudang West (Tangerang),375.2,1200,16.36,2.5,38.8,IN_TRANSIT,YES,DOCK-01
2026-07-12 09:01:00,TRK-080,Rute-C,Petamburan Hub,375.9,1200,16.77,2.7,39.4,IDLE_DOCK,YES,DOCK-02
2026-07-13 13:14:00,TRK-087,Rute-E,Bogor Transit Hub,376.6,1200,17.18,2.8,39.9,LOADED,YES,DOCK-03
2026-07-14 17:27:00,TRK-094,Rute-G,Central Hub (Jakarta),377.3,1200,17.59,3.0,40.5,QUEUED,NO,DOCK-04
2026-07-15 07:40:00,TRK-101,Rute-I,Bekasi Logistics Hub,378.0,1200,18.0,0.3,41.0,DELIVERED,YES,DOCK-05
2026-07-16 11:53:00,TRK-108,Rute-K,Cikarang Industrial Hub,378.7,1200,18.41,0.4,41.6,IN_TRANSIT,YES,DOCK-06
2026-07-17 15:06:00,TRK-115,Rute-M,Grogol Hub (Jakbar),379.4,1200,18.82,0.6,42.1,IDLE_DOCK,YES,DOCK-07
2026-07-18 05:19:00,TRK-122,Rute-O,Depok Hub,380.1,1200,19.23,0.7,42.7,LOADED,YES,DOCK-08
2026-07-19 09:32:00,TRK-129,Rute-Q,Gudang West (Tangerang),380.8,1200,19.64,0.9,43.2,QUEUED,NO,DOCK-09
2026-07-20 13:45:00,TRK-136,Rute-A,Petamburan Hub,381.5,1200,20.05,1.0,43.8,DELIVERED,YES,DOCK-10
2026-07-21 17:58:00,TRK-143,Rute-C,Bogor Transit Hub,382.2,1200,20.46,1.1,44.3,IN_TRANSIT,YES,DOCK-11
2026-07-22 07:11:00,TRK-150,Rute-E,Central Hub (Jakarta),382.9,1200,20.87,1.3,44.9,IDLE_DOCK,YES,DOCK-12
2026-07-23 11:24:00,TRK-157,Rute-G,Bekasi Logistics Hub,383.6,1200,21.28,1.4,45.4,LOADED,YES,DOCK-01
2026-07-24 15:37:00,TRK-164,Rute-I,Cikarang Industrial Hub,384.3,1200,21.69,1.6,46.0,QUEUED,NO,DOCK-02
2026-07-25 05:50:00,TRK-171,Rute-K,Grogol Hub (Jakbar),385.0,1200,22.1,1.7,46.5,DELIVERED,YES,DOCK-03
2026-07-26 09:03:00,TRK-178,Rute-M,Depok Hub,385.7,1200,22.51,1.8,47.1,IN_TRANSIT,YES,DOCK-04
2026-07-27 13:16:00,TRK-005,Rute-O,Gudang West (Tangerang),386.4,1200,22.92,2.0,47.6,IDLE_DOCK,YES,DOCK-05
2026-07-28 17:29:00,TRK-012,Rute-Q,Petamburan Hub,387.1,1200,23.33,2.1,48.2,LOADED,YES,DOCK-06
2026-07-29 07:42:00,TRK-019,Rute-A,Bogor Transit Hub,387.8,1200,23.74,2.3,48.7,QUEUED,NO,DOCK-07
2026-07-30 11:55:00,TRK-026,Rute-C,Central Hub (Jakarta),388.5,1200,24.15,2.4,49.2,DELIVERED,YES,DOCK-08
2026-07-31 15:08:00,TRK-033,Rute-E,Bekasi Logistics Hub,389.2,1200,24.56,2.5,49.8,IN_TRANSIT,YES,DOCK-09
2026-07-01 05:21:00,TRK-040,Rute-G,Cikarang Industrial Hub,389.9,1200,24.97,2.7,50.4,IDLE_DOCK,YES,DOCK-10
2026-07-02 09:34:00,TRK-047,Rute-I,Grogol Hub (Jakbar),390.6,1200,25.38,2.8,50.9,LOADED,YES,DOCK-11
2026-07-03 13:47:00,TRK-054,Rute-K,Depok Hub,391.3,1200,25.79,3.0,51.5,QUEUED,NO,DOCK-12
2026-07-04 17:00:00,TRK-061,Rute-M,Gudang West (Tangerang),392.0,1200,9.8,0.3,52.0,DELIVERED,YES,DOCK-01
2026-07-05 07:13:00,TRK-068,Rute-O,Petamburan Hub,392.7,1200,10.21,0.4,52.6,IN_TRANSIT,YES,DOCK-02
2026-07-06 11:26:00,TRK-075,Rute-Q,Bogor Transit Hub,393.4,1200,10.62,0.6,53.1,IDLE_DOCK,YES,DOCK-03
2026-07-07 15:39:00,TRK-082,Rute-A,Central Hub (Jakarta),394.1,1200,11.03,0.7,53.7,LOADED,YES,DOCK-04
2026-07-08 05:52:00,TRK-089,Rute-C,Bekasi Logistics Hub,394.8,1200,11.44,0.9,54.2,QUEUED,NO,DOCK-05
2026-07-09 09:05:00,TRK-096,Rute-E,Cikarang Industrial Hub,395.5,1200,11.85,1.0,54.8,DELIVERED,YES,DOCK-06
2026-07-10 13:18:00,TRK-103,Rute-G,Grogol Hub (Jakbar),396.2,1200,12.26,1.1,55.3,IN_TRANSIT,YES,DOCK-07
2026-07-11 17:31:00,TRK-110,Rute-I,Depok Hub,396.9,1200,12.67,1.3,55.9,IDLE_DOCK,YES,DOCK-08
2026-07-12 07:44:00,TRK-117,Rute-K,Gudang West (Tangerang),397.6,1200,13.08,1.4,56.4,LOADED,YES,DOCK-09
2026-07-13 11:57:00,TRK-124,Rute-M,Petamburan Hub,398.3,1200,13.49,1.6,57.0,QUEUED,NO,DOCK-10
2026-07-14 15:10:00,TRK-131,Rute-O,Bogor Transit Hub,399.0,1200,13.9,1.7,57.5,DELIVERED,YES,DOCK-11
2026-07-15 05:23:00,TRK-138,Rute-Q,Central Hub (Jakarta),399.7,1200,14.31,1.8,58.1,IN_TRANSIT,YES,DOCK-12
2026-07-16 09:36:00,TRK-145,Rute-A,Bekasi Logistics Hub,400.4,1200,14.72,2.0,58.6,IDLE_DOCK,YES,DOCK-01
2026-07-17 13:49:00,TRK-152,Rute-C,Cikarang Industrial Hub,401.1,1200,15.13,2.1,59.2,LOADED,YES,DOCK-02
2026-07-18 17:02:00,TRK-159,Rute-E,Grogol Hub (Jakbar),401.8,1200,15.54,2.3,59.7,QUEUED,NO,DOCK-03
2026-07-19 07:15:00,TRK-166,Rute-G,Depok Hub,402.5,1200,15.95,2.4,60.3,DELIVERED,YES,DOCK-04
2026-07-20 11:28:00,TRK-173,Rute-I,Gudang West (Tangerang),403.2,1200,16.36,2.5,60.8,IN_TRANSIT,YES,DOCK-05
2026-07-21 15:41:00,TRK-180,Rute-K,Petamburan Hub,403.9,1200,16.77,2.7,61.4,IDLE_DOCK,YES,DOCK-06
2026-07-22 05:54:00,TRK-007,Rute-M,Bogor Transit Hub,404.6,1200,17.18,2.8,61.9,LOADED,YES,DOCK-07
2026-07-23 09:07:00,TRK-014,Rute-O,Central Hub (Jakarta),405.3,1200,17.59,3.0,62.5,QUEUED,NO,DOCK-08
2026-07-24 13:20:00,TRK-021,Rute-Q,Bekasi Logistics Hub,406.0,1200,18.0,0.3,63.0,DELIVERED,YES,DOCK-09
2026-07-25 17:33:00,TRK-028,Rute-A,Cikarang Industrial Hub,406.7,1200,18.41,0.4,63.6,IN_TRANSIT,YES,DOCK-10
2026-07-26 07:46:00,TRK-035,Rute-C,Grogol Hub (Jakbar),407.4,1200,18.82,0.6,64.1,IDLE_DOCK,YES,DOCK-11
2026-07-27 11:59:00,TRK-042,Rute-E,Depok Hub,408.1,1200,19.23,0.7,64.7,LOADED,YES,DOCK-12
2026-07-28 15:12:00,TRK-049,Rute-G,Gudang West (Tangerang),408.8,1200,19.64,0.9,65.2,QUEUED,NO,DOCK-01
2026-07-29 05:25:00,TRK-056,Rute-I,Petamburan Hub,409.5,1200,20.05,1.0,65.8,DELIVERED,YES,DOCK-02
2026-07-30 09:38:00,TRK-063,Rute-K,Bogor Transit Hub,410.2,1200,20.46,1.1,66.3,IN_TRANSIT,YES,DOCK-03
2026-07-31 13:51:00,TRK-070,Rute-M,Central Hub (Jakarta),410.9,1200,20.87,1.3,66.8,IDLE_DOCK,YES,DOCK-04
2026-07-01 17:04:00,TRK-077,Rute-O,Bekasi Logistics Hub,411.6,1200,21.28,1.4,67.4,LOADED,YES,DOCK-05
2026-07-02 07:17:00,TRK-084,Rute-Q,Cikarang Industrial Hub,412.3,1200,21.69,1.6,68.0,QUEUED,NO,DOCK-06
2026-07-03 11:30:00,TRK-091,Rute-A,Grogol Hub (Jakbar),413.0,1200,22.1,1.7,68.5,DELIVERED,YES,DOCK-07
2026-07-04 15:43:00,TRK-098,Rute-C,Depok Hub,413.7,1200,22.51,1.8,69.1,IN_TRANSIT,YES,DOCK-08
2026-07-05 05:56:00,TRK-105,Rute-E,Gudang West (Tangerang),414.4,1200,22.92,2.0,69.6,IDLE_DOCK,YES,DOCK-09
2026-07-06 09:09:00,TRK-112,Rute-G,Petamburan Hub,415.1,1200,23.33,2.1,70.2,LOADED,YES,DOCK-10
2026-07-07 13:22:00,TRK-119,Rute-I,Bogor Transit Hub,415.8,1200,23.74,2.3,70.7,QUEUED,NO,DOCK-11
2026-07-08 17:35:00,TRK-126,Rute-K,Central Hub (Jakarta),416.5,1200,24.15,2.4,71.2,DELIVERED,YES,DOCK-12
2026-07-09 07:48:00,TRK-133,Rute-M,Bekasi Logistics Hub,417.2,1200,24.56,2.5,71.8,IN_TRANSIT,YES,DOCK-01
2026-07-10 11:01:00,TRK-140,Rute-O,Cikarang Industrial Hub,417.9,1200,24.97,2.7,72.4,IDLE_DOCK,YES,DOCK-02
2026-07-11 15:14:00,TRK-147,Rute-Q,Grogol Hub (Jakbar),418.6,1200,25.38,2.8,72.9,LOADED,YES,DOCK-03
2026-07-12 05:27:00,TRK-154,Rute-A,Depok Hub,419.3,1200,25.79,3.0,73.5,QUEUED,NO,DOCK-04
2026-07-13 09:40:00,TRK-161,Rute-C,Gudang West (Tangerang),420.0,1200,9.8,0.3,74.0,DELIVERED,YES,DOCK-05
2026-07-14 13:53:00,TRK-168,Rute-E,Petamburan Hub,420.7,1200,10.21,0.4,74.6,IN_TRANSIT,YES,DOCK-06
2026-07-15 17:06:00,TRK-175,Rute-G,Bogor Transit Hub,421.4,1200,10.62,0.6,75.1,IDLE_DOCK,YES,DOCK-07
2026-07-16 07:19:00,TRK-002,Rute-I,Central Hub (Jakarta),422.1,1200,11.03,0.7,75.7,LOADED,YES,DOCK-08
2026-07-17 11:32:00,TRK-009,Rute-K,Bekasi Logistics Hub,422.8,1200,11.44,0.9,76.2,QUEUED,NO,DOCK-09
2026-07-18 15:45:00,TRK-016,Rute-M,Cikarang Industrial Hub,423.5,1200,11.85,1.0,76.8,DELIVERED,YES,DOCK-10
2026-07-19 05:58:00,TRK-023,Rute-O,Grogol Hub (Jakbar),424.2,1200,12.26,1.1,77.3,IN_TRANSIT,YES,DOCK-11
2026-07-20 09:11:00,TRK-030,Rute-Q,Depok Hub,424.9,1200,12.67,1.3,77.9,IDLE_DOCK,YES,DOCK-12
2026-07-21 13:24:00,TRK-037,Rute-A,Gudang West (Tangerang),425.6,1200,13.08,1.4,78.4,LOADED,YES,DOCK-01
2026-07-22 17:37:00,TRK-044,Rute-C,Petamburan Hub,426.3,1200,13.49,1.6,79.0,QUEUED,NO,DOCK-02
2026-07-23 07:50:00,TRK-051,Rute-E,Bogor Transit Hub,427.0,1200,13.9,1.7,79.5,DELIVERED,YES,DOCK-03
2026-07-24 11:03:00,TRK-058,Rute-G,Central Hub (Jakarta),427.7,1200,14.31,1.8,80.1,IN_TRANSIT,YES,DOCK-04
2026-07-25 15:16:00,TRK-065,Rute-I,Bekasi Logistics Hub,428.4,1200,14.72,2.0,80.6,IDLE_DOCK,YES,DOCK-05
2026-07-26 05:29:00,TRK-072,Rute-K,Cikarang Industrial Hub,429.1,1200,15.13,2.1,81.2,LOADED,YES,DOCK-06
2026-07-27 09:42:00,TRK-079,Rute-M,Grogol Hub (Jakbar),429.8,1200,15.54,2.3,81.7,QUEUED,NO,DOCK-07
2026-07-28 13:55:00,TRK-086,Rute-O,Depok Hub,430.5,1200,15.95,2.4,82.2,DELIVERED,YES,DOCK-08
2026-07-29 17:08:00,TRK-093,Rute-Q,Gudang West (Tangerang),431.2,1200,16.36,2.5,82.8,IN_TRANSIT,YES,DOCK-09
2026-07-30 07:21:00,TRK-100,Rute-A,Petamburan Hub,431.9,1200,16.77,2.7,83.4,IDLE_DOCK,YES,DOCK-10
2026-07-31 11:34:00,TRK-107,Rute-C,Bogor Transit Hub,432.6,1200,17.18,2.8,83.9,LOADED,YES,DOCK-11
2026-07-01 15:47:00,TRK-114,Rute-E,Central Hub (Jakarta),433.3,1200,17.59,3.0,84.5,QUEUED,NO,DOCK-12
2026-07-02 05:00:00,TRK-121,Rute-G,Bekasi Logistics Hub,434.0,1200,18.0,0.3,85.0,DELIVERED,YES,DOCK-01
2026-07-03 09:13:00,TRK-128,Rute-I,Cikarang Industrial Hub,434.7,1200,18.41,0.4,85.6,IN_TRANSIT,YES,DOCK-02
2026-07-04 13:26:00,TRK-135,Rute-K,Grogol Hub (Jakbar),435.4,1200,18.82,0.6,86.1,IDLE_DOCK,YES,DOCK-03
2026-07-05 17:39:00,TRK-142,Rute-M,Depok Hub,436.1,1200,19.23,0.7,86.7,LOADED,YES,DOCK-04
2026-07-06 07:52:00,TRK-149,Rute-O,Gudang West (Tangerang),436.8,1200,19.64,0.9,87.2,QUEUED,NO,DOCK-05
2026-07-07 11:05:00,TRK-156,Rute-Q,Petamburan Hub,437.5,1200,20.05,1.0,87.8,DELIVERED,YES,DOCK-06
2026-07-08 15:18:00,TRK-163,Rute-A,Bogor Transit Hub,438.2,1200,20.46,1.1,88.3,IN_TRANSIT,YES,DOCK-07
2026-07-09 05:31:00,TRK-170,Rute-C,Central Hub (Jakarta),438.9,1200,20.87,1.3,88.9,IDLE_DOCK,YES,DOCK-08
2026-07-10 09:44:00,TRK-177,Rute-E,Bekasi Logistics Hub,439.6,1200,21.28,1.4,89.4,LOADED,YES,DOCK-09
2026-07-11 13:57:00,TRK-004,Rute-G,Cikarang Industrial Hub,440.3,1200,21.69,1.6,90.0,QUEUED,NO,DOCK-10
2026-07-12 17:10:00,TRK-011,Rute-I,Grogol Hub (Jakbar),441.0,1200,22.1,1.7,90.5,DELIVERED,YES,DOCK-11
2026-07-13 07:23:00,TRK-018,Rute-K,Depok Hub,441.7,1200,22.51,1.8,91.1,IN_TRANSIT,YES,DOCK-12
2026-07-14 11:36:00,TRK-025,Rute-M,Gudang West (Tangerang),442.4,1200,22.92,2.0,91.6,IDLE_DOCK,YES,DOCK-01
2026-07-15 15:49:00,TRK-032,Rute-O,Petamburan Hub,443.1,1200,23.33,2.1,92.2,LOADED,YES,DOCK-02
2026-07-16 05:02:00,TRK-039,Rute-Q,Bogor Transit Hub,443.8,1200,23.74,2.3,92.7,QUEUED,NO,DOCK-03
2026-07-17 09:15:00,TRK-046,Rute-A,Central Hub (Jakarta),444.5,1200,24.15,2.4,93.2,DELIVERED,YES,DOCK-04
2026-07-18 13:28:00,TRK-053,Rute-C,Bekasi Logistics Hub,445.2,1200,24.56,2.5,93.8,IN_TRANSIT,YES,DOCK-05
2026-07-19 17:41:00,TRK-060,Rute-E,Cikarang Industrial Hub,445.9,1200,24.97,2.7,94.4,IDLE_DOCK,YES,DOCK-06
2026-07-20 07:54:00,TRK-067,Rute-G,Grogol Hub (Jakbar),446.6,1200,25.38,2.8,94.9,LOADED,YES,DOCK-07
2026-07-21 11:07:00,TRK-074,Rute-I,Depok Hub,447.3,1200,25.79,3.0,95.5,QUEUED,NO,DOCK-08
2026-07-22 15:20:00,TRK-081,Rute-K,Gudang West (Tangerang),448.0,1200,9.8,0.3,8.0,DELIVERED,YES,DOCK-09
2026-07-23 05:33:00,TRK-088,Rute-M,Petamburan Hub,448.7,1200,10.21,0.4,8.6,IN_TRANSIT,YES,DOCK-10
2026-07-24 09:46:00,TRK-095,Rute-O,Bogor Transit Hub,449.4,1200,10.62,0.6,9.1,IDLE_DOCK,YES,DOCK-11
2026-07-25 13:59:00,TRK-102,Rute-Q,Central Hub (Jakarta),450.1,1200,11.03,0.7,9.7,LOADED,YES,DOCK-12
2026-07-26 17:12:00,TRK-109,Rute-A,Bekasi Logistics Hub,450.8,1200,11.44,0.9,10.2,QUEUED,NO,DOCK-01
2026-07-27 07:25:00,TRK-116,Rute-C,Cikarang Industrial Hub,451.5,1200,11.85,1.0,10.8,DELIVERED,YES,DOCK-02
2026-07-28 11:38:00,TRK-123,Rute-E,Grogol Hub (Jakbar),452.2,1200,12.26,1.1,11.3,IN_TRANSIT,YES,DOCK-03
2026-07-29 15:51:00,TRK-130,Rute-G,Depok Hub,452.9,1200,12.67,1.3,11.9,IDLE_DOCK,YES,DOCK-04
2026-07-30 05:04:00,TRK-137,Rute-I,Gudang West (Tangerang),453.6,1200,13.08,1.4,12.4,LOADED,YES,DOCK-05
2026-07-31 09:17:00,TRK-144,Rute-K,Petamburan Hub,454.3,1200,13.49,1.6,12.9,QUEUED,NO,DOCK-06
2026-07-01 13:30:00,TRK-151,Rute-M,Bogor Transit Hub,455.0,1200,13.9,1.7,13.5,DELIVERED,YES,DOCK-07
2026-07-02 17:43:00,TRK-158,Rute-O,Central Hub (Jakarta),455.7,1200,14.31,1.8,14.1,IN_TRANSIT,YES,DOCK-08
2026-07-03 07:56:00,TRK-165,Rute-Q,Bekasi Logistics Hub,456.4,1200,14.72,2.0,14.6,IDLE_DOCK,YES,DOCK-09
2026-07-04 11:09:00,TRK-172,Rute-A,Cikarang Industrial Hub,457.1,1200,15.13,2.1,15.2,LOADED,YES,DOCK-10
2026-07-05 15:22:00,TRK-179,Rute-C,Grogol Hub (Jakbar),457.8,1200,15.54,2.3,15.7,QUEUED,NO,DOCK-11
2026-07-06 05:35:00,TRK-006,Rute-E,Depok Hub,458.5,1200,15.95,2.4,16.2,DELIVERED,YES,DOCK-12
2026-07-07 09:48:00,TRK-013,Rute-G,Gudang West (Tangerang),459.2,1200,16.36,2.5,16.8,IN_TRANSIT,YES,DOCK-01
2026-07-08 13:01:00,TRK-020,Rute-I,Petamburan Hub,459.9,1200,16.77,2.7,17.4,IDLE_DOCK,YES,DOCK-02
2026-07-09 17:14:00,TRK-027,Rute-K,Bogor Transit Hub,460.6,1200,17.18,2.8,17.9,LOADED,YES,DOCK-03
2026-07-10 07:27:00,TRK-034,Rute-M,Central Hub (Jakarta),461.3,1200,17.59,3.0,18.5,QUEUED,NO,DOCK-04
2026-07-11 11:40:00,TRK-041,Rute-O,Bekasi Logistics Hub,462.0,1200,18.0,0.3,19.0,DELIVERED,YES,DOCK-05
2026-07-12 15:53:00,TRK-048,Rute-Q,Cikarang Industrial Hub,462.7,1200,18.41,0.4,19.6,IN_TRANSIT,YES,DOCK-06
2026-07-13 05:06:00,TRK-055,Rute-A,Grogol Hub (Jakbar),463.4,1200,18.82,0.6,20.1,IDLE_DOCK,YES,DOCK-07
2026-07-14 09:19:00,TRK-062,Rute-C,Depok Hub,464.1,1200,19.23,0.7,20.6,LOADED,YES,DOCK-08
2026-07-15 13:32:00,TRK-069,Rute-E,Gudang West (Tangerang),464.8,1200,19.64,0.9,21.2,QUEUED,NO,DOCK-09
2026-07-16 17:45:00,TRK-076,Rute-G,Petamburan Hub,465.5,1200,20.05,1.0,21.8,DELIVERED,YES,DOCK-10
2026-07-17 07:58:00,TRK-083,Rute-I,Bogor Transit Hub,466.2,1200,20.46,1.1,22.3,IN_TRANSIT,YES,DOCK-11
2026-07-18 11:11:00,TRK-090,Rute-K,Central Hub (Jakarta),466.9,1200,20.87,1.3,22.9,IDLE_DOCK,YES,DOCK-12
2026-07-19 15:24:00,TRK-097,Rute-M,Bekasi Logistics Hub,467.6,1200,21.28,1.4,23.4,LOADED,YES,DOCK-01
2026-07-20 05:37:00,TRK-104,Rute-O,Cikarang Industrial Hub,468.3,1200,21.69,1.6,24.0,QUEUED,NO,DOCK-02
2026-07-21 09:50:00,TRK-111,Rute-Q,Grogol Hub (Jakbar),469.0,1200,22.1,1.7,24.5,DELIVERED,YES,DOCK-03
2026-07-22 13:03:00,TRK-118,Rute-A,Depok Hub,469.7,1200,22.51,1.8,25.1,IN_TRANSIT,YES,DOCK-04
2026-07-23 17:16:00,TRK-125,Rute-C,Gudang West (Tangerang),470.4,1200,22.92,2.0,25.6,IDLE_DOCK,YES,DOCK-05
2026-07-24 07:29:00,TRK-132,Rute-E,Petamburan Hub,471.1,1200,23.33,2.1,26.2,LOADED,YES,DOCK-06
2026-07-25 11:42:00,TRK-139,Rute-G,Bogor Transit Hub,471.8,1200,23.74,2.3,26.7,QUEUED,NO,DOCK-07
2026-07-26 15:55:00,TRK-146,Rute-I,Central Hub (Jakarta),472.5,1200,24.15,2.4,27.2,DELIVERED,YES,DOCK-08
2026-07-27 05:08:00,TRK-153,Rute-K,Bekasi Logistics Hub,473.2,1200,24.56,2.5,27.8,IN_TRANSIT,YES,DOCK-09
2026-07-28 09:21:00,TRK-160,Rute-M,Cikarang Industrial Hub,473.9,1200,24.97,2.7,28.4,IDLE_DOCK,YES,DOCK-10
2026-07-29 13:34:00,TRK-167,Rute-O,Grogol Hub (Jakbar),474.6,1200,25.38,2.8,28.9,LOADED,YES,DOCK-11
2026-07-30 17:47:00,TRK-174,Rute-Q,Depok Hub,475.3,1200,25.79,3.0,29.5,QUEUED,NO,DOCK-12
2026-07-31 07:00:00,TRK-001,Rute-A,Gudang West (Tangerang),476.0,1200,9.8,0.3,30.0,DELIVERED,YES,DOCK-01
2026-07-01 11:13:00,TRK-008,Rute-C,Petamburan Hub,476.7,1200,10.21,0.4,30.6,IN_TRANSIT,YES,DOCK-02
2026-07-02 15:26:00,TRK-015,Rute-E,Bogor Transit Hub,477.4,1200,10.62,0.6,31.1,IDLE_DOCK,YES,DOCK-03
2026-07-03 05:39:00,TRK-022,Rute-G,Central Hub (Jakarta),478.1,1200,11.03,0.7,31.7,LOADED,YES,DOCK-04
2026-07-04 09:52:00,TRK-029,Rute-I,Bekasi Logistics Hub,478.8,1200,11.44,0.9,32.2,QUEUED,NO,DOCK-05
2026-07-05 13:05:00,TRK-036,Rute-K,Cikarang Industrial Hub,479.5,1200,11.85,1.0,32.8,DELIVERED,YES,DOCK-06
2026-07-06 17:18:00,TRK-043,Rute-M,Grogol Hub (Jakbar),480.2,1200,12.26,1.1,33.3,IN_TRANSIT,YES,DOCK-07
2026-07-07 07:31:00,TRK-050,Rute-O,Depok Hub,480.9,1200,12.67,1.3,33.9,IDLE_DOCK,YES,DOCK-08
2026-07-08 11:44:00,TRK-057,Rute-Q,Gudang West (Tangerang),481.6,1200,13.08,1.4,34.4,LOADED,YES,DOCK-09
2026-07-09 15:57:00,TRK-064,Rute-A,Petamburan Hub,482.3,1200,13.49,1.6,35.0,QUEUED,NO,DOCK-10
2026-07-10 05:10:00,TRK-071,Rute-C,Bogor Transit Hub,483.0,1200,13.9,1.7,35.5,DELIVERED,YES,DOCK-11
2026-07-11 09:23:00,TRK-078,Rute-E,Central Hub (Jakarta),483.7,1200,14.31,1.8,36.0,IN_TRANSIT,YES,DOCK-12
2026-07-12 13:36:00,TRK-085,Rute-G,Bekasi Logistics Hub,484.4,1200,14.72,2.0,36.6,IDLE_DOCK,YES,DOCK-01
2026-07-13 17:49:00,TRK-092,Rute-I,Cikarang Industrial Hub,485.1,1200,15.13,2.1,37.2,LOADED,YES,DOCK-02
2026-07-14 07:02:00,TRK-099,Rute-K,Grogol Hub (Jakbar),485.8,1200,15.54,2.3,37.7,QUEUED,NO,DOCK-03
2026-07-15 11:15:00,TRK-106,Rute-M,Depok Hub,486.5,1200,15.95,2.4,38.2,DELIVERED,YES,DOCK-04
2026-07-16 15:28:00,TRK-113,Rute-O,Gudang West (Tangerang),487.2,1200,16.36,2.5,38.8,IN_TRANSIT,YES,DOCK-05
2026-07-17 05:41:00,TRK-120,Rute-Q,Petamburan Hub,487.9,1200,16.77,2.7,39.4,IDLE_DOCK,YES,DOCK-06
2026-07-18 09:54:00,TRK-127,Rute-A,Bogor Transit Hub,488.6,1200,17.18,2.8,39.9,LOADED,YES,DOCK-07
2026-07-19 13:07:00,TRK-134,Rute-C,Central Hub (Jakarta),489.3,1200,17.59,3.0,40.5,QUEUED,NO,DOCK-08
2026-07-20 17:20:00,TRK-141,Rute-E,Bekasi Logistics Hub,490.0,1200,18.0,0.3,41.0,DELIVERED,YES,DOCK-09
2026-07-21 07:33:00,TRK-148,Rute-G,Cikarang Industrial Hub,490.7,1200,18.41,0.4,41.6,IN_TRANSIT,YES,DOCK-10
2026-07-22 11:46:00,TRK-155,Rute-I,Grogol Hub (Jakbar),491.4,1200,18.82,0.6,42.1,IDLE_DOCK,YES,DOCK-11
2026-07-23 15:59:00,TRK-162,Rute-K,Depok Hub,492.1,1200,19.23,0.7,42.7,LOADED,YES,DOCK-12
2026-07-24 05:12:00,TRK-169,Rute-M,Gudang West (Tangerang),492.8,1200,19.64,0.9,43.2,QUEUED,NO,DOCK-01
2026-07-25 09:25:00,TRK-176,Rute-O,Petamburan Hub,493.5,1200,20.05,1.0,43.8,DELIVERED,YES,DOCK-02
2026-07-26 13:38:00,TRK-003,Rute-Q,Bogor Transit Hub,494.2,1200,20.46,1.1,44.3,IN_TRANSIT,YES,DOCK-03
2026-07-27 17:51:00,TRK-010,Rute-A,Central Hub (Jakarta),494.9,1200,20.87,1.3,44.9,IDLE_DOCK,YES,DOCK-04
2026-07-28 07:04:00,TRK-017,Rute-C,Bekasi Logistics Hub,495.6,1200,21.28,1.4,45.4,LOADED,YES,DOCK-05
2026-07-29 11:17:00,TRK-024,Rute-E,Cikarang Industrial Hub,496.3,1200,21.69,1.6,46.0,QUEUED,NO,DOCK-06
2026-07-30 15:30:00,TRK-031,Rute-G,Grogol Hub (Jakbar),497.0,1200,22.1,1.7,46.5,DELIVERED,YES,DOCK-07
2026-07-31 05:43:00,TRK-038,Rute-I,Depok Hub,497.7,1200,22.51,1.8,47.1,IN_TRANSIT,YES,DOCK-08
2026-07-01 09:56:00,TRK-045,Rute-K,Gudang West (Tangerang),498.4,1200,22.92,2.0,47.6,IDLE_DOCK,YES,DOCK-09
2026-07-02 13:09:00,TRK-052,Rute-M,Petamburan Hub,499.1,1200,23.33,2.1,48.2,LOADED,YES,DOCK-10
2026-07-03 17:22:00,TRK-059,Rute-O,Bogor Transit Hub,499.8,1200,23.74,2.3,48.7,QUEUED,NO,DOCK-11
2026-07-04 07:35:00,TRK-066,Rute-Q,Central Hub (Jakarta),500.5,1200,24.15,2.4,49.2,DELIVERED,YES,DOCK-12
2026-07-05 11:48:00,TRK-073,Rute-A,Bekasi Logistics Hub,501.2,1200,24.56,2.5,49.8,IN_TRANSIT,YES,DOCK-01
2026-07-06 15:01:00,TRK-080,Rute-C,Cikarang Industrial Hub,501.9,1200,24.97,2.7,50.4,IDLE_DOCK,YES,DOCK-02
2026-07-07 05:14:00,TRK-087,Rute-E,Grogol Hub (Jakbar),502.6,1200,25.38,2.8,50.9,LOADED,YES,DOCK-03
2026-07-08 09:27:00,TRK-094,Rute-G,Depok Hub,503.3,1200,25.79,3.0,51.5,QUEUED,NO,DOCK-04
2026-07-09 13:40:00,TRK-101,Rute-I,Gudang West (Tangerang),504.0,1200,9.8,0.3,52.0,DELIVERED,YES,DOCK-05
2026-07-10 17:53:00,TRK-108,Rute-K,Petamburan Hub,504.7,1200,10.21,0.4,52.6,IN_TRANSIT,YES,DOCK-06
2026-07-11 07:06:00,TRK-115,Rute-M,Bogor Transit Hub,505.4,1200,10.62,0.6,53.1,IDLE_DOCK,YES,DOCK-07
2026-07-12 11:19:00,TRK-122,Rute-O,Central Hub (Jakarta),506.1,1200,11.03,0.7,53.7,LOADED,YES,DOCK-08
2026-07-13 15:32:00,TRK-129,Rute-Q,Bekasi Logistics Hub,506.8,1200,11.44,0.9,54.2,QUEUED,NO,DOCK-09
2026-07-14 05:45:00,TRK-136,Rute-A,Cikarang Industrial Hub,507.5,1200,11.85,1.0,54.8,DELIVERED,YES,DOCK-10
2026-07-15 09:58:00,TRK-143,Rute-C,Grogol Hub (Jakbar),508.2,1200,12.26,1.1,55.3,IN_TRANSIT,YES,DOCK-11
2026-07-16 13:11:00,TRK-150,Rute-E,Depok Hub,508.9,1200,12.67,1.3,55.9,IDLE_DOCK,YES,DOCK-12
2026-07-17 17:24:00,TRK-157,Rute-G,Gudang West (Tangerang),509.6,1200,13.08,1.4,56.4,LOADED,YES,DOCK-01
2026-07-18 07:37:00,TRK-164,Rute-I,Petamburan Hub,510.3,1200,13.49,1.6,57.0,QUEUED,NO,DOCK-02
2026-07-19 11:50:00,TRK-171,Rute-K,Bogor Transit Hub,511.0,1200,13.9,1.7,57.5,DELIVERED,YES,DOCK-03
2026-07-20 15:03:00,TRK-178,Rute-M,Central Hub (Jakarta),511.7,1200,14.31,1.8,58.1,IN_TRANSIT,YES,DOCK-04
2026-07-21 05:16:00,TRK-005,Rute-O,Bekasi Logistics Hub,512.4,1200,14.72,2.0,58.6,IDLE_DOCK,YES,DOCK-05
2026-07-22 09:29:00,TRK-012,Rute-Q,Cikarang Industrial Hub,513.1,1200,15.13,2.1,59.2,LOADED,YES,DOCK-06
2026-07-23 13:42:00,TRK-019,Rute-A,Grogol Hub (Jakbar),513.8,1200,15.54,2.3,59.7,QUEUED,NO,DOCK-07
2026-07-24 17:55:00,TRK-026,Rute-C,Depok Hub,514.5,1200,15.95,2.4,60.3,DELIVERED,YES,DOCK-08
2026-07-25 07:08:00,TRK-033,Rute-E,Gudang West (Tangerang),515.2,1200,16.36,2.5,60.8,IN_TRANSIT,YES,DOCK-09
2026-07-26 11:21:00,TRK-040,Rute-G,Petamburan Hub,515.9,1200,16.77,2.7,61.4,IDLE_DOCK,YES,DOCK-10
2026-07-27 15:34:00,TRK-047,Rute-I,Bogor Transit Hub,516.6,1200,17.18,2.8,61.9,LOADED,YES,DOCK-11
2026-07-28 05:47:00,TRK-054,Rute-K,Central Hub (Jakarta),517.3,1200,17.59,3.0,62.5,QUEUED,NO,DOCK-12
2026-07-29 09:00:00,TRK-061,Rute-M,Bekasi Logistics Hub,518.0,1200,18.0,0.3,63.0,DELIVERED,YES,DOCK-01
2026-07-30 13:13:00,TRK-068,Rute-O,Cikarang Industrial Hub,518.7,1200,18.41,0.4,63.6,IN_TRANSIT,YES,DOCK-02
2026-07-31 17:26:00,TRK-075,Rute-Q,Grogol Hub (Jakbar),519.4,1200,18.82,0.6,64.1,IDLE_DOCK,YES,DOCK-03
2026-07-01 07:39:00,TRK-082,Rute-A,Depok Hub,520.1,1200,19.23,0.7,64.7,LOADED,YES,DOCK-04
2026-07-02 11:52:00,TRK-089,Rute-C,Gudang West (Tangerang),520.8,1200,19.64,0.9,65.2,QUEUED,NO,DOCK-05
2026-07-03 15:05:00,TRK-096,Rute-E,Petamburan Hub,521.5,1200,20.05,1.0,65.8,DELIVERED,YES,DOCK-06
2026-07-04 05:18:00,TRK-103,Rute-G,Bogor Transit Hub,522.2,1200,20.46,1.1,66.3,IN_TRANSIT,YES,DOCK-07
2026-07-05 09:31:00,TRK-110,Rute-I,Central Hub (Jakarta),522.9,1200,20.87,1.3,66.8,IDLE_DOCK,YES,DOCK-08
2026-07-06 13:44:00,TRK-117,Rute-K,Bekasi Logistics Hub,523.6,1200,21.28,1.4,67.4,LOADED,YES,DOCK-09
2026-07-07 17:57:00,TRK-124,Rute-M,Cikarang Industrial Hub,524.3,1200,21.69,1.6,68.0,QUEUED,NO,DOCK-10
2026-07-08 07:10:00,TRK-131,Rute-O,Grogol Hub (Jakbar),525.0,1200,22.1,1.7,68.5,DELIVERED,YES,DOCK-11
2026-07-09 11:23:00,TRK-138,Rute-Q,Depok Hub,525.7,1200,22.51,1.8,69.1,IN_TRANSIT,YES,DOCK-12
2026-07-10 15:36:00,TRK-145,Rute-A,Gudang West (Tangerang),526.4,1200,22.92,2.0,69.6,IDLE_DOCK,YES,DOCK-01
2026-07-11 05:49:00,TRK-152,Rute-C,Petamburan Hub,527.1,1200,23.33,2.1,70.2,LOADED,YES,DOCK-02
2026-07-12 09:02:00,TRK-159,Rute-E,Bogor Transit Hub,527.8,1200,23.74,2.3,70.7,QUEUED,NO,DOCK-03
2026-07-13 13:15:00,TRK-166,Rute-G,Central Hub (Jakarta),528.5,1200,24.15,2.4,71.2,DELIVERED,YES,DOCK-04
2026-07-14 17:28:00,TRK-173,Rute-I,Bekasi Logistics Hub,529.2,1200,24.56,2.5,71.8,IN_TRANSIT,YES,DOCK-05
2026-07-15 07:41:00,TRK-180,Rute-K,Cikarang Industrial Hub,529.9,1200,24.97,2.7,72.4,IDLE_DOCK,YES,DOCK-06
2026-07-16 11:54:00,TRK-007,Rute-M,Grogol Hub (Jakbar),530.6,1200,25.38,2.8,72.9,LOADED,YES,DOCK-07
2026-07-17 15:07:00,TRK-014,Rute-O,Depok Hub,531.3,1200,25.79,3.0,73.5,QUEUED,NO,DOCK-08
2026-07-18 05:20:00,TRK-021,Rute-Q,Gudang West (Tangerang),532.0,1200,9.8,0.3,74.0,DELIVERED,YES,DOCK-09
2026-07-19 09:33:00,TRK-028,Rute-A,Petamburan Hub,532.7,1200,10.21,0.4,74.6,IN_TRANSIT,YES,DOCK-10
2026-07-20 13:46:00,TRK-035,Rute-C,Bogor Transit Hub,533.4,1200,10.62,0.6,75.1,IDLE_DOCK,YES,DOCK-11
2026-07-21 17:59:00,TRK-042,Rute-E,Central Hub (Jakarta),534.1,1200,11.03,0.7,75.7,LOADED,YES,DOCK-12
2026-07-22 07:12:00,TRK-049,Rute-G,Bekasi Logistics Hub,534.8,1200,11.44,0.9,76.2,QUEUED,NO,DOCK-01
2026-07-23 11:25:00,TRK-056,Rute-I,Cikarang Industrial Hub,535.5,1200,11.85,1.0,76.8,DELIVERED,YES,DOCK-02
2026-07-24 15:38:00,TRK-063,Rute-K,Grogol Hub (Jakbar),536.2,1200,12.26,1.1,77.3,IN_TRANSIT,YES,DOCK-03
2026-07-25 05:51:00,TRK-070,Rute-M,Depok Hub,536.9,1200,12.67,1.3,77.9,IDLE_DOCK,YES,DOCK-04
2026-07-26 09:04:00,TRK-077,Rute-O,Gudang West (Tangerang),537.6,1200,13.08,1.4,78.4,LOADED,YES,DOCK-05
2026-07-27 13:17:00,TRK-084,Rute-Q,Petamburan Hub,538.3,1200,13.49,1.6,79.0,QUEUED,NO,DOCK-06
2026-07-28 17:30:00,TRK-091,Rute-A,Bogor Transit Hub,539.0,1200,13.9,1.7,79.5,DELIVERED,YES,DOCK-07
2026-07-29 07:43:00,TRK-098,Rute-C,Central Hub (Jakarta),539.7,1200,14.31,1.8,80.1,IN_TRANSIT,YES,DOCK-08
2026-07-30 11:56:00,TRK-105,Rute-E,Bekasi Logistics Hub,540.4,1200,14.72,2.0,80.6,IDLE_DOCK,YES,DOCK-09
2026-07-31 15:09:00,TRK-112,Rute-G,Cikarang Industrial Hub,541.1,1200,15.13,2.1,81.2,LOADED,YES,DOCK-10
2026-07-01 05:22:00,TRK-119,Rute-I,Grogol Hub (Jakbar),541.8,1200,15.54,2.3,81.7,QUEUED,NO,DOCK-11
2026-07-02 09:35:00,TRK-126,Rute-K,Depok Hub,542.5,1200,15.95,2.4,82.2,DELIVERED,YES,DOCK-12
2026-07-03 13:48:00,TRK-133,Rute-M,Gudang West (Tangerang),543.2,1200,16.36,2.5,82.8,IN_TRANSIT,YES,DOCK-01
2026-07-04 17:01:00,TRK-140,Rute-O,Petamburan Hub,543.9,1200,16.77,2.7,83.4,IDLE_DOCK,YES,DOCK-02
2026-07-05 07:14:00,TRK-147,Rute-Q,Bogor Transit Hub,544.6,1200,17.18,2.8,83.9,LOADED,YES,DOCK-03
2026-07-06 11:27:00,TRK-154,Rute-A,Central Hub (Jakarta),545.3,1200,17.59,3.0,84.5,QUEUED,NO,DOCK-04
2026-07-07 15:40:00,TRK-161,Rute-C,Bekasi Logistics Hub,546.0,1200,18.0,0.3,85.0,DELIVERED,YES,DOCK-05
2026-07-08 05:53:00,TRK-168,Rute-E,Cikarang Industrial Hub,546.7,1200,18.41,0.4,85.6,IN_TRANSIT,YES,DOCK-06
2026-07-09 09:06:00,TRK-175,Rute-G,Grogol Hub (Jakbar),547.4,1200,18.82,0.6,86.1,IDLE_DOCK,YES,DOCK-07
2026-07-10 13:19:00,TRK-002,Rute-I,Depok Hub,548.1,1200,19.23,0.7,86.7,LOADED,YES,DOCK-08
2026-07-11 17:32:00,TRK-009,Rute-K,Gudang West (Tangerang),548.8,1200,19.64,0.9,87.2,QUEUED,NO,DOCK-09
2026-07-12 07:45:00,TRK-016,Rute-M,Petamburan Hub,549.5,1200,20.05,1.0,87.8,DELIVERED,YES,DOCK-10
2026-07-13 11:58:00,TRK-023,Rute-O,Bogor Transit Hub,550.2,1200,20.46,1.1,88.3,IN_TRANSIT,YES,DOCK-11
2026-07-14 15:11:00,TRK-030,Rute-Q,Central Hub (Jakarta),550.9,1200,20.87,1.3,88.9,IDLE_DOCK,YES,DOCK-12
2026-07-15 05:24:00,TRK-037,Rute-A,Bekasi Logistics Hub,551.6,1200,21.28,1.4,89.4,LOADED,YES,DOCK-01
2026-07-16 09:37:00,TRK-044,Rute-C,Cikarang Industrial Hub,552.3,1200,21.69,1.6,90.0,QUEUED,NO,DOCK-02
2026-07-17 13:50:00,TRK-051,Rute-E,Grogol Hub (Jakbar),553.0,1200,22.1,1.7,90.5,DELIVERED,YES,DOCK-03
2026-07-18 17:03:00,TRK-058,Rute-G,Depok Hub,553.7,1200,22.51,1.8,91.1,IN_TRANSIT,YES,DOCK-04
2026-07-19 07:16:00,TRK-065,Rute-I,Gudang West (Tangerang),554.4,1200,22.92,2.0,91.6,IDLE_DOCK,YES,DOCK-05
2026-07-20 11:29:00,TRK-072,Rute-K,Petamburan Hub,555.1,1200,23.33,2.1,92.2,LOADED,YES,DOCK-06
2026-07-21 15:42:00,TRK-079,Rute-M,Bogor Transit Hub,555.8,1200,23.74,2.3,92.7,QUEUED,NO,DOCK-07
2026-07-22 05:55:00,TRK-086,Rute-O,Central Hub (Jakarta),556.5,1200,24.15,2.4,93.2,DELIVERED,YES,DOCK-08
2026-07-23 09:08:00,TRK-093,Rute-Q,Bekasi Logistics Hub,557.2,1200,24.56,2.5,93.8,IN_TRANSIT,YES,DOCK-09
2026-07-24 13:21:00,TRK-100,Rute-A,Cikarang Industrial Hub,557.9,1200,24.97,2.7,94.4,IDLE_DOCK,YES,DOCK-10
2026-07-25 17:34:00,TRK-107,Rute-C,Grogol Hub (Jakbar),558.6,1200,25.38,2.8,94.9,LOADED,YES,DOCK-11
2026-07-26 07:47:00,TRK-114,Rute-E,Depok Hub,559.3,1200,25.79,3.0,95.5,QUEUED,NO,DOCK-12
2026-07-27 11:00:00,TRK-121,Rute-G,Gudang West (Tangerang),560.0,1200,9.8,0.3,8.0,DELIVERED,YES,DOCK-01
2026-07-28 15:13:00,TRK-128,Rute-I,Petamburan Hub,560.7,1200,10.21,0.4,8.6,IN_TRANSIT,YES,DOCK-02
2026-07-29 05:26:00,TRK-135,Rute-K,Bogor Transit Hub,561.4,1200,10.62,0.6,9.1,IDLE_DOCK,YES,DOCK-03
2026-07-30 09:39:00,TRK-142,Rute-M,Central Hub (Jakarta),562.1,1200,11.03,0.7,9.7,LOADED,YES,DOCK-04
2026-07-31 13:52:00,TRK-149,Rute-O,Bekasi Logistics Hub,562.8,1200,11.44,0.9,10.2,QUEUED,NO,DOCK-05
2026-07-01 17:05:00,TRK-156,Rute-Q,Cikarang Industrial Hub,563.5,1200,11.85,1.0,10.8,DELIVERED,YES,DOCK-06
2026-07-02 07:18:00,TRK-163,Rute-A,Grogol Hub (Jakbar),564.2,1200,12.26,1.1,11.3,IN_TRANSIT,YES,DOCK-07
2026-07-03 11:31:00,TRK-170,Rute-C,Depok Hub,564.9,1200,12.67,1.3,11.9,IDLE_DOCK,YES,DOCK-08
2026-07-04 15:44:00,TRK-177,Rute-E,Gudang West (Tangerang),565.6,1200,13.08,1.4,12.4,LOADED,YES,DOCK-09
2026-07-05 05:57:00,TRK-004,Rute-G,Petamburan Hub,566.3,1200,13.49,1.6,12.9,QUEUED,NO,DOCK-10
2026-07-06 09:10:00,TRK-011,Rute-I,Bogor Transit Hub,567.0,1200,13.9,1.7,13.5,DELIVERED,YES,DOCK-11
2026-07-07 13:23:00,TRK-018,Rute-K,Central Hub (Jakarta),567.7,1200,14.31,1.8,14.1,IN_TRANSIT,YES,DOCK-12
2026-07-08 17:36:00,TRK-025,Rute-M,Bekasi Logistics Hub,568.4,1200,14.72,2.0,14.6,IDLE_DOCK,YES,DOCK-01
2026-07-09 07:49:00,TRK-032,Rute-O,Cikarang Industrial Hub,569.1,1200,15.13,2.1,15.2,LOADED,YES,DOCK-02
2026-07-10 11:02:00,TRK-039,Rute-Q,Grogol Hub (Jakbar),569.8,1200,15.54,2.3,15.7,QUEUED,NO,DOCK-03
2026-07-11 15:15:00,TRK-046,Rute-A,Depok Hub,570.5,1200,15.95,2.4,16.2,DELIVERED,YES,DOCK-04
2026-07-12 05:28:00,TRK-053,Rute-C,Gudang West (Tangerang),571.2,1200,16.36,2.5,16.8,IN_TRANSIT,YES,DOCK-05
2026-07-13 09:41:00,TRK-060,Rute-E,Petamburan Hub,571.9,1200,16.77,2.7,17.4,IDLE_DOCK,YES,DOCK-06
2026-07-14 13:54:00,TRK-067,Rute-G,Bogor Transit Hub,572.6,1200,17.18,2.8,17.9,LOADED,YES,DOCK-07
2026-07-15 17:07:00,TRK-074,Rute-I,Central Hub (Jakarta),573.3,1200,17.59,3.0,18.5,QUEUED,NO,DOCK-08
2026-07-16 07:20:00,TRK-081,Rute-K,Bekasi Logistics Hub,574.0,1200,18.0,0.3,19.0,DELIVERED,YES,DOCK-09
2026-07-17 11:33:00,TRK-088,Rute-M,Cikarang Industrial Hub,574.7,1200,18.41,0.4,19.6,IN_TRANSIT,YES,DOCK-10
2026-07-18 15:46:00,TRK-095,Rute-O,Grogol Hub (Jakbar),575.4,1200,18.82,0.6,20.1,IDLE_DOCK,YES,DOCK-11
2026-07-19 05:59:00,TRK-102,Rute-Q,Depok Hub,576.1,1200,19.23,0.7,20.6,LOADED,YES,DOCK-12
2026-07-20 09:12:00,TRK-109,Rute-A,Gudang West (Tangerang),576.8,1200,19.64,0.9,21.2,QUEUED,NO,DOCK-01
2026-07-21 13:25:00,TRK-116,Rute-C,Petamburan Hub,577.5,1200,20.05,1.0,21.8,DELIVERED,YES,DOCK-02
2026-07-22 17:38:00,TRK-123,Rute-E,Bogor Transit Hub,578.2,1200,20.46,1.1,22.3,IN_TRANSIT,YES,DOCK-03
2026-07-23 07:51:00,TRK-130,Rute-G,Central Hub (Jakarta),578.9,1200,20.87,1.3,22.9,IDLE_DOCK,YES,DOCK-04
2026-07-24 11:04:00,TRK-137,Rute-I,Bekasi Logistics Hub,579.6,1200,21.28,1.4,23.4,LOADED,YES,DOCK-05
2026-07-25 15:17:00,TRK-144,Rute-K,Cikarang Industrial Hub,580.3,1200,21.69,1.6,24.0,QUEUED,NO,DOCK-06
2026-07-26 05:30:00,TRK-151,Rute-M,Grogol Hub (Jakbar),581.0,1200,22.1,1.7,24.5,DELIVERED,YES,DOCK-07
2026-07-27 09:43:00,TRK-158,Rute-O,Depok Hub,581.7,1200,22.51,1.8,25.1,IN_TRANSIT,YES,DOCK-08
2026-07-28 13:56:00,TRK-165,Rute-Q,Gudang West (Tangerang),582.4,1200,22.92,2.0,25.6,IDLE_DOCK,YES,DOCK-09
2026-07-29 17:09:00,TRK-172,Rute-A,Petamburan Hub,583.1,1200,23.33,2.1,26.2,LOADED,YES,DOCK-10
2026-07-30 07:22:00,TRK-179,Rute-C,Bogor Transit Hub,583.8,1200,23.74,2.3,26.7,QUEUED,NO,DOCK-11
2026-07-31 11:35:00,TRK-006,Rute-E,Central Hub (Jakarta),584.5,1200,24.15,2.4,27.2,DELIVERED,YES,DOCK-12
2026-07-01 15:48:00,TRK-013,Rute-G,Bekasi Logistics Hub,585.2,1200,24.56,2.5,27.8,IN_TRANSIT,YES,DOCK-01
2026-07-02 05:01:00,TRK-020,Rute-I,Cikarang Industrial Hub,585.9,1200,24.97,2.7,28.4,IDLE_DOCK,YES,DOCK-02
2026-07-03 09:14:00,TRK-027,Rute-K,Grogol Hub (Jakbar),586.6,1200,25.38,2.8,28.9,LOADED,YES,DOCK-03
2026-07-04 13:27:00,TRK-034,Rute-M,Depok Hub,587.3,1200,25.79,3.0,29.5,QUEUED,NO,DOCK-04
2026-07-05 17:40:00,TRK-041,Rute-O,Gudang West (Tangerang),588.0,1200,9.8,0.3,30.0,DELIVERED,YES,DOCK-05
2026-07-06 07:53:00,TRK-048,Rute-Q,Petamburan Hub,588.7,1200,10.21,0.4,30.6,IN_TRANSIT,YES,DOCK-06
2026-07-07 11:06:00,TRK-055,Rute-A,Bogor Transit Hub,589.4,1200,10.62,0.6,31.1,IDLE_DOCK,YES,DOCK-07
2026-07-08 15:19:00,TRK-062,Rute-C,Central Hub (Jakarta),590.1,1200,11.03,0.7,31.7,LOADED,YES,DOCK-08
2026-07-09 05:32:00,TRK-069,Rute-E,Bekasi Logistics Hub,590.8,1200,11.44,0.9,32.2,QUEUED,NO,DOCK-09
2026-07-10 09:45:00,TRK-076,Rute-G,Cikarang Industrial Hub,591.5,1200,11.85,1.0,32.8,DELIVERED,YES,DOCK-10
2026-07-11 13:58:00,TRK-083,Rute-I,Grogol Hub (Jakbar),592.2,1200,12.26,1.1,33.3,IN_TRANSIT,YES,DOCK-11
2026-07-12 17:11:00,TRK-090,Rute-K,Depok Hub,592.9,1200,12.67,1.3,33.9,IDLE_DOCK,YES,DOCK-12
2026-07-13 07:24:00,TRK-097,Rute-M,Gudang West (Tangerang),593.6,1200,13.08,1.4,34.4,LOADED,YES,DOCK-01
2026-07-14 11:37:00,TRK-104,Rute-O,Petamburan Hub,594.3,1200,13.49,1.6,35.0,QUEUED,NO,DOCK-02
2026-07-15 15:50:00,TRK-111,Rute-Q,Bogor Transit Hub,595.0,1200,13.9,1.7,35.5,DELIVERED,YES,DOCK-03
2026-07-16 05:03:00,TRK-118,Rute-A,Central Hub (Jakarta),595.7,1200,14.31,1.8,36.0,IN_TRANSIT,YES,DOCK-04
2026-07-17 09:16:00,TRK-125,Rute-C,Bekasi Logistics Hub,596.4,1200,14.72,2.0,36.6,IDLE_DOCK,YES,DOCK-05
2026-07-18 13:29:00,TRK-132,Rute-E,Cikarang Industrial Hub,597.1,1200,15.13,2.1,37.2,LOADED,YES,DOCK-06
2026-07-19 17:42:00,TRK-139,Rute-G,Grogol Hub (Jakbar),597.8,1200,15.54,2.3,37.7,QUEUED,NO,DOCK-07
2026-07-20 07:55:00,TRK-146,Rute-I,Depok Hub,598.5,1200,15.95,2.4,38.2,DELIVERED,YES,DOCK-08
2026-07-21 11:08:00,TRK-153,Rute-K,Gudang West (Tangerang),599.2,1200,16.36,2.5,38.8,IN_TRANSIT,YES,DOCK-09
2026-07-22 15:21:00,TRK-160,Rute-M,Petamburan Hub,599.9,1200,16.77,2.7,39.4,IDLE_DOCK,YES,DOCK-10
2026-07-23 05:34:00,TRK-167,Rute-O,Bogor Transit Hub,600.6,1200,17.18,2.8,39.9,LOADED,YES,DOCK-11
2026-07-24 09:47:00,TRK-174,Rute-Q,Central Hub (Jakarta),601.3,1200,17.59,3.0,40.5,QUEUED,NO,DOCK-12
2026-07-25 13:00:00,TRK-001,Rute-A,Bekasi Logistics Hub,602.0,1200,18.0,0.3,41.0,DELIVERED,YES,DOCK-01
2026-07-26 17:13:00,TRK-008,Rute-C,Cikarang Industrial Hub,602.7,1200,18.41,0.4,41.6,IN_TRANSIT,YES,DOCK-02
2026-07-27 07:26:00,TRK-015,Rute-E,Grogol Hub (Jakbar),603.4,1200,18.82,0.6,42.1,IDLE_DOCK,YES,DOCK-03
2026-07-28 11:39:00,TRK-022,Rute-G,Depok Hub,604.1,1200,19.23,0.7,42.7,LOADED,YES,DOCK-04
2026-07-29 15:52:00,TRK-029,Rute-I,Gudang West (Tangerang),604.8,1200,19.64,0.9,43.2,QUEUED,NO,DOCK-05
2026-07-30 05:05:00,TRK-036,Rute-K,Petamburan Hub,605.5,1200,20.05,1.0,43.8,DELIVERED,YES,DOCK-06
2026-07-31 09:18:00,TRK-043,Rute-M,Bogor Transit Hub,606.2,1200,20.46,1.1,44.3,IN_TRANSIT,YES,DOCK-07
2026-07-01 13:31:00,TRK-050,Rute-O,Central Hub (Jakarta),606.9,1200,20.87,1.3,44.9,IDLE_DOCK,YES,DOCK-08
2026-07-02 17:44:00,TRK-057,Rute-Q,Bekasi Logistics Hub,607.6,1200,21.28,1.4,45.4,LOADED,YES,DOCK-09
2026-07-03 07:57:00,TRK-064,Rute-A,Cikarang Industrial Hub,608.3,1200,21.69,1.6,46.0,QUEUED,NO,DOCK-10
2026-07-04 11:10:00,TRK-071,Rute-C,Grogol Hub (Jakbar),609.0,1200,22.1,1.7,46.5,DELIVERED,YES,DOCK-11
2026-07-05 15:23:00,TRK-078,Rute-E,Depok Hub,609.7,1200,22.51,1.8,47.1,IN_TRANSIT,YES,DOCK-12
2026-07-06 05:36:00,TRK-085,Rute-G,Gudang West (Tangerang),610.4,1200,22.92,2.0,47.6,IDLE_DOCK,YES,DOCK-01
2026-07-07 09:49:00,TRK-092,Rute-I,Petamburan Hub,611.1,1200,23.33,2.1,48.2,LOADED,YES,DOCK-02
2026-07-08 13:02:00,TRK-099,Rute-K,Bogor Transit Hub,611.8,1200,23.74,2.3,48.7,QUEUED,NO,DOCK-03
2026-07-09 17:15:00,TRK-106,Rute-M,Central Hub (Jakarta),612.5,1200,24.15,2.4,49.2,DELIVERED,YES,DOCK-04
2026-07-10 07:28:00,TRK-113,Rute-O,Bekasi Logistics Hub,613.2,1200,24.56,2.5,49.8,IN_TRANSIT,YES,DOCK-05
2026-07-11 11:41:00,TRK-120,Rute-Q,Cikarang Industrial Hub,613.9,1200,24.97,2.7,50.4,IDLE_DOCK,YES,DOCK-06
2026-07-12 15:54:00,TRK-127,Rute-A,Grogol Hub (Jakbar),614.6,1200,25.38,2.8,50.9,LOADED,YES,DOCK-07
2026-07-13 05:07:00,TRK-134,Rute-C,Depok Hub,615.3,1200,25.79,3.0,51.5,QUEUED,NO,DOCK-08
2026-07-14 09:20:00,TRK-141,Rute-E,Gudang West (Tangerang),616.0,1200,9.8,0.3,52.0,DELIVERED,YES,DOCK-09
2026-07-15 13:33:00,TRK-148,Rute-G,Petamburan Hub,616.7,1200,10.21,0.4,52.6,IN_TRANSIT,YES,DOCK-10
2026-07-16 17:46:00,TRK-155,Rute-I,Bogor Transit Hub,617.4,1200,10.62,0.6,53.1,IDLE_DOCK,YES,DOCK-11
2026-07-17 07:59:00,TRK-162,Rute-K,Central Hub (Jakarta),618.1,1200,11.03,0.7,53.7,LOADED,YES,DOCK-12
2026-07-18 11:12:00,TRK-169,Rute-M,Bekasi Logistics Hub,618.8,1200,11.44,0.9,54.2,QUEUED,NO,DOCK-01
2026-07-19 15:25:00,TRK-176,Rute-O,Cikarang Industrial Hub,619.5,1200,11.85,1.0,54.8,DELIVERED,YES,DOCK-02
2026-07-20 05:38:00,TRK-003,Rute-Q,Grogol Hub (Jakbar),620.2,1200,12.26,1.1,55.3,IN_TRANSIT,YES,DOCK-03
2026-07-21 09:51:00,TRK-010,Rute-A,Depok Hub,620.9,1200,12.67,1.3,55.9,IDLE_DOCK,YES,DOCK-04
2026-07-22 13:04:00,TRK-017,Rute-C,Gudang West (Tangerang),621.6,1200,13.08,1.4,56.4,LOADED,YES,DOCK-05
2026-07-23 17:17:00,TRK-024,Rute-E,Petamburan Hub,622.3,1200,13.49,1.6,57.0,QUEUED,NO,DOCK-06
2026-07-24 07:30:00,TRK-031,Rute-G,Bogor Transit Hub,623.0,1200,13.9,1.7,57.5,DELIVERED,YES,DOCK-07
2026-07-25 11:43:00,TRK-038,Rute-I,Central Hub (Jakarta),623.7,1200,14.31,1.8,58.1,IN_TRANSIT,YES,DOCK-08
2026-07-26 15:56:00,TRK-045,Rute-K,Bekasi Logistics Hub,624.4,1200,14.72,2.0,58.6,IDLE_DOCK,YES,DOCK-09
2026-07-27 05:09:00,TRK-052,Rute-M,Cikarang Industrial Hub,625.1,1200,15.13,2.1,59.2,LOADED,YES,DOCK-10
2026-07-28 09:22:00,TRK-059,Rute-O,Grogol Hub (Jakbar),625.8,1200,15.54,2.3,59.7,QUEUED,NO,DOCK-11
2026-07-29 13:35:00,TRK-066,Rute-Q,Depok Hub,626.5,1200,15.95,2.4,60.3,DELIVERED,YES,DOCK-12
2026-07-30 17:48:00,TRK-073,Rute-A,Gudang West (Tangerang),627.2,1200,16.36,2.5,60.8,IN_TRANSIT,YES,DOCK-01
2026-07-31 07:01:00,TRK-080,Rute-C,Petamburan Hub,627.9,1200,16.77,2.7,61.4,IDLE_DOCK,YES,DOCK-02
2026-07-01 11:14:00,TRK-087,Rute-E,Bogor Transit Hub,628.6,1200,17.18,2.8,61.9,LOADED,YES,DOCK-03
2026-07-02 15:27:00,TRK-094,Rute-G,Central Hub (Jakarta),629.3,1200,17.59,3.0,62.5,QUEUED,NO,DOCK-04
2026-07-03 05:40:00,TRK-101,Rute-I,Bekasi Logistics Hub,630.0,1200,18.0,0.3,63.0,DELIVERED,YES,DOCK-05
2026-07-04 09:53:00,TRK-108,Rute-K,Cikarang Industrial Hub,630.7,1200,18.41,0.4,63.6,IN_TRANSIT,YES,DOCK-06
2026-07-05 13:06:00,TRK-115,Rute-M,Grogol Hub (Jakbar),631.4,1200,18.82,0.6,64.1,IDLE_DOCK,YES,DOCK-07
2026-07-06 17:19:00,TRK-122,Rute-O,Depok Hub,632.1,1200,19.23,0.7,64.7,LOADED,YES,DOCK-08
2026-07-07 07:32:00,TRK-129,Rute-Q,Gudang West (Tangerang),632.8,1200,19.64,0.9,65.2,QUEUED,NO,DOCK-09
2026-07-08 11:45:00,TRK-136,Rute-A,Petamburan Hub,633.5,1200,20.05,1.0,65.8,DELIVERED,YES,DOCK-10
2026-07-09 15:58:00,TRK-143,Rute-C,Bogor Transit Hub,634.2,1200,20.46,1.1,66.3,IN_TRANSIT,YES,DOCK-11
2026-07-10 05:11:00,TRK-150,Rute-E,Central Hub (Jakarta),634.9,1200,20.87,1.3,66.8,IDLE_DOCK,YES,DOCK-12
2026-07-11 09:24:00,TRK-157,Rute-G,Bekasi Logistics Hub,635.6,1200,21.28,1.4,67.4,LOADED,YES,DOCK-01
2026-07-12 13:37:00,TRK-164,Rute-I,Cikarang Industrial Hub,636.3,1200,21.69,1.6,68.0,QUEUED,NO,DOCK-02
2026-07-13 17:50:00,TRK-171,Rute-K,Grogol Hub (Jakbar),637.0,1200,22.1,1.7,68.5,DELIVERED,YES,DOCK-03
2026-07-14 07:03:00,TRK-178,Rute-M,Depok Hub,637.7,1200,22.51,1.8,69.1,IN_TRANSIT,YES,DOCK-04
2026-07-15 11:16:00,TRK-005,Rute-O,Gudang West (Tangerang),638.4,1200,22.92,2.0,69.6,IDLE_DOCK,YES,DOCK-05
2026-07-16 15:29:00,TRK-012,Rute-Q,Petamburan Hub,639.1,1200,23.33,2.1,70.2,LOADED,YES,DOCK-06
2026-07-17 05:42:00,TRK-019,Rute-A,Bogor Transit Hub,639.8,1200,23.74,2.3,70.7,QUEUED,NO,DOCK-07
2026-07-18 09:55:00,TRK-026,Rute-C,Central Hub (Jakarta),640.5,1200,24.15,2.4,71.2,DELIVERED,YES,DOCK-08
2026-07-19 13:08:00,TRK-033,Rute-E,Bekasi Logistics Hub,641.2,1200,24.56,2.5,71.8,IN_TRANSIT,YES,DOCK-09
2026-07-20 17:21:00,TRK-040,Rute-G,Cikarang Industrial Hub,641.9,1200,24.97,2.7,72.4,IDLE_DOCK,YES,DOCK-10
2026-07-21 07:34:00,TRK-047,Rute-I,Grogol Hub (Jakbar),642.6,1200,25.38,2.8,72.9,LOADED,YES,DOCK-11
2026-07-22 11:47:00,TRK-054,Rute-K,Depok Hub,643.3,1200,25.79,3.0,73.5,QUEUED,NO,DOCK-12
2026-07-23 15:00:00,TRK-061,Rute-M,Gudang West (Tangerang),644.0,1200,9.8,0.3,74.0,DELIVERED,YES,DOCK-01
2026-07-24 05:13:00,TRK-068,Rute-O,Petamburan Hub,644.7,1200,10.21,0.4,74.6,IN_TRANSIT,YES,DOCK-02
2026-07-25 09:26:00,TRK-075,Rute-Q,Bogor Transit Hub,645.4,1200,10.62,0.6,75.1,IDLE_DOCK,YES,DOCK-03
2026-07-26 13:39:00,TRK-082,Rute-A,Central Hub (Jakarta),646.1,1200,11.03,0.7,75.7,LOADED,YES,DOCK-04
2026-07-27 17:52:00,TRK-089,Rute-C,Bekasi Logistics Hub,646.8,1200,11.44,0.9,76.2,QUEUED,NO,DOCK-05
2026-07-28 07:05:00,TRK-096,Rute-E,Cikarang Industrial Hub,647.5,1200,11.85,1.0,76.8,DELIVERED,YES,DOCK-06
2026-07-29 11:18:00,TRK-103,Rute-G,Grogol Hub (Jakbar),648.2,1200,12.26,1.1,77.3,IN_TRANSIT,YES,DOCK-07
2026-07-30 15:31:00,TRK-110,Rute-I,Depok Hub,648.9,1200,12.67,1.3,77.9,IDLE_DOCK,YES,DOCK-08
2026-07-31 05:44:00,TRK-117,Rute-K,Gudang West (Tangerang),649.6,1200,13.08,1.4,78.4,LOADED,YES,DOCK-09
2026-07-01 09:57:00,TRK-124,Rute-M,Petamburan Hub,650.3,1200,13.49,1.6,79.0,QUEUED,NO,DOCK-10
2026-07-02 13:10:00,TRK-131,Rute-O,Bogor Transit Hub,651.0,1200,13.9,1.7,79.5,DELIVERED,YES,DOCK-11
2026-07-03 17:23:00,TRK-138,Rute-Q,Central Hub (Jakarta),651.7,1200,14.31,1.8,80.1,IN_TRANSIT,YES,DOCK-12
2026-07-04 07:36:00,TRK-145,Rute-A,Bekasi Logistics Hub,652.4,1200,14.72,2.0,80.6,IDLE_DOCK,YES,DOCK-01
2026-07-05 11:49:00,TRK-152,Rute-C,Cikarang Industrial Hub,653.1,1200,15.13,2.1,81.2,LOADED,YES,DOCK-02
2026-07-06 15:02:00,TRK-159,Rute-E,Grogol Hub (Jakbar),653.8,1200,15.54,2.3,81.7,QUEUED,NO,DOCK-03
2026-07-07 05:15:00,TRK-166,Rute-G,Depok Hub,654.5,1200,15.95,2.4,82.2,DELIVERED,YES,DOCK-04
2026-07-08 09:28:00,TRK-173,Rute-I,Gudang West (Tangerang),655.2,1200,16.36,2.5,82.8,IN_TRANSIT,YES,DOCK-05
2026-07-09 13:41:00,TRK-180,Rute-K,Petamburan Hub,655.9,1200,16.77,2.7,83.4,IDLE_DOCK,YES,DOCK-06
2026-07-10 17:54:00,TRK-007,Rute-M,Bogor Transit Hub,656.6,1200,17.18,2.8,83.9,LOADED,YES,DOCK-07
2026-07-11 07:07:00,TRK-014,Rute-O,Central Hub (Jakarta),657.3,1200,17.59,3.0,84.5,QUEUED,NO,DOCK-08
2026-07-12 11:20:00,TRK-021,Rute-Q,Bekasi Logistics Hub,658.0,1200,18.0,0.3,85.0,DELIVERED,YES,DOCK-09
2026-07-13 15:33:00,TRK-028,Rute-A,Cikarang Industrial Hub,658.7,1200,18.41,0.4,85.6,IN_TRANSIT,YES,DOCK-10
2026-07-14 05:46:00,TRK-035,Rute-C,Grogol Hub (Jakbar),659.4,1200,18.82,0.6,86.1,IDLE_DOCK,YES,DOCK-11
2026-07-15 09:59:00,TRK-042,Rute-E,Depok Hub,660.1,1200,19.23,0.7,86.7,LOADED,YES,DOCK-12
2026-07-16 13:12:00,TRK-049,Rute-G,Gudang West (Tangerang),660.8,1200,19.64,0.9,87.2,QUEUED,NO,DOCK-01
2026-07-17 17:25:00,TRK-056,Rute-I,Petamburan Hub,661.5,1200,20.05,1.0,87.8,DELIVERED,YES,DOCK-02
2026-07-18 07:38:00,TRK-063,Rute-K,Bogor Transit Hub,662.2,1200,20.46,1.1,88.3,IN_TRANSIT,YES,DOCK-03
2026-07-19 11:51:00,TRK-070,Rute-M,Central Hub (Jakarta),662.9,1200,20.87,1.3,88.9,IDLE_DOCK,YES,DOCK-04
2026-07-20 15:04:00,TRK-077,Rute-O,Bekasi Logistics Hub,663.6,1200,21.28,1.4,89.4,LOADED,YES,DOCK-05
2026-07-21 05:17:00,TRK-084,Rute-Q,Cikarang Industrial Hub,664.3,1200,21.69,1.6,90.0,QUEUED,NO,DOCK-06
2026-07-22 09:30:00,TRK-091,Rute-A,Grogol Hub (Jakbar),665.0,1200,22.1,1.7,90.5,DELIVERED,YES,DOCK-07
2026-07-23 13:43:00,TRK-098,Rute-C,Depok Hub,665.7,1200,22.51,1.8,91.1,IN_TRANSIT,YES,DOCK-08
2026-07-24 17:56:00,TRK-105,Rute-E,Gudang West (Tangerang),666.4,1200,22.92,2.0,91.6,IDLE_DOCK,YES,DOCK-09
2026-07-25 07:09:00,TRK-112,Rute-G,Petamburan Hub,667.1,1200,23.33,2.1,92.2,LOADED,YES,DOCK-10
2026-07-26 11:22:00,TRK-119,Rute-I,Bogor Transit Hub,667.8,1200,23.74,2.3,92.7,QUEUED,NO,DOCK-11
2026-07-27 15:35:00,TRK-126,Rute-K,Central Hub (Jakarta),668.5,1200,24.15,2.4,93.2,DELIVERED,YES,DOCK-12
2026-07-28 05:48:00,TRK-133,Rute-M,Bekasi Logistics Hub,669.2,1200,24.56,2.5,93.8,IN_TRANSIT,YES,DOCK-01
2026-07-29 09:01:00,TRK-140,Rute-O,Cikarang Industrial Hub,669.9,1200,24.97,2.7,94.4,IDLE_DOCK,YES,DOCK-02
2026-07-30 13:14:00,TRK-147,Rute-Q,Grogol Hub (Jakbar),670.6,1200,25.38,2.8,94.9,LOADED,YES,DOCK-03
2026-07-31 17:27:00,TRK-154,Rute-A,Depok Hub,671.3,1200,25.79,3.0,95.5,QUEUED,NO,DOCK-04
2026-07-01 07:40:00,TRK-161,Rute-C,Gudang West (Tangerang),672.0,1200,9.8,0.3,8.0,DELIVERED,YES,DOCK-05
2026-07-02 11:53:00,TRK-168,Rute-E,Petamburan Hub,672.7,1200,10.21,0.4,8.6,IN_TRANSIT,YES,DOCK-06
2026-07-03 15:06:00,TRK-175,Rute-G,Bogor Transit Hub,673.4,1200,10.62,0.6,9.1,IDLE_DOCK,YES,DOCK-07
2026-07-04 05:19:00,TRK-002,Rute-I,Central Hub (Jakarta),674.1,1200,11.03,0.7,9.7,LOADED,YES,DOCK-08
2026-07-05 09:32:00,TRK-009,Rute-K,Bekasi Logistics Hub,674.8,1200,11.44,0.9,10.2,QUEUED,NO,DOCK-09
2026-07-06 13:45:00,TRK-016,Rute-M,Cikarang Industrial Hub,675.5,1200,11.85,1.0,10.8,DELIVERED,YES,DOCK-10
2026-07-07 17:58:00,TRK-023,Rute-O,Grogol Hub (Jakbar),676.2,1200,12.26,1.1,11.3,IN_TRANSIT,YES,DOCK-11
2026-07-08 07:11:00,TRK-030,Rute-Q,Depok Hub,676.9,1200,12.67,1.3,11.9,IDLE_DOCK,YES,DOCK-12
2026-07-09 11:24:00,TRK-037,Rute-A,Gudang West (Tangerang),677.6,1200,13.08,1.4,12.4,LOADED,YES,DOCK-01
2026-07-10 15:37:00,TRK-044,Rute-C,Petamburan Hub,678.3,1200,13.49,1.6,12.9,QUEUED,NO,DOCK-02
2026-07-11 05:50:00,TRK-051,Rute-E,Bogor Transit Hub,679.0,1200,13.9,1.7,13.5,DELIVERED,YES,DOCK-03
2026-07-12 09:03:00,TRK-058,Rute-G,Central Hub (Jakarta),679.7,1200,14.31,1.8,14.1,IN_TRANSIT,YES,DOCK-04
2026-07-13 13:16:00,TRK-065,Rute-I,Bekasi Logistics Hub,680.4,1200,14.72,2.0,14.6,IDLE_DOCK,YES,DOCK-05
2026-07-14 17:29:00,TRK-072,Rute-K,Cikarang Industrial Hub,681.1,1200,15.13,2.1,15.2,LOADED,YES,DOCK-06
2026-07-15 07:42:00,TRK-079,Rute-M,Grogol Hub (Jakbar),681.8,1200,15.54,2.3,15.7,QUEUED,NO,DOCK-07
2026-07-16 11:55:00,TRK-086,Rute-O,Depok Hub,682.5,1200,15.95,2.4,16.2,DELIVERED,YES,DOCK-08
2026-07-17 15:08:00,TRK-093,Rute-Q,Gudang West (Tangerang),683.2,1200,16.36,2.5,16.8,IN_TRANSIT,YES,DOCK-09
2026-07-18 05:21:00,TRK-100,Rute-A,Petamburan Hub,683.9,1200,16.77,2.7,17.4,IDLE_DOCK,YES,DOCK-10
2026-07-19 09:34:00,TRK-107,Rute-C,Bogor Transit Hub,684.6,1200,17.18,2.8,17.9,LOADED,YES,DOCK-11
2026-07-20 13:47:00,TRK-114,Rute-E,Central Hub (Jakarta),685.3,1200,17.59,3.0,18.5,QUEUED,NO,DOCK-12
2026-07-21 17:00:00,TRK-121,Rute-G,Bekasi Logistics Hub,686.0,1200,18.0,0.3,19.0,DELIVERED,YES,DOCK-01
2026-07-22 07:13:00,TRK-128,Rute-I,Cikarang Industrial Hub,686.7,1200,18.41,0.4,19.6,IN_TRANSIT,YES,DOCK-02
2026-07-23 11:26:00,TRK-135,Rute-K,Grogol Hub (Jakbar),687.4,1200,18.82,0.6,20.1,IDLE_DOCK,YES,DOCK-03
2026-07-24 15:39:00,TRK-142,Rute-M,Depok Hub,688.1,1200,19.23,0.7,20.6,LOADED,YES,DOCK-04
2026-07-25 05:52:00,TRK-149,Rute-O,Gudang West (Tangerang),688.8,1200,19.64,0.9,21.2,QUEUED,NO,DOCK-05
2026-07-26 09:05:00,TRK-156,Rute-Q,Petamburan Hub,689.5,1200,20.05,1.0,21.8,DELIVERED,YES,DOCK-06
2026-07-27 13:18:00,TRK-163,Rute-A,Bogor Transit Hub,690.2,1200,20.46,1.1,22.3,IN_TRANSIT,YES,DOCK-07
2026-07-28 17:31:00,TRK-170,Rute-C,Central Hub (Jakarta),690.9,1200,20.87,1.3,22.9,IDLE_DOCK,YES,DOCK-08
2026-07-29 07:44:00,TRK-177,Rute-E,Bekasi Logistics Hub,691.6,1200,21.28,1.4,23.4,LOADED,YES,DOCK-09
2026-07-30 11:57:00,TRK-004,Rute-G,Cikarang Industrial Hub,692.3,1200,21.69,1.6,24.0,QUEUED,NO,DOCK-10
2026-07-31 15:10:00,TRK-011,Rute-I,Grogol Hub (Jakbar),693.0,1200,22.1,1.7,24.5,DELIVERED,YES,DOCK-11
2026-07-01 05:23:00,TRK-018,Rute-K,Depok Hub,693.7,1200,22.51,1.8,25.1,IN_TRANSIT,YES,DOCK-12
2026-07-02 09:36:00,TRK-025,Rute-M,Gudang West (Tangerang),694.4,1200,22.92,2.0,25.6,IDLE_DOCK,YES,DOCK-01
2026-07-03 13:49:00,TRK-032,Rute-O,Petamburan Hub,695.1,1200,23.33,2.1,26.2,LOADED,YES,DOCK-02
2026-07-04 17:02:00,TRK-039,Rute-Q,Bogor Transit Hub,695.8,1200,23.74,2.3,26.7,QUEUED,NO,DOCK-03
2026-07-05 07:15:00,TRK-046,Rute-A,Central Hub (Jakarta),696.5,1200,24.15,2.4,27.2,DELIVERED,YES,DOCK-04
2026-07-06 11:28:00,TRK-053,Rute-C,Bekasi Logistics Hub,697.2,1200,24.56,2.5,27.8,IN_TRANSIT,YES,DOCK-05
2026-07-07 15:41:00,TRK-060,Rute-E,Cikarang Industrial Hub,697.9,1200,24.97,2.7,28.4,IDLE_DOCK,YES,DOCK-06
2026-07-08 05:54:00,TRK-067,Rute-G,Grogol Hub (Jakbar),698.6,1200,25.38,2.8,28.9,LOADED,YES,DOCK-07
2026-07-09 09:07:00,TRK-074,Rute-I,Depok Hub,699.3,1200,25.79,3.0,29.5,QUEUED,NO,DOCK-08
2026-07-10 13:20:00,TRK-081,Rute-K,Gudang West (Tangerang),700.0,1200,9.8,0.3,30.0,DELIVERED,YES,DOCK-09
2026-07-11 17:33:00,TRK-088,Rute-M,Petamburan Hub,700.7,1200,10.21,0.4,30.6,IN_TRANSIT,YES,DOCK-10
2026-07-12 07:46:00,TRK-095,Rute-O,Bogor Transit Hub,701.4,1200,10.62,0.6,31.1,IDLE_DOCK,YES,DOCK-11
2026-07-13 11:59:00,TRK-102,Rute-Q,Central Hub (Jakarta),702.1,1200,11.03,0.7,31.7,LOADED,YES,DOCK-12
2026-07-14 15:12:00,TRK-109,Rute-A,Bekasi Logistics Hub,702.8,1200,11.44,0.9,32.2,QUEUED,NO,DOCK-01
2026-07-15 05:25:00,TRK-116,Rute-C,Cikarang Industrial Hub,703.5,1200,11.85,1.0,32.8,DELIVERED,YES,DOCK-02
2026-07-16 09:38:00,TRK-123,Rute-E,Grogol Hub (Jakbar),704.2,1200,12.26,1.1,33.3,IN_TRANSIT,YES,DOCK-03
2026-07-17 13:51:00,TRK-130,Rute-G,Depok Hub,704.9,1200,12.67,1.3,33.9,IDLE_DOCK,YES,DOCK-04
2026-07-18 17:04:00,TRK-137,Rute-I,Gudang West (Tangerang),705.6,1200,13.08,1.4,34.4,LOADED,YES,DOCK-05
2026-07-19 07:17:00,TRK-144,Rute-K,Petamburan Hub,706.3,1200,13.49,1.6,35.0,QUEUED,NO,DOCK-06
2026-07-20 11:30:00,TRK-151,Rute-M,Bogor Transit Hub,707.0,1200,13.9,1.7,35.5,DELIVERED,YES,DOCK-07
2026-07-21 15:43:00,TRK-158,Rute-O,Central Hub (Jakarta),707.7,1200,14.31,1.8,36.0,IN_TRANSIT,YES,DOCK-08
2026-07-22 05:56:00,TRK-165,Rute-Q,Bekasi Logistics Hub,708.4,1200,14.72,2.0,36.6,IDLE_DOCK,YES,DOCK-09
2026-07-23 09:09:00,TRK-172,Rute-A,Cikarang Industrial Hub,709.1,1200,15.13,2.1,37.2,LOADED,YES,DOCK-10
2026-07-24 13:22:00,TRK-179,Rute-C,Grogol Hub (Jakbar),709.8,1200,15.54,2.3,37.7,QUEUED,NO,DOCK-11
2026-07-25 17:35:00,TRK-006,Rute-E,Depok Hub,710.5,1200,15.95,2.4,38.2,DELIVERED,YES,DOCK-12
2026-07-26 07:48:00,TRK-013,Rute-G,Gudang West (Tangerang),711.2,1200,16.36,2.5,38.8,IN_TRANSIT,YES,DOCK-01
2026-07-27 11:01:00,TRK-020,Rute-I,Petamburan Hub,711.9,1200,16.77,2.7,39.4,IDLE_DOCK,YES,DOCK-02
2026-07-28 15:14:00,TRK-027,Rute-K,Bogor Transit Hub,712.6,1200,17.18,2.8,39.9,LOADED,YES,DOCK-03
2026-07-29 05:27:00,TRK-034,Rute-M,Central Hub (Jakarta),713.3,1200,17.59,3.0,40.5,QUEUED,NO,DOCK-04
2026-07-30 09:40:00,TRK-041,Rute-O,Bekasi Logistics Hub,714.0,1200,18.0,0.3,41.0,DELIVERED,YES,DOCK-05
2026-07-31 13:53:00,TRK-048,Rute-Q,Cikarang Industrial Hub,714.7,1200,18.41,0.4,41.6,IN_TRANSIT,YES,DOCK-06
2026-07-01 17:06:00,TRK-055,Rute-A,Grogol Hub (Jakbar),715.4,1200,18.82,0.6,42.1,IDLE_DOCK,YES,DOCK-07
2026-07-02 07:19:00,TRK-062,Rute-C,Depok Hub,716.1,1200,19.23,0.7,42.7,LOADED,YES,DOCK-08
2026-07-03 11:32:00,TRK-069,Rute-E,Gudang West (Tangerang),716.8,1200,19.64,0.9,43.2,QUEUED,NO,DOCK-09
2026-07-04 15:45:00,TRK-076,Rute-G,Petamburan Hub,717.5,1200,20.05,1.0,43.8,DELIVERED,YES,DOCK-10
2026-07-05 05:58:00,TRK-083,Rute-I,Bogor Transit Hub,718.2,1200,20.46,1.1,44.3,IN_TRANSIT,YES,DOCK-11
2026-07-06 09:11:00,TRK-090,Rute-K,Central Hub (Jakarta),718.9,1200,20.87,1.3,44.9,IDLE_DOCK,YES,DOCK-12
2026-07-07 13:24:00,TRK-097,Rute-M,Bekasi Logistics Hub,719.6,1200,21.28,1.4,45.4,LOADED,YES,DOCK-01
2026-07-08 17:37:00,TRK-104,Rute-O,Cikarang Industrial Hub,720.3,1200,21.69,1.6,46.0,QUEUED,NO,DOCK-02
2026-07-09 07:50:00,TRK-111,Rute-Q,Grogol Hub (Jakbar),721.0,1200,22.1,1.7,46.5,DELIVERED,YES,DOCK-03
2026-07-10 11:03:00,TRK-118,Rute-A,Depok Hub,721.7,1200,22.51,1.8,47.1,IN_TRANSIT,YES,DOCK-04
2026-07-11 15:16:00,TRK-125,Rute-C,Gudang West (Tangerang),722.4,1200,22.92,2.0,47.6,IDLE_DOCK,YES,DOCK-05
2026-07-12 05:29:00,TRK-132,Rute-E,Petamburan Hub,723.1,1200,23.33,2.1,48.2,LOADED,YES,DOCK-06
2026-07-13 09:42:00,TRK-139,Rute-G,Bogor Transit Hub,723.8,1200,23.74,2.3,48.7,QUEUED,NO,DOCK-07
2026-07-14 13:55:00,TRK-146,Rute-I,Central Hub (Jakarta),724.5,1200,24.15,2.4,49.2,DELIVERED,YES,DOCK-08
2026-07-15 17:08:00,TRK-153,Rute-K,Bekasi Logistics Hub,725.2,1200,24.56,2.5,49.8,IN_TRANSIT,YES,DOCK-09
2026-07-16 07:21:00,TRK-160,Rute-M,Cikarang Industrial Hub,725.9,1200,24.97,2.7,50.4,IDLE_DOCK,YES,DOCK-10
2026-07-17 11:34:00,TRK-167,Rute-O,Grogol Hub (Jakbar),726.6,1200,25.38,2.8,50.9,LOADED,YES,DOCK-11
2026-07-18 15:47:00,TRK-174,Rute-Q,Depok Hub,727.3,1200,25.79,3.0,51.5,QUEUED,NO,DOCK-12
2026-07-19 05:00:00,TRK-001,Rute-A,Gudang West (Tangerang),728.0,1200,9.8,0.3,52.0,DELIVERED,YES,DOCK-01
2026-07-20 09:13:00,TRK-008,Rute-C,Petamburan Hub,728.7,1200,10.21,0.4,52.6,IN_TRANSIT,YES,DOCK-02
2026-07-21 13:26:00,TRK-015,Rute-E,Bogor Transit Hub,729.4,1200,10.62,0.6,53.1,IDLE_DOCK,YES,DOCK-03
2026-07-22 17:39:00,TRK-022,Rute-G,Central Hub (Jakarta),730.1,1200,11.03,0.7,53.7,LOADED,YES,DOCK-04
2026-07-23 07:52:00,TRK-029,Rute-I,Bekasi Logistics Hub,730.8,1200,11.44,0.9,54.2,QUEUED,NO,DOCK-05
2026-07-24 11:05:00,TRK-036,Rute-K,Cikarang Industrial Hub,731.5,1200,11.85,1.0,54.8,DELIVERED,YES,DOCK-06
2026-07-25 15:18:00,TRK-043,Rute-M,Grogol Hub (Jakbar),732.2,1200,12.26,1.1,55.3,IN_TRANSIT,YES,DOCK-07
2026-07-26 05:31:00,TRK-050,Rute-O,Depok Hub,732.9,1200,12.67,1.3,55.9,IDLE_DOCK,YES,DOCK-08
2026-07-27 09:44:00,TRK-057,Rute-Q,Gudang West (Tangerang),733.6,1200,13.08,1.4,56.4,LOADED,YES,DOCK-09
2026-07-28 13:57:00,TRK-064,Rute-A,Petamburan Hub,734.3,1200,13.49,1.6,57.0,QUEUED,NO,DOCK-10
2026-07-29 17:10:00,TRK-071,Rute-C,Bogor Transit Hub,735.0,1200,13.9,1.7,57.5,DELIVERED,YES,DOCK-11
2026-07-30 07:23:00,TRK-078,Rute-E,Central Hub (Jakarta),735.7,1200,14.31,1.8,58.1,IN_TRANSIT,YES,DOCK-12
2026-07-31 11:36:00,TRK-085,Rute-G,Bekasi Logistics Hub,736.4,1200,14.72,2.0,58.6,IDLE_DOCK,YES,DOCK-01
2026-07-01 15:49:00,TRK-092,Rute-I,Cikarang Industrial Hub,737.1,1200,15.13,2.1,59.2,LOADED,YES,DOCK-02
2026-07-02 05:02:00,TRK-099,Rute-K,Grogol Hub (Jakbar),737.8,1200,15.54,2.3,59.7,QUEUED,NO,DOCK-03
2026-07-03 09:15:00,TRK-106,Rute-M,Depok Hub,738.5,1200,15.95,2.4,60.3,DELIVERED,YES,DOCK-04
2026-07-04 13:28:00,TRK-113,Rute-O,Gudang West (Tangerang),739.2,1200,16.36,2.5,60.8,IN_TRANSIT,YES,DOCK-05
2026-07-05 17:41:00,TRK-120,Rute-Q,Petamburan Hub,739.9,1200,16.77,2.7,61.4,IDLE_DOCK,YES,DOCK-06
2026-07-06 07:54:00,TRK-127,Rute-A,Bogor Transit Hub,740.6,1200,17.18,2.8,61.9,LOADED,YES,DOCK-07
2026-07-07 11:07:00,TRK-134,Rute-C,Central Hub (Jakarta),741.3,1200,17.59,3.0,62.5,QUEUED,NO,DOCK-08
2026-07-08 15:20:00,TRK-141,Rute-E,Bekasi Logistics Hub,742.0,1200,18.0,0.3,63.0,DELIVERED,YES,DOCK-09
2026-07-09 05:33:00,TRK-148,Rute-G,Cikarang Industrial Hub,742.7,1200,18.41,0.4,63.6,IN_TRANSIT,YES,DOCK-10
2026-07-10 09:46:00,TRK-155,Rute-I,Grogol Hub (Jakbar),743.4,1200,18.82,0.6,64.1,IDLE_DOCK,YES,DOCK-11
2026-07-11 13:59:00,TRK-162,Rute-K,Depok Hub,744.1,1200,19.23,0.7,64.7,LOADED,YES,DOCK-12
2026-07-12 17:12:00,TRK-169,Rute-M,Gudang West (Tangerang),744.8,1200,19.64,0.9,65.2,QUEUED,NO,DOCK-01
2026-07-13 07:25:00,TRK-176,Rute-O,Petamburan Hub,745.5,1200,20.05,1.0,65.8,DELIVERED,YES,DOCK-02
2026-07-14 11:38:00,TRK-003,Rute-Q,Bogor Transit Hub,746.2,1200,20.46,1.1,66.3,IN_TRANSIT,YES,DOCK-03
2026-07-15 15:51:00,TRK-010,Rute-A,Central Hub (Jakarta),746.9,1200,20.87,1.3,66.8,IDLE_DOCK,YES,DOCK-04
2026-07-16 05:04:00,TRK-017,Rute-C,Bekasi Logistics Hub,747.6,1200,21.28,1.4,67.4,LOADED,YES,DOCK-05
2026-07-17 09:17:00,TRK-024,Rute-E,Cikarang Industrial Hub,748.3,1200,21.69,1.6,68.0,QUEUED,NO,DOCK-06
2026-07-18 13:30:00,TRK-031,Rute-G,Grogol Hub (Jakbar),749.0,1200,22.1,1.7,68.5,DELIVERED,YES,DOCK-07
2026-07-19 17:43:00,TRK-038,Rute-I,Depok Hub,749.7,1200,22.51,1.8,69.1,IN_TRANSIT,YES,DOCK-08
2026-07-20 07:56:00,TRK-045,Rute-K,Gudang West (Tangerang),750.4,1200,22.92,2.0,69.6,IDLE_DOCK,YES,DOCK-09
2026-07-21 11:09:00,TRK-052,Rute-M,Petamburan Hub,751.1,1200,23.33,2.1,70.2,LOADED,YES,DOCK-10
2026-07-22 15:22:00,TRK-059,Rute-O,Bogor Transit Hub,751.8,1200,23.74,2.3,70.7,QUEUED,NO,DOCK-11
2026-07-23 05:35:00,TRK-066,Rute-Q,Central Hub (Jakarta),752.5,1200,24.15,2.4,71.2,DELIVERED,YES,DOCK-12
2026-07-24 09:48:00,TRK-073,Rute-A,Bekasi Logistics Hub,753.2,1200,24.56,2.5,71.8,IN_TRANSIT,YES,DOCK-01
2026-07-25 13:01:00,TRK-080,Rute-C,Cikarang Industrial Hub,753.9,1200,24.97,2.7,72.4,IDLE_DOCK,YES,DOCK-02
2026-07-26 17:14:00,TRK-087,Rute-E,Grogol Hub (Jakbar),754.6,1200,25.38,2.8,72.9,LOADED,YES,DOCK-03
2026-07-27 07:27:00,TRK-094,Rute-G,Depok Hub,755.3,1200,25.79,3.0,73.5,QUEUED,NO,DOCK-04
2026-07-28 11:40:00,TRK-101,Rute-I,Gudang West (Tangerang),756.0,1200,9.8,0.3,74.0,DELIVERED,YES,DOCK-05
2026-07-29 15:53:00,TRK-108,Rute-K,Petamburan Hub,756.7,1200,10.21,0.4,74.6,IN_TRANSIT,YES,DOCK-06
2026-07-30 05:06:00,TRK-115,Rute-M,Bogor Transit Hub,757.4,1200,10.62,0.6,75.1,IDLE_DOCK,YES,DOCK-07
2026-07-31 09:19:00,TRK-122,Rute-O,Central Hub (Jakarta),758.1,1200,11.03,0.7,75.7,LOADED,YES,DOCK-08
2026-07-01 13:32:00,TRK-129,Rute-Q,Bekasi Logistics Hub,758.8,1200,11.44,0.9,76.2,QUEUED,NO,DOCK-09
2026-07-02 17:45:00,TRK-136,Rute-A,Cikarang Industrial Hub,759.5,1200,11.85,1.0,76.8,DELIVERED,YES,DOCK-10
2026-07-03 07:58:00,TRK-143,Rute-C,Grogol Hub (Jakbar),760.2,1200,12.26,1.1,77.3,IN_TRANSIT,YES,DOCK-11
2026-07-04 11:11:00,TRK-150,Rute-E,Depok Hub,760.9,1200,12.67,1.3,77.9,IDLE_DOCK,YES,DOCK-12
2026-07-05 15:24:00,TRK-157,Rute-G,Gudang West (Tangerang),761.6,1200,13.08,1.4,78.4,LOADED,YES,DOCK-01
2026-07-06 05:37:00,TRK-164,Rute-I,Petamburan Hub,762.3,1200,13.49,1.6,79.0,QUEUED,NO,DOCK-02
2026-07-07 09:50:00,TRK-171,Rute-K,Bogor Transit Hub,763.0,1200,13.9,1.7,79.5,DELIVERED,YES,DOCK-03
2026-07-08 13:03:00,TRK-178,Rute-M,Central Hub (Jakarta),763.7,1200,14.31,1.8,80.1,IN_TRANSIT,YES,DOCK-04
2026-07-09 17:16:00,TRK-005,Rute-O,Bekasi Logistics Hub,764.4,1200,14.72,2.0,80.6,IDLE_DOCK,YES,DOCK-05
2026-07-10 07:29:00,TRK-012,Rute-Q,Cikarang Industrial Hub,765.1,1200,15.13,2.1,81.2,LOADED,YES,DOCK-06
2026-07-11 11:42:00,TRK-019,Rute-A,Grogol Hub (Jakbar),765.8,1200,15.54,2.3,81.7,QUEUED,NO,DOCK-07
2026-07-12 15:55:00,TRK-026,Rute-C,Depok Hub,766.5,1200,15.95,2.4,82.2,DELIVERED,YES,DOCK-08
2026-07-13 05:08:00,TRK-033,Rute-E,Gudang West (Tangerang),767.2,1200,16.36,2.5,82.8,IN_TRANSIT,YES,DOCK-09
2026-07-14 09:21:00,TRK-040,Rute-G,Petamburan Hub,767.9,1200,16.77,2.7,83.4,IDLE_DOCK,YES,DOCK-10
2026-07-15 13:34:00,TRK-047,Rute-I,Bogor Transit Hub,768.6,1200,17.18,2.8,83.9,LOADED,YES,DOCK-11
2026-07-16 17:47:00,TRK-054,Rute-K,Central Hub (Jakarta),769.3,1200,17.59,3.0,84.5,QUEUED,NO,DOCK-12
2026-07-17 07:00:00,TRK-061,Rute-M,Bekasi Logistics Hub,770.0,1200,18.0,0.3,85.0,DELIVERED,YES,DOCK-01
2026-07-18 11:13:00,TRK-068,Rute-O,Cikarang Industrial Hub,770.7,1200,18.41,0.4,85.6,IN_TRANSIT,YES,DOCK-02
2026-07-19 15:26:00,TRK-075,Rute-Q,Grogol Hub (Jakbar),771.4,1200,18.82,0.6,86.1,IDLE_DOCK,YES,DOCK-03
2026-07-20 05:39:00,TRK-082,Rute-A,Depok Hub,772.1,1200,19.23,0.7,86.7,LOADED,YES,DOCK-04
2026-07-21 09:52:00,TRK-089,Rute-C,Gudang West (Tangerang),772.8,1200,19.64,0.9,87.2,QUEUED,NO,DOCK-05
2026-07-22 13:05:00,TRK-096,Rute-E,Petamburan Hub,773.5,1200,20.05,1.0,87.8,DELIVERED,YES,DOCK-06
2026-07-23 17:18:00,TRK-103,Rute-G,Bogor Transit Hub,774.2,1200,20.46,1.1,88.3,IN_TRANSIT,YES,DOCK-07
2026-07-24 07:31:00,TRK-110,Rute-I,Central Hub (Jakarta),774.9,1200,20.87,1.3,88.9,IDLE_DOCK,YES,DOCK-08
2026-07-25 11:44:00,TRK-117,Rute-K,Bekasi Logistics Hub,775.6,1200,21.28,1.4,89.4,LOADED,YES,DOCK-09
2026-07-26 15:57:00,TRK-124,Rute-M,Cikarang Industrial Hub,776.3,1200,21.69,1.6,90.0,QUEUED,NO,DOCK-10
2026-07-27 05:10:00,TRK-131,Rute-O,Grogol Hub (Jakbar),777.0,1200,22.1,1.7,90.5,DELIVERED,YES,DOCK-11
2026-07-28 09:23:00,TRK-138,Rute-Q,Depok Hub,777.7,1200,22.51,1.8,91.1,IN_TRANSIT,YES,DOCK-12
2026-07-29 13:36:00,TRK-145,Rute-A,Gudang West (Tangerang),778.4,1200,22.92,2.0,91.6,IDLE_DOCK,YES,DOCK-01
2026-07-30 17:49:00,TRK-152,Rute-C,Petamburan Hub,779.1,1200,23.33,2.1,92.2,LOADED,YES,DOCK-02
2026-07-31 07:02:00,TRK-159,Rute-E,Bogor Transit Hub,779.8,1200,23.74,2.3,92.7,QUEUED,NO,DOCK-03
2026-07-01 11:15:00,TRK-166,Rute-G,Central Hub (Jakarta),780.5,1200,24.15,2.4,93.2,DELIVERED,YES,DOCK-04
2026-07-02 15:28:00,TRK-173,Rute-I,Bekasi Logistics Hub,781.2,1200,24.56,2.5,93.8,IN_TRANSIT,YES,DOCK-05
2026-07-03 05:41:00,TRK-180,Rute-K,Cikarang Industrial Hub,781.9,1200,24.97,2.7,94.4,IDLE_DOCK,YES,DOCK-06
2026-07-04 09:54:00,TRK-007,Rute-M,Grogol Hub (Jakbar),782.6,1200,25.38,2.8,94.9,LOADED,YES,DOCK-07
2026-07-05 13:07:00,TRK-014,Rute-O,Depok Hub,783.3,1200,25.79,3.0,95.5,QUEUED,NO,DOCK-08
2026-07-06 17:20:00,TRK-021,Rute-Q,Gudang West (Tangerang),784.0,1200,9.8,0.3,8.0,DELIVERED,YES,DOCK-09
2026-07-07 07:33:00,TRK-028,Rute-A,Petamburan Hub,784.7,1200,10.21,0.4,8.6,IN_TRANSIT,YES,DOCK-10
2026-07-08 11:46:00,TRK-035,Rute-C,Bogor Transit Hub,785.4,1200,10.62,0.6,9.1,IDLE_DOCK,YES,DOCK-11
2026-07-09 15:59:00,TRK-042,Rute-E,Central Hub (Jakarta),786.1,1200,11.03,0.7,9.7,LOADED,YES,DOCK-12
2026-07-10 05:12:00,TRK-049,Rute-G,Bekasi Logistics Hub,786.8,1200,11.44,0.9,10.2,QUEUED,NO,DOCK-01
2026-07-11 09:25:00,TRK-056,Rute-I,Cikarang Industrial Hub,787.5,1200,11.85,1.0,10.8,DELIVERED,YES,DOCK-02
2026-07-12 13:38:00,TRK-063,Rute-K,Grogol Hub (Jakbar),788.2,1200,12.26,1.1,11.3,IN_TRANSIT,YES,DOCK-03
2026-07-13 17:51:00,TRK-070,Rute-M,Depok Hub,788.9,1200,12.67,1.3,11.9,IDLE_DOCK,YES,DOCK-04
2026-07-14 07:04:00,TRK-077,Rute-O,Gudang West (Tangerang),789.6,1200,13.08,1.4,12.4,LOADED,YES,DOCK-05
2026-07-15 11:17:00,TRK-084,Rute-Q,Petamburan Hub,790.3,1200,13.49,1.6,12.9,QUEUED,NO,DOCK-06
2026-07-16 15:30:00,TRK-091,Rute-A,Bogor Transit Hub,791.0,1200,13.9,1.7,13.5,DELIVERED,YES,DOCK-07
2026-07-17 05:43:00,TRK-098,Rute-C,Central Hub (Jakarta),791.7,1200,14.31,1.8,14.1,IN_TRANSIT,YES,DOCK-08
2026-07-18 09:56:00,TRK-105,Rute-E,Bekasi Logistics Hub,792.4,1200,14.72,2.0,14.6,IDLE_DOCK,YES,DOCK-09
2026-07-19 13:09:00,TRK-112,Rute-G,Cikarang Industrial Hub,793.1,1200,15.13,2.1,15.2,LOADED,YES,DOCK-10
2026-07-20 17:22:00,TRK-119,Rute-I,Grogol Hub (Jakbar),793.8,1200,15.54,2.3,15.7,QUEUED,NO,DOCK-11
2026-07-21 07:35:00,TRK-126,Rute-K,Depok Hub,794.5,1200,15.95,2.4,16.2,DELIVERED,YES,DOCK-12
2026-07-22 11:48:00,TRK-133,Rute-M,Gudang West (Tangerang),795.2,1200,16.36,2.5,16.8,IN_TRANSIT,YES,DOCK-01
2026-07-23 15:01:00,TRK-140,Rute-O,Petamburan Hub,795.9,1200,16.77,2.7,17.4,IDLE_DOCK,YES,DOCK-02
2026-07-24 05:14:00,TRK-147,Rute-Q,Bogor Transit Hub,796.6,1200,17.18,2.8,17.9,LOADED,YES,DOCK-03
2026-07-25 09:27:00,TRK-154,Rute-A,Central Hub (Jakarta),797.3,1200,17.59,3.0,18.5,QUEUED,NO,DOCK-04
2026-07-26 13:40:00,TRK-161,Rute-C,Bekasi Logistics Hub,798.0,1200,18.0,0.3,19.0,DELIVERED,YES,DOCK-05
2026-07-27 17:53:00,TRK-168,Rute-E,Cikarang Industrial Hub,798.7,1200,18.41,0.4,19.6,IN_TRANSIT,YES,DOCK-06
2026-07-28 07:06:00,TRK-175,Rute-G,Grogol Hub (Jakbar),799.4,1200,18.82,0.6,20.1,IDLE_DOCK,YES,DOCK-07
2026-07-29 11:19:00,TRK-002,Rute-I,Depok Hub,800.1,1200,19.23,0.7,20.6,LOADED,YES,DOCK-08
2026-07-30 15:32:00,TRK-009,Rute-K,Gudang West (Tangerang),800.8,1200,19.64,0.9,21.2,QUEUED,NO,DOCK-09
2026-07-31 05:45:00,TRK-016,Rute-M,Petamburan Hub,801.5,1200,20.05,1.0,21.8,DELIVERED,YES,DOCK-10
2026-07-01 09:58:00,TRK-023,Rute-O,Bogor Transit Hub,802.2,1200,20.46,1.1,22.3,IN_TRANSIT,YES,DOCK-11
2026-07-02 13:11:00,TRK-030,Rute-Q,Central Hub (Jakarta),802.9,1200,20.87,1.3,22.9,IDLE_DOCK,YES,DOCK-12
2026-07-03 17:24:00,TRK-037,Rute-A,Bekasi Logistics Hub,803.6,1200,21.28,1.4,23.4,LOADED,YES,DOCK-01
2026-07-04 07:37:00,TRK-044,Rute-C,Cikarang Industrial Hub,804.3,1200,21.69,1.6,24.0,QUEUED,NO,DOCK-02
2026-07-05 11:50:00,TRK-051,Rute-E,Grogol Hub (Jakbar),805.0,1200,22.1,1.7,24.5,DELIVERED,YES,DOCK-03
2026-07-06 15:03:00,TRK-058,Rute-G,Depok Hub,805.7,1200,22.51,1.8,25.1,IN_TRANSIT,YES,DOCK-04
2026-07-07 05:16:00,TRK-065,Rute-I,Gudang West (Tangerang),806.4,1200,22.92,2.0,25.6,IDLE_DOCK,YES,DOCK-05
2026-07-08 09:29:00,TRK-072,Rute-K,Petamburan Hub,807.1,1200,23.33,2.1,26.2,LOADED,YES,DOCK-06
2026-07-09 13:42:00,TRK-079,Rute-M,Bogor Transit Hub,807.8,1200,23.74,2.3,26.7,QUEUED,NO,DOCK-07
2026-07-10 17:55:00,TRK-086,Rute-O,Central Hub (Jakarta),808.5,1200,24.15,2.4,27.2,DELIVERED,YES,DOCK-08
2026-07-11 07:08:00,TRK-093,Rute-Q,Bekasi Logistics Hub,809.2,1200,24.56,2.5,27.8,IN_TRANSIT,YES,DOCK-09
2026-07-12 11:21:00,TRK-100,Rute-A,Cikarang Industrial Hub,809.9,1200,24.97,2.7,28.4,IDLE_DOCK,YES,DOCK-10
2026-07-13 15:34:00,TRK-107,Rute-C,Grogol Hub (Jakbar),810.6,1200,25.38,2.8,28.9,LOADED,YES,DOCK-11
2026-07-14 05:47:00,TRK-114,Rute-E,Depok Hub,811.3,1200,25.79,3.0,29.5,QUEUED,NO,DOCK-12
2026-07-15 09:00:00,TRK-121,Rute-G,Gudang West (Tangerang),812.0,1200,9.8,0.3,30.0,DELIVERED,YES,DOCK-01
2026-07-16 13:13:00,TRK-128,Rute-I,Petamburan Hub,812.7,1200,10.21,0.4,30.6,IN_TRANSIT,YES,DOCK-02
2026-07-17 17:26:00,TRK-135,Rute-K,Bogor Transit Hub,813.4,1200,10.62,0.6,31.1,IDLE_DOCK,YES,DOCK-03
2026-07-18 07:39:00,TRK-142,Rute-M,Central Hub (Jakarta),814.1,1200,11.03,0.7,31.7,LOADED,YES,DOCK-04
2026-07-19 11:52:00,TRK-149,Rute-O,Bekasi Logistics Hub,814.8,1200,11.44,0.9,32.2,QUEUED,NO,DOCK-05
2026-07-20 15:05:00,TRK-156,Rute-Q,Cikarang Industrial Hub,815.5,1200,11.85,1.0,32.8,DELIVERED,YES,DOCK-06
2026-07-21 05:18:00,TRK-163,Rute-A,Grogol Hub (Jakbar),816.2,1200,12.26,1.1,33.3,IN_TRANSIT,YES,DOCK-07
2026-07-22 09:31:00,TRK-170,Rute-C,Depok Hub,816.9,1200,12.67,1.3,33.9,IDLE_DOCK,YES,DOCK-08
2026-07-23 13:44:00,TRK-177,Rute-E,Gudang West (Tangerang),817.6,1200,13.08,1.4,34.4,LOADED,YES,DOCK-09
2026-07-24 17:57:00,TRK-004,Rute-G,Petamburan Hub,818.3,1200,13.49,1.6,35.0,QUEUED,NO,DOCK-10
2026-07-25 07:10:00,TRK-011,Rute-I,Bogor Transit Hub,819.0,1200,13.9,1.7,35.5,DELIVERED,YES,DOCK-11
2026-07-26 11:23:00,TRK-018,Rute-K,Central Hub (Jakarta),819.7,1200,14.31,1.8,36.0,IN_TRANSIT,YES,DOCK-12
2026-07-27 15:36:00,TRK-025,Rute-M,Bekasi Logistics Hub,820.4,1200,14.72,2.0,36.6,IDLE_DOCK,YES,DOCK-01
2026-07-28 05:49:00,TRK-032,Rute-O,Cikarang Industrial Hub,821.1,1200,15.13,2.1,37.2,LOADED,YES,DOCK-02
2026-07-29 09:02:00,TRK-039,Rute-Q,Grogol Hub (Jakbar),821.8,1200,15.54,2.3,37.7,QUEUED,NO,DOCK-03
2026-07-30 13:15:00,TRK-046,Rute-A,Depok Hub,822.5,1200,15.95,2.4,38.2,DELIVERED,YES,DOCK-04
2026-07-31 17:28:00,TRK-053,Rute-C,Gudang West (Tangerang),823.2,1200,16.36,2.5,38.8,IN_TRANSIT,YES,DOCK-05
2026-07-01 07:41:00,TRK-060,Rute-E,Petamburan Hub,823.9,1200,16.77,2.7,39.4,IDLE_DOCK,YES,DOCK-06
2026-07-02 11:54:00,TRK-067,Rute-G,Bogor Transit Hub,824.6,1200,17.18,2.8,39.9,LOADED,YES,DOCK-07
2026-07-03 15:07:00,TRK-074,Rute-I,Central Hub (Jakarta),825.3,1200,17.59,3.0,40.5,QUEUED,NO,DOCK-08
2026-07-04 05:20:00,TRK-081,Rute-K,Bekasi Logistics Hub,826.0,1200,18.0,0.3,41.0,DELIVERED,YES,DOCK-09
2026-07-05 09:33:00,TRK-088,Rute-M,Cikarang Industrial Hub,826.7,1200,18.41,0.4,41.6,IN_TRANSIT,YES,DOCK-10
2026-07-06 13:46:00,TRK-095,Rute-O,Grogol Hub (Jakbar),827.4,1200,18.82,0.6,42.1,IDLE_DOCK,YES,DOCK-11
2026-07-07 17:59:00,TRK-102,Rute-Q,Depok Hub,828.1,1200,19.23,0.7,42.7,LOADED,YES,DOCK-12
2026-07-08 07:12:00,TRK-109,Rute-A,Gudang West (Tangerang),828.8,1200,19.64,0.9,43.2,QUEUED,NO,DOCK-01
2026-07-09 11:25:00,TRK-116,Rute-C,Petamburan Hub,829.5,1200,20.05,1.0,43.8,DELIVERED,YES,DOCK-02
2026-07-10 15:38:00,TRK-123,Rute-E,Bogor Transit Hub,830.2,1200,20.46,1.1,44.3,IN_TRANSIT,YES,DOCK-03
2026-07-11 05:51:00,TRK-130,Rute-G,Central Hub (Jakarta),830.9,1200,20.87,1.3,44.9,IDLE_DOCK,YES,DOCK-04
2026-07-12 09:04:00,TRK-137,Rute-I,Bekasi Logistics Hub,831.6,1200,21.28,1.4,45.4,LOADED,YES,DOCK-05
2026-07-13 13:17:00,TRK-144,Rute-K,Cikarang Industrial Hub,832.3,1200,21.69,1.6,46.0,QUEUED,NO,DOCK-06
2026-07-14 17:30:00,TRK-151,Rute-M,Grogol Hub (Jakbar),833.0,1200,22.1,1.7,46.5,DELIVERED,YES,DOCK-07
2026-07-15 07:43:00,TRK-158,Rute-O,Depok Hub,833.7,1200,22.51,1.8,47.1,IN_TRANSIT,YES,DOCK-08
2026-07-16 11:56:00,TRK-165,Rute-Q,Gudang West (Tangerang),834.4,1200,22.92,2.0,47.6,IDLE_DOCK,YES,DOCK-09
2026-07-17 15:09:00,TRK-172,Rute-A,Petamburan Hub,835.1,1200,23.33,2.1,48.2,LOADED,YES,DOCK-10
2026-07-18 05:22:00,TRK-179,Rute-C,Bogor Transit Hub,835.8,1200,23.74,2.3,48.7,QUEUED,NO,DOCK-11
2026-07-19 09:35:00,TRK-006,Rute-E,Central Hub (Jakarta),836.5,1200,24.15,2.4,49.2,DELIVERED,YES,DOCK-12
2026-07-20 13:48:00,TRK-013,Rute-G,Bekasi Logistics Hub,837.2,1200,24.56,2.5,49.8,IN_TRANSIT,YES,DOCK-01
2026-07-21 17:01:00,TRK-020,Rute-I,Cikarang Industrial Hub,837.9,1200,24.97,2.7,50.4,IDLE_DOCK,YES,DOCK-02
2026-07-22 07:14:00,TRK-027,Rute-K,Grogol Hub (Jakbar),838.6,1200,25.38,2.8,50.9,LOADED,YES,DOCK-03
2026-07-23 11:27:00,TRK-034,Rute-M,Depok Hub,839.3,1200,25.79,3.0,51.5,QUEUED,NO,DOCK-04
2026-07-24 15:40:00,TRK-041,Rute-O,Gudang West (Tangerang),840.0,1200,9.8,0.3,52.0,DELIVERED,YES,DOCK-05
2026-07-25 05:53:00,TRK-048,Rute-Q,Petamburan Hub,840.7,1200,10.21,0.4,52.6,IN_TRANSIT,YES,DOCK-06
2026-07-26 09:06:00,TRK-055,Rute-A,Bogor Transit Hub,841.4,1200,10.62,0.6,53.1,IDLE_DOCK,YES,DOCK-07
2026-07-27 13:19:00,TRK-062,Rute-C,Central Hub (Jakarta),842.1,1200,11.03,0.7,53.7,LOADED,YES,DOCK-08
2026-07-28 17:32:00,TRK-069,Rute-E,Bekasi Logistics Hub,842.8,1200,11.44,0.9,54.2,QUEUED,NO,DOCK-09
2026-07-29 07:45:00,TRK-076,Rute-G,Cikarang Industrial Hub,843.5,1200,11.85,1.0,54.8,DELIVERED,YES,DOCK-10
2026-07-30 11:58:00,TRK-083,Rute-I,Grogol Hub (Jakbar),844.2,1200,12.26,1.1,55.3,IN_TRANSIT,YES,DOCK-11
2026-07-31 15:11:00,TRK-090,Rute-K,Depok Hub,844.9,1200,12.67,1.3,55.9,IDLE_DOCK,YES,DOCK-12
2026-07-01 05:24:00,TRK-097,Rute-M,Gudang West (Tangerang),845.6,1200,13.08,1.4,56.4,LOADED,YES,DOCK-01
2026-07-02 09:37:00,TRK-104,Rute-O,Petamburan Hub,846.3,1200,13.49,1.6,57.0,QUEUED,NO,DOCK-02
2026-07-03 13:50:00,TRK-111,Rute-Q,Bogor Transit Hub,847.0,1200,13.9,1.7,57.5,DELIVERED,YES,DOCK-03
2026-07-04 17:03:00,TRK-118,Rute-A,Central Hub (Jakarta),847.7,1200,14.31,1.8,58.1,IN_TRANSIT,YES,DOCK-04
2026-07-05 07:16:00,TRK-125,Rute-C,Bekasi Logistics Hub,848.4,1200,14.72,2.0,58.6,IDLE_DOCK,YES,DOCK-05
2026-07-06 11:29:00,TRK-132,Rute-E,Cikarang Industrial Hub,849.1,1200,15.13,2.1,59.2,LOADED,YES,DOCK-06
2026-07-07 15:42:00,TRK-139,Rute-G,Grogol Hub (Jakbar),849.8,1200,15.54,2.3,59.7,QUEUED,NO,DOCK-07
2026-07-08 05:55:00,TRK-146,Rute-I,Depok Hub,850.5,1200,15.95,2.4,60.3,DELIVERED,YES,DOCK-08
2026-07-09 09:08:00,TRK-153,Rute-K,Gudang West (Tangerang),851.2,1200,16.36,2.5,60.8,IN_TRANSIT,YES,DOCK-09
2026-07-10 13:21:00,TRK-160,Rute-M,Petamburan Hub,851.9,1200,16.77,2.7,61.4,IDLE_DOCK,YES,DOCK-10
2026-07-11 17:34:00,TRK-167,Rute-O,Bogor Transit Hub,852.6,1200,17.18,2.8,61.9,LOADED,YES,DOCK-11
2026-07-12 07:47:00,TRK-174,Rute-Q,Central Hub (Jakarta),853.3,1200,17.59,3.0,62.5,QUEUED,NO,DOCK-12
2026-07-13 11:00:00,TRK-001,Rute-A,Bekasi Logistics Hub,854.0,1200,18.0,0.3,63.0,DELIVERED,YES,DOCK-01
2026-07-14 15:13:00,TRK-008,Rute-C,Cikarang Industrial Hub,854.7,1200,18.41,0.4,63.6,IN_TRANSIT,YES,DOCK-02
2026-07-15 05:26:00,TRK-015,Rute-E,Grogol Hub (Jakbar),855.4,1200,18.82,0.6,64.1,IDLE_DOCK,YES,DOCK-03
2026-07-16 09:39:00,TRK-022,Rute-G,Depok Hub,856.1,1200,19.23,0.7,64.7,LOADED,YES,DOCK-04
2026-07-17 13:52:00,TRK-029,Rute-I,Gudang West (Tangerang),856.8,1200,19.64,0.9,65.2,QUEUED,NO,DOCK-05
2026-07-18 17:05:00,TRK-036,Rute-K,Petamburan Hub,857.5,1200,20.05,1.0,65.8,DELIVERED,YES,DOCK-06
2026-07-19 07:18:00,TRK-043,Rute-M,Bogor Transit Hub,858.2,1200,20.46,1.1,66.3,IN_TRANSIT,YES,DOCK-07
2026-07-20 11:31:00,TRK-050,Rute-O,Central Hub (Jakarta),858.9,1200,20.87,1.3,66.8,IDLE_DOCK,YES,DOCK-08
2026-07-21 15:44:00,TRK-057,Rute-Q,Bekasi Logistics Hub,859.6,1200,21.28,1.4,67.4,LOADED,YES,DOCK-09
2026-07-22 05:57:00,TRK-064,Rute-A,Cikarang Industrial Hub,860.3,1200,21.69,1.6,68.0,QUEUED,NO,DOCK-10
2026-07-23 09:10:00,TRK-071,Rute-C,Grogol Hub (Jakbar),861.0,1200,22.1,1.7,68.5,DELIVERED,YES,DOCK-11
2026-07-24 13:23:00,TRK-078,Rute-E,Depok Hub,861.7,1200,22.51,1.8,69.1,IN_TRANSIT,YES,DOCK-12
2026-07-25 17:36:00,TRK-085,Rute-G,Gudang West (Tangerang),862.4,1200,22.92,2.0,69.6,IDLE_DOCK,YES,DOCK-01
2026-07-26 07:49:00,TRK-092,Rute-I,Petamburan Hub,863.1,1200,23.33,2.1,70.2,LOADED,YES,DOCK-02
2026-07-27 11:02:00,TRK-099,Rute-K,Bogor Transit Hub,863.8,1200,23.74,2.3,70.7,QUEUED,NO,DOCK-03
2026-07-28 15:15:00,TRK-106,Rute-M,Central Hub (Jakarta),864.5,1200,24.15,2.4,71.2,DELIVERED,YES,DOCK-04
2026-07-29 05:28:00,TRK-113,Rute-O,Bekasi Logistics Hub,865.2,1200,24.56,2.5,71.8,IN_TRANSIT,YES,DOCK-05
2026-07-30 09:41:00,TRK-120,Rute-Q,Cikarang Industrial Hub,865.9,1200,24.97,2.7,72.4,IDLE_DOCK,YES,DOCK-06
2026-07-31 13:54:00,TRK-127,Rute-A,Grogol Hub (Jakbar),866.6,1200,25.38,2.8,72.9,LOADED,YES,DOCK-07
2026-07-01 17:07:00,TRK-134,Rute-C,Depok Hub,867.3,1200,25.79,3.0,73.5,QUEUED,NO,DOCK-08
2026-07-02 07:20:00,TRK-141,Rute-E,Gudang West (Tangerang),868.0,1200,9.8,0.3,74.0,DELIVERED,YES,DOCK-09
2026-07-03 11:33:00,TRK-148,Rute-G,Petamburan Hub,868.7,1200,10.21,0.4,74.6,IN_TRANSIT,YES,DOCK-10
2026-07-04 15:46:00,TRK-155,Rute-I,Bogor Transit Hub,869.4,1200,10.62,0.6,75.1,IDLE_DOCK,YES,DOCK-11
2026-07-05 05:59:00,TRK-162,Rute-K,Central Hub (Jakarta),870.1,1200,11.03,0.7,75.7,LOADED,YES,DOCK-12
2026-07-06 09:12:00,TRK-169,Rute-M,Bekasi Logistics Hub,870.8,1200,11.44,0.9,76.2,QUEUED,NO,DOCK-01
2026-07-07 13:25:00,TRK-176,Rute-O,Cikarang Industrial Hub,871.5,1200,11.85,1.0,76.8,DELIVERED,YES,DOCK-02
2026-07-08 17:38:00,TRK-003,Rute-Q,Grogol Hub (Jakbar),872.2,1200,12.26,1.1,77.3,IN_TRANSIT,YES,DOCK-03
2026-07-09 07:51:00,TRK-010,Rute-A,Depok Hub,872.9,1200,12.67,1.3,77.9,IDLE_DOCK,YES,DOCK-04
2026-07-10 11:04:00,TRK-017,Rute-C,Gudang West (Tangerang),873.6,1200,13.08,1.4,78.4,LOADED,YES,DOCK-05
2026-07-11 15:17:00,TRK-024,Rute-E,Petamburan Hub,874.3,1200,13.49,1.6,79.0,QUEUED,NO,DOCK-06
2026-07-12 05:30:00,TRK-031,Rute-G,Bogor Transit Hub,875.0,1200,13.9,1.7,79.5,DELIVERED,YES,DOCK-07
2026-07-13 09:43:00,TRK-038,Rute-I,Central Hub (Jakarta),875.7,1200,14.31,1.8,80.1,IN_TRANSIT,YES,DOCK-08
2026-07-14 13:56:00,TRK-045,Rute-K,Bekasi Logistics Hub,876.4,1200,14.72,2.0,80.6,IDLE_DOCK,YES,DOCK-09
2026-07-15 17:09:00,TRK-052,Rute-M,Cikarang Industrial Hub,877.1,1200,15.13,2.1,81.2,LOADED,YES,DOCK-10
2026-07-16 07:22:00,TRK-059,Rute-O,Grogol Hub (Jakbar),877.8,1200,15.54,2.3,81.7,QUEUED,NO,DOCK-11
2026-07-17 11:35:00,TRK-066,Rute-Q,Depok Hub,878.5,1200,15.95,2.4,82.2,DELIVERED,YES,DOCK-12
2026-07-18 15:48:00,TRK-073,Rute-A,Gudang West (Tangerang),879.2,1200,16.36,2.5,82.8,IN_TRANSIT,YES,DOCK-01
2026-07-19 05:01:00,TRK-080,Rute-C,Petamburan Hub,879.9,1200,16.77,2.7,83.4,IDLE_DOCK,YES,DOCK-02
2026-07-20 09:14:00,TRK-087,Rute-E,Bogor Transit Hub,880.6,1200,17.18,2.8,83.9,LOADED,YES,DOCK-03
2026-07-21 13:27:00,TRK-094,Rute-G,Central Hub (Jakarta),881.3,1200,17.59,3.0,84.5,QUEUED,NO,DOCK-04
2026-07-22 17:40:00,TRK-101,Rute-I,Bekasi Logistics Hub,882.0,1200,18.0,0.3,85.0,DELIVERED,YES,DOCK-05
2026-07-23 07:53:00,TRK-108,Rute-K,Cikarang Industrial Hub,882.7,1200,18.41,0.4,85.6,IN_TRANSIT,YES,DOCK-06
2026-07-24 11:06:00,TRK-115,Rute-M,Grogol Hub (Jakbar),883.4,1200,18.82,0.6,86.1,IDLE_DOCK,YES,DOCK-07
2026-07-25 15:19:00,TRK-122,Rute-O,Depok Hub,884.1,1200,19.23,0.7,86.7,LOADED,YES,DOCK-08
2026-07-26 05:32:00,TRK-129,Rute-Q,Gudang West (Tangerang),884.8,1200,19.64,0.9,87.2,QUEUED,NO,DOCK-09
2026-07-27 09:45:00,TRK-136,Rute-A,Petamburan Hub,885.5,1200,20.05,1.0,87.8,DELIVERED,YES,DOCK-10
2026-07-28 13:58:00,TRK-143,Rute-C,Bogor Transit Hub,886.2,1200,20.46,1.1,88.3,IN_TRANSIT,YES,DOCK-11
2026-07-29 17:11:00,TRK-150,Rute-E,Central Hub (Jakarta),886.9,1200,20.87,1.3,88.9,IDLE_DOCK,YES,DOCK-12
2026-07-30 07:24:00,TRK-157,Rute-G,Bekasi Logistics Hub,887.6,1200,21.28,1.4,89.4,LOADED,YES,DOCK-01
2026-07-31 11:37:00,TRK-164,Rute-I,Cikarang Industrial Hub,888.3,1200,21.69,1.6,90.0,QUEUED,NO,DOCK-02
2026-07-01 15:50:00,TRK-171,Rute-K,Grogol Hub (Jakbar),889.0,1200,22.1,1.7,90.5,DELIVERED,YES,DOCK-03
2026-07-02 05:03:00,TRK-178,Rute-M,Depok Hub,889.7,1200,22.51,1.8,91.1,IN_TRANSIT,YES,DOCK-04
2026-07-03 09:16:00,TRK-005,Rute-O,Gudang West (Tangerang),890.4,1200,22.92,2.0,91.6,IDLE_DOCK,YES,DOCK-05
2026-07-04 13:29:00,TRK-012,Rute-Q,Petamburan Hub,891.1,1200,23.33,2.1,92.2,LOADED,YES,DOCK-06
2026-07-05 17:42:00,TRK-019,Rute-A,Bogor Transit Hub,891.8,1200,23.74,2.3,92.7,QUEUED,NO,DOCK-07
2026-07-06 07:55:00,TRK-026,Rute-C,Central Hub (Jakarta),892.5,1200,24.15,2.4,93.2,DELIVERED,YES,DOCK-08
2026-07-07 11:08:00,TRK-033,Rute-E,Bekasi Logistics Hub,893.2,1200,24.56,2.5,93.8,IN_TRANSIT,YES,DOCK-09
2026-07-08 15:21:00,TRK-040,Rute-G,Cikarang Industrial Hub,893.9,1200,24.97,2.7,94.4,IDLE_DOCK,YES,DOCK-10
2026-07-09 05:34:00,TRK-047,Rute-I,Grogol Hub (Jakbar),894.6,1200,25.38,2.8,94.9,LOADED,YES,DOCK-11
2026-07-10 09:47:00,TRK-054,Rute-K,Depok Hub,895.3,1200,25.79,3.0,95.5,QUEUED,NO,DOCK-12
2026-07-11 13:00:00,TRK-061,Rute-M,Gudang West (Tangerang),896.0,1200,9.8,0.3,8.0,DELIVERED,YES,DOCK-01
2026-07-12 17:13:00,TRK-068,Rute-O,Petamburan Hub,896.7,1200,10.21,0.4,8.6,IN_TRANSIT,YES,DOCK-02
2026-07-13 07:26:00,TRK-075,Rute-Q,Bogor Transit Hub,897.4,1200,10.62,0.6,9.1,IDLE_DOCK,YES,DOCK-03
2026-07-14 11:39:00,TRK-082,Rute-A,Central Hub (Jakarta),898.1,1200,11.03,0.7,9.7,LOADED,YES,DOCK-04
2026-07-15 15:52:00,TRK-089,Rute-C,Bekasi Logistics Hub,898.8,1200,11.44,0.9,10.2,QUEUED,NO,DOCK-05
2026-07-16 05:05:00,TRK-096,Rute-E,Cikarang Industrial Hub,899.5,1200,11.85,1.0,10.8,DELIVERED,YES,DOCK-06
2026-07-17 09:18:00,TRK-103,Rute-G,Grogol Hub (Jakbar),900.2,1200,12.26,1.1,11.3,IN_TRANSIT,YES,DOCK-07
2026-07-18 13:31:00,TRK-110,Rute-I,Depok Hub,900.9,1200,12.67,1.3,11.9,IDLE_DOCK,YES,DOCK-08
2026-07-19 17:44:00,TRK-117,Rute-K,Gudang West (Tangerang),901.6,1200,13.08,1.4,12.4,LOADED,YES,DOCK-09
2026-07-20 07:57:00,TRK-124,Rute-M,Petamburan Hub,902.3,1200,13.49,1.6,12.9,QUEUED,NO,DOCK-10
2026-07-21 11:10:00,TRK-131,Rute-O,Bogor Transit Hub,903.0,1200,13.9,1.7,13.5,DELIVERED,YES,DOCK-11
2026-07-22 15:23:00,TRK-138,Rute-Q,Central Hub (Jakarta),903.7,1200,14.31,1.8,14.1,IN_TRANSIT,YES,DOCK-12
2026-07-23 05:36:00,TRK-145,Rute-A,Bekasi Logistics Hub,904.4,1200,14.72,2.0,14.6,IDLE_DOCK,YES,DOCK-01
2026-07-24 09:49:00,TRK-152,Rute-C,Cikarang Industrial Hub,905.1,1200,15.13,2.1,15.2,LOADED,YES,DOCK-02
2026-07-25 13:02:00,TRK-159,Rute-E,Grogol Hub (Jakbar),905.8,1200,15.54,2.3,15.7,QUEUED,NO,DOCK-03
2026-07-26 17:15:00,TRK-166,Rute-G,Depok Hub,906.5,1200,15.95,2.4,16.2,DELIVERED,YES,DOCK-04
2026-07-27 07:28:00,TRK-173,Rute-I,Gudang West (Tangerang),907.2,1200,16.36,2.5,16.8,IN_TRANSIT,YES,DOCK-05
2026-07-28 11:41:00,TRK-180,Rute-K,Petamburan Hub,907.9,1200,16.77,2.7,17.4,IDLE_DOCK,YES,DOCK-06
2026-07-29 15:54:00,TRK-007,Rute-M,Bogor Transit Hub,908.6,1200,17.18,2.8,17.9,LOADED,YES,DOCK-07
2026-07-30 05:07:00,TRK-014,Rute-O,Central Hub (Jakarta),909.3,1200,17.59,3.0,18.5,QUEUED,NO,DOCK-08
2026-07-31 09:20:00,TRK-021,Rute-Q,Bekasi Logistics Hub,910.0,1200,18.0,0.3,19.0,DELIVERED,YES,DOCK-09
2026-07-01 13:33:00,TRK-028,Rute-A,Cikarang Industrial Hub,910.7,1200,18.41,0.4,19.6,IN_TRANSIT,YES,DOCK-10
2026-07-02 17:46:00,TRK-035,Rute-C,Grogol Hub (Jakbar),911.4,1200,18.82,0.6,20.1,IDLE_DOCK,YES,DOCK-11
2026-07-03 07:59:00,TRK-042,Rute-E,Depok Hub,912.1,1200,19.23,0.7,20.6,LOADED,YES,DOCK-12
2026-07-04 11:12:00,TRK-049,Rute-G,Gudang West (Tangerang),912.8,1200,19.64,0.9,21.2,QUEUED,NO,DOCK-01
2026-07-05 15:25:00,TRK-056,Rute-I,Petamburan Hub,913.5,1200,20.05,1.0,21.8,DELIVERED,YES,DOCK-02
2026-07-06 05:38:00,TRK-063,Rute-K,Bogor Transit Hub,914.2,1200,20.46,1.1,22.3,IN_TRANSIT,YES,DOCK-03
2026-07-07 09:51:00,TRK-070,Rute-M,Central Hub (Jakarta),914.9,1200,20.87,1.3,22.9,IDLE_DOCK,YES,DOCK-04
2026-07-08 13:04:00,TRK-077,Rute-O,Bekasi Logistics Hub,915.6,1200,21.28,1.4,23.4,LOADED,YES,DOCK-05
2026-07-09 17:17:00,TRK-084,Rute-Q,Cikarang Industrial Hub,916.3,1200,21.69,1.6,24.0,QUEUED,NO,DOCK-06
2026-07-10 07:30:00,TRK-091,Rute-A,Grogol Hub (Jakbar),917.0,1200,22.1,1.7,24.5,DELIVERED,YES,DOCK-07
2026-07-11 11:43:00,TRK-098,Rute-C,Depok Hub,917.7,1200,22.51,1.8,25.1,IN_TRANSIT,YES,DOCK-08
2026-07-12 15:56:00,TRK-105,Rute-E,Gudang West (Tangerang),918.4,1200,22.92,2.0,25.6,IDLE_DOCK,YES,DOCK-09
2026-07-13 05:09:00,TRK-112,Rute-G,Petamburan Hub,919.1,1200,23.33,2.1,26.2,LOADED,YES,DOCK-10
2026-07-14 09:22:00,TRK-119,Rute-I,Bogor Transit Hub,919.8,1200,23.74,2.3,26.7,QUEUED,NO,DOCK-11
2026-07-15 13:35:00,TRK-126,Rute-K,Central Hub (Jakarta),920.5,1200,24.15,2.4,27.2,DELIVERED,YES,DOCK-12
2026-07-16 17:48:00,TRK-133,Rute-M,Bekasi Logistics Hub,921.2,1200,24.56,2.5,27.8,IN_TRANSIT,YES,DOCK-01
2026-07-17 07:01:00,TRK-140,Rute-O,Cikarang Industrial Hub,921.9,1200,24.97,2.7,28.4,IDLE_DOCK,YES,DOCK-02
2026-07-18 11:14:00,TRK-147,Rute-Q,Grogol Hub (Jakbar),922.6,1200,25.38,2.8,28.9,LOADED,YES,DOCK-03
2026-07-19 15:27:00,TRK-154,Rute-A,Depok Hub,923.3,1200,25.79,3.0,29.5,QUEUED,NO,DOCK-04
2026-07-20 05:40:00,TRK-161,Rute-C,Gudang West (Tangerang),924.0,1200,9.8,0.3,30.0,DELIVERED,YES,DOCK-05
2026-07-21 09:53:00,TRK-168,Rute-E,Petamburan Hub,924.7,1200,10.21,0.4,30.6,IN_TRANSIT,YES,DOCK-06
2026-07-22 13:06:00,TRK-175,Rute-G,Bogor Transit Hub,925.4,1200,10.62,0.6,31.1,IDLE_DOCK,YES,DOCK-07
2026-07-23 17:19:00,TRK-002,Rute-I,Central Hub (Jakarta),926.1,1200,11.03,0.7,31.7,LOADED,YES,DOCK-08
2026-07-24 07:32:00,TRK-009,Rute-K,Bekasi Logistics Hub,926.8,1200,11.44,0.9,32.2,QUEUED,NO,DOCK-09
2026-07-25 11:45:00,TRK-016,Rute-M,Cikarang Industrial Hub,927.5,1200,11.85,1.0,32.8,DELIVERED,YES,DOCK-10
2026-07-26 15:58:00,TRK-023,Rute-O,Grogol Hub (Jakbar),928.2,1200,12.26,1.1,33.3,IN_TRANSIT,YES,DOCK-11
2026-07-27 05:11:00,TRK-030,Rute-Q,Depok Hub,928.9,1200,12.67,1.3,33.9,IDLE_DOCK,YES,DOCK-12
2026-07-28 09:24:00,TRK-037,Rute-A,Gudang West (Tangerang),929.6,1200,13.08,1.4,34.4,LOADED,YES,DOCK-01
2026-07-29 13:37:00,TRK-044,Rute-C,Petamburan Hub,930.3,1200,13.49,1.6,35.0,QUEUED,NO,DOCK-02
2026-07-30 17:50:00,TRK-051,Rute-E,Bogor Transit Hub,931.0,1200,13.9,1.7,35.5,DELIVERED,YES,DOCK-03
2026-07-31 07:03:00,TRK-058,Rute-G,Central Hub (Jakarta),931.7,1200,14.31,1.8,36.0,IN_TRANSIT,YES,DOCK-04
2026-07-01 11:16:00,TRK-065,Rute-I,Bekasi Logistics Hub,932.4,1200,14.72,2.0,36.6,IDLE_DOCK,YES,DOCK-05
2026-07-02 15:29:00,TRK-072,Rute-K,Cikarang Industrial Hub,933.1,1200,15.13,2.1,37.2,LOADED,YES,DOCK-06
2026-07-03 05:42:00,TRK-079,Rute-M,Grogol Hub (Jakbar),933.8,1200,15.54,2.3,37.7,QUEUED,NO,DOCK-07
2026-07-04 09:55:00,TRK-086,Rute-O,Depok Hub,934.5,1200,15.95,2.4,38.2,DELIVERED,YES,DOCK-08
2026-07-05 13:08:00,TRK-093,Rute-Q,Gudang West (Tangerang),935.2,1200,16.36,2.5,38.8,IN_TRANSIT,YES,DOCK-09
2026-07-06 17:21:00,TRK-100,Rute-A,Petamburan Hub,935.9,1200,16.77,2.7,39.4,IDLE_DOCK,YES,DOCK-10
2026-07-07 07:34:00,TRK-107,Rute-C,Bogor Transit Hub,936.6,1200,17.18,2.8,39.9,LOADED,YES,DOCK-11
2026-07-08 11:47:00,TRK-114,Rute-E,Central Hub (Jakarta),937.3,1200,17.59,3.0,40.5,QUEUED,NO,DOCK-12
2026-07-09 15:00:00,TRK-121,Rute-G,Bekasi Logistics Hub,938.0,1200,18.0,0.3,41.0,DELIVERED,YES,DOCK-01
2026-07-10 05:13:00,TRK-128,Rute-I,Cikarang Industrial Hub,938.7,1200,18.41,0.4,41.6,IN_TRANSIT,YES,DOCK-02
2026-07-11 09:26:00,TRK-135,Rute-K,Grogol Hub (Jakbar),939.4,1200,18.82,0.6,42.1,IDLE_DOCK,YES,DOCK-03
2026-07-12 13:39:00,TRK-142,Rute-M,Depok Hub,940.1,1200,19.23,0.7,42.7,LOADED,YES,DOCK-04
2026-07-13 17:52:00,TRK-149,Rute-O,Gudang West (Tangerang),940.8,1200,19.64,0.9,43.2,QUEUED,NO,DOCK-05
2026-07-14 07:05:00,TRK-156,Rute-Q,Petamburan Hub,941.5,1200,20.05,1.0,43.8,DELIVERED,YES,DOCK-06
2026-07-15 11:18:00,TRK-163,Rute-A,Bogor Transit Hub,942.2,1200,20.46,1.1,44.3,IN_TRANSIT,YES,DOCK-07
2026-07-16 15:31:00,TRK-170,Rute-C,Central Hub (Jakarta),942.9,1200,20.87,1.3,44.9,IDLE_DOCK,YES,DOCK-08
2026-07-17 05:44:00,TRK-177,Rute-E,Bekasi Logistics Hub,943.6,1200,21.28,1.4,45.4,LOADED,YES,DOCK-09
2026-07-18 09:57:00,TRK-004,Rute-G,Cikarang Industrial Hub,944.3,1200,21.69,1.6,46.0,QUEUED,NO,DOCK-10
2026-07-19 13:10:00,TRK-011,Rute-I,Grogol Hub (Jakbar),945.0,1200,22.1,1.7,46.5,DELIVERED,YES,DOCK-11
2026-07-20 17:23:00,TRK-018,Rute-K,Depok Hub,945.7,1200,22.51,1.8,47.1,IN_TRANSIT,YES,DOCK-12
2026-07-21 07:36:00,TRK-025,Rute-M,Gudang West (Tangerang),946.4,1200,22.92,2.0,47.6,IDLE_DOCK,YES,DOCK-01
2026-07-22 11:49:00,TRK-032,Rute-O,Petamburan Hub,947.1,1200,23.33,2.1,48.2,LOADED,YES,DOCK-02
2026-07-23 15:02:00,TRK-039,Rute-Q,Bogor Transit Hub,947.8,1200,23.74,2.3,48.7,QUEUED,NO,DOCK-03
2026-07-24 05:15:00,TRK-046,Rute-A,Central Hub (Jakarta),948.5,1200,24.15,2.4,49.2,DELIVERED,YES,DOCK-04
2026-07-25 09:28:00,TRK-053,Rute-C,Bekasi Logistics Hub,949.2,1200,24.56,2.5,49.8,IN_TRANSIT,YES,DOCK-05
2026-07-26 13:41:00,TRK-060,Rute-E,Cikarang Industrial Hub,949.9,1200,24.97,2.7,50.4,IDLE_DOCK,YES,DOCK-06
2026-07-27 17:54:00,TRK-067,Rute-G,Grogol Hub (Jakbar),950.6,1200,25.38,2.8,50.9,LOADED,YES,DOCK-07
2026-07-28 07:07:00,TRK-074,Rute-I,Depok Hub,951.3,1200,25.79,3.0,51.5,QUEUED,NO,DOCK-08
2026-07-29 11:20:00,TRK-081,Rute-K,Gudang West (Tangerang),952.0,1200,9.8,0.3,52.0,DELIVERED,YES,DOCK-09
2026-07-30 15:33:00,TRK-088,Rute-M,Petamburan Hub,952.7,1200,10.21,0.4,52.6,IN_TRANSIT,YES,DOCK-10
2026-07-31 05:46:00,TRK-095,Rute-O,Bogor Transit Hub,953.4,1200,10.62,0.6,53.1,IDLE_DOCK,YES,DOCK-11
2026-07-01 09:59:00,TRK-102,Rute-Q,Central Hub (Jakarta),954.1,1200,11.03,0.7,53.7,LOADED,YES,DOCK-12
2026-07-02 13:12:00,TRK-109,Rute-A,Bekasi Logistics Hub,954.8,1200,11.44,0.9,54.2,QUEUED,NO,DOCK-01
2026-07-03 17:25:00,TRK-116,Rute-C,Cikarang Industrial Hub,955.5,1200,11.85,1.0,54.8,DELIVERED,YES,DOCK-02
2026-07-04 07:38:00,TRK-123,Rute-E,Grogol Hub (Jakbar),956.2,1200,12.26,1.1,55.3,IN_TRANSIT,YES,DOCK-03
2026-07-05 11:51:00,TRK-130,Rute-G,Depok Hub,956.9,1200,12.67,1.3,55.9,IDLE_DOCK,YES,DOCK-04
2026-07-06 15:04:00,TRK-137,Rute-I,Gudang West (Tangerang),957.6,1200,13.08,1.4,56.4,LOADED,YES,DOCK-05
2026-07-07 05:17:00,TRK-144,Rute-K,Petamburan Hub,958.3,1200,13.49,1.6,57.0,QUEUED,NO,DOCK-06
2026-07-08 09:30:00,TRK-151,Rute-M,Bogor Transit Hub,959.0,1200,13.9,1.7,57.5,DELIVERED,YES,DOCK-07
2026-07-09 13:43:00,TRK-158,Rute-O,Central Hub (Jakarta),959.7,1200,14.31,1.8,58.1,IN_TRANSIT,YES,DOCK-08
2026-07-10 17:56:00,TRK-165,Rute-Q,Bekasi Logistics Hub,960.4,1200,14.72,2.0,58.6,IDLE_DOCK,YES,DOCK-09
2026-07-11 07:09:00,TRK-172,Rute-A,Cikarang Industrial Hub,961.1,1200,15.13,2.1,59.2,LOADED,YES,DOCK-10
2026-07-12 11:22:00,TRK-179,Rute-C,Grogol Hub (Jakbar),961.8,1200,15.54,2.3,59.7,QUEUED,NO,DOCK-11
2026-07-13 15:35:00,TRK-006,Rute-E,Depok Hub,962.5,1200,15.95,2.4,60.3,DELIVERED,YES,DOCK-12
2026-07-14 05:48:00,TRK-013,Rute-G,Gudang West (Tangerang),963.2,1200,16.36,2.5,60.8,IN_TRANSIT,YES,DOCK-01
2026-07-15 09:01:00,TRK-020,Rute-I,Petamburan Hub,963.9,1200,16.77,2.7,61.4,IDLE_DOCK,YES,DOCK-02
2026-07-16 13:14:00,TRK-027,Rute-K,Bogor Transit Hub,964.6,1200,17.18,2.8,61.9,LOADED,YES,DOCK-03
2026-07-17 17:27:00,TRK-034,Rute-M,Central Hub (Jakarta),965.3,1200,17.59,3.0,62.5,QUEUED,NO,DOCK-04
2026-07-18 07:40:00,TRK-041,Rute-O,Bekasi Logistics Hub,966.0,1200,18.0,0.3,63.0,DELIVERED,YES,DOCK-05
2026-07-19 11:53:00,TRK-048,Rute-Q,Cikarang Industrial Hub,966.7,1200,18.41,0.4,63.6,IN_TRANSIT,YES,DOCK-06
2026-07-20 15:06:00,TRK-055,Rute-A,Grogol Hub (Jakbar),967.4,1200,18.82,0.6,64.1,IDLE_DOCK,YES,DOCK-07
2026-07-21 05:19:00,TRK-062,Rute-C,Depok Hub,968.1,1200,19.23,0.7,64.7,LOADED,YES,DOCK-08
2026-07-22 09:32:00,TRK-069,Rute-E,Gudang West (Tangerang),968.8,1200,19.64,0.9,65.2,QUEUED,NO,DOCK-09
2026-07-23 13:45:00,TRK-076,Rute-G,Petamburan Hub,969.5,1200,20.05,1.0,65.8,DELIVERED,YES,DOCK-10
2026-07-24 17:58:00,TRK-083,Rute-I,Bogor Transit Hub,970.2,1200,20.46,1.1,66.3,IN_TRANSIT,YES,DOCK-11
2026-07-25 07:11:00,TRK-090,Rute-K,Central Hub (Jakarta),970.9,1200,20.87,1.3,66.8,IDLE_DOCK,YES,DOCK-12
2026-07-26 11:24:00,TRK-097,Rute-M,Bekasi Logistics Hub,971.6,1200,21.28,1.4,67.4,LOADED,YES,DOCK-01
2026-07-27 15:37:00,TRK-104,Rute-O,Cikarang Industrial Hub,972.3,1200,21.69,1.6,68.0,QUEUED,NO,DOCK-02
2026-07-28 05:50:00,TRK-111,Rute-Q,Grogol Hub (Jakbar),973.0,1200,22.1,1.7,68.5,DELIVERED,YES,DOCK-03
2026-07-29 09:03:00,TRK-118,Rute-A,Depok Hub,973.7,1200,22.51,1.8,69.1,IN_TRANSIT,YES,DOCK-04
2026-07-30 13:16:00,TRK-125,Rute-C,Gudang West (Tangerang),974.4,1200,22.92,2.0,69.6,IDLE_DOCK,YES,DOCK-05
2026-07-31 17:29:00,TRK-132,Rute-E,Petamburan Hub,975.1,1200,23.33,2.1,70.2,LOADED,YES,DOCK-06
2026-07-01 07:42:00,TRK-139,Rute-G,Bogor Transit Hub,975.8,1200,23.74,2.3,70.7,QUEUED,NO,DOCK-07
2026-07-02 11:55:00,TRK-146,Rute-I,Central Hub (Jakarta),976.5,1200,24.15,2.4,71.2,DELIVERED,YES,DOCK-08
2026-07-03 15:08:00,TRK-153,Rute-K,Bekasi Logistics Hub,977.2,1200,24.56,2.5,71.8,IN_TRANSIT,YES,DOCK-09
2026-07-04 05:21:00,TRK-160,Rute-M,Cikarang Industrial Hub,977.9,1200,24.97,2.7,72.4,IDLE_DOCK,YES,DOCK-10
2026-07-05 09:34:00,TRK-167,Rute-O,Grogol Hub (Jakbar),978.6,1200,25.38,2.8,72.9,LOADED,YES,DOCK-11
2026-07-06 13:47:00,TRK-174,Rute-Q,Depok Hub,979.3,1200,25.79,3.0,73.5,QUEUED,NO,DOCK-12
2026-07-07 17:00:00,TRK-001,Rute-A,Gudang West (Tangerang),350.0,1200,9.8,0.3,74.0,DELIVERED,YES,DOCK-01
2026-07-08 07:13:00,TRK-008,Rute-C,Petamburan Hub,350.7,1200,10.21,0.4,74.6,IN_TRANSIT,YES,DOCK-02
2026-07-09 11:26:00,TRK-015,Rute-E,Bogor Transit Hub,351.4,1200,10.62,0.6,75.1,IDLE_DOCK,YES,DOCK-03
2026-07-10 15:39:00,TRK-022,Rute-G,Central Hub (Jakarta),352.1,1200,11.03,0.7,75.7,LOADED,YES,DOCK-04
2026-07-11 05:52:00,TRK-029,Rute-I,Bekasi Logistics Hub,352.8,1200,11.44,0.9,76.2,QUEUED,NO,DOCK-05
2026-07-12 09:05:00,TRK-036,Rute-K,Cikarang Industrial Hub,353.5,1200,11.85,1.0,76.8,DELIVERED,YES,DOCK-06
2026-07-13 13:18:00,TRK-043,Rute-M,Grogol Hub (Jakbar),354.2,1200,12.26,1.1,77.3,IN_TRANSIT,YES,DOCK-07
2026-07-14 17:31:00,TRK-050,Rute-O,Depok Hub,354.9,1200,12.67,1.3,77.9,IDLE_DOCK,YES,DOCK-08
2026-07-15 07:44:00,TRK-057,Rute-Q,Gudang West (Tangerang),355.6,1200,13.08,1.4,78.4,LOADED,YES,DOCK-09
2026-07-16 11:57:00,TRK-064,Rute-A,Petamburan Hub,356.3,1200,13.49,1.6,79.0,QUEUED,NO,DOCK-10
2026-07-17 15:10:00,TRK-071,Rute-C,Bogor Transit Hub,357.0,1200,13.9,1.7,79.5,DELIVERED,YES,DOCK-11
2026-07-18 05:23:00,TRK-078,Rute-E,Central Hub (Jakarta),357.7,1200,14.31,1.8,80.1,IN_TRANSIT,YES,DOCK-12
2026-07-19 09:36:00,TRK-085,Rute-G,Bekasi Logistics Hub,358.4,1200,14.72,2.0,80.6,IDLE_DOCK,YES,DOCK-01
2026-07-20 13:49:00,TRK-092,Rute-I,Cikarang Industrial Hub,359.1,1200,15.13,2.1,81.2,LOADED,YES,DOCK-02
2026-07-21 17:02:00,TRK-099,Rute-K,Grogol Hub (Jakbar),359.8,1200,15.54,2.3,81.7,QUEUED,NO,DOCK-03
2026-07-22 07:15:00,TRK-106,Rute-M,Depok Hub,360.5,1200,15.95,2.4,82.2,DELIVERED,YES,DOCK-04
2026-07-23 11:28:00,TRK-113,Rute-O,Gudang West (Tangerang),361.2,1200,16.36,2.5,82.8,IN_TRANSIT,YES,DOCK-05
2026-07-24 15:41:00,TRK-120,Rute-Q,Petamburan Hub,361.9,1200,16.77,2.7,83.4,IDLE_DOCK,YES,DOCK-06
2026-07-25 05:54:00,TRK-127,Rute-A,Bogor Transit Hub,362.6,1200,17.18,2.8,83.9,LOADED,YES,DOCK-07
2026-07-26 09:07:00,TRK-134,Rute-C,Central Hub (Jakarta),363.3,1200,17.59,3.0,84.5,QUEUED,NO,DOCK-08
2026-07-27 13:20:00,TRK-141,Rute-E,Bekasi Logistics Hub,364.0,1200,18.0,0.3,85.0,DELIVERED,YES,DOCK-09
2026-07-28 17:33:00,TRK-148,Rute-G,Cikarang Industrial Hub,364.7,1200,18.41,0.4,85.6,IN_TRANSIT,YES,DOCK-10
2026-07-29 07:46:00,TRK-155,Rute-I,Grogol Hub (Jakbar),365.4,1200,18.82,0.6,86.1,IDLE_DOCK,YES,DOCK-11
2026-07-30 11:59:00,TRK-162,Rute-K,Depok Hub,366.1,1200,19.23,0.7,86.7,LOADED,YES,DOCK-12
2026-07-31 15:12:00,TRK-169,Rute-M,Gudang West (Tangerang),366.8,1200,19.64,0.9,87.2,QUEUED,NO,DOCK-01
2026-07-01 05:25:00,TRK-176,Rute-O,Petamburan Hub,367.5,1200,20.05,1.0,87.8,DELIVERED,YES,DOCK-02
2026-07-02 09:38:00,TRK-003,Rute-Q,Bogor Transit Hub,368.2,1200,20.46,1.1,88.3,IN_TRANSIT,YES,DOCK-03
2026-07-03 13:51:00,TRK-010,Rute-A,Central Hub (Jakarta),368.9,1200,20.87,1.3,88.9,IDLE_DOCK,YES,DOCK-04
2026-07-04 17:04:00,TRK-017,Rute-C,Bekasi Logistics Hub,369.6,1200,21.28,1.4,89.4,LOADED,YES,DOCK-05
2026-07-05 07:17:00,TRK-024,Rute-E,Cikarang Industrial Hub,370.3,1200,21.69,1.6,90.0,QUEUED,NO,DOCK-06
2026-07-06 11:30:00,TRK-031,Rute-G,Grogol Hub (Jakbar),371.0,1200,22.1,1.7,90.5,DELIVERED,YES,DOCK-07
2026-07-07 15:43:00,TRK-038,Rute-I,Depok Hub,371.7,1200,22.51,1.8,91.1,IN_TRANSIT,YES,DOCK-08
2026-07-08 05:56:00,TRK-045,Rute-K,Gudang West (Tangerang),372.4,1200,22.92,2.0,91.6,IDLE_DOCK,YES,DOCK-09
2026-07-09 09:09:00,TRK-052,Rute-M,Petamburan Hub,373.1,1200,23.33,2.1,92.2,LOADED,YES,DOCK-10
2026-07-10 13:22:00,TRK-059,Rute-O,Bogor Transit Hub,373.8,1200,23.74,2.3,92.7,QUEUED,NO,DOCK-11
2026-07-11 17:35:00,TRK-066,Rute-Q,Central Hub (Jakarta),374.5,1200,24.15,2.4,93.2,DELIVERED,YES,DOCK-12
2026-07-12 07:48:00,TRK-073,Rute-A,Bekasi Logistics Hub,375.2,1200,24.56,2.5,93.8,IN_TRANSIT,YES,DOCK-01
2026-07-13 11:01:00,TRK-080,Rute-C,Cikarang Industrial Hub,375.9,1200,24.97,2.7,94.4,IDLE_DOCK,YES,DOCK-02
2026-07-14 15:14:00,TRK-087,Rute-E,Grogol Hub (Jakbar),376.6,1200,25.38,2.8,94.9,LOADED,YES,DOCK-03
2026-07-15 05:27:00,TRK-094,Rute-G,Depok Hub,377.3,1200,25.79,3.0,95.5,QUEUED,NO,DOCK-04
2026-07-16 09:40:00,TRK-101,Rute-I,Gudang West (Tangerang),378.0,1200,9.8,0.3,8.0,DELIVERED,YES,DOCK-05
2026-07-17 13:53:00,TRK-108,Rute-K,Petamburan Hub,378.7,1200,10.21,0.4,8.6,IN_TRANSIT,YES,DOCK-06
2026-07-18 17:06:00,TRK-115,Rute-M,Bogor Transit Hub,379.4,1200,10.62,0.6,9.1,IDLE_DOCK,YES,DOCK-07
2026-07-19 07:19:00,TRK-122,Rute-O,Central Hub (Jakarta),380.1,1200,11.03,0.7,9.7,LOADED,YES,DOCK-08
2026-07-20 11:32:00,TRK-129,Rute-Q,Bekasi Logistics Hub,380.8,1200,11.44,0.9,10.2,QUEUED,NO,DOCK-09
2026-07-21 15:45:00,TRK-136,Rute-A,Cikarang Industrial Hub,381.5,1200,11.85,1.0,10.8,DELIVERED,YES,DOCK-10
2026-07-22 05:58:00,TRK-143,Rute-C,Grogol Hub (Jakbar),382.2,1200,12.26,1.1,11.3,IN_TRANSIT,YES,DOCK-11
2026-07-23 09:11:00,TRK-150,Rute-E,Depok Hub,382.9,1200,12.67,1.3,11.9,IDLE_DOCK,YES,DOCK-12
2026-07-24 13:24:00,TRK-157,Rute-G,Gudang West (Tangerang),383.6,1200,13.08,1.4,12.4,LOADED,YES,DOCK-01
2026-07-25 17:37:00,TRK-164,Rute-I,Petamburan Hub,384.3,1200,13.49,1.6,12.9,QUEUED,NO,DOCK-02
2026-07-26 07:50:00,TRK-171,Rute-K,Bogor Transit Hub,385.0,1200,13.9,1.7,13.5,DELIVERED,YES,DOCK-03
2026-07-27 11:03:00,TRK-178,Rute-M,Central Hub (Jakarta),385.7,1200,14.31,1.8,14.1,IN_TRANSIT,YES,DOCK-04
2026-07-28 15:16:00,TRK-005,Rute-O,Bekasi Logistics Hub,386.4,1200,14.72,2.0,14.6,IDLE_DOCK,YES,DOCK-05
2026-07-29 05:29:00,TRK-012,Rute-Q,Cikarang Industrial Hub,387.1,1200,15.13,2.1,15.2,LOADED,YES,DOCK-06
2026-07-30 09:42:00,TRK-019,Rute-A,Grogol Hub (Jakbar),387.8,1200,15.54,2.3,15.7,QUEUED,NO,DOCK-07
2026-07-31 13:55:00,TRK-026,Rute-C,Depok Hub,388.5,1200,15.95,2.4,16.2,DELIVERED,YES,DOCK-08
2026-07-01 17:08:00,TRK-033,Rute-E,Gudang West (Tangerang),389.2,1200,16.36,2.5,16.8,IN_TRANSIT,YES,DOCK-09
2026-07-02 07:21:00,TRK-040,Rute-G,Petamburan Hub,389.9,1200,16.77,2.7,17.4,IDLE_DOCK,YES,DOCK-10
2026-07-03 11:34:00,TRK-047,Rute-I,Bogor Transit Hub,390.6,1200,17.18,2.8,17.9,LOADED,YES,DOCK-11
2026-07-04 15:47:00,TRK-054,Rute-K,Central Hub (Jakarta),391.3,1200,17.59,3.0,18.5,QUEUED,NO,DOCK-12
2026-07-05 05:00:00,TRK-061,Rute-M,Bekasi Logistics Hub,392.0,1200,18.0,0.3,19.0,DELIVERED,YES,DOCK-01
2026-07-06 09:13:00,TRK-068,Rute-O,Cikarang Industrial Hub,392.7,1200,18.41,0.4,19.6,IN_TRANSIT,YES,DOCK-02
2026-07-07 13:26:00,TRK-075,Rute-Q,Grogol Hub (Jakbar),393.4,1200,18.82,0.6,20.1,IDLE_DOCK,YES,DOCK-03
2026-07-08 17:39:00,TRK-082,Rute-A,Depok Hub,394.1,1200,19.23,0.7,20.6,LOADED,YES,DOCK-04
2026-07-09 07:52:00,TRK-089,Rute-C,Gudang West (Tangerang),394.8,1200,19.64,0.9,21.2,QUEUED,NO,DOCK-05
2026-07-10 11:05:00,TRK-096,Rute-E,Petamburan Hub,395.5,1200,20.05,1.0,21.8,DELIVERED,YES,DOCK-06
2026-07-11 15:18:00,TRK-103,Rute-G,Bogor Transit Hub,396.2,1200,20.46,1.1,22.3,IN_TRANSIT,YES,DOCK-07
2026-07-12 05:31:00,TRK-110,Rute-I,Central Hub (Jakarta),396.9,1200,20.87,1.3,22.9,IDLE_DOCK,YES,DOCK-08
2026-07-13 09:44:00,TRK-117,Rute-K,Bekasi Logistics Hub,397.6,1200,21.28,1.4,23.4,LOADED,YES,DOCK-09
2026-07-14 13:57:00,TRK-124,Rute-M,Cikarang Industrial Hub,398.3,1200,21.69,1.6,24.0,QUEUED,NO,DOCK-10
2026-07-15 17:10:00,TRK-131,Rute-O,Grogol Hub (Jakbar),399.0,1200,22.1,1.7,24.5,DELIVERED,YES,DOCK-11
2026-07-16 07:23:00,TRK-138,Rute-Q,Depok Hub,399.7,1200,22.51,1.8,25.1,IN_TRANSIT,YES,DOCK-12
2026-07-17 11:36:00,TRK-145,Rute-A,Gudang West (Tangerang),400.4,1200,22.92,2.0,25.6,IDLE_DOCK,YES,DOCK-01
2026-07-18 15:49:00,TRK-152,Rute-C,Petamburan Hub,401.1,1200,23.33,2.1,26.2,LOADED,YES,DOCK-02
2026-07-19 05:02:00,TRK-159,Rute-E,Bogor Transit Hub,401.8,1200,23.74,2.3,26.7,QUEUED,NO,DOCK-03
2026-07-20 09:15:00,TRK-166,Rute-G,Central Hub (Jakarta),402.5,1200,24.15,2.4,27.2,DELIVERED,YES,DOCK-04
2026-07-21 13:28:00,TRK-173,Rute-I,Bekasi Logistics Hub,403.2,1200,24.56,2.5,27.8,IN_TRANSIT,YES,DOCK-05
2026-07-22 17:41:00,TRK-180,Rute-K,Cikarang Industrial Hub,403.9,1200,24.97,2.7,28.4,IDLE_DOCK,YES,DOCK-06
2026-07-23 07:54:00,TRK-007,Rute-M,Grogol Hub (Jakbar),404.6,1200,25.38,2.8,28.9,LOADED,YES,DOCK-07
2026-07-24 11:07:00,TRK-014,Rute-O,Depok Hub,405.3,1200,25.79,3.0,29.5,QUEUED,NO,DOCK-08
2026-07-25 15:20:00,TRK-021,Rute-Q,Gudang West (Tangerang),406.0,1200,9.8,0.3,30.0,DELIVERED,YES,DOCK-09
2026-07-26 05:33:00,TRK-028,Rute-A,Petamburan Hub,406.7,1200,10.21,0.4,30.6,IN_TRANSIT,YES,DOCK-10
2026-07-27 09:46:00,TRK-035,Rute-C,Bogor Transit Hub,407.4,1200,10.62,0.6,31.1,IDLE_DOCK,YES,DOCK-11
2026-07-28 13:59:00,TRK-042,Rute-E,Central Hub (Jakarta),408.1,1200,11.03,0.7,31.7,LOADED,YES,DOCK-12
2026-07-29 17:12:00,TRK-049,Rute-G,Bekasi Logistics Hub,408.8,1200,11.44,0.9,32.2,QUEUED,NO,DOCK-01
2026-07-30 07:25:00,TRK-056,Rute-I,Cikarang Industrial Hub,409.5,1200,11.85,1.0,32.8,DELIVERED,YES,DOCK-02
2026-07-31 11:38:00,TRK-063,Rute-K,Grogol Hub (Jakbar),410.2,1200,12.26,1.1,33.3,IN_TRANSIT,YES,DOCK-03
2026-07-01 15:51:00,TRK-070,Rute-M,Depok Hub,410.9,1200,12.67,1.3,33.9,IDLE_DOCK,YES,DOCK-04
2026-07-02 05:04:00,TRK-077,Rute-O,Gudang West (Tangerang),411.6,1200,13.08,1.4,34.4,LOADED,YES,DOCK-05
2026-07-03 09:17:00,TRK-084,Rute-Q,Petamburan Hub,412.3,1200,13.49,1.6,35.0,QUEUED,NO,DOCK-06
2026-07-04 13:30:00,TRK-091,Rute-A,Bogor Transit Hub,413.0,1200,13.9,1.7,35.5,DELIVERED,YES,DOCK-07
2026-07-05 17:43:00,TRK-098,Rute-C,Central Hub (Jakarta),413.7,1200,14.31,1.8,36.0,IN_TRANSIT,YES,DOCK-08
2026-07-06 07:56:00,TRK-105,Rute-E,Bekasi Logistics Hub,414.4,1200,14.72,2.0,36.6,IDLE_DOCK,YES,DOCK-09
2026-07-07 11:09:00,TRK-112,Rute-G,Cikarang Industrial Hub,415.1,1200,15.13,2.1,37.2,LOADED,YES,DOCK-10
2026-07-08 15:22:00,TRK-119,Rute-I,Grogol Hub (Jakbar),415.8,1200,15.54,2.3,37.7,QUEUED,NO,DOCK-11
2026-07-09 05:35:00,TRK-126,Rute-K,Depok Hub,416.5,1200,15.95,2.4,38.2,DELIVERED,YES,DOCK-12
2026-07-10 09:48:00,TRK-133,Rute-M,Gudang West (Tangerang),417.2,1200,16.36,2.5,38.8,IN_TRANSIT,YES,DOCK-01
2026-07-11 13:01:00,TRK-140,Rute-O,Petamburan Hub,417.9,1200,16.77,2.7,39.4,IDLE_DOCK,YES,DOCK-02
2026-07-12 17:14:00,TRK-147,Rute-Q,Bogor Transit Hub,418.6,1200,17.18,2.8,39.9,LOADED,YES,DOCK-03
2026-07-13 07:27:00,TRK-154,Rute-A,Central Hub (Jakarta),419.3,1200,17.59,3.0,40.5,QUEUED,NO,DOCK-04
2026-07-14 11:40:00,TRK-161,Rute-C,Bekasi Logistics Hub,420.0,1200,18.0,0.3,41.0,DELIVERED,YES,DOCK-05
2026-07-15 15:53:00,TRK-168,Rute-E,Cikarang Industrial Hub,420.7,1200,18.41,0.4,41.6,IN_TRANSIT,YES,DOCK-06
2026-07-16 05:06:00,TRK-175,Rute-G,Grogol Hub (Jakbar),421.4,1200,18.82,0.6,42.1,IDLE_DOCK,YES,DOCK-07
2026-07-17 09:19:00,TRK-002,Rute-I,Depok Hub,422.1,1200,19.23,0.7,42.7,LOADED,YES,DOCK-08
2026-07-18 13:32:00,TRK-009,Rute-K,Gudang West (Tangerang),422.8,1200,19.64,0.9,43.2,QUEUED,NO,DOCK-09
2026-07-19 17:45:00,TRK-016,Rute-M,Petamburan Hub,423.5,1200,20.05,1.0,43.8,DELIVERED,YES,DOCK-10
2026-07-20 07:58:00,TRK-023,Rute-O,Bogor Transit Hub,424.2,1200,20.46,1.1,44.3,IN_TRANSIT,YES,DOCK-11
2026-07-21 11:11:00,TRK-030,Rute-Q,Central Hub (Jakarta),424.9,1200,20.87,1.3,44.9,IDLE_DOCK,YES,DOCK-12
2026-07-22 15:24:00,TRK-037,Rute-A,Bekasi Logistics Hub,425.6,1200,21.28,1.4,45.4,LOADED,YES,DOCK-01
2026-07-23 05:37:00,TRK-044,Rute-C,Cikarang Industrial Hub,426.3,1200,21.69,1.6,46.0,QUEUED,NO,DOCK-02
2026-07-24 09:50:00,TRK-051,Rute-E,Grogol Hub (Jakbar),427.0,1200,22.1,1.7,46.5,DELIVERED,YES,DOCK-03
2026-07-25 13:03:00,TRK-058,Rute-G,Depok Hub,427.7,1200,22.51,1.8,47.1,IN_TRANSIT,YES,DOCK-04
2026-07-26 17:16:00,TRK-065,Rute-I,Gudang West (Tangerang),428.4,1200,22.92,2.0,47.6,IDLE_DOCK,YES,DOCK-05
2026-07-27 07:29:00,TRK-072,Rute-K,Petamburan Hub,429.1,1200,23.33,2.1,48.2,LOADED,YES,DOCK-06
2026-07-28 11:42:00,TRK-079,Rute-M,Bogor Transit Hub,429.8,1200,23.74,2.3,48.7,QUEUED,NO,DOCK-07
2026-07-29 15:55:00,TRK-086,Rute-O,Central Hub (Jakarta),430.5,1200,24.15,2.4,49.2,DELIVERED,YES,DOCK-08
2026-07-30 05:08:00,TRK-093,Rute-Q,Bekasi Logistics Hub,431.2,1200,24.56,2.5,49.8,IN_TRANSIT,YES,DOCK-09
2026-07-31 09:21:00,TRK-100,Rute-A,Cikarang Industrial Hub,431.9,1200,24.97,2.7,50.4,IDLE_DOCK,YES,DOCK-10
2026-07-01 13:34:00,TRK-107,Rute-C,Grogol Hub (Jakbar),432.6,1200,25.38,2.8,50.9,LOADED,YES,DOCK-11
2026-07-02 17:47:00,TRK-114,Rute-E,Depok Hub,433.3,1200,25.79,3.0,51.5,QUEUED,NO,DOCK-12
2026-07-03 07:00:00,TRK-121,Rute-G,Gudang West (Tangerang),434.0,1200,9.8,0.3,52.0,DELIVERED,YES,DOCK-01
2026-07-04 11:13:00,TRK-128,Rute-I,Petamburan Hub,434.7,1200,10.21,0.4,52.6,IN_TRANSIT,YES,DOCK-02
2026-07-05 15:26:00,TRK-135,Rute-K,Bogor Transit Hub,435.4,1200,10.62,0.6,53.1,IDLE_DOCK,YES,DOCK-03
2026-07-06 05:39:00,TRK-142,Rute-M,Central Hub (Jakarta),436.1,1200,11.03,0.7,53.7,LOADED,YES,DOCK-04
2026-07-07 09:52:00,TRK-149,Rute-O,Bekasi Logistics Hub,436.8,1200,11.44,0.9,54.2,QUEUED,NO,DOCK-05
2026-07-08 13:05:00,TRK-156,Rute-Q,Cikarang Industrial Hub,437.5,1200,11.85,1.0,54.8,DELIVERED,YES,DOCK-06
2026-07-09 17:18:00,TRK-163,Rute-A,Grogol Hub (Jakbar),438.2,1200,12.26,1.1,55.3,IN_TRANSIT,YES,DOCK-07
2026-07-10 07:31:00,TRK-170,Rute-C,Depok Hub,438.9,1200,12.67,1.3,55.9,IDLE_DOCK,YES,DOCK-08
2026-07-11 11:44:00,TRK-177,Rute-E,Gudang West (Tangerang),439.6,1200,13.08,1.4,56.4,LOADED,YES,DOCK-09
2026-07-12 15:57:00,TRK-004,Rute-G,Petamburan Hub,440.3,1200,13.49,1.6,57.0,QUEUED,NO,DOCK-10
2026-07-13 05:10:00,TRK-011,Rute-I,Bogor Transit Hub,441.0,1200,13.9,1.7,57.5,DELIVERED,YES,DOCK-11
2026-07-14 09:23:00,TRK-018,Rute-K,Central Hub (Jakarta),441.7,1200,14.31,1.8,58.1,IN_TRANSIT,YES,DOCK-12
2026-07-15 13:36:00,TRK-025,Rute-M,Bekasi Logistics Hub,442.4,1200,14.72,2.0,58.6,IDLE_DOCK,YES,DOCK-01
2026-07-16 17:49:00,TRK-032,Rute-O,Cikarang Industrial Hub,443.1,1200,15.13,2.1,59.2,LOADED,YES,DOCK-02
2026-07-17 07:02:00,TRK-039,Rute-Q,Grogol Hub (Jakbar),443.8,1200,15.54,2.3,59.7,QUEUED,NO,DOCK-03
2026-07-18 11:15:00,TRK-046,Rute-A,Depok Hub,444.5,1200,15.95,2.4,60.3,DELIVERED,YES,DOCK-04
2026-07-19 15:28:00,TRK-053,Rute-C,Gudang West (Tangerang),445.2,1200,16.36,2.5,60.8,IN_TRANSIT,YES,DOCK-05
2026-07-20 05:41:00,TRK-060,Rute-E,Petamburan Hub,445.9,1200,16.77,2.7,61.4,IDLE_DOCK,YES,DOCK-06
2026-07-21 09:54:00,TRK-067,Rute-G,Bogor Transit Hub,446.6,1200,17.18,2.8,61.9,LOADED,YES,DOCK-07
2026-07-22 13:07:00,TRK-074,Rute-I,Central Hub (Jakarta),447.3,1200,17.59,3.0,62.5,QUEUED,NO,DOCK-08
2026-07-23 17:20:00,TRK-081,Rute-K,Bekasi Logistics Hub,448.0,1200,18.0,0.3,63.0,DELIVERED,YES,DOCK-09
2026-07-24 07:33:00,TRK-088,Rute-M,Cikarang Industrial Hub,448.7,1200,18.41,0.4,63.6,IN_TRANSIT,YES,DOCK-10
2026-07-25 11:46:00,TRK-095,Rute-O,Grogol Hub (Jakbar),449.4,1200,18.82,0.6,64.1,IDLE_DOCK,YES,DOCK-11
2026-07-26 15:59:00,TRK-102,Rute-Q,Depok Hub,450.1,1200,19.23,0.7,64.7,LOADED,YES,DOCK-12
2026-07-27 05:12:00,TRK-109,Rute-A,Gudang West (Tangerang),450.8,1200,19.64,0.9,65.2,QUEUED,NO,DOCK-01
2026-07-28 09:25:00,TRK-116,Rute-C,Petamburan Hub,451.5,1200,20.05,1.0,65.8,DELIVERED,YES,DOCK-02
2026-07-29 13:38:00,TRK-123,Rute-E,Bogor Transit Hub,452.2,1200,20.46,1.1,66.3,IN_TRANSIT,YES,DOCK-03
2026-07-30 17:51:00,TRK-130,Rute-G,Central Hub (Jakarta),452.9,1200,20.87,1.3,66.8,IDLE_DOCK,YES,DOCK-04
2026-07-31 07:04:00,TRK-137,Rute-I,Bekasi Logistics Hub,453.6,1200,21.28,1.4,67.4,LOADED,YES,DOCK-05
2026-07-01 11:17:00,TRK-144,Rute-K,Cikarang Industrial Hub,454.3,1200,21.69,1.6,68.0,QUEUED,NO,DOCK-06
2026-07-02 15:30:00,TRK-151,Rute-M,Grogol Hub (Jakbar),455.0,1200,22.1,1.7,68.5,DELIVERED,YES,DOCK-07
2026-07-03 05:43:00,TRK-158,Rute-O,Depok Hub,455.7,1200,22.51,1.8,69.1,IN_TRANSIT,YES,DOCK-08
2026-07-04 09:56:00,TRK-165,Rute-Q,Gudang West (Tangerang),456.4,1200,22.92,2.0,69.6,IDLE_DOCK,YES,DOCK-09
2026-07-05 13:09:00,TRK-172,Rute-A,Petamburan Hub,457.1,1200,23.33,2.1,70.2,LOADED,YES,DOCK-10
2026-07-06 17:22:00,TRK-179,Rute-C,Bogor Transit Hub,457.8,1200,23.74,2.3,70.7,QUEUED,NO,DOCK-11
2026-07-07 07:35:00,TRK-006,Rute-E,Central Hub (Jakarta),458.5,1200,24.15,2.4,71.2,DELIVERED,YES,DOCK-12
2026-07-08 11:48:00,TRK-013,Rute-G,Bekasi Logistics Hub,459.2,1200,24.56,2.5,71.8,IN_TRANSIT,YES,DOCK-01
2026-07-09 15:01:00,TRK-020,Rute-I,Cikarang Industrial Hub,459.9,1200,24.97,2.7,72.4,IDLE_DOCK,YES,DOCK-02
2026-07-10 05:14:00,TRK-027,Rute-K,Grogol Hub (Jakbar),460.6,1200,25.38,2.8,72.9,LOADED,YES,DOCK-03
2026-07-11 09:27:00,TRK-034,Rute-M,Depok Hub,461.3,1200,25.79,3.0,73.5,QUEUED,NO,DOCK-04
2026-07-12 13:40:00,TRK-041,Rute-O,Gudang West (Tangerang),462.0,1200,9.8,0.3,74.0,DELIVERED,YES,DOCK-05
2026-07-13 17:53:00,TRK-048,Rute-Q,Petamburan Hub,462.7,1200,10.21,0.4,74.6,IN_TRANSIT,YES,DOCK-06
2026-07-14 07:06:00,TRK-055,Rute-A,Bogor Transit Hub,463.4,1200,10.62,0.6,75.1,IDLE_DOCK,YES,DOCK-07
2026-07-15 11:19:00,TRK-062,Rute-C,Central Hub (Jakarta),464.1,1200,11.03,0.7,75.7,LOADED,YES,DOCK-08
2026-07-16 15:32:00,TRK-069,Rute-E,Bekasi Logistics Hub,464.8,1200,11.44,0.9,76.2,QUEUED,NO,DOCK-09
2026-07-17 05:45:00,TRK-076,Rute-G,Cikarang Industrial Hub,465.5,1200,11.85,1.0,76.8,DELIVERED,YES,DOCK-10
2026-07-18 09:58:00,TRK-083,Rute-I,Grogol Hub (Jakbar),466.2,1200,12.26,1.1,77.3,IN_TRANSIT,YES,DOCK-11
2026-07-19 13:11:00,TRK-090,Rute-K,Depok Hub,466.9,1200,12.67,1.3,77.9,IDLE_DOCK,YES,DOCK-12
2026-07-20 17:24:00,TRK-097,Rute-M,Gudang West (Tangerang),467.6,1200,13.08,1.4,78.4,LOADED,YES,DOCK-01
2026-07-21 07:37:00,TRK-104,Rute-O,Petamburan Hub,468.3,1200,13.49,1.6,79.0,QUEUED,NO,DOCK-02
2026-07-22 11:50:00,TRK-111,Rute-Q,Bogor Transit Hub,469.0,1200,13.9,1.7,79.5,DELIVERED,YES,DOCK-03
2026-07-23 15:03:00,TRK-118,Rute-A,Central Hub (Jakarta),469.7,1200,14.31,1.8,80.1,IN_TRANSIT,YES,DOCK-04
2026-07-24 05:16:00,TRK-125,Rute-C,Bekasi Logistics Hub,470.4,1200,14.72,2.0,80.6,IDLE_DOCK,YES,DOCK-05
2026-07-25 09:29:00,TRK-132,Rute-E,Cikarang Industrial Hub,471.1,1200,15.13,2.1,81.2,LOADED,YES,DOCK-06
2026-07-26 13:42:00,TRK-139,Rute-G,Grogol Hub (Jakbar),471.8,1200,15.54,2.3,81.7,QUEUED,NO,DOCK-07
2026-07-27 17:55:00,TRK-146,Rute-I,Depok Hub,472.5,1200,15.95,2.4,82.2,DELIVERED,YES,DOCK-08
2026-07-28 07:08:00,TRK-153,Rute-K,Gudang West (Tangerang),473.2,1200,16.36,2.5,82.8,IN_TRANSIT,YES,DOCK-09
2026-07-29 11:21:00,TRK-160,Rute-M,Petamburan Hub,473.9,1200,16.77,2.7,83.4,IDLE_DOCK,YES,DOCK-10
2026-07-30 15:34:00,TRK-167,Rute-O,Bogor Transit Hub,474.6,1200,17.18,2.8,83.9,LOADED,YES,DOCK-11
2026-07-31 05:47:00,TRK-174,Rute-Q,Central Hub (Jakarta),475.3,1200,17.59,3.0,84.5,QUEUED,NO,DOCK-12
2026-07-01 09:00:00,TRK-001,Rute-A,Bekasi Logistics Hub,476.0,1200,18.0,0.3,85.0,DELIVERED,YES,DOCK-01
2026-07-02 13:13:00,TRK-008,Rute-C,Cikarang Industrial Hub,476.7,1200,18.41,0.4,85.6,IN_TRANSIT,YES,DOCK-02
2026-07-03 17:26:00,TRK-015,Rute-E,Grogol Hub (Jakbar),477.4,1200,18.82,0.6,86.1,IDLE_DOCK,YES,DOCK-03
2026-07-04 07:39:00,TRK-022,Rute-G,Depok Hub,478.1,1200,19.23,0.7,86.7,LOADED,YES,DOCK-04
2026-07-05 11:52:00,TRK-029,Rute-I,Gudang West (Tangerang),478.8,1200,19.64,0.9,87.2,QUEUED,NO,DOCK-05
2026-07-06 15:05:00,TRK-036,Rute-K,Petamburan Hub,479.5,1200,20.05,1.0,87.8,DELIVERED,YES,DOCK-06
2026-07-07 05:18:00,TRK-043,Rute-M,Bogor Transit Hub,480.2,1200,20.46,1.1,88.3,IN_TRANSIT,YES,DOCK-07
2026-07-08 09:31:00,TRK-050,Rute-O,Central Hub (Jakarta),480.9,1200,20.87,1.3,88.9,IDLE_DOCK,YES,DOCK-08
2026-07-09 13:44:00,TRK-057,Rute-Q,Bekasi Logistics Hub,481.6,1200,21.28,1.4,89.4,LOADED,YES,DOCK-09
2026-07-10 17:57:00,TRK-064,Rute-A,Cikarang Industrial Hub,482.3,1200,21.69,1.6,90.0,QUEUED,NO,DOCK-10
2026-07-11 07:10:00,TRK-071,Rute-C,Grogol Hub (Jakbar),483.0,1200,22.1,1.7,90.5,DELIVERED,YES,DOCK-11
2026-07-12 11:23:00,TRK-078,Rute-E,Depok Hub,483.7,1200,22.51,1.8,91.1,IN_TRANSIT,YES,DOCK-12
2026-07-13 15:36:00,TRK-085,Rute-G,Gudang West (Tangerang),484.4,1200,22.92,2.0,91.6,IDLE_DOCK,YES,DOCK-01
2026-07-14 05:49:00,TRK-092,Rute-I,Petamburan Hub,485.1,1200,23.33,2.1,92.2,LOADED,YES,DOCK-02
2026-07-15 09:02:00,TRK-099,Rute-K,Bogor Transit Hub,485.8,1200,23.74,2.3,92.7,QUEUED,NO,DOCK-03
2026-07-16 13:15:00,TRK-106,Rute-M,Central Hub (Jakarta),486.5,1200,24.15,2.4,93.2,DELIVERED,YES,DOCK-04
2026-07-17 17:28:00,TRK-113,Rute-O,Bekasi Logistics Hub,487.2,1200,24.56,2.5,93.8,IN_TRANSIT,YES,DOCK-05
2026-07-18 07:41:00,TRK-120,Rute-Q,Cikarang Industrial Hub,487.9,1200,24.97,2.7,94.4,IDLE_DOCK,YES,DOCK-06
2026-07-19 11:54:00,TRK-127,Rute-A,Grogol Hub (Jakbar),488.6,1200,25.38,2.8,94.9,LOADED,YES,DOCK-07
2026-07-20 15:07:00,TRK-134,Rute-C,Depok Hub,489.3,1200,25.79,3.0,95.5,QUEUED,NO,DOCK-08
2026-07-21 05:20:00,TRK-141,Rute-E,Gudang West (Tangerang),490.0,1200,9.8,0.3,8.0,DELIVERED,YES,DOCK-09
2026-07-22 09:33:00,TRK-148,Rute-G,Petamburan Hub,490.7,1200,10.21,0.4,8.6,IN_TRANSIT,YES,DOCK-10
2026-07-23 13:46:00,TRK-155,Rute-I,Bogor Transit Hub,491.4,1200,10.62,0.6,9.1,IDLE_DOCK,YES,DOCK-11
2026-07-24 17:59:00,TRK-162,Rute-K,Central Hub (Jakarta),492.1,1200,11.03,0.7,9.7,LOADED,YES,DOCK-12
2026-07-25 07:12:00,TRK-169,Rute-M,Bekasi Logistics Hub,492.8,1200,11.44,0.9,10.2,QUEUED,NO,DOCK-01
2026-07-26 11:25:00,TRK-176,Rute-O,Cikarang Industrial Hub,493.5,1200,11.85,1.0,10.8,DELIVERED,YES,DOCK-02
2026-07-27 15:38:00,TRK-003,Rute-Q,Grogol Hub (Jakbar),494.2,1200,12.26,1.1,11.3,IN_TRANSIT,YES,DOCK-03
2026-07-28 05:51:00,TRK-010,Rute-A,Depok Hub,494.9,1200,12.67,1.3,11.9,IDLE_DOCK,YES,DOCK-04
2026-07-29 09:04:00,TRK-017,Rute-C,Gudang West (Tangerang),495.6,1200,13.08,1.4,12.4,LOADED,YES,DOCK-05
2026-07-30 13:17:00,TRK-024,Rute-E,Petamburan Hub,496.3,1200,13.49,1.6,12.9,QUEUED,NO,DOCK-06
2026-07-31 17:30:00,TRK-031,Rute-G,Bogor Transit Hub,497.0,1200,13.9,1.7,13.5,DELIVERED,YES,DOCK-07
2026-07-01 07:43:00,TRK-038,Rute-I,Central Hub (Jakarta),497.7,1200,14.31,1.8,14.1,IN_TRANSIT,YES,DOCK-08
2026-07-02 11:56:00,TRK-045,Rute-K,Bekasi Logistics Hub,498.4,1200,14.72,2.0,14.6,IDLE_DOCK,YES,DOCK-09
2026-07-03 15:09:00,TRK-052,Rute-M,Cikarang Industrial Hub,499.1,1200,15.13,2.1,15.2,LOADED,YES,DOCK-10
2026-07-04 05:22:00,TRK-059,Rute-O,Grogol Hub (Jakbar),499.8,1200,15.54,2.3,15.7,QUEUED,NO,DOCK-11
2026-07-05 09:35:00,TRK-066,Rute-Q,Depok Hub,500.5,1200,15.95,2.4,16.2,DELIVERED,YES,DOCK-12
2026-07-06 13:48:00,TRK-073,Rute-A,Gudang West (Tangerang),501.2,1200,16.36,2.5,16.8,IN_TRANSIT,YES,DOCK-01
2026-07-07 17:01:00,TRK-080,Rute-C,Petamburan Hub,501.9,1200,16.77,2.7,17.4,IDLE_DOCK,YES,DOCK-02
2026-07-08 07:14:00,TRK-087,Rute-E,Bogor Transit Hub,502.6,1200,17.18,2.8,17.9,LOADED,YES,DOCK-03
2026-07-09 11:27:00,TRK-094,Rute-G,Central Hub (Jakarta),503.3,1200,17.59,3.0,18.5,QUEUED,NO,DOCK-04
2026-07-10 15:40:00,TRK-101,Rute-I,Bekasi Logistics Hub,504.0,1200,18.0,0.3,19.0,DELIVERED,YES,DOCK-05
2026-07-11 05:53:00,TRK-108,Rute-K,Cikarang Industrial Hub,504.7,1200,18.41,0.4,19.6,IN_TRANSIT,YES,DOCK-06
2026-07-12 09:06:00,TRK-115,Rute-M,Grogol Hub (Jakbar),505.4,1200,18.82,0.6,20.1,IDLE_DOCK,YES,DOCK-07
2026-07-13 13:19:00,TRK-122,Rute-O,Depok Hub,506.1,1200,19.23,0.7,20.6,LOADED,YES,DOCK-08
2026-07-14 17:32:00,TRK-129,Rute-Q,Gudang West (Tangerang),506.8,1200,19.64,0.9,21.2,QUEUED,NO,DOCK-09
2026-07-15 07:45:00,TRK-136,Rute-A,Petamburan Hub,507.5,1200,20.05,1.0,21.8,DELIVERED,YES,DOCK-10
2026-07-16 11:58:00,TRK-143,Rute-C,Bogor Transit Hub,508.2,1200,20.46,1.1,22.3,IN_TRANSIT,YES,DOCK-11
2026-07-17 15:11:00,TRK-150,Rute-E,Central Hub (Jakarta),508.9,1200,20.87,1.3,22.9,IDLE_DOCK,YES,DOCK-12
2026-07-18 05:24:00,TRK-157,Rute-G,Bekasi Logistics Hub,509.6,1200,21.28,1.4,23.4,LOADED,YES,DOCK-01
2026-07-19 09:37:00,TRK-164,Rute-I,Cikarang Industrial Hub,510.3,1200,21.69,1.6,24.0,QUEUED,NO,DOCK-02
2026-07-20 13:50:00,TRK-171,Rute-K,Grogol Hub (Jakbar),511.0,1200,22.1,1.7,24.5,DELIVERED,YES,DOCK-03
2026-07-21 17:03:00,TRK-178,Rute-M,Depok Hub,511.7,1200,22.51,1.8,25.1,IN_TRANSIT,YES,DOCK-04
2026-07-22 07:16:00,TRK-005,Rute-O,Gudang West (Tangerang),512.4,1200,22.92,2.0,25.6,IDLE_DOCK,YES,DOCK-05
2026-07-23 11:29:00,TRK-012,Rute-Q,Petamburan Hub,513.1,1200,23.33,2.1,26.2,LOADED,YES,DOCK-06
2026-07-24 15:42:00,TRK-019,Rute-A,Bogor Transit Hub,513.8,1200,23.74,2.3,26.7,QUEUED,NO,DOCK-07
2026-07-25 05:55:00,TRK-026,Rute-C,Central Hub (Jakarta),514.5,1200,24.15,2.4,27.2,DELIVERED,YES,DOCK-08
2026-07-26 09:08:00,TRK-033,Rute-E,Bekasi Logistics Hub,515.2,1200,24.56,2.5,27.8,IN_TRANSIT,YES,DOCK-09
2026-07-27 13:21:00,TRK-040,Rute-G,Cikarang Industrial Hub,515.9,1200,24.97,2.7,28.4,IDLE_DOCK,YES,DOCK-10
2026-07-28 17:34:00,TRK-047,Rute-I,Grogol Hub (Jakbar),516.6,1200,25.38,2.8,28.9,LOADED,YES,DOCK-11
2026-07-29 07:47:00,TRK-054,Rute-K,Depok Hub,517.3,1200,25.79,3.0,29.5,QUEUED,NO,DOCK-12
2026-07-30 11:00:00,TRK-061,Rute-M,Gudang West (Tangerang),518.0,1200,9.8,0.3,30.0,DELIVERED,YES,DOCK-01
2026-07-31 15:13:00,TRK-068,Rute-O,Petamburan Hub,518.7,1200,10.21,0.4,30.6,IN_TRANSIT,YES,DOCK-02
2026-07-01 05:26:00,TRK-075,Rute-Q,Bogor Transit Hub,519.4,1200,10.62,0.6,31.1,IDLE_DOCK,YES,DOCK-03
2026-07-02 09:39:00,TRK-082,Rute-A,Central Hub (Jakarta),520.1,1200,11.03,0.7,31.7,LOADED,YES,DOCK-04
2026-07-03 13:52:00,TRK-089,Rute-C,Bekasi Logistics Hub,520.8,1200,11.44,0.9,32.2,QUEUED,NO,DOCK-05
2026-07-04 17:05:00,TRK-096,Rute-E,Cikarang Industrial Hub,521.5,1200,11.85,1.0,32.8,DELIVERED,YES,DOCK-06
2026-07-05 07:18:00,TRK-103,Rute-G,Grogol Hub (Jakbar),522.2,1200,12.26,1.1,33.3,IN_TRANSIT,YES,DOCK-07
2026-07-06 11:31:00,TRK-110,Rute-I,Depok Hub,522.9,1200,12.67,1.3,33.9,IDLE_DOCK,YES,DOCK-08
2026-07-07 15:44:00,TRK-117,Rute-K,Gudang West (Tangerang),523.6,1200,13.08,1.4,34.4,LOADED,YES,DOCK-09
2026-07-08 05:57:00,TRK-124,Rute-M,Petamburan Hub,524.3,1200,13.49,1.6,35.0,QUEUED,NO,DOCK-10
2026-07-09 09:10:00,TRK-131,Rute-O,Bogor Transit Hub,525.0,1200,13.9,1.7,35.5,DELIVERED,YES,DOCK-11
2026-07-10 13:23:00,TRK-138,Rute-Q,Central Hub (Jakarta),525.7,1200,14.31,1.8,36.0,IN_TRANSIT,YES,DOCK-12
2026-07-11 17:36:00,TRK-145,Rute-A,Bekasi Logistics Hub,526.4,1200,14.72,2.0,36.6,IDLE_DOCK,YES,DOCK-01
2026-07-12 07:49:00,TRK-152,Rute-C,Cikarang Industrial Hub,527.1,1200,15.13,2.1,37.2,LOADED,YES,DOCK-02
2026-07-13 11:02:00,TRK-159,Rute-E,Grogol Hub (Jakbar),527.8,1200,15.54,2.3,37.7,QUEUED,NO,DOCK-03
2026-07-14 15:15:00,TRK-166,Rute-G,Depok Hub,528.5,1200,15.95,2.4,38.2,DELIVERED,YES,DOCK-04
2026-07-15 05:28:00,TRK-173,Rute-I,Gudang West (Tangerang),529.2,1200,16.36,2.5,38.8,IN_TRANSIT,YES,DOCK-05
2026-07-16 09:41:00,TRK-180,Rute-K,Petamburan Hub,529.9,1200,16.77,2.7,39.4,IDLE_DOCK,YES,DOCK-06
2026-07-17 13:54:00,TRK-007,Rute-M,Bogor Transit Hub,530.6,1200,17.18,2.8,39.9,LOADED,YES,DOCK-07
2026-07-18 17:07:00,TRK-014,Rute-O,Central Hub (Jakarta),531.3,1200,17.59,3.0,40.5,QUEUED,NO,DOCK-08
2026-07-19 07:20:00,TRK-021,Rute-Q,Bekasi Logistics Hub,532.0,1200,18.0,0.3,41.0,DELIVERED,YES,DOCK-09
2026-07-20 11:33:00,TRK-028,Rute-A,Cikarang Industrial Hub,532.7,1200,18.41,0.4,41.6,IN_TRANSIT,YES,DOCK-10
2026-07-21 15:46:00,TRK-035,Rute-C,Grogol Hub (Jakbar),533.4,1200,18.82,0.6,42.1,IDLE_DOCK,YES,DOCK-11
2026-07-22 05:59:00,TRK-042,Rute-E,Depok Hub,534.1,1200,19.23,0.7,42.7,LOADED,YES,DOCK-12
2026-07-23 09:12:00,TRK-049,Rute-G,Gudang West (Tangerang),534.8,1200,19.64,0.9,43.2,QUEUED,NO,DOCK-01
2026-07-24 13:25:00,TRK-056,Rute-I,Petamburan Hub,535.5,1200,20.05,1.0,43.8,DELIVERED,YES,DOCK-02
2026-07-25 17:38:00,TRK-063,Rute-K,Bogor Transit Hub,536.2,1200,20.46,1.1,44.3,IN_TRANSIT,YES,DOCK-03
2026-07-26 07:51:00,TRK-070,Rute-M,Central Hub (Jakarta),536.9,1200,20.87,1.3,44.9,IDLE_DOCK,YES,DOCK-04
2026-07-27 11:04:00,TRK-077,Rute-O,Bekasi Logistics Hub,537.6,1200,21.28,1.4,45.4,LOADED,YES,DOCK-05
2026-07-28 15:17:00,TRK-084,Rute-Q,Cikarang Industrial Hub,538.3,1200,21.69,1.6,46.0,QUEUED,NO,DOCK-06
2026-07-29 05:30:00,TRK-091,Rute-A,Grogol Hub (Jakbar),539.0,1200,22.1,1.7,46.5,DELIVERED,YES,DOCK-07
2026-07-30 09:43:00,TRK-098,Rute-C,Depok Hub,539.7,1200,22.51,1.8,47.1,IN_TRANSIT,YES,DOCK-08
2026-07-31 13:56:00,TRK-105,Rute-E,Gudang West (Tangerang),540.4,1200,22.92,2.0,47.6,IDLE_DOCK,YES,DOCK-09
2026-07-01 17:09:00,TRK-112,Rute-G,Petamburan Hub,541.1,1200,23.33,2.1,48.2,LOADED,YES,DOCK-10
2026-07-02 07:22:00,TRK-119,Rute-I,Bogor Transit Hub,541.8,1200,23.74,2.3,48.7,QUEUED,NO,DOCK-11
2026-07-03 11:35:00,TRK-126,Rute-K,Central Hub (Jakarta),542.5,1200,24.15,2.4,49.2,DELIVERED,YES,DOCK-12
2026-07-04 15:48:00,TRK-133,Rute-M,Bekasi Logistics Hub,543.2,1200,24.56,2.5,49.8,IN_TRANSIT,YES,DOCK-01
2026-07-05 05:01:00,TRK-140,Rute-O,Cikarang Industrial Hub,543.9,1200,24.97,2.7,50.4,IDLE_DOCK,YES,DOCK-02
2026-07-06 09:14:00,TRK-147,Rute-Q,Grogol Hub (Jakbar),544.6,1200,25.38,2.8,50.9,LOADED,YES,DOCK-03
2026-07-07 13:27:00,TRK-154,Rute-A,Depok Hub,545.3,1200,25.79,3.0,51.5,QUEUED,NO,DOCK-04
2026-07-08 17:40:00,TRK-161,Rute-C,Gudang West (Tangerang),546.0,1200,9.8,0.3,52.0,DELIVERED,YES,DOCK-05
2026-07-09 07:53:00,TRK-168,Rute-E,Petamburan Hub,546.7,1200,10.21,0.4,52.6,IN_TRANSIT,YES,DOCK-06
2026-07-10 11:06:00,TRK-175,Rute-G,Bogor Transit Hub,547.4,1200,10.62,0.6,53.1,IDLE_DOCK,YES,DOCK-07
2026-07-11 15:19:00,TRK-002,Rute-I,Central Hub (Jakarta),548.1,1200,11.03,0.7,53.7,LOADED,YES,DOCK-08
2026-07-12 05:32:00,TRK-009,Rute-K,Bekasi Logistics Hub,548.8,1200,11.44,0.9,54.2,QUEUED,NO,DOCK-09
2026-07-13 09:45:00,TRK-016,Rute-M,Cikarang Industrial Hub,549.5,1200,11.85,1.0,54.8,DELIVERED,YES,DOCK-10
2026-07-14 13:58:00,TRK-023,Rute-O,Grogol Hub (Jakbar),550.2,1200,12.26,1.1,55.3,IN_TRANSIT,YES,DOCK-11
2026-07-15 17:11:00,TRK-030,Rute-Q,Depok Hub,550.9,1200,12.67,1.3,55.9,IDLE_DOCK,YES,DOCK-12
2026-07-16 07:24:00,TRK-037,Rute-A,Gudang West (Tangerang),551.6,1200,13.08,1.4,56.4,LOADED,YES,DOCK-01
2026-07-17 11:37:00,TRK-044,Rute-C,Petamburan Hub,552.3,1200,13.49,1.6,57.0,QUEUED,NO,DOCK-02
2026-07-18 15:50:00,TRK-051,Rute-E,Bogor Transit Hub,553.0,1200,13.9,1.7,57.5,DELIVERED,YES,DOCK-03
2026-07-19 05:03:00,TRK-058,Rute-G,Central Hub (Jakarta),553.7,1200,14.31,1.8,58.1,IN_TRANSIT,YES,DOCK-04
2026-07-20 09:16:00,TRK-065,Rute-I,Bekasi Logistics Hub,554.4,1200,14.72,2.0,58.6,IDLE_DOCK,YES,DOCK-05
2026-07-21 13:29:00,TRK-072,Rute-K,Cikarang Industrial Hub,555.1,1200,15.13,2.1,59.2,LOADED,YES,DOCK-06
2026-07-22 17:42:00,TRK-079,Rute-M,Grogol Hub (Jakbar),555.8,1200,15.54,2.3,59.7,QUEUED,NO,DOCK-07
2026-07-23 07:55:00,TRK-086,Rute-O,Depok Hub,556.5,1200,15.95,2.4,60.3,DELIVERED,YES,DOCK-08
2026-07-24 11:08:00,TRK-093,Rute-Q,Gudang West (Tangerang),557.2,1200,16.36,2.5,60.8,IN_TRANSIT,YES,DOCK-09
2026-07-25 15:21:00,TRK-100,Rute-A,Petamburan Hub,557.9,1200,16.77,2.7,61.4,IDLE_DOCK,YES,DOCK-10
2026-07-26 05:34:00,TRK-107,Rute-C,Bogor Transit Hub,558.6,1200,17.18,2.8,61.9,LOADED,YES,DOCK-11
2026-07-27 09:47:00,TRK-114,Rute-E,Central Hub (Jakarta),559.3,1200,17.59,3.0,62.5,QUEUED,NO,DOCK-12
2026-07-28 13:00:00,TRK-121,Rute-G,Bekasi Logistics Hub,560.0,1200,18.0,0.3,63.0,DELIVERED,YES,DOCK-01
2026-07-29 17:13:00,TRK-128,Rute-I,Cikarang Industrial Hub,560.7,1200,18.41,0.4,63.6,IN_TRANSIT,YES,DOCK-02
2026-07-30 07:26:00,TRK-135,Rute-K,Grogol Hub (Jakbar),561.4,1200,18.82,0.6,64.1,IDLE_DOCK,YES,DOCK-03
2026-07-31 11:39:00,TRK-142,Rute-M,Depok Hub,562.1,1200,19.23,0.7,64.7,LOADED,YES,DOCK-04
2026-07-01 15:52:00,TRK-149,Rute-O,Gudang West (Tangerang),562.8,1200,19.64,0.9,65.2,QUEUED,NO,DOCK-05
2026-07-02 05:05:00,TRK-156,Rute-Q,Petamburan Hub,563.5,1200,20.05,1.0,65.8,DELIVERED,YES,DOCK-06
2026-07-03 09:18:00,TRK-163,Rute-A,Bogor Transit Hub,564.2,1200,20.46,1.1,66.3,IN_TRANSIT,YES,DOCK-07
2026-07-04 13:31:00,TRK-170,Rute-C,Central Hub (Jakarta),564.9,1200,20.87,1.3,66.8,IDLE_DOCK,YES,DOCK-08
2026-07-05 17:44:00,TRK-177,Rute-E,Bekasi Logistics Hub,565.6,1200,21.28,1.4,67.4,LOADED,YES,DOCK-09
2026-07-06 07:57:00,TRK-004,Rute-G,Cikarang Industrial Hub,566.3,1200,21.69,1.6,68.0,QUEUED,NO,DOCK-10
2026-07-07 11:10:00,TRK-011,Rute-I,Grogol Hub (Jakbar),567.0,1200,22.1,1.7,68.5,DELIVERED,YES,DOCK-11
2026-07-08 15:23:00,TRK-018,Rute-K,Depok Hub,567.7,1200,22.51,1.8,69.1,IN_TRANSIT,YES,DOCK-12
2026-07-09 05:36:00,TRK-025,Rute-M,Gudang West (Tangerang),568.4,1200,22.92,2.0,69.6,IDLE_DOCK,YES,DOCK-01
2026-07-10 09:49:00,TRK-032,Rute-O,Petamburan Hub,569.1,1200,23.33,2.1,70.2,LOADED,YES,DOCK-02
2026-07-11 13:02:00,TRK-039,Rute-Q,Bogor Transit Hub,569.8,1200,23.74,2.3,70.7,QUEUED,NO,DOCK-03
2026-07-12 17:15:00,TRK-046,Rute-A,Central Hub (Jakarta),570.5,1200,24.15,2.4,71.2,DELIVERED,YES,DOCK-04
2026-07-13 07:28:00,TRK-053,Rute-C,Bekasi Logistics Hub,571.2,1200,24.56,2.5,71.8,IN_TRANSIT,YES,DOCK-05
2026-07-14 11:41:00,TRK-060,Rute-E,Cikarang Industrial Hub,571.9,1200,24.97,2.7,72.4,IDLE_DOCK,YES,DOCK-06
2026-07-15 15:54:00,TRK-067,Rute-G,Grogol Hub (Jakbar),572.6,1200,25.38,2.8,72.9,LOADED,YES,DOCK-07
2026-07-16 05:07:00,TRK-074,Rute-I,Depok Hub,573.3,1200,25.79,3.0,73.5,QUEUED,NO,DOCK-08
2026-07-17 09:20:00,TRK-081,Rute-K,Gudang West (Tangerang),574.0,1200,9.8,0.3,74.0,DELIVERED,YES,DOCK-09
2026-07-18 13:33:00,TRK-088,Rute-M,Petamburan Hub,574.7,1200,10.21,0.4,74.6,IN_TRANSIT,YES,DOCK-10
2026-07-19 17:46:00,TRK-095,Rute-O,Bogor Transit Hub,575.4,1200,10.62,0.6,75.1,IDLE_DOCK,YES,DOCK-11
2026-07-20 07:59:00,TRK-102,Rute-Q,Central Hub (Jakarta),576.1,1200,11.03,0.7,75.7,LOADED,YES,DOCK-12
2026-07-21 11:12:00,TRK-109,Rute-A,Bekasi Logistics Hub,576.8,1200,11.44,0.9,76.2,QUEUED,NO,DOCK-01
2026-07-22 15:25:00,TRK-116,Rute-C,Cikarang Industrial Hub,577.5,1200,11.85,1.0,76.8,DELIVERED,YES,DOCK-02
2026-07-23 05:38:00,TRK-123,Rute-E,Grogol Hub (Jakbar),578.2,1200,12.26,1.1,77.3,IN_TRANSIT,YES,DOCK-03
2026-07-24 09:51:00,TRK-130,Rute-G,Depok Hub,578.9,1200,12.67,1.3,77.9,IDLE_DOCK,YES,DOCK-04
2026-07-25 13:04:00,TRK-137,Rute-I,Gudang West (Tangerang),579.6,1200,13.08,1.4,78.4,LOADED,YES,DOCK-05
2026-07-26 17:17:00,TRK-144,Rute-K,Petamburan Hub,580.3,1200,13.49,1.6,79.0,QUEUED,NO,DOCK-06
2026-07-27 07:30:00,TRK-151,Rute-M,Bogor Transit Hub,581.0,1200,13.9,1.7,79.5,DELIVERED,YES,DOCK-07
2026-07-28 11:43:00,TRK-158,Rute-O,Central Hub (Jakarta),581.7,1200,14.31,1.8,80.1,IN_TRANSIT,YES,DOCK-08
2026-07-29 15:56:00,TRK-165,Rute-Q,Bekasi Logistics Hub,582.4,1200,14.72,2.0,80.6,IDLE_DOCK,YES,DOCK-09
2026-07-30 05:09:00,TRK-172,Rute-A,Cikarang Industrial Hub,583.1,1200,15.13,2.1,81.2,LOADED,YES,DOCK-10
2026-07-31 09:22:00,TRK-179,Rute-C,Grogol Hub (Jakbar),583.8,1200,15.54,2.3,81.7,QUEUED,NO,DOCK-11
2026-07-01 13:35:00,TRK-006,Rute-E,Depok Hub,584.5,1200,15.95,2.4,82.2,DELIVERED,YES,DOCK-12
2026-07-02 17:48:00,TRK-013,Rute-G,Gudang West (Tangerang),585.2,1200,16.36,2.5,82.8,IN_TRANSIT,YES,DOCK-01
2026-07-03 07:01:00,TRK-020,Rute-I,Petamburan Hub,585.9,1200,16.77,2.7,83.4,IDLE_DOCK,YES,DOCK-02
2026-07-04 11:14:00,TRK-027,Rute-K,Bogor Transit Hub,586.6,1200,17.18,2.8,83.9,LOADED,YES,DOCK-03
2026-07-05 15:27:00,TRK-034,Rute-M,Central Hub (Jakarta),587.3,1200,17.59,3.0,84.5,QUEUED,NO,DOCK-04
2026-07-06 05:40:00,TRK-041,Rute-O,Bekasi Logistics Hub,588.0,1200,18.0,0.3,85.0,DELIVERED,YES,DOCK-05
2026-07-07 09:53:00,TRK-048,Rute-Q,Cikarang Industrial Hub,588.7,1200,18.41,0.4,85.6,IN_TRANSIT,YES,DOCK-06
2026-07-08 13:06:00,TRK-055,Rute-A,Grogol Hub (Jakbar),589.4,1200,18.82,0.6,86.1,IDLE_DOCK,YES,DOCK-07
2026-07-09 17:19:00,TRK-062,Rute-C,Depok Hub,590.1,1200,19.23,0.7,86.7,LOADED,YES,DOCK-08
2026-07-10 07:32:00,TRK-069,Rute-E,Gudang West (Tangerang),590.8,1200,19.64,0.9,87.2,QUEUED,NO,DOCK-09
2026-07-11 11:45:00,TRK-076,Rute-G,Petamburan Hub,591.5,1200,20.05,1.0,87.8,DELIVERED,YES,DOCK-10
2026-07-12 15:58:00,TRK-083,Rute-I,Bogor Transit Hub,592.2,1200,20.46,1.1,88.3,IN_TRANSIT,YES,DOCK-11
2026-07-13 05:11:00,TRK-090,Rute-K,Central Hub (Jakarta),592.9,1200,20.87,1.3,88.9,IDLE_DOCK,YES,DOCK-12
2026-07-14 09:24:00,TRK-097,Rute-M,Bekasi Logistics Hub,593.6,1200,21.28,1.4,89.4,LOADED,YES,DOCK-01
2026-07-15 13:37:00,TRK-104,Rute-O,Cikarang Industrial Hub,594.3,1200,21.69,1.6,90.0,QUEUED,NO,DOCK-02
2026-07-16 17:50:00,TRK-111,Rute-Q,Grogol Hub (Jakbar),595.0,1200,22.1,1.7,90.5,DELIVERED,YES,DOCK-03
2026-07-17 07:03:00,TRK-118,Rute-A,Depok Hub,595.7,1200,22.51,1.8,91.1,IN_TRANSIT,YES,DOCK-04
2026-07-18 11:16:00,TRK-125,Rute-C,Gudang West (Tangerang),596.4,1200,22.92,2.0,91.6,IDLE_DOCK,YES,DOCK-05
2026-07-19 15:29:00,TRK-132,Rute-E,Petamburan Hub,597.1,1200,23.33,2.1,92.2,LOADED,YES,DOCK-06
2026-07-20 05:42:00,TRK-139,Rute-G,Bogor Transit Hub,597.8,1200,23.74,2.3,92.7,QUEUED,NO,DOCK-07
2026-07-21 09:55:00,TRK-146,Rute-I,Central Hub (Jakarta),598.5,1200,24.15,2.4,93.2,DELIVERED,YES,DOCK-08
2026-07-22 13:08:00,TRK-153,Rute-K,Bekasi Logistics Hub,599.2,1200,24.56,2.5,93.8,IN_TRANSIT,YES,DOCK-09
2026-07-23 17:21:00,TRK-160,Rute-M,Cikarang Industrial Hub,599.9,1200,24.97,2.7,94.4,IDLE_DOCK,YES,DOCK-10
2026-07-24 07:34:00,TRK-167,Rute-O,Grogol Hub (Jakbar),600.6,1200,25.38,2.8,94.9,LOADED,YES,DOCK-11
2026-07-25 11:47:00,TRK-174,Rute-Q,Depok Hub,601.3,1200,25.79,3.0,95.5,QUEUED,NO,DOCK-12
2026-07-26 15:00:00,TRK-001,Rute-A,Gudang West (Tangerang),602.0,1200,9.8,0.3,8.0,DELIVERED,YES,DOCK-01
2026-07-27 05:13:00,TRK-008,Rute-C,Petamburan Hub,602.7,1200,10.21,0.4,8.6,IN_TRANSIT,YES,DOCK-02
2026-07-28 09:26:00,TRK-015,Rute-E,Bogor Transit Hub,603.4,1200,10.62,0.6,9.1,IDLE_DOCK,YES,DOCK-03
2026-07-29 13:39:00,TRK-022,Rute-G,Central Hub (Jakarta),604.1,1200,11.03,0.7,9.7,LOADED,YES,DOCK-04
2026-07-30 17:52:00,TRK-029,Rute-I,Bekasi Logistics Hub,604.8,1200,11.44,0.9,10.2,QUEUED,NO,DOCK-05
2026-07-31 07:05:00,TRK-036,Rute-K,Cikarang Industrial Hub,605.5,1200,11.85,1.0,10.8,DELIVERED,YES,DOCK-06
2026-07-01 11:18:00,TRK-043,Rute-M,Grogol Hub (Jakbar),606.2,1200,12.26,1.1,11.3,IN_TRANSIT,YES,DOCK-07
2026-07-02 15:31:00,TRK-050,Rute-O,Depok Hub,606.9,1200,12.67,1.3,11.9,IDLE_DOCK,YES,DOCK-08
2026-07-03 05:44:00,TRK-057,Rute-Q,Gudang West (Tangerang),607.6,1200,13.08,1.4,12.4,LOADED,YES,DOCK-09
2026-07-04 09:57:00,TRK-064,Rute-A,Petamburan Hub,608.3,1200,13.49,1.6,12.9,QUEUED,NO,DOCK-10
2026-07-05 13:10:00,TRK-071,Rute-C,Bogor Transit Hub,609.0,1200,13.9,1.7,13.5,DELIVERED,YES,DOCK-11
2026-07-06 17:23:00,TRK-078,Rute-E,Central Hub (Jakarta),609.7,1200,14.31,1.8,14.1,IN_TRANSIT,YES,DOCK-12
2026-07-07 07:36:00,TRK-085,Rute-G,Bekasi Logistics Hub,610.4,1200,14.72,2.0,14.6,IDLE_DOCK,YES,DOCK-01
2026-07-08 11:49:00,TRK-092,Rute-I,Cikarang Industrial Hub,611.1,1200,15.13,2.1,15.2,LOADED,YES,DOCK-02
2026-07-09 15:02:00,TRK-099,Rute-K,Grogol Hub (Jakbar),611.8,1200,15.54,2.3,15.7,QUEUED,NO,DOCK-03
2026-07-10 05:15:00,TRK-106,Rute-M,Depok Hub,612.5,1200,15.95,2.4,16.2,DELIVERED,YES,DOCK-04
2026-07-11 09:28:00,TRK-113,Rute-O,Gudang West (Tangerang),613.2,1200,16.36,2.5,16.8,IN_TRANSIT,YES,DOCK-05
2026-07-12 13:41:00,TRK-120,Rute-Q,Petamburan Hub,613.9,1200,16.77,2.7,17.4,IDLE_DOCK,YES,DOCK-06
2026-07-13 17:54:00,TRK-127,Rute-A,Bogor Transit Hub,614.6,1200,17.18,2.8,17.9,LOADED,YES,DOCK-07
2026-07-14 07:07:00,TRK-134,Rute-C,Central Hub (Jakarta),615.3,1200,17.59,3.0,18.5,QUEUED,NO,DOCK-08
2026-07-15 11:20:00,TRK-141,Rute-E,Bekasi Logistics Hub,616.0,1200,18.0,0.3,19.0,DELIVERED,YES,DOCK-09
2026-07-16 15:33:00,TRK-148,Rute-G,Cikarang Industrial Hub,616.7,1200,18.41,0.4,19.6,IN_TRANSIT,YES,DOCK-10
2026-07-17 05:46:00,TRK-155,Rute-I,Grogol Hub (Jakbar),617.4,1200,18.82,0.6,20.1,IDLE_DOCK,YES,DOCK-11
2026-07-18 09:59:00,TRK-162,Rute-K,Depok Hub,618.1,1200,19.23,0.7,20.6,LOADED,YES,DOCK-12
2026-07-19 13:12:00,TRK-169,Rute-M,Gudang West (Tangerang),618.8,1200,19.64,0.9,21.2,QUEUED,NO,DOCK-01
2026-07-20 17:25:00,TRK-176,Rute-O,Petamburan Hub,619.5,1200,20.05,1.0,21.8,DELIVERED,YES,DOCK-02
2026-07-21 07:38:00,TRK-003,Rute-Q,Bogor Transit Hub,620.2,1200,20.46,1.1,22.3,IN_TRANSIT,YES,DOCK-03
2026-07-22 11:51:00,TRK-010,Rute-A,Central Hub (Jakarta),620.9,1200,20.87,1.3,22.9,IDLE_DOCK,YES,DOCK-04
2026-07-23 15:04:00,TRK-017,Rute-C,Bekasi Logistics Hub,621.6,1200,21.28,1.4,23.4,LOADED,YES,DOCK-05
2026-07-24 05:17:00,TRK-024,Rute-E,Cikarang Industrial Hub,622.3,1200,21.69,1.6,24.0,QUEUED,NO,DOCK-06
2026-07-25 09:30:00,TRK-031,Rute-G,Grogol Hub (Jakbar),623.0,1200,22.1,1.7,24.5,DELIVERED,YES,DOCK-07
2026-07-26 13:43:00,TRK-038,Rute-I,Depok Hub,623.7,1200,22.51,1.8,25.1,IN_TRANSIT,YES,DOCK-08
2026-07-27 17:56:00,TRK-045,Rute-K,Gudang West (Tangerang),624.4,1200,22.92,2.0,25.6,IDLE_DOCK,YES,DOCK-09
2026-07-28 07:09:00,TRK-052,Rute-M,Petamburan Hub,625.1,1200,23.33,2.1,26.2,LOADED,YES,DOCK-10
2026-07-29 11:22:00,TRK-059,Rute-O,Bogor Transit Hub,625.8,1200,23.74,2.3,26.7,QUEUED,NO,DOCK-11
2026-07-30 15:35:00,TRK-066,Rute-Q,Central Hub (Jakarta),626.5,1200,24.15,2.4,27.2,DELIVERED,YES,DOCK-12
2026-07-31 05:48:00,TRK-073,Rute-A,Bekasi Logistics Hub,627.2,1200,24.56,2.5,27.8,IN_TRANSIT,YES,DOCK-01
2026-07-01 09:01:00,TRK-080,Rute-C,Cikarang Industrial Hub,627.9,1200,24.97,2.7,28.4,IDLE_DOCK,YES,DOCK-02
2026-07-02 13:14:00,TRK-087,Rute-E,Grogol Hub (Jakbar),628.6,1200,25.38,2.8,28.9,LOADED,YES,DOCK-03
2026-07-03 17:27:00,TRK-094,Rute-G,Depok Hub,629.3,1200,25.79,3.0,29.5,QUEUED,NO,DOCK-04
2026-07-04 07:40:00,TRK-101,Rute-I,Gudang West (Tangerang),630.0,1200,9.8,0.3,30.0,DELIVERED,YES,DOCK-05
2026-07-05 11:53:00,TRK-108,Rute-K,Petamburan Hub,630.7,1200,10.21,0.4,30.6,IN_TRANSIT,YES,DOCK-06
2026-07-06 15:06:00,TRK-115,Rute-M,Bogor Transit Hub,631.4,1200,10.62,0.6,31.1,IDLE_DOCK,YES,DOCK-07
2026-07-07 05:19:00,TRK-122,Rute-O,Central Hub (Jakarta),632.1,1200,11.03,0.7,31.7,LOADED,YES,DOCK-08
2026-07-08 09:32:00,TRK-129,Rute-Q,Bekasi Logistics Hub,632.8,1200,11.44,0.9,32.2,QUEUED,NO,DOCK-09
2026-07-09 13:45:00,TRK-136,Rute-A,Cikarang Industrial Hub,633.5,1200,11.85,1.0,32.8,DELIVERED,YES,DOCK-10
2026-07-10 17:58:00,TRK-143,Rute-C,Grogol Hub (Jakbar),634.2,1200,12.26,1.1,33.3,IN_TRANSIT,YES,DOCK-11
2026-07-11 07:11:00,TRK-150,Rute-E,Depok Hub,634.9,1200,12.67,1.3,33.9,IDLE_DOCK,YES,DOCK-12
2026-07-12 11:24:00,TRK-157,Rute-G,Gudang West (Tangerang),635.6,1200,13.08,1.4,34.4,LOADED,YES,DOCK-01
2026-07-13 15:37:00,TRK-164,Rute-I,Petamburan Hub,636.3,1200,13.49,1.6,35.0,QUEUED,NO,DOCK-02
2026-07-14 05:50:00,TRK-171,Rute-K,Bogor Transit Hub,637.0,1200,13.9,1.7,35.5,DELIVERED,YES,DOCK-03
2026-07-15 09:03:00,TRK-178,Rute-M,Central Hub (Jakarta),637.7,1200,14.31,1.8,36.0,IN_TRANSIT,YES,DOCK-04
2026-07-16 13:16:00,TRK-005,Rute-O,Bekasi Logistics Hub,638.4,1200,14.72,2.0,36.6,IDLE_DOCK,YES,DOCK-05
2026-07-17 17:29:00,TRK-012,Rute-Q,Cikarang Industrial Hub,639.1,1200,15.13,2.1,37.2,LOADED,YES,DOCK-06
2026-07-18 07:42:00,TRK-019,Rute-A,Grogol Hub (Jakbar),639.8,1200,15.54,2.3,37.7,QUEUED,NO,DOCK-07
2026-07-19 11:55:00,TRK-026,Rute-C,Depok Hub,640.5,1200,15.95,2.4,38.2,DELIVERED,YES,DOCK-08
2026-07-20 15:08:00,TRK-033,Rute-E,Gudang West (Tangerang),641.2,1200,16.36,2.5,38.8,IN_TRANSIT,YES,DOCK-09
2026-07-21 05:21:00,TRK-040,Rute-G,Petamburan Hub,641.9,1200,16.77,2.7,39.4,IDLE_DOCK,YES,DOCK-10
2026-07-22 09:34:00,TRK-047,Rute-I,Bogor Transit Hub,642.6,1200,17.18,2.8,39.9,LOADED,YES,DOCK-11
2026-07-23 13:47:00,TRK-054,Rute-K,Central Hub (Jakarta),643.3,1200,17.59,3.0,40.5,QUEUED,NO,DOCK-12
2026-07-24 17:00:00,TRK-061,Rute-M,Bekasi Logistics Hub,644.0,1200,18.0,0.3,41.0,DELIVERED,YES,DOCK-01
2026-07-25 07:13:00,TRK-068,Rute-O,Cikarang Industrial Hub,644.7,1200,18.41,0.4,41.6,IN_TRANSIT,YES,DOCK-02
2026-07-26 11:26:00,TRK-075,Rute-Q,Grogol Hub (Jakbar),645.4,1200,18.82,0.6,42.1,IDLE_DOCK,YES,DOCK-03
2026-07-27 15:39:00,TRK-082,Rute-A,Depok Hub,646.1,1200,19.23,0.7,42.7,LOADED,YES,DOCK-04
2026-07-28 05:52:00,TRK-089,Rute-C,Gudang West (Tangerang),646.8,1200,19.64,0.9,43.2,QUEUED,NO,DOCK-05
2026-07-29 09:05:00,TRK-096,Rute-E,Petamburan Hub,647.5,1200,20.05,1.0,43.8,DELIVERED,YES,DOCK-06
2026-07-30 13:18:00,TRK-103,Rute-G,Bogor Transit Hub,648.2,1200,20.46,1.1,44.3,IN_TRANSIT,YES,DOCK-07
2026-07-31 17:31:00,TRK-110,Rute-I,Central Hub (Jakarta),648.9,1200,20.87,1.3,44.9,IDLE_DOCK,YES,DOCK-08
2026-07-01 07:44:00,TRK-117,Rute-K,Bekasi Logistics Hub,649.6,1200,21.28,1.4,45.4,LOADED,YES,DOCK-09
2026-07-02 11:57:00,TRK-124,Rute-M,Cikarang Industrial Hub,650.3,1200,21.69,1.6,46.0,QUEUED,NO,DOCK-10
2026-07-03 15:10:00,TRK-131,Rute-O,Grogol Hub (Jakbar),651.0,1200,22.1,1.7,46.5,DELIVERED,YES,DOCK-11
2026-07-04 05:23:00,TRK-138,Rute-Q,Depok Hub,651.7,1200,22.51,1.8,47.1,IN_TRANSIT,YES,DOCK-12
2026-07-05 09:36:00,TRK-145,Rute-A,Gudang West (Tangerang),652.4,1200,22.92,2.0,47.6,IDLE_DOCK,YES,DOCK-01
2026-07-06 13:49:00,TRK-152,Rute-C,Petamburan Hub,653.1,1200,23.33,2.1,48.2,LOADED,YES,DOCK-02
2026-07-07 17:02:00,TRK-159,Rute-E,Bogor Transit Hub,653.8,1200,23.74,2.3,48.7,QUEUED,NO,DOCK-03
2026-07-08 07:15:00,TRK-166,Rute-G,Central Hub (Jakarta),654.5,1200,24.15,2.4,49.2,DELIVERED,YES,DOCK-04
2026-07-09 11:28:00,TRK-173,Rute-I,Bekasi Logistics Hub,655.2,1200,24.56,2.5,49.8,IN_TRANSIT,YES,DOCK-05
2026-07-10 15:41:00,TRK-180,Rute-K,Cikarang Industrial Hub,655.9,1200,24.97,2.7,50.4,IDLE_DOCK,YES,DOCK-06
2026-07-11 05:54:00,TRK-007,Rute-M,Grogol Hub (Jakbar),656.6,1200,25.38,2.8,50.9,LOADED,YES,DOCK-07
2026-07-12 09:07:00,TRK-014,Rute-O,Depok Hub,657.3,1200,25.79,3.0,51.5,QUEUED,NO,DOCK-08
2026-07-13 13:20:00,TRK-021,Rute-Q,Gudang West (Tangerang),658.0,1200,9.8,0.3,52.0,DELIVERED,YES,DOCK-09
2026-07-14 17:33:00,TRK-028,Rute-A,Petamburan Hub,658.7,1200,10.21,0.4,52.6,IN_TRANSIT,YES,DOCK-10
2026-07-15 07:46:00,TRK-035,Rute-C,Bogor Transit Hub,659.4,1200,10.62,0.6,53.1,IDLE_DOCK,YES,DOCK-11
2026-07-16 11:59:00,TRK-042,Rute-E,Central Hub (Jakarta),660.1,1200,11.03,0.7,53.7,LOADED,YES,DOCK-12
2026-07-17 15:12:00,TRK-049,Rute-G,Bekasi Logistics Hub,660.8,1200,11.44,0.9,54.2,QUEUED,NO,DOCK-01
2026-07-18 05:25:00,TRK-056,Rute-I,Cikarang Industrial Hub,661.5,1200,11.85,1.0,54.8,DELIVERED,YES,DOCK-02
2026-07-19 09:38:00,TRK-063,Rute-K,Grogol Hub (Jakbar),662.2,1200,12.26,1.1,55.3,IN_TRANSIT,YES,DOCK-03
2026-07-20 13:51:00,TRK-070,Rute-M,Depok Hub,662.9,1200,12.67,1.3,55.9,IDLE_DOCK,YES,DOCK-04
2026-07-21 17:04:00,TRK-077,Rute-O,Gudang West (Tangerang),663.6,1200,13.08,1.4,56.4,LOADED,YES,DOCK-05
2026-07-22 07:17:00,TRK-084,Rute-Q,Petamburan Hub,664.3,1200,13.49,1.6,57.0,QUEUED,NO,DOCK-06
2026-07-23 11:30:00,TRK-091,Rute-A,Bogor Transit Hub,665.0,1200,13.9,1.7,57.5,DELIVERED,YES,DOCK-07
2026-07-24 15:43:00,TRK-098,Rute-C,Central Hub (Jakarta),665.7,1200,14.31,1.8,58.1,IN_TRANSIT,YES,DOCK-08
2026-07-25 05:56:00,TRK-105,Rute-E,Bekasi Logistics Hub,666.4,1200,14.72,2.0,58.6,IDLE_DOCK,YES,DOCK-09
2026-07-26 09:09:00,TRK-112,Rute-G,Cikarang Industrial Hub,667.1,1200,15.13,2.1,59.2,LOADED,YES,DOCK-10
2026-07-27 13:22:00,TRK-119,Rute-I,Grogol Hub (Jakbar),667.8,1200,15.54,2.3,59.7,QUEUED,NO,DOCK-11
2026-07-28 17:35:00,TRK-126,Rute-K,Depok Hub,668.5,1200,15.95,2.4,60.3,DELIVERED,YES,DOCK-12
2026-07-29 07:48:00,TRK-133,Rute-M,Gudang West (Tangerang),669.2,1200,16.36,2.5,60.8,IN_TRANSIT,YES,DOCK-01
2026-07-30 11:01:00,TRK-140,Rute-O,Petamburan Hub,669.9,1200,16.77,2.7,61.4,IDLE_DOCK,YES,DOCK-02
2026-07-31 15:14:00,TRK-147,Rute-Q,Bogor Transit Hub,670.6,1200,17.18,2.8,61.9,LOADED,YES,DOCK-03
2026-07-01 05:27:00,TRK-154,Rute-A,Central Hub (Jakarta),671.3,1200,17.59,3.0,62.5,QUEUED,NO,DOCK-04
2026-07-02 09:40:00,TRK-161,Rute-C,Bekasi Logistics Hub,672.0,1200,18.0,0.3,63.0,DELIVERED,YES,DOCK-05
2026-07-03 13:53:00,TRK-168,Rute-E,Cikarang Industrial Hub,672.7,1200,18.41,0.4,63.6,IN_TRANSIT,YES,DOCK-06
2026-07-04 17:06:00,TRK-175,Rute-G,Grogol Hub (Jakbar),673.4,1200,18.82,0.6,64.1,IDLE_DOCK,YES,DOCK-07
2026-07-05 07:19:00,TRK-002,Rute-I,Depok Hub,674.1,1200,19.23,0.7,64.7,LOADED,YES,DOCK-08
2026-07-06 11:32:00,TRK-009,Rute-K,Gudang West (Tangerang),674.8,1200,19.64,0.9,65.2,QUEUED,NO,DOCK-09
2026-07-07 15:45:00,TRK-016,Rute-M,Petamburan Hub,675.5,1200,20.05,1.0,65.8,DELIVERED,YES,DOCK-10
2026-07-08 05:58:00,TRK-023,Rute-O,Bogor Transit Hub,676.2,1200,20.46,1.1,66.3,IN_TRANSIT,YES,DOCK-11
2026-07-09 09:11:00,TRK-030,Rute-Q,Central Hub (Jakarta),676.9,1200,20.87,1.3,66.8,IDLE_DOCK,YES,DOCK-12
2026-07-10 13:24:00,TRK-037,Rute-A,Bekasi Logistics Hub,677.6,1200,21.28,1.4,67.4,LOADED,YES,DOCK-01
2026-07-11 17:37:00,TRK-044,Rute-C,Cikarang Industrial Hub,678.3,1200,21.69,1.6,68.0,QUEUED,NO,DOCK-02
2026-07-12 07:50:00,TRK-051,Rute-E,Grogol Hub (Jakbar),679.0,1200,22.1,1.7,68.5,DELIVERED,YES,DOCK-03
2026-07-13 11:03:00,TRK-058,Rute-G,Depok Hub,679.7,1200,22.51,1.8,69.1,IN_TRANSIT,YES,DOCK-04
2026-07-14 15:16:00,TRK-065,Rute-I,Gudang West (Tangerang),680.4,1200,22.92,2.0,69.6,IDLE_DOCK,YES,DOCK-05
2026-07-15 05:29:00,TRK-072,Rute-K,Petamburan Hub,681.1,1200,23.33,2.1,70.2,LOADED,YES,DOCK-06
2026-07-16 09:42:00,TRK-079,Rute-M,Bogor Transit Hub,681.8,1200,23.74,2.3,70.7,QUEUED,NO,DOCK-07
2026-07-17 13:55:00,TRK-086,Rute-O,Central Hub (Jakarta),682.5,1200,24.15,2.4,71.2,DELIVERED,YES,DOCK-08
2026-07-18 17:08:00,TRK-093,Rute-Q,Bekasi Logistics Hub,683.2,1200,24.56,2.5,71.8,IN_TRANSIT,YES,DOCK-09
2026-07-19 07:21:00,TRK-100,Rute-A,Cikarang Industrial Hub,683.9,1200,24.97,2.7,72.4,IDLE_DOCK,YES,DOCK-10
2026-07-20 11:34:00,TRK-107,Rute-C,Grogol Hub (Jakbar),684.6,1200,25.38,2.8,72.9,LOADED,YES,DOCK-11
2026-07-21 15:47:00,TRK-114,Rute-E,Depok Hub,685.3,1200,25.79,3.0,73.5,QUEUED,NO,DOCK-12
2026-07-22 05:00:00,TRK-121,Rute-G,Gudang West (Tangerang),686.0,1200,9.8,0.3,74.0,DELIVERED,YES,DOCK-01
2026-07-23 09:13:00,TRK-128,Rute-I,Petamburan Hub,686.7,1200,10.21,0.4,74.6,IN_TRANSIT,YES,DOCK-02
2026-07-24 13:26:00,TRK-135,Rute-K,Bogor Transit Hub,687.4,1200,10.62,0.6,75.1,IDLE_DOCK,YES,DOCK-03
2026-07-25 17:39:00,TRK-142,Rute-M,Central Hub (Jakarta),688.1,1200,11.03,0.7,75.7,LOADED,YES,DOCK-04
2026-07-26 07:52:00,TRK-149,Rute-O,Bekasi Logistics Hub,688.8,1200,11.44,0.9,76.2,QUEUED,NO,DOCK-05
2026-07-27 11:05:00,TRK-156,Rute-Q,Cikarang Industrial Hub,689.5,1200,11.85,1.0,76.8,DELIVERED,YES,DOCK-06
2026-07-28 15:18:00,TRK-163,Rute-A,Grogol Hub (Jakbar),690.2,1200,12.26,1.1,77.3,IN_TRANSIT,YES,DOCK-07
2026-07-29 05:31:00,TRK-170,Rute-C,Depok Hub,690.9,1200,12.67,1.3,77.9,IDLE_DOCK,YES,DOCK-08
2026-07-30 09:44:00,TRK-177,Rute-E,Gudang West (Tangerang),691.6,1200,13.08,1.4,78.4,LOADED,YES,DOCK-09
2026-07-31 13:57:00,TRK-004,Rute-G,Petamburan Hub,692.3,1200,13.49,1.6,79.0,QUEUED,NO,DOCK-10
2026-07-01 17:10:00,TRK-011,Rute-I,Bogor Transit Hub,693.0,1200,13.9,1.7,79.5,DELIVERED,YES,DOCK-11
2026-07-02 07:23:00,TRK-018,Rute-K,Central Hub (Jakarta),693.7,1200,14.31,1.8,80.1,IN_TRANSIT,YES,DOCK-12
2026-07-03 11:36:00,TRK-025,Rute-M,Bekasi Logistics Hub,694.4,1200,14.72,2.0,80.6,IDLE_DOCK,YES,DOCK-01
2026-07-04 15:49:00,TRK-032,Rute-O,Cikarang Industrial Hub,695.1,1200,15.13,2.1,81.2,LOADED,YES,DOCK-02
2026-07-05 05:02:00,TRK-039,Rute-Q,Grogol Hub (Jakbar),695.8,1200,15.54,2.3,81.7,QUEUED,NO,DOCK-03
2026-07-06 09:15:00,TRK-046,Rute-A,Depok Hub,696.5,1200,15.95,2.4,82.2,DELIVERED,YES,DOCK-04
2026-07-07 13:28:00,TRK-053,Rute-C,Gudang West (Tangerang),697.2,1200,16.36,2.5,82.8,IN_TRANSIT,YES,DOCK-05
2026-07-08 17:41:00,TRK-060,Rute-E,Petamburan Hub,697.9,1200,16.77,2.7,83.4,IDLE_DOCK,YES,DOCK-06
2026-07-09 07:54:00,TRK-067,Rute-G,Bogor Transit Hub,698.6,1200,17.18,2.8,83.9,LOADED,YES,DOCK-07
2026-07-10 11:07:00,TRK-074,Rute-I,Central Hub (Jakarta),699.3,1200,17.59,3.0,84.5,QUEUED,NO,DOCK-08
2026-07-11 15:20:00,TRK-081,Rute-K,Bekasi Logistics Hub,700.0,1200,18.0,0.3,85.0,DELIVERED,YES,DOCK-09
2026-07-12 05:33:00,TRK-088,Rute-M,Cikarang Industrial Hub,700.7,1200,18.41,0.4,85.6,IN_TRANSIT,YES,DOCK-10
2026-07-13 09:46:00,TRK-095,Rute-O,Grogol Hub (Jakbar),701.4,1200,18.82,0.6,86.1,IDLE_DOCK,YES,DOCK-11
2026-07-14 13:59:00,TRK-102,Rute-Q,Depok Hub,702.1,1200,19.23,0.7,86.7,LOADED,YES,DOCK-12
2026-07-15 17:12:00,TRK-109,Rute-A,Gudang West (Tangerang),702.8,1200,19.64,0.9,87.2,QUEUED,NO,DOCK-01
2026-07-16 07:25:00,TRK-116,Rute-C,Petamburan Hub,703.5,1200,20.05,1.0,87.8,DELIVERED,YES,DOCK-02
2026-07-17 11:38:00,TRK-123,Rute-E,Bogor Transit Hub,704.2,1200,20.46,1.1,88.3,IN_TRANSIT,YES,DOCK-03
2026-07-18 15:51:00,TRK-130,Rute-G,Central Hub (Jakarta),704.9,1200,20.87,1.3,88.9,IDLE_DOCK,YES,DOCK-04
2026-07-19 05:04:00,TRK-137,Rute-I,Bekasi Logistics Hub,705.6,1200,21.28,1.4,89.4,LOADED,YES,DOCK-05
2026-07-20 09:17:00,TRK-144,Rute-K,Cikarang Industrial Hub,706.3,1200,21.69,1.6,90.0,QUEUED,NO,DOCK-06
2026-07-21 13:30:00,TRK-151,Rute-M,Grogol Hub (Jakbar),707.0,1200,22.1,1.7,90.5,DELIVERED,YES,DOCK-07
2026-07-22 17:43:00,TRK-158,Rute-O,Depok Hub,707.7,1200,22.51,1.8,91.1,IN_TRANSIT,YES,DOCK-08
2026-07-23 07:56:00,TRK-165,Rute-Q,Gudang West (Tangerang),708.4,1200,22.92,2.0,91.6,IDLE_DOCK,YES,DOCK-09
2026-07-24 11:09:00,TRK-172,Rute-A,Petamburan Hub,709.1,1200,23.33,2.1,92.2,LOADED,YES,DOCK-10
2026-07-25 15:22:00,TRK-179,Rute-C,Bogor Transit Hub,709.8,1200,23.74,2.3,92.7,QUEUED,NO,DOCK-11
2026-07-26 05:35:00,TRK-006,Rute-E,Central Hub (Jakarta),710.5,1200,24.15,2.4,93.2,DELIVERED,YES,DOCK-12
2026-07-27 09:48:00,TRK-013,Rute-G,Bekasi Logistics Hub,711.2,1200,24.56,2.5,93.8,IN_TRANSIT,YES,DOCK-01
2026-07-28 13:01:00,TRK-020,Rute-I,Cikarang Industrial Hub,711.9,1200,24.97,2.7,94.4,IDLE_DOCK,YES,DOCK-02
2026-07-29 17:14:00,TRK-027,Rute-K,Grogol Hub (Jakbar),712.6,1200,25.38,2.8,94.9,LOADED,YES,DOCK-03
2026-07-30 07:27:00,TRK-034,Rute-M,Depok Hub,713.3,1200,25.79,3.0,95.5,QUEUED,NO,DOCK-04
2026-07-31 11:40:00,TRK-041,Rute-O,Gudang West (Tangerang),714.0,1200,9.8,0.3,8.0,DELIVERED,YES,DOCK-05
2026-07-01 15:53:00,TRK-048,Rute-Q,Petamburan Hub,714.7,1200,10.21,0.4,8.6,IN_TRANSIT,YES,DOCK-06
2026-07-02 05:06:00,TRK-055,Rute-A,Bogor Transit Hub,715.4,1200,10.62,0.6,9.1,IDLE_DOCK,YES,DOCK-07
2026-07-03 09:19:00,TRK-062,Rute-C,Central Hub (Jakarta),716.1,1200,11.03,0.7,9.7,LOADED,YES,DOCK-08
2026-07-04 13:32:00,TRK-069,Rute-E,Bekasi Logistics Hub,716.8,1200,11.44,0.9,10.2,QUEUED,NO,DOCK-09
2026-07-05 17:45:00,TRK-076,Rute-G,Cikarang Industrial Hub,717.5,1200,11.85,1.0,10.8,DELIVERED,YES,DOCK-10
2026-07-06 07:58:00,TRK-083,Rute-I,Grogol Hub (Jakbar),718.2,1200,12.26,1.1,11.3,IN_TRANSIT,YES,DOCK-11
2026-07-07 11:11:00,TRK-090,Rute-K,Depok Hub,718.9,1200,12.67,1.3,11.9,IDLE_DOCK,YES,DOCK-12
2026-07-08 15:24:00,TRK-097,Rute-M,Gudang West (Tangerang),719.6,1200,13.08,1.4,12.4,LOADED,YES,DOCK-01
2026-07-09 05:37:00,TRK-104,Rute-O,Petamburan Hub,720.3,1200,13.49,1.6,12.9,QUEUED,NO,DOCK-02
2026-07-10 09:50:00,TRK-111,Rute-Q,Bogor Transit Hub,721.0,1200,13.9,1.7,13.5,DELIVERED,YES,DOCK-03
2026-07-11 13:03:00,TRK-118,Rute-A,Central Hub (Jakarta),721.7,1200,14.31,1.8,14.1,IN_TRANSIT,YES,DOCK-04
2026-07-12 17:16:00,TRK-125,Rute-C,Bekasi Logistics Hub,722.4,1200,14.72,2.0,14.6,IDLE_DOCK,YES,DOCK-05
2026-07-13 07:29:00,TRK-132,Rute-E,Cikarang Industrial Hub,723.1,1200,15.13,2.1,15.2,LOADED,YES,DOCK-06
2026-07-14 11:42:00,TRK-139,Rute-G,Grogol Hub (Jakbar),723.8,1200,15.54,2.3,15.7,QUEUED,NO,DOCK-07
2026-07-15 15:55:00,TRK-146,Rute-I,Depok Hub,724.5,1200,15.95,2.4,16.2,DELIVERED,YES,DOCK-08
2026-07-16 05:08:00,TRK-153,Rute-K,Gudang West (Tangerang),725.2,1200,16.36,2.5,16.8,IN_TRANSIT,YES,DOCK-09
2026-07-17 09:21:00,TRK-160,Rute-M,Petamburan Hub,725.9,1200,16.77,2.7,17.4,IDLE_DOCK,YES,DOCK-10
2026-07-18 13:34:00,TRK-167,Rute-O,Bogor Transit Hub,726.6,1200,17.18,2.8,17.9,LOADED,YES,DOCK-11
2026-07-19 17:47:00,TRK-174,Rute-Q,Central Hub (Jakarta),727.3,1200,17.59,3.0,18.5,QUEUED,NO,DOCK-12
2026-07-20 07:00:00,TRK-001,Rute-A,Bekasi Logistics Hub,728.0,1200,18.0,0.3,19.0,DELIVERED,YES,DOCK-01
2026-07-21 11:13:00,TRK-008,Rute-C,Cikarang Industrial Hub,728.7,1200,18.41,0.4,19.6,IN_TRANSIT,YES,DOCK-02
2026-07-22 15:26:00,TRK-015,Rute-E,Grogol Hub (Jakbar),729.4,1200,18.82,0.6,20.1,IDLE_DOCK,YES,DOCK-03
2026-07-23 05:39:00,TRK-022,Rute-G,Depok Hub,730.1,1200,19.23,0.7,20.6,LOADED,YES,DOCK-04
2026-07-24 09:52:00,TRK-029,Rute-I,Gudang West (Tangerang),730.8,1200,19.64,0.9,21.2,QUEUED,NO,DOCK-05
2026-07-25 13:05:00,TRK-036,Rute-K,Petamburan Hub,731.5,1200,20.05,1.0,21.8,DELIVERED,YES,DOCK-06
2026-07-26 17:18:00,TRK-043,Rute-M,Bogor Transit Hub,732.2,1200,20.46,1.1,22.3,IN_TRANSIT,YES,DOCK-07
2026-07-27 07:31:00,TRK-050,Rute-O,Central Hub (Jakarta),732.9,1200,20.87,1.3,22.9,IDLE_DOCK,YES,DOCK-08
2026-07-28 11:44:00,TRK-057,Rute-Q,Bekasi Logistics Hub,733.6,1200,21.28,1.4,23.4,LOADED,YES,DOCK-09
2026-07-29 15:57:00,TRK-064,Rute-A,Cikarang Industrial Hub,734.3,1200,21.69,1.6,24.0,QUEUED,NO,DOCK-10
2026-07-30 05:10:00,TRK-071,Rute-C,Grogol Hub (Jakbar),735.0,1200,22.1,1.7,24.5,DELIVERED,YES,DOCK-11
2026-07-31 09:23:00,TRK-078,Rute-E,Depok Hub,735.7,1200,22.51,1.8,25.1,IN_TRANSIT,YES,DOCK-12
2026-07-01 13:36:00,TRK-085,Rute-G,Gudang West (Tangerang),736.4,1200,22.92,2.0,25.6,IDLE_DOCK,YES,DOCK-01
2026-07-02 17:49:00,TRK-092,Rute-I,Petamburan Hub,737.1,1200,23.33,2.1,26.2,LOADED,YES,DOCK-02
2026-07-03 07:02:00,TRK-099,Rute-K,Bogor Transit Hub,737.8,1200,23.74,2.3,26.7,QUEUED,NO,DOCK-03
2026-07-04 11:15:00,TRK-106,Rute-M,Central Hub (Jakarta),738.5,1200,24.15,2.4,27.2,DELIVERED,YES,DOCK-04
2026-07-05 15:28:00,TRK-113,Rute-O,Bekasi Logistics Hub,739.2,1200,24.56,2.5,27.8,IN_TRANSIT,YES,DOCK-05
2026-07-06 05:41:00,TRK-120,Rute-Q,Cikarang Industrial Hub,739.9,1200,24.97,2.7,28.4,IDLE_DOCK,YES,DOCK-06
2026-07-07 09:54:00,TRK-127,Rute-A,Grogol Hub (Jakbar),740.6,1200,25.38,2.8,28.9,LOADED,YES,DOCK-07
2026-07-08 13:07:00,TRK-134,Rute-C,Depok Hub,741.3,1200,25.79,3.0,29.5,QUEUED,NO,DOCK-08
2026-07-09 17:20:00,TRK-141,Rute-E,Gudang West (Tangerang),742.0,1200,9.8,0.3,30.0,DELIVERED,YES,DOCK-09
2026-07-10 07:33:00,TRK-148,Rute-G,Petamburan Hub,742.7,1200,10.21,0.4,30.6,IN_TRANSIT,YES,DOCK-10
2026-07-11 11:46:00,TRK-155,Rute-I,Bogor Transit Hub,743.4,1200,10.62,0.6,31.1,IDLE_DOCK,YES,DOCK-11
2026-07-12 15:59:00,TRK-162,Rute-K,Central Hub (Jakarta),744.1,1200,11.03,0.7,31.7,LOADED,YES,DOCK-12
2026-07-13 05:12:00,TRK-169,Rute-M,Bekasi Logistics Hub,744.8,1200,11.44,0.9,32.2,QUEUED,NO,DOCK-01
2026-07-14 09:25:00,TRK-176,Rute-O,Cikarang Industrial Hub,745.5,1200,11.85,1.0,32.8,DELIVERED,YES,DOCK-02
2026-07-15 13:38:00,TRK-003,Rute-Q,Grogol Hub (Jakbar),746.2,1200,12.26,1.1,33.3,IN_TRANSIT,YES,DOCK-03
2026-07-16 17:51:00,TRK-010,Rute-A,Depok Hub,746.9,1200,12.67,1.3,33.9,IDLE_DOCK,YES,DOCK-04
2026-07-17 07:04:00,TRK-017,Rute-C,Gudang West (Tangerang),747.6,1200,13.08,1.4,34.4,LOADED,YES,DOCK-05
2026-07-18 11:17:00,TRK-024,Rute-E,Petamburan Hub,748.3,1200,13.49,1.6,35.0,QUEUED,NO,DOCK-06
2026-07-19 15:30:00,TRK-031,Rute-G,Bogor Transit Hub,749.0,1200,13.9,1.7,35.5,DELIVERED,YES,DOCK-07
2026-07-20 05:43:00,TRK-038,Rute-I,Central Hub (Jakarta),749.7,1200,14.31,1.8,36.0,IN_TRANSIT,YES,DOCK-08
2026-07-21 09:56:00,TRK-045,Rute-K,Bekasi Logistics Hub,750.4,1200,14.72,2.0,36.6,IDLE_DOCK,YES,DOCK-09
2026-07-22 13:09:00,TRK-052,Rute-M,Cikarang Industrial Hub,751.1,1200,15.13,2.1,37.2,LOADED,YES,DOCK-10
2026-07-23 17:22:00,TRK-059,Rute-O,Grogol Hub (Jakbar),751.8,1200,15.54,2.3,37.7,QUEUED,NO,DOCK-11
2026-07-24 07:35:00,TRK-066,Rute-Q,Depok Hub,752.5,1200,15.95,2.4,38.2,DELIVERED,YES,DOCK-12
2026-07-25 11:48:00,TRK-073,Rute-A,Gudang West (Tangerang),753.2,1200,16.36,2.5,38.8,IN_TRANSIT,YES,DOCK-01
2026-07-26 15:01:00,TRK-080,Rute-C,Petamburan Hub,753.9,1200,16.77,2.7,39.4,IDLE_DOCK,YES,DOCK-02
2026-07-27 05:14:00,TRK-087,Rute-E,Bogor Transit Hub,754.6,1200,17.18,2.8,39.9,LOADED,YES,DOCK-03
2026-07-28 09:27:00,TRK-094,Rute-G,Central Hub (Jakarta),755.3,1200,17.59,3.0,40.5,QUEUED,NO,DOCK-04
2026-07-29 13:40:00,TRK-101,Rute-I,Bekasi Logistics Hub,756.0,1200,18.0,0.3,41.0,DELIVERED,YES,DOCK-05
2026-07-30 17:53:00,TRK-108,Rute-K,Cikarang Industrial Hub,756.7,1200,18.41,0.4,41.6,IN_TRANSIT,YES,DOCK-06
2026-07-31 07:06:00,TRK-115,Rute-M,Grogol Hub (Jakbar),757.4,1200,18.82,0.6,42.1,IDLE_DOCK,YES,DOCK-07
2026-07-01 11:19:00,TRK-122,Rute-O,Depok Hub,758.1,1200,19.23,0.7,42.7,LOADED,YES,DOCK-08
2026-07-02 15:32:00,TRK-129,Rute-Q,Gudang West (Tangerang),758.8,1200,19.64,0.9,43.2,QUEUED,NO,DOCK-09
2026-07-03 05:45:00,TRK-136,Rute-A,Petamburan Hub,759.5,1200,20.05,1.0,43.8,DELIVERED,YES,DOCK-10
2026-07-04 09:58:00,TRK-143,Rute-C,Bogor Transit Hub,760.2,1200,20.46,1.1,44.3,IN_TRANSIT,YES,DOCK-11
2026-07-05 13:11:00,TRK-150,Rute-E,Central Hub (Jakarta),760.9,1200,20.87,1.3,44.9,IDLE_DOCK,YES,DOCK-12
2026-07-06 17:24:00,TRK-157,Rute-G,Bekasi Logistics Hub,761.6,1200,21.28,1.4,45.4,LOADED,YES,DOCK-01
2026-07-07 07:37:00,TRK-164,Rute-I,Cikarang Industrial Hub,762.3,1200,21.69,1.6,46.0,QUEUED,NO,DOCK-02
2026-07-08 11:50:00,TRK-171,Rute-K,Grogol Hub (Jakbar),763.0,1200,22.1,1.7,46.5,DELIVERED,YES,DOCK-03
2026-07-09 15:03:00,TRK-178,Rute-M,Depok Hub,763.7,1200,22.51,1.8,47.1,IN_TRANSIT,YES,DOCK-04
2026-07-10 05:16:00,TRK-005,Rute-O,Gudang West (Tangerang),764.4,1200,22.92,2.0,47.6,IDLE_DOCK,YES,DOCK-05
2026-07-11 09:29:00,TRK-012,Rute-Q,Petamburan Hub,765.1,1200,23.33,2.1,48.2,LOADED,YES,DOCK-06
2026-07-12 13:42:00,TRK-019,Rute-A,Bogor Transit Hub,765.8,1200,23.74,2.3,48.7,QUEUED,NO,DOCK-07
2026-07-13 17:55:00,TRK-026,Rute-C,Central Hub (Jakarta),766.5,1200,24.15,2.4,49.2,DELIVERED,YES,DOCK-08
2026-07-14 07:08:00,TRK-033,Rute-E,Bekasi Logistics Hub,767.2,1200,24.56,2.5,49.8,IN_TRANSIT,YES,DOCK-09
2026-07-15 11:21:00,TRK-040,Rute-G,Cikarang Industrial Hub,767.9,1200,24.97,2.7,50.4,IDLE_DOCK,YES,DOCK-10
2026-07-16 15:34:00,TRK-047,Rute-I,Grogol Hub (Jakbar),768.6,1200,25.38,2.8,50.9,LOADED,YES,DOCK-11
2026-07-17 05:47:00,TRK-054,Rute-K,Depok Hub,769.3,1200,25.79,3.0,51.5,QUEUED,NO,DOCK-12
2026-07-18 09:00:00,TRK-061,Rute-M,Gudang West (Tangerang),770.0,1200,9.8,0.3,52.0,DELIVERED,YES,DOCK-01
2026-07-19 13:13:00,TRK-068,Rute-O,Petamburan Hub,770.7,1200,10.21,0.4,52.6,IN_TRANSIT,YES,DOCK-02
2026-07-20 17:26:00,TRK-075,Rute-Q,Bogor Transit Hub,771.4,1200,10.62,0.6,53.1,IDLE_DOCK,YES,DOCK-03
2026-07-21 07:39:00,TRK-082,Rute-A,Central Hub (Jakarta),772.1,1200,11.03,0.7,53.7,LOADED,YES,DOCK-04
2026-07-22 11:52:00,TRK-089,Rute-C,Bekasi Logistics Hub,772.8,1200,11.44,0.9,54.2,QUEUED,NO,DOCK-05
2026-07-23 15:05:00,TRK-096,Rute-E,Cikarang Industrial Hub,773.5,1200,11.85,1.0,54.8,DELIVERED,YES,DOCK-06
2026-07-24 05:18:00,TRK-103,Rute-G,Grogol Hub (Jakbar),774.2,1200,12.26,1.1,55.3,IN_TRANSIT,YES,DOCK-07
2026-07-25 09:31:00,TRK-110,Rute-I,Depok Hub,774.9,1200,12.67,1.3,55.9,IDLE_DOCK,YES,DOCK-08
2026-07-26 13:44:00,TRK-117,Rute-K,Gudang West (Tangerang),775.6,1200,13.08,1.4,56.4,LOADED,YES,DOCK-09
2026-07-27 17:57:00,TRK-124,Rute-M,Petamburan Hub,776.3,1200,13.49,1.6,57.0,QUEUED,NO,DOCK-10
2026-07-28 07:10:00,TRK-131,Rute-O,Bogor Transit Hub,777.0,1200,13.9,1.7,57.5,DELIVERED,YES,DOCK-11
2026-07-29 11:23:00,TRK-138,Rute-Q,Central Hub (Jakarta),777.7,1200,14.31,1.8,58.1,IN_TRANSIT,YES,DOCK-12
2026-07-30 15:36:00,TRK-145,Rute-A,Bekasi Logistics Hub,778.4,1200,14.72,2.0,58.6,IDLE_DOCK,YES,DOCK-01
2026-07-31 05:49:00,TRK-152,Rute-C,Cikarang Industrial Hub,779.1,1200,15.13,2.1,59.2,LOADED,YES,DOCK-02
2026-07-01 09:02:00,TRK-159,Rute-E,Grogol Hub (Jakbar),779.8,1200,15.54,2.3,59.7,QUEUED,NO,DOCK-03
2026-07-02 13:15:00,TRK-166,Rute-G,Depok Hub,780.5,1200,15.95,2.4,60.3,DELIVERED,YES,DOCK-04
2026-07-03 17:28:00,TRK-173,Rute-I,Gudang West (Tangerang),781.2,1200,16.36,2.5,60.8,IN_TRANSIT,YES,DOCK-05
2026-07-04 07:41:00,TRK-180,Rute-K,Petamburan Hub,781.9,1200,16.77,2.7,61.4,IDLE_DOCK,YES,DOCK-06
2026-07-05 11:54:00,TRK-007,Rute-M,Bogor Transit Hub,782.6,1200,17.18,2.8,61.9,LOADED,YES,DOCK-07
2026-07-06 15:07:00,TRK-014,Rute-O,Central Hub (Jakarta),783.3,1200,17.59,3.0,62.5,QUEUED,NO,DOCK-08
2026-07-07 05:20:00,TRK-021,Rute-Q,Bekasi Logistics Hub,784.0,1200,18.0,0.3,63.0,DELIVERED,YES,DOCK-09
2026-07-08 09:33:00,TRK-028,Rute-A,Cikarang Industrial Hub,784.7,1200,18.41,0.4,63.6,IN_TRANSIT,YES,DOCK-10
2026-07-09 13:46:00,TRK-035,Rute-C,Grogol Hub (Jakbar),785.4,1200,18.82,0.6,64.1,IDLE_DOCK,YES,DOCK-11
2026-07-10 17:59:00,TRK-042,Rute-E,Depok Hub,786.1,1200,19.23,0.7,64.7,LOADED,YES,DOCK-12
2026-07-11 07:12:00,TRK-049,Rute-G,Gudang West (Tangerang),786.8,1200,19.64,0.9,65.2,QUEUED,NO,DOCK-01
2026-07-12 11:25:00,TRK-056,Rute-I,Petamburan Hub,787.5,1200,20.05,1.0,65.8,DELIVERED,YES,DOCK-02
2026-07-13 15:38:00,TRK-063,Rute-K,Bogor Transit Hub,788.2,1200,20.46,1.1,66.3,IN_TRANSIT,YES,DOCK-03
2026-07-14 05:51:00,TRK-070,Rute-M,Central Hub (Jakarta),788.9,1200,20.87,1.3,66.8,IDLE_DOCK,YES,DOCK-04
2026-07-15 09:04:00,TRK-077,Rute-O,Bekasi Logistics Hub,789.6,1200,21.28,1.4,67.4,LOADED,YES,DOCK-05
2026-07-16 13:17:00,TRK-084,Rute-Q,Cikarang Industrial Hub,790.3,1200,21.69,1.6,68.0,QUEUED,NO,DOCK-06
2026-07-17 17:30:00,TRK-091,Rute-A,Grogol Hub (Jakbar),791.0,1200,22.1,1.7,68.5,DELIVERED,YES,DOCK-07
2026-07-18 07:43:00,TRK-098,Rute-C,Depok Hub,791.7,1200,22.51,1.8,69.1,IN_TRANSIT,YES,DOCK-08
2026-07-19 11:56:00,TRK-105,Rute-E,Gudang West (Tangerang),792.4,1200,22.92,2.0,69.6,IDLE_DOCK,YES,DOCK-09
2026-07-20 15:09:00,TRK-112,Rute-G,Petamburan Hub,793.1,1200,23.33,2.1,70.2,LOADED,YES,DOCK-10
2026-07-21 05:22:00,TRK-119,Rute-I,Bogor Transit Hub,793.8,1200,23.74,2.3,70.7,QUEUED,NO,DOCK-11
2026-07-22 09:35:00,TRK-126,Rute-K,Central Hub (Jakarta),794.5,1200,24.15,2.4,71.2,DELIVERED,YES,DOCK-12
2026-07-23 13:48:00,TRK-133,Rute-M,Bekasi Logistics Hub,795.2,1200,24.56,2.5,71.8,IN_TRANSIT,YES,DOCK-01
2026-07-24 17:01:00,TRK-140,Rute-O,Cikarang Industrial Hub,795.9,1200,24.97,2.7,72.4,IDLE_DOCK,YES,DOCK-02
2026-07-25 07:14:00,TRK-147,Rute-Q,Grogol Hub (Jakbar),796.6,1200,25.38,2.8,72.9,LOADED,YES,DOCK-03
2026-07-26 11:27:00,TRK-154,Rute-A,Depok Hub,797.3,1200,25.79,3.0,73.5,QUEUED,NO,DOCK-04
2026-07-27 15:40:00,TRK-161,Rute-C,Gudang West (Tangerang),798.0,1200,9.8,0.3,74.0,DELIVERED,YES,DOCK-05
2026-07-28 05:53:00,TRK-168,Rute-E,Petamburan Hub,798.7,1200,10.21,0.4,74.6,IN_TRANSIT,YES,DOCK-06
2026-07-29 09:06:00,TRK-175,Rute-G,Bogor Transit Hub,799.4,1200,10.62,0.6,75.1,IDLE_DOCK,YES,DOCK-07
2026-07-30 13:19:00,TRK-002,Rute-I,Central Hub (Jakarta),800.1,1200,11.03,0.7,75.7,LOADED,YES,DOCK-08
2026-07-31 17:32:00,TRK-009,Rute-K,Bekasi Logistics Hub,800.8,1200,11.44,0.9,76.2,QUEUED,NO,DOCK-09
2026-07-01 07:45:00,TRK-016,Rute-M,Cikarang Industrial Hub,801.5,1200,11.85,1.0,76.8,DELIVERED,YES,DOCK-10
2026-07-02 11:58:00,TRK-023,Rute-O,Grogol Hub (Jakbar),802.2,1200,12.26,1.1,77.3,IN_TRANSIT,YES,DOCK-11
2026-07-03 15:11:00,TRK-030,Rute-Q,Depok Hub,802.9,1200,12.67,1.3,77.9,IDLE_DOCK,YES,DOCK-12
2026-07-04 05:24:00,TRK-037,Rute-A,Gudang West (Tangerang),803.6,1200,13.08,1.4,78.4,LOADED,YES,DOCK-01
2026-07-05 09:37:00,TRK-044,Rute-C,Petamburan Hub,804.3,1200,13.49,1.6,79.0,QUEUED,NO,DOCK-02
2026-07-06 13:50:00,TRK-051,Rute-E,Bogor Transit Hub,805.0,1200,13.9,1.7,79.5,DELIVERED,YES,DOCK-03
2026-07-07 17:03:00,TRK-058,Rute-G,Central Hub (Jakarta),805.7,1200,14.31,1.8,80.1,IN_TRANSIT,YES,DOCK-04
2026-07-08 07:16:00,TRK-065,Rute-I,Bekasi Logistics Hub,806.4,1200,14.72,2.0,80.6,IDLE_DOCK,YES,DOCK-05
2026-07-09 11:29:00,TRK-072,Rute-K,Cikarang Industrial Hub,807.1,1200,15.13,2.1,81.2,LOADED,YES,DOCK-06
2026-07-10 15:42:00,TRK-079,Rute-M,Grogol Hub (Jakbar),807.8,1200,15.54,2.3,81.7,QUEUED,NO,DOCK-07
2026-07-11 05:55:00,TRK-086,Rute-O,Depok Hub,808.5,1200,15.95,2.4,82.2,DELIVERED,YES,DOCK-08
2026-07-12 09:08:00,TRK-093,Rute-Q,Gudang West (Tangerang),809.2,1200,16.36,2.5,82.8,IN_TRANSIT,YES,DOCK-09
2026-07-13 13:21:00,TRK-100,Rute-A,Petamburan Hub,809.9,1200,16.77,2.7,83.4,IDLE_DOCK,YES,DOCK-10
2026-07-14 17:34:00,TRK-107,Rute-C,Bogor Transit Hub,810.6,1200,17.18,2.8,83.9,LOADED,YES,DOCK-11
2026-07-15 07:47:00,TRK-114,Rute-E,Central Hub (Jakarta),811.3,1200,17.59,3.0,84.5,QUEUED,NO,DOCK-12
2026-07-16 11:00:00,TRK-121,Rute-G,Bekasi Logistics Hub,812.0,1200,18.0,0.3,85.0,DELIVERED,YES,DOCK-01
2026-07-17 15:13:00,TRK-128,Rute-I,Cikarang Industrial Hub,812.7,1200,18.41,0.4,85.6,IN_TRANSIT,YES,DOCK-02
2026-07-18 05:26:00,TRK-135,Rute-K,Grogol Hub (Jakbar),813.4,1200,18.82,0.6,86.1,IDLE_DOCK,YES,DOCK-03
2026-07-19 09:39:00,TRK-142,Rute-M,Depok Hub,814.1,1200,19.23,0.7,86.7,LOADED,YES,DOCK-04
2026-07-20 13:52:00,TRK-149,Rute-O,Gudang West (Tangerang),814.8,1200,19.64,0.9,87.2,QUEUED,NO,DOCK-05
2026-07-21 17:05:00,TRK-156,Rute-Q,Petamburan Hub,815.5,1200,20.05,1.0,87.8,DELIVERED,YES,DOCK-06
2026-07-22 07:18:00,TRK-163,Rute-A,Bogor Transit Hub,816.2,1200,20.46,1.1,88.3,IN_TRANSIT,YES,DOCK-07
2026-07-23 11:31:00,TRK-170,Rute-C,Central Hub (Jakarta),816.9,1200,20.87,1.3,88.9,IDLE_DOCK,YES,DOCK-08
2026-07-24 15:44:00,TRK-177,Rute-E,Bekasi Logistics Hub,817.6,1200,21.28,1.4,89.4,LOADED,YES,DOCK-09
2026-07-25 05:57:00,TRK-004,Rute-G,Cikarang Industrial Hub,818.3,1200,21.69,1.6,90.0,QUEUED,NO,DOCK-10
2026-07-26 09:10:00,TRK-011,Rute-I,Grogol Hub (Jakbar),819.0,1200,22.1,1.7,90.5,DELIVERED,YES,DOCK-11
2026-07-27 13:23:00,TRK-018,Rute-K,Depok Hub,819.7,1200,22.51,1.8,91.1,IN_TRANSIT,YES,DOCK-12
2026-07-28 17:36:00,TRK-025,Rute-M,Gudang West (Tangerang),820.4,1200,22.92,2.0,91.6,IDLE_DOCK,YES,DOCK-01
2026-07-29 07:49:00,TRK-032,Rute-O,Petamburan Hub,821.1,1200,23.33,2.1,92.2,LOADED,YES,DOCK-02
2026-07-30 11:02:00,TRK-039,Rute-Q,Bogor Transit Hub,821.8,1200,23.74,2.3,92.7,QUEUED,NO,DOCK-03
2026-07-31 15:15:00,TRK-046,Rute-A,Central Hub (Jakarta),822.5,1200,24.15,2.4,93.2,DELIVERED,YES,DOCK-04
2026-07-01 05:28:00,TRK-053,Rute-C,Bekasi Logistics Hub,823.2,1200,24.56,2.5,93.8,IN_TRANSIT,YES,DOCK-05
2026-07-02 09:41:00,TRK-060,Rute-E,Cikarang Industrial Hub,823.9,1200,24.97,2.7,94.4,IDLE_DOCK,YES,DOCK-06
2026-07-03 13:54:00,TRK-067,Rute-G,Grogol Hub (Jakbar),824.6,1200,25.38,2.8,94.9,LOADED,YES,DOCK-07
2026-07-04 17:07:00,TRK-074,Rute-I,Depok Hub,825.3,1200,25.79,3.0,95.5,QUEUED,NO,DOCK-08
2026-07-05 07:20:00,TRK-081,Rute-K,Gudang West (Tangerang),826.0,1200,9.8,0.3,8.0,DELIVERED,YES,DOCK-09
2026-07-06 11:33:00,TRK-088,Rute-M,Petamburan Hub,826.7,1200,10.21,0.4,8.6,IN_TRANSIT,YES,DOCK-10
2026-07-07 15:46:00,TRK-095,Rute-O,Bogor Transit Hub,827.4,1200,10.62,0.6,9.1,IDLE_DOCK,YES,DOCK-11
2026-07-08 05:59:00,TRK-102,Rute-Q,Central Hub (Jakarta),828.1,1200,11.03,0.7,9.7,LOADED,YES,DOCK-12
2026-07-09 09:12:00,TRK-109,Rute-A,Bekasi Logistics Hub,828.8,1200,11.44,0.9,10.2,QUEUED,NO,DOCK-01
2026-07-10 13:25:00,TRK-116,Rute-C,Cikarang Industrial Hub,829.5,1200,11.85,1.0,10.8,DELIVERED,YES,DOCK-02
2026-07-11 17:38:00,TRK-123,Rute-E,Grogol Hub (Jakbar),830.2,1200,12.26,1.1,11.3,IN_TRANSIT,YES,DOCK-03
2026-07-12 07:51:00,TRK-130,Rute-G,Depok Hub,830.9,1200,12.67,1.3,11.9,IDLE_DOCK,YES,DOCK-04
2026-07-13 11:04:00,TRK-137,Rute-I,Gudang West (Tangerang),831.6,1200,13.08,1.4,12.4,LOADED,YES,DOCK-05
2026-07-14 15:17:00,TRK-144,Rute-K,Petamburan Hub,832.3,1200,13.49,1.6,12.9,QUEUED,NO,DOCK-06
2026-07-15 05:30:00,TRK-151,Rute-M,Bogor Transit Hub,833.0,1200,13.9,1.7,13.5,DELIVERED,YES,DOCK-07
2026-07-16 09:43:00,TRK-158,Rute-O,Central Hub (Jakarta),833.7,1200,14.31,1.8,14.1,IN_TRANSIT,YES,DOCK-08
2026-07-17 13:56:00,TRK-165,Rute-Q,Bekasi Logistics Hub,834.4,1200,14.72,2.0,14.6,IDLE_DOCK,YES,DOCK-09
2026-07-18 17:09:00,TRK-172,Rute-A,Cikarang Industrial Hub,835.1,1200,15.13,2.1,15.2,LOADED,YES,DOCK-10
2026-07-19 07:22:00,TRK-179,Rute-C,Grogol Hub (Jakbar),835.8,1200,15.54,2.3,15.7,QUEUED,NO,DOCK-11
2026-07-20 11:35:00,TRK-006,Rute-E,Depok Hub,836.5,1200,15.95,2.4,16.2,DELIVERED,YES,DOCK-12
2026-07-21 15:48:00,TRK-013,Rute-G,Gudang West (Tangerang),837.2,1200,16.36,2.5,16.8,IN_TRANSIT,YES,DOCK-01
2026-07-22 05:01:00,TRK-020,Rute-I,Petamburan Hub,837.9,1200,16.77,2.7,17.4,IDLE_DOCK,YES,DOCK-02
2026-07-23 09:14:00,TRK-027,Rute-K,Bogor Transit Hub,838.6,1200,17.18,2.8,17.9,LOADED,YES,DOCK-03
2026-07-24 13:27:00,TRK-034,Rute-M,Central Hub (Jakarta),839.3,1200,17.59,3.0,18.5,QUEUED,NO,DOCK-04
2026-07-25 17:40:00,TRK-041,Rute-O,Bekasi Logistics Hub,840.0,1200,18.0,0.3,19.0,DELIVERED,YES,DOCK-05
2026-07-26 07:53:00,TRK-048,Rute-Q,Cikarang Industrial Hub,840.7,1200,18.41,0.4,19.6,IN_TRANSIT,YES,DOCK-06
2026-07-27 11:06:00,TRK-055,Rute-A,Grogol Hub (Jakbar),841.4,1200,18.82,0.6,20.1,IDLE_DOCK,YES,DOCK-07
2026-07-28 15:19:00,TRK-062,Rute-C,Depok Hub,842.1,1200,19.23,0.7,20.6,LOADED,YES,DOCK-08
2026-07-29 05:32:00,TRK-069,Rute-E,Gudang West (Tangerang),842.8,1200,19.64,0.9,21.2,QUEUED,NO,DOCK-09
2026-07-30 09:45:00,TRK-076,Rute-G,Petamburan Hub,843.5,1200,20.05,1.0,21.8,DELIVERED,YES,DOCK-10
2026-07-31 13:58:00,TRK-083,Rute-I,Bogor Transit Hub,844.2,1200,20.46,1.1,22.3,IN_TRANSIT,YES,DOCK-11
2026-07-01 17:11:00,TRK-090,Rute-K,Central Hub (Jakarta),844.9,1200,20.87,1.3,22.9,IDLE_DOCK,YES,DOCK-12
2026-07-02 07:24:00,TRK-097,Rute-M,Bekasi Logistics Hub,845.6,1200,21.28,1.4,23.4,LOADED,YES,DOCK-01
2026-07-03 11:37:00,TRK-104,Rute-O,Cikarang Industrial Hub,846.3,1200,21.69,1.6,24.0,QUEUED,NO,DOCK-02
2026-07-04 15:50:00,TRK-111,Rute-Q,Grogol Hub (Jakbar),847.0,1200,22.1,1.7,24.5,DELIVERED,YES,DOCK-03
2026-07-05 05:03:00,TRK-118,Rute-A,Depok Hub,847.7,1200,22.51,1.8,25.1,IN_TRANSIT,YES,DOCK-04
2026-07-06 09:16:00,TRK-125,Rute-C,Gudang West (Tangerang),848.4,1200,22.92,2.0,25.6,IDLE_DOCK,YES,DOCK-05
2026-07-07 13:29:00,TRK-132,Rute-E,Petamburan Hub,849.1,1200,23.33,2.1,26.2,LOADED,YES,DOCK-06
2026-07-08 17:42:00,TRK-139,Rute-G,Bogor Transit Hub,849.8,1200,23.74,2.3,26.7,QUEUED,NO,DOCK-07
2026-07-09 07:55:00,TRK-146,Rute-I,Central Hub (Jakarta),850.5,1200,24.15,2.4,27.2,DELIVERED,YES,DOCK-08
2026-07-10 11:08:00,TRK-153,Rute-K,Bekasi Logistics Hub,851.2,1200,24.56,2.5,27.8,IN_TRANSIT,YES,DOCK-09
2026-07-11 15:21:00,TRK-160,Rute-M,Cikarang Industrial Hub,851.9,1200,24.97,2.7,28.4,IDLE_DOCK,YES,DOCK-10
2026-07-12 05:34:00,TRK-167,Rute-O,Grogol Hub (Jakbar),852.6,1200,25.38,2.8,28.9,LOADED,YES,DOCK-11
2026-07-13 09:47:00,TRK-174,Rute-Q,Depok Hub,853.3,1200,25.79,3.0,29.5,QUEUED,NO,DOCK-12
2026-07-14 13:00:00,TRK-001,Rute-A,Gudang West (Tangerang),854.0,1200,9.8,0.3,30.0,DELIVERED,YES,DOCK-01
2026-07-15 17:13:00,TRK-008,Rute-C,Petamburan Hub,854.7,1200,10.21,0.4,30.6,IN_TRANSIT,YES,DOCK-02
2026-07-16 07:26:00,TRK-015,Rute-E,Bogor Transit Hub,855.4,1200,10.62,0.6,31.1,IDLE_DOCK,YES,DOCK-03
2026-07-17 11:39:00,TRK-022,Rute-G,Central Hub (Jakarta),856.1,1200,11.03,0.7,31.7,LOADED,YES,DOCK-04
2026-07-18 15:52:00,TRK-029,Rute-I,Bekasi Logistics Hub,856.8,1200,11.44,0.9,32.2,QUEUED,NO,DOCK-05
2026-07-19 05:05:00,TRK-036,Rute-K,Cikarang Industrial Hub,857.5,1200,11.85,1.0,32.8,DELIVERED,YES,DOCK-06
2026-07-20 09:18:00,TRK-043,Rute-M,Grogol Hub (Jakbar),858.2,1200,12.26,1.1,33.3,IN_TRANSIT,YES,DOCK-07
2026-07-21 13:31:00,TRK-050,Rute-O,Depok Hub,858.9,1200,12.67,1.3,33.9,IDLE_DOCK,YES,DOCK-08
2026-07-22 17:44:00,TRK-057,Rute-Q,Gudang West (Tangerang),859.6,1200,13.08,1.4,34.4,LOADED,YES,DOCK-09
2026-07-23 07:57:00,TRK-064,Rute-A,Petamburan Hub,860.3,1200,13.49,1.6,35.0,QUEUED,NO,DOCK-10
2026-07-24 11:10:00,TRK-071,Rute-C,Bogor Transit Hub,861.0,1200,13.9,1.7,35.5,DELIVERED,YES,DOCK-11
2026-07-25 15:23:00,TRK-078,Rute-E,Central Hub (Jakarta),861.7,1200,14.31,1.8,36.0,IN_TRANSIT,YES,DOCK-12
2026-07-26 05:36:00,TRK-085,Rute-G,Bekasi Logistics Hub,862.4,1200,14.72,2.0,36.6,IDLE_DOCK,YES,DOCK-01
2026-07-27 09:49:00,TRK-092,Rute-I,Cikarang Industrial Hub,863.1,1200,15.13,2.1,37.2,LOADED,YES,DOCK-02
2026-07-28 13:02:00,TRK-099,Rute-K,Grogol Hub (Jakbar),863.8,1200,15.54,2.3,37.7,QUEUED,NO,DOCK-03
2026-07-29 17:15:00,TRK-106,Rute-M,Depok Hub,864.5,1200,15.95,2.4,38.2,DELIVERED,YES,DOCK-04
2026-07-30 07:28:00,TRK-113,Rute-O,Gudang West (Tangerang),865.2,1200,16.36,2.5,38.8,IN_TRANSIT,YES,DOCK-05
2026-07-31 11:41:00,TRK-120,Rute-Q,Petamburan Hub,865.9,1200,16.77,2.7,39.4,IDLE_DOCK,YES,DOCK-06
2026-07-01 15:54:00,TRK-127,Rute-A,Bogor Transit Hub,866.6,1200,17.18,2.8,39.9,LOADED,YES,DOCK-07
2026-07-02 05:07:00,TRK-134,Rute-C,Central Hub (Jakarta),867.3,1200,17.59,3.0,40.5,QUEUED,NO,DOCK-08
2026-07-03 09:20:00,TRK-141,Rute-E,Bekasi Logistics Hub,868.0,1200,18.0,0.3,41.0,DELIVERED,YES,DOCK-09
2026-07-04 13:33:00,TRK-148,Rute-G,Cikarang Industrial Hub,868.7,1200,18.41,0.4,41.6,IN_TRANSIT,YES,DOCK-10
2026-07-05 17:46:00,TRK-155,Rute-I,Grogol Hub (Jakbar),869.4,1200,18.82,0.6,42.1,IDLE_DOCK,YES,DOCK-11
2026-07-06 07:59:00,TRK-162,Rute-K,Depok Hub,870.1,1200,19.23,0.7,42.7,LOADED,YES,DOCK-12
2026-07-07 11:12:00,TRK-169,Rute-M,Gudang West (Tangerang),870.8,1200,19.64,0.9,43.2,QUEUED,NO,DOCK-01
2026-07-08 15:25:00,TRK-176,Rute-O,Petamburan Hub,871.5,1200,20.05,1.0,43.8,DELIVERED,YES,DOCK-02
2026-07-09 05:38:00,TRK-003,Rute-Q,Bogor Transit Hub,872.2,1200,20.46,1.1,44.3,IN_TRANSIT,YES,DOCK-03
2026-07-10 09:51:00,TRK-010,Rute-A,Central Hub (Jakarta),872.9,1200,20.87,1.3,44.9,IDLE_DOCK,YES,DOCK-04
2026-07-11 13:04:00,TRK-017,Rute-C,Bekasi Logistics Hub,873.6,1200,21.28,1.4,45.4,LOADED,YES,DOCK-05
2026-07-12 17:17:00,TRK-024,Rute-E,Cikarang Industrial Hub,874.3,1200,21.69,1.6,46.0,QUEUED,NO,DOCK-06
2026-07-13 07:30:00,TRK-031,Rute-G,Grogol Hub (Jakbar),875.0,1200,22.1,1.7,46.5,DELIVERED,YES,DOCK-07
2026-07-14 11:43:00,TRK-038,Rute-I,Depok Hub,875.7,1200,22.51,1.8,47.1,IN_TRANSIT,YES,DOCK-08
2026-07-15 15:56:00,TRK-045,Rute-K,Gudang West (Tangerang),876.4,1200,22.92,2.0,47.6,IDLE_DOCK,YES,DOCK-09
2026-07-16 05:09:00,TRK-052,Rute-M,Petamburan Hub,877.1,1200,23.33,2.1,48.2,LOADED,YES,DOCK-10
2026-07-17 09:22:00,TRK-059,Rute-O,Bogor Transit Hub,877.8,1200,23.74,2.3,48.7,QUEUED,NO,DOCK-11
2026-07-18 13:35:00,TRK-066,Rute-Q,Central Hub (Jakarta),878.5,1200,24.15,2.4,49.2,DELIVERED,YES,DOCK-12
2026-07-19 17:48:00,TRK-073,Rute-A,Bekasi Logistics Hub,879.2,1200,24.56,2.5,49.8,IN_TRANSIT,YES,DOCK-01
2026-07-20 07:01:00,TRK-080,Rute-C,Cikarang Industrial Hub,879.9,1200,24.97,2.7,50.4,IDLE_DOCK,YES,DOCK-02
2026-07-21 11:14:00,TRK-087,Rute-E,Grogol Hub (Jakbar),880.6,1200,25.38,2.8,50.9,LOADED,YES,DOCK-03
2026-07-22 15:27:00,TRK-094,Rute-G,Depok Hub,881.3,1200,25.79,3.0,51.5,QUEUED,NO,DOCK-04
2026-07-23 05:40:00,TRK-101,Rute-I,Gudang West (Tangerang),882.0,1200,9.8,0.3,52.0,DELIVERED,YES,DOCK-05
2026-07-24 09:53:00,TRK-108,Rute-K,Petamburan Hub,882.7,1200,10.21,0.4,52.6,IN_TRANSIT,YES,DOCK-06
2026-07-25 13:06:00,TRK-115,Rute-M,Bogor Transit Hub,883.4,1200,10.62,0.6,53.1,IDLE_DOCK,YES,DOCK-07
2026-07-26 17:19:00,TRK-122,Rute-O,Central Hub (Jakarta),884.1,1200,11.03,0.7,53.7,LOADED,YES,DOCK-08
2026-07-27 07:32:00,TRK-129,Rute-Q,Bekasi Logistics Hub,884.8,1200,11.44,0.9,54.2,QUEUED,NO,DOCK-09
2026-07-28 11:45:00,TRK-136,Rute-A,Cikarang Industrial Hub,885.5,1200,11.85,1.0,54.8,DELIVERED,YES,DOCK-10
2026-07-29 15:58:00,TRK-143,Rute-C,Grogol Hub (Jakbar),886.2,1200,12.26,1.1,55.3,IN_TRANSIT,YES,DOCK-11
2026-07-30 05:11:00,TRK-150,Rute-E,Depok Hub,886.9,1200,12.67,1.3,55.9,IDLE_DOCK,YES,DOCK-12
2026-07-31 09:24:00,TRK-157,Rute-G,Gudang West (Tangerang),887.6,1200,13.08,1.4,56.4,LOADED,YES,DOCK-01
2026-07-01 13:37:00,TRK-164,Rute-I,Petamburan Hub,888.3,1200,13.49,1.6,57.0,QUEUED,NO,DOCK-02
2026-07-02 17:50:00,TRK-171,Rute-K,Bogor Transit Hub,889.0,1200,13.9,1.7,57.5,DELIVERED,YES,DOCK-03
2026-07-03 07:03:00,TRK-178,Rute-M,Central Hub (Jakarta),889.7,1200,14.31,1.8,58.1,IN_TRANSIT,YES,DOCK-04
2026-07-04 11:16:00,TRK-005,Rute-O,Bekasi Logistics Hub,890.4,1200,14.72,2.0,58.6,IDLE_DOCK,YES,DOCK-05
2026-07-05 15:29:00,TRK-012,Rute-Q,Cikarang Industrial Hub,891.1,1200,15.13,2.1,59.2,LOADED,YES,DOCK-06
2026-07-06 05:42:00,TRK-019,Rute-A,Grogol Hub (Jakbar),891.8,1200,15.54,2.3,59.7,QUEUED,NO,DOCK-07
2026-07-07 09:55:00,TRK-026,Rute-C,Depok Hub,892.5,1200,15.95,2.4,60.3,DELIVERED,YES,DOCK-08
2026-07-08 13:08:00,TRK-033,Rute-E,Gudang West (Tangerang),893.2,1200,16.36,2.5,60.8,IN_TRANSIT,YES,DOCK-09
2026-07-09 17:21:00,TRK-040,Rute-G,Petamburan Hub,893.9,1200,16.77,2.7,61.4,IDLE_DOCK,YES,DOCK-10
2026-07-10 07:34:00,TRK-047,Rute-I,Bogor Transit Hub,894.6,1200,17.18,2.8,61.9,LOADED,YES,DOCK-11
2026-07-11 11:47:00,TRK-054,Rute-K,Central Hub (Jakarta),895.3,1200,17.59,3.0,62.5,QUEUED,NO,DOCK-12
2026-07-12 15:00:00,TRK-061,Rute-M,Bekasi Logistics Hub,896.0,1200,18.0,0.3,63.0,DELIVERED,YES,DOCK-01
2026-07-13 05:13:00,TRK-068,Rute-O,Cikarang Industrial Hub,896.7,1200,18.41,0.4,63.6,IN_TRANSIT,YES,DOCK-02
2026-07-14 09:26:00,TRK-075,Rute-Q,Grogol Hub (Jakbar),897.4,1200,18.82,0.6,64.1,IDLE_DOCK,YES,DOCK-03
2026-07-15 13:39:00,TRK-082,Rute-A,Depok Hub,898.1,1200,19.23,0.7,64.7,LOADED,YES,DOCK-04
2026-07-16 17:52:00,TRK-089,Rute-C,Gudang West (Tangerang),898.8,1200,19.64,0.9,65.2,QUEUED,NO,DOCK-05
2026-07-17 07:05:00,TRK-096,Rute-E,Petamburan Hub,899.5,1200,20.05,1.0,65.8,DELIVERED,YES,DOCK-06
2026-07-18 11:18:00,TRK-103,Rute-G,Bogor Transit Hub,900.2,1200,20.46,1.1,66.3,IN_TRANSIT,YES,DOCK-07
2026-07-19 15:31:00,TRK-110,Rute-I,Central Hub (Jakarta),900.9,1200,20.87,1.3,66.8,IDLE_DOCK,YES,DOCK-08
2026-07-20 05:44:00,TRK-117,Rute-K,Bekasi Logistics Hub,901.6,1200,21.28,1.4,67.4,LOADED,YES,DOCK-09
2026-07-21 09:57:00,TRK-124,Rute-M,Cikarang Industrial Hub,902.3,1200,21.69,1.6,68.0,QUEUED,NO,DOCK-10
2026-07-22 13:10:00,TRK-131,Rute-O,Grogol Hub (Jakbar),903.0,1200,22.1,1.7,68.5,DELIVERED,YES,DOCK-11
2026-07-23 17:23:00,TRK-138,Rute-Q,Depok Hub,903.7,1200,22.51,1.8,69.1,IN_TRANSIT,YES,DOCK-12
2026-07-24 07:36:00,TRK-145,Rute-A,Gudang West (Tangerang),904.4,1200,22.92,2.0,69.6,IDLE_DOCK,YES,DOCK-01
2026-07-25 11:49:00,TRK-152,Rute-C,Petamburan Hub,905.1,1200,23.33,2.1,70.2,LOADED,YES,DOCK-02
2026-07-26 15:02:00,TRK-159,Rute-E,Bogor Transit Hub,905.8,1200,23.74,2.3,70.7,QUEUED,NO,DOCK-03
2026-07-27 05:15:00,TRK-166,Rute-G,Central Hub (Jakarta),906.5,1200,24.15,2.4,71.2,DELIVERED,YES,DOCK-04
2026-07-28 09:28:00,TRK-173,Rute-I,Bekasi Logistics Hub,907.2,1200,24.56,2.5,71.8,IN_TRANSIT,YES,DOCK-05
2026-07-29 13:41:00,TRK-180,Rute-K,Cikarang Industrial Hub,907.9,1200,24.97,2.7,72.4,IDLE_DOCK,YES,DOCK-06
2026-07-30 17:54:00,TRK-007,Rute-M,Grogol Hub (Jakbar),908.6,1200,25.38,2.8,72.9,LOADED,YES,DOCK-07
2026-07-31 07:07:00,TRK-014,Rute-O,Depok Hub,909.3,1200,25.79,3.0,73.5,QUEUED,NO,DOCK-08
2026-07-01 11:20:00,TRK-021,Rute-Q,Gudang West (Tangerang),910.0,1200,9.8,0.3,74.0,DELIVERED,YES,DOCK-09
2026-07-02 15:33:00,TRK-028,Rute-A,Petamburan Hub,910.7,1200,10.21,0.4,74.6,IN_TRANSIT,YES,DOCK-10
2026-07-03 05:46:00,TRK-035,Rute-C,Bogor Transit Hub,911.4,1200,10.62,0.6,75.1,IDLE_DOCK,YES,DOCK-11
2026-07-04 09:59:00,TRK-042,Rute-E,Central Hub (Jakarta),912.1,1200,11.03,0.7,75.7,LOADED,YES,DOCK-12
2026-07-05 13:12:00,TRK-049,Rute-G,Bekasi Logistics Hub,912.8,1200,11.44,0.9,76.2,QUEUED,NO,DOCK-01
2026-07-06 17:25:00,TRK-056,Rute-I,Cikarang Industrial Hub,913.5,1200,11.85,1.0,76.8,DELIVERED,YES,DOCK-02
2026-07-07 07:38:00,TRK-063,Rute-K,Grogol Hub (Jakbar),914.2,1200,12.26,1.1,77.3,IN_TRANSIT,YES,DOCK-03
2026-07-08 11:51:00,TRK-070,Rute-M,Depok Hub,914.9,1200,12.67,1.3,77.9,IDLE_DOCK,YES,DOCK-04
2026-07-09 15:04:00,TRK-077,Rute-O,Gudang West (Tangerang),915.6,1200,13.08,1.4,78.4,LOADED,YES,DOCK-05
2026-07-10 05:17:00,TRK-084,Rute-Q,Petamburan Hub,916.3,1200,13.49,1.6,79.0,QUEUED,NO,DOCK-06
2026-07-11 09:30:00,TRK-091,Rute-A,Bogor Transit Hub,917.0,1200,13.9,1.7,79.5,DELIVERED,YES,DOCK-07
2026-07-12 13:43:00,TRK-098,Rute-C,Central Hub (Jakarta),917.7,1200,14.31,1.8,80.1,IN_TRANSIT,YES,DOCK-08
2026-07-13 17:56:00,TRK-105,Rute-E,Bekasi Logistics Hub,918.4,1200,14.72,2.0,80.6,IDLE_DOCK,YES,DOCK-09
2026-07-14 07:09:00,TRK-112,Rute-G,Cikarang Industrial Hub,919.1,1200,15.13,2.1,81.2,LOADED,YES,DOCK-10
2026-07-15 11:22:00,TRK-119,Rute-I,Grogol Hub (Jakbar),919.8,1200,15.54,2.3,81.7,QUEUED,NO,DOCK-11
2026-07-16 15:35:00,TRK-126,Rute-K,Depok Hub,920.5,1200,15.95,2.4,82.2,DELIVERED,YES,DOCK-12
2026-07-17 05:48:00,TRK-133,Rute-M,Gudang West (Tangerang),921.2,1200,16.36,2.5,82.8,IN_TRANSIT,YES,DOCK-01
2026-07-18 09:01:00,TRK-140,Rute-O,Petamburan Hub,921.9,1200,16.77,2.7,83.4,IDLE_DOCK,YES,DOCK-02
2026-07-19 13:14:00,TRK-147,Rute-Q,Bogor Transit Hub,922.6,1200,17.18,2.8,83.9,LOADED,YES,DOCK-03
2026-07-20 17:27:00,TRK-154,Rute-A,Central Hub (Jakarta),923.3,1200,17.59,3.0,84.5,QUEUED,NO,DOCK-04
2026-07-21 07:40:00,TRK-161,Rute-C,Bekasi Logistics Hub,924.0,1200,18.0,0.3,85.0,DELIVERED,YES,DOCK-05
2026-07-22 11:53:00,TRK-168,Rute-E,Cikarang Industrial Hub,924.7,1200,18.41,0.4,85.6,IN_TRANSIT,YES,DOCK-06
2026-07-23 15:06:00,TRK-175,Rute-G,Grogol Hub (Jakbar),925.4,1200,18.82,0.6,86.1,IDLE_DOCK,YES,DOCK-07
2026-07-24 05:19:00,TRK-002,Rute-I,Depok Hub,926.1,1200,19.23,0.7,86.7,LOADED,YES,DOCK-08
2026-07-25 09:32:00,TRK-009,Rute-K,Gudang West (Tangerang),926.8,1200,19.64,0.9,87.2,QUEUED,NO,DOCK-09
2026-07-26 13:45:00,TRK-016,Rute-M,Petamburan Hub,927.5,1200,20.05,1.0,87.8,DELIVERED,YES,DOCK-10
2026-07-27 17:58:00,TRK-023,Rute-O,Bogor Transit Hub,928.2,1200,20.46,1.1,88.3,IN_TRANSIT,YES,DOCK-11
2026-07-28 07:11:00,TRK-030,Rute-Q,Central Hub (Jakarta),928.9,1200,20.87,1.3,88.9,IDLE_DOCK,YES,DOCK-12
2026-07-29 11:24:00,TRK-037,Rute-A,Bekasi Logistics Hub,929.6,1200,21.28,1.4,89.4,LOADED,YES,DOCK-01
2026-07-30 15:37:00,TRK-044,Rute-C,Cikarang Industrial Hub,930.3,1200,21.69,1.6,90.0,QUEUED,NO,DOCK-02
2026-07-31 05:50:00,TRK-051,Rute-E,Grogol Hub (Jakbar),931.0,1200,22.1,1.7,90.5,DELIVERED,YES,DOCK-03
2026-07-01 09:03:00,TRK-058,Rute-G,Depok Hub,931.7,1200,22.51,1.8,91.1,IN_TRANSIT,YES,DOCK-04
2026-07-02 13:16:00,TRK-065,Rute-I,Gudang West (Tangerang),932.4,1200,22.92,2.0,91.6,IDLE_DOCK,YES,DOCK-05
2026-07-03 17:29:00,TRK-072,Rute-K,Petamburan Hub,933.1,1200,23.33,2.1,92.2,LOADED,YES,DOCK-06
2026-07-04 07:42:00,TRK-079,Rute-M,Bogor Transit Hub,933.8,1200,23.74,2.3,92.7,QUEUED,NO,DOCK-07
2026-07-05 11:55:00,TRK-086,Rute-O,Central Hub (Jakarta),934.5,1200,24.15,2.4,93.2,DELIVERED,YES,DOCK-08
2026-07-06 15:08:00,TRK-093,Rute-Q,Bekasi Logistics Hub,935.2,1200,24.56,2.5,93.8,IN_TRANSIT,YES,DOCK-09
2026-07-07 05:21:00,TRK-100,Rute-A,Cikarang Industrial Hub,935.9,1200,24.97,2.7,94.4,IDLE_DOCK,YES,DOCK-10
2026-07-08 09:34:00,TRK-107,Rute-C,Grogol Hub (Jakbar),936.6,1200,25.38,2.8,94.9,LOADED,YES,DOCK-11
2026-07-09 13:47:00,TRK-114,Rute-E,Depok Hub,937.3,1200,25.79,3.0,95.5,QUEUED,NO,DOCK-12
2026-07-10 17:00:00,TRK-121,Rute-G,Gudang West (Tangerang),938.0,1200,9.8,0.3,8.0,DELIVERED,YES,DOCK-01
2026-07-11 07:13:00,TRK-128,Rute-I,Petamburan Hub,938.7,1200,10.21,0.4,8.6,IN_TRANSIT,YES,DOCK-02
2026-07-12 11:26:00,TRK-135,Rute-K,Bogor Transit Hub,939.4,1200,10.62,0.6,9.1,IDLE_DOCK,YES,DOCK-03
2026-07-13 15:39:00,TRK-142,Rute-M,Central Hub (Jakarta),940.1,1200,11.03,0.7,9.7,LOADED,YES,DOCK-04
2026-07-14 05:52:00,TRK-149,Rute-O,Bekasi Logistics Hub,940.8,1200,11.44,0.9,10.2,QUEUED,NO,DOCK-05
2026-07-15 09:05:00,TRK-156,Rute-Q,Cikarang Industrial Hub,941.5,1200,11.85,1.0,10.8,DELIVERED,YES,DOCK-06
2026-07-16 13:18:00,TRK-163,Rute-A,Grogol Hub (Jakbar),942.2,1200,12.26,1.1,11.3,IN_TRANSIT,YES,DOCK-07
2026-07-17 17:31:00,TRK-170,Rute-C,Depok Hub,942.9,1200,12.67,1.3,11.9,IDLE_DOCK,YES,DOCK-08
2026-07-18 07:44:00,TRK-177,Rute-E,Gudang West (Tangerang),943.6,1200,13.08,1.4,12.4,LOADED,YES,DOCK-09
2026-07-19 11:57:00,TRK-004,Rute-G,Petamburan Hub,944.3,1200,13.49,1.6,12.9,QUEUED,NO,DOCK-10
2026-07-20 15:10:00,TRK-011,Rute-I,Bogor Transit Hub,945.0,1200,13.9,1.7,13.5,DELIVERED,YES,DOCK-11
2026-07-21 05:23:00,TRK-018,Rute-K,Central Hub (Jakarta),945.7,1200,14.31,1.8,14.1,IN_TRANSIT,YES,DOCK-12
2026-07-22 09:36:00,TRK-025,Rute-M,Bekasi Logistics Hub,946.4,1200,14.72,2.0,14.6,IDLE_DOCK,YES,DOCK-01
2026-07-23 13:49:00,TRK-032,Rute-O,Cikarang Industrial Hub,947.1,1200,15.13,2.1,15.2,LOADED,YES,DOCK-02
2026-07-24 17:02:00,TRK-039,Rute-Q,Grogol Hub (Jakbar),947.8,1200,15.54,2.3,15.7,QUEUED,NO,DOCK-03
2026-07-25 07:15:00,TRK-046,Rute-A,Depok Hub,948.5,1200,15.95,2.4,16.2,DELIVERED,YES,DOCK-04
2026-07-26 11:28:00,TRK-053,Rute-C,Gudang West (Tangerang),949.2,1200,16.36,2.5,16.8,IN_TRANSIT,YES,DOCK-05
2026-07-27 15:41:00,TRK-060,Rute-E,Petamburan Hub,949.9,1200,16.77,2.7,17.4,IDLE_DOCK,YES,DOCK-06
2026-07-28 05:54:00,TRK-067,Rute-G,Bogor Transit Hub,950.6,1200,17.18,2.8,17.9,LOADED,YES,DOCK-07
2026-07-29 09:07:00,TRK-074,Rute-I,Central Hub (Jakarta),951.3,1200,17.59,3.0,18.5,QUEUED,NO,DOCK-08
2026-07-30 13:20:00,TRK-081,Rute-K,Bekasi Logistics Hub,952.0,1200,18.0,0.3,19.0,DELIVERED,YES,DOCK-09
2026-07-31 17:33:00,TRK-088,Rute-M,Cikarang Industrial Hub,952.7,1200,18.41,0.4,19.6,IN_TRANSIT,YES,DOCK-10
2026-07-01 07:46:00,TRK-095,Rute-O,Grogol Hub (Jakbar),953.4,1200,18.82,0.6,20.1,IDLE_DOCK,YES,DOCK-11
2026-07-02 11:59:00,TRK-102,Rute-Q,Depok Hub,954.1,1200,19.23,0.7,20.6,LOADED,YES,DOCK-12
2026-07-03 15:12:00,TRK-109,Rute-A,Gudang West (Tangerang),954.8,1200,19.64,0.9,21.2,QUEUED,NO,DOCK-01
2026-07-04 05:25:00,TRK-116,Rute-C,Petamburan Hub,955.5,1200,20.05,1.0,21.8,DELIVERED,YES,DOCK-02
2026-07-05 09:38:00,TRK-123,Rute-E,Bogor Transit Hub,956.2,1200,20.46,1.1,22.3,IN_TRANSIT,YES,DOCK-03
2026-07-06 13:51:00,TRK-130,Rute-G,Central Hub (Jakarta),956.9,1200,20.87,1.3,22.9,IDLE_DOCK,YES,DOCK-04
2026-07-07 17:04:00,TRK-137,Rute-I,Bekasi Logistics Hub,957.6,1200,21.28,1.4,23.4,LOADED,YES,DOCK-05
2026-07-08 07:17:00,TRK-144,Rute-K,Cikarang Industrial Hub,958.3,1200,21.69,1.6,24.0,QUEUED,NO,DOCK-06
2026-07-09 11:30:00,TRK-151,Rute-M,Grogol Hub (Jakbar),959.0,1200,22.1,1.7,24.5,DELIVERED,YES,DOCK-07
2026-07-10 15:43:00,TRK-158,Rute-O,Depok Hub,959.7,1200,22.51,1.8,25.1,IN_TRANSIT,YES,DOCK-08
2026-07-11 05:56:00,TRK-165,Rute-Q,Gudang West (Tangerang),960.4,1200,22.92,2.0,25.6,IDLE_DOCK,YES,DOCK-09
2026-07-12 09:09:00,TRK-172,Rute-A,Petamburan Hub,961.1,1200,23.33,2.1,26.2,LOADED,YES,DOCK-10
2026-07-13 13:22:00,TRK-179,Rute-C,Bogor Transit Hub,961.8,1200,23.74,2.3,26.7,QUEUED,NO,DOCK-11
2026-07-14 17:35:00,TRK-006,Rute-E,Central Hub (Jakarta),962.5,1200,24.15,2.4,27.2,DELIVERED,YES,DOCK-12
2026-07-15 07:48:00,TRK-013,Rute-G,Bekasi Logistics Hub,963.2,1200,24.56,2.5,27.8,IN_TRANSIT,YES,DOCK-01
2026-07-16 11:01:00,TRK-020,Rute-I,Cikarang Industrial Hub,963.9,1200,24.97,2.7,28.4,IDLE_DOCK,YES,DOCK-02
2026-07-17 15:14:00,TRK-027,Rute-K,Grogol Hub (Jakbar),964.6,1200,25.38,2.8,28.9,LOADED,YES,DOCK-03
2026-07-18 05:27:00,TRK-034,Rute-M,Depok Hub,965.3,1200,25.79,3.0,29.5,QUEUED,NO,DOCK-04
2026-07-19 09:40:00,TRK-041,Rute-O,Gudang West (Tangerang),966.0,1200,9.8,0.3,30.0,DELIVERED,YES,DOCK-05
2026-07-20 13:53:00,TRK-048,Rute-Q,Petamburan Hub,966.7,1200,10.21,0.4,30.6,IN_TRANSIT,YES,DOCK-06
2026-07-21 17:06:00,TRK-055,Rute-A,Bogor Transit Hub,967.4,1200,10.62,0.6,31.1,IDLE_DOCK,YES,DOCK-07
2026-07-22 07:19:00,TRK-062,Rute-C,Central Hub (Jakarta),968.1,1200,11.03,0.7,31.7,LOADED,YES,DOCK-08
2026-07-23 11:32:00,TRK-069,Rute-E,Bekasi Logistics Hub,968.8,1200,11.44,0.9,32.2,QUEUED,NO,DOCK-09
2026-07-24 15:45:00,TRK-076,Rute-G,Cikarang Industrial Hub,969.5,1200,11.85,1.0,32.8,DELIVERED,YES,DOCK-10
2026-07-25 05:58:00,TRK-083,Rute-I,Grogol Hub (Jakbar),970.2,1200,12.26,1.1,33.3,IN_TRANSIT,YES,DOCK-11
2026-07-26 09:11:00,TRK-090,Rute-K,Depok Hub,970.9,1200,12.67,1.3,33.9,IDLE_DOCK,YES,DOCK-12
2026-07-27 13:24:00,TRK-097,Rute-M,Gudang West (Tangerang),971.6,1200,13.08,1.4,34.4,LOADED,YES,DOCK-01
2026-07-28 17:37:00,TRK-104,Rute-O,Petamburan Hub,972.3,1200,13.49,1.6,35.0,QUEUED,NO,DOCK-02
2026-07-29 07:50:00,TRK-111,Rute-Q,Bogor Transit Hub,973.0,1200,13.9,1.7,35.5,DELIVERED,YES,DOCK-03
2026-07-30 11:03:00,TRK-118,Rute-A,Central Hub (Jakarta),973.7,1200,14.31,1.8,36.0,IN_TRANSIT,YES,DOCK-04
2026-07-31 15:16:00,TRK-125,Rute-C,Bekasi Logistics Hub,974.4,1200,14.72,2.0,36.6,IDLE_DOCK,YES,DOCK-05
2026-07-01 05:29:00,TRK-132,Rute-E,Cikarang Industrial Hub,975.1,1200,15.13,2.1,37.2,LOADED,YES,DOCK-06
2026-07-02 09:42:00,TRK-139,Rute-G,Grogol Hub (Jakbar),975.8,1200,15.54,2.3,37.7,QUEUED,NO,DOCK-07
2026-07-03 13:55:00,TRK-146,Rute-I,Depok Hub,976.5,1200,15.95,2.4,38.2,DELIVERED,YES,DOCK-08
2026-07-04 17:08:00,TRK-153,Rute-K,Gudang West (Tangerang),977.2,1200,16.36,2.5,38.8,IN_TRANSIT,YES,DOCK-09
2026-07-05 07:21:00,TRK-160,Rute-M,Petamburan Hub,977.9,1200,16.77,2.7,39.4,IDLE_DOCK,YES,DOCK-10
2026-07-06 11:34:00,TRK-167,Rute-O,Bogor Transit Hub,978.6,1200,17.18,2.8,39.9,LOADED,YES,DOCK-11
2026-07-07 15:47:00,TRK-174,Rute-Q,Central Hub (Jakarta),979.3,1200,17.59,3.0,40.5,QUEUED,NO,DOCK-12
2026-07-08 05:00:00,TRK-001,Rute-A,Bekasi Logistics Hub,350.0,1200,18.0,0.3,41.0,DELIVERED,YES,DOCK-01
2026-07-09 09:13:00,TRK-008,Rute-C,Cikarang Industrial Hub,350.7,1200,18.41,0.4,41.6,IN_TRANSIT,YES,DOCK-02
2026-07-10 13:26:00,TRK-015,Rute-E,Grogol Hub (Jakbar),351.4,1200,18.82,0.6,42.1,IDLE_DOCK,YES,DOCK-03
2026-07-11 17:39:00,TRK-022,Rute-G,Depok Hub,352.1,1200,19.23,0.7,42.7,LOADED,YES,DOCK-04
2026-07-12 07:52:00,TRK-029,Rute-I,Gudang West (Tangerang),352.8,1200,19.64,0.9,43.2,QUEUED,NO,DOCK-05
2026-07-13 11:05:00,TRK-036,Rute-K,Petamburan Hub,353.5,1200,20.05,1.0,43.8,DELIVERED,YES,DOCK-06
2026-07-14 15:18:00,TRK-043,Rute-M,Bogor Transit Hub,354.2,1200,20.46,1.1,44.3,IN_TRANSIT,YES,DOCK-07
2026-07-15 05:31:00,TRK-050,Rute-O,Central Hub (Jakarta),354.9,1200,20.87,1.3,44.9,IDLE_DOCK,YES,DOCK-08
2026-07-16 09:44:00,TRK-057,Rute-Q,Bekasi Logistics Hub,355.6,1200,21.28,1.4,45.4,LOADED,YES,DOCK-09
2026-07-17 13:57:00,TRK-064,Rute-A,Cikarang Industrial Hub,356.3,1200,21.69,1.6,46.0,QUEUED,NO,DOCK-10
2026-07-18 17:10:00,TRK-071,Rute-C,Grogol Hub (Jakbar),357.0,1200,22.1,1.7,46.5,DELIVERED,YES,DOCK-11
2026-07-19 07:23:00,TRK-078,Rute-E,Depok Hub,357.7,1200,22.51,1.8,47.1,IN_TRANSIT,YES,DOCK-12
2026-07-20 11:36:00,TRK-085,Rute-G,Gudang West (Tangerang),358.4,1200,22.92,2.0,47.6,IDLE_DOCK,YES,DOCK-01
2026-07-21 15:49:00,TRK-092,Rute-I,Petamburan Hub,359.1,1200,23.33,2.1,48.2,LOADED,YES,DOCK-02
2026-07-22 05:02:00,TRK-099,Rute-K,Bogor Transit Hub,359.8,1200,23.74,2.3,48.7,QUEUED,NO,DOCK-03
2026-07-23 09:15:00,TRK-106,Rute-M,Central Hub (Jakarta),360.5,1200,24.15,2.4,49.2,DELIVERED,YES,DOCK-04
2026-07-24 13:28:00,TRK-113,Rute-O,Bekasi Logistics Hub,361.2,1200,24.56,2.5,49.8,IN_TRANSIT,YES,DOCK-05
2026-07-25 17:41:00,TRK-120,Rute-Q,Cikarang Industrial Hub,361.9,1200,24.97,2.7,50.4,IDLE_DOCK,YES,DOCK-06
2026-07-26 07:54:00,TRK-127,Rute-A,Grogol Hub (Jakbar),362.6,1200,25.38,2.8,50.9,LOADED,YES,DOCK-07
2026-07-27 11:07:00,TRK-134,Rute-C,Depok Hub,363.3,1200,25.79,3.0,51.5,QUEUED,NO,DOCK-08
2026-07-28 15:20:00,TRK-141,Rute-E,Gudang West (Tangerang),364.0,1200,9.8,0.3,52.0,DELIVERED,YES,DOCK-09
2026-07-29 05:33:00,TRK-148,Rute-G,Petamburan Hub,364.7,1200,10.21,0.4,52.6,IN_TRANSIT,YES,DOCK-10
2026-07-30 09:46:00,TRK-155,Rute-I,Bogor Transit Hub,365.4,1200,10.62,0.6,53.1,IDLE_DOCK,YES,DOCK-11
2026-07-31 13:59:00,TRK-162,Rute-K,Central Hub (Jakarta),366.1,1200,11.03,0.7,53.7,LOADED,YES,DOCK-12
2026-07-01 17:12:00,TRK-169,Rute-M,Bekasi Logistics Hub,366.8,1200,11.44,0.9,54.2,QUEUED,NO,DOCK-01
2026-07-02 07:25:00,TRK-176,Rute-O,Cikarang Industrial Hub,367.5,1200,11.85,1.0,54.8,DELIVERED,YES,DOCK-02
2026-07-03 11:38:00,TRK-003,Rute-Q,Grogol Hub (Jakbar),368.2,1200,12.26,1.1,55.3,IN_TRANSIT,YES,DOCK-03
2026-07-04 15:51:00,TRK-010,Rute-A,Depok Hub,368.9,1200,12.67,1.3,55.9,IDLE_DOCK,YES,DOCK-04
2026-07-05 05:04:00,TRK-017,Rute-C,Gudang West (Tangerang),369.6,1200,13.08,1.4,56.4,LOADED,YES,DOCK-05
2026-07-06 09:17:00,TRK-024,Rute-E,Petamburan Hub,370.3,1200,13.49,1.6,57.0,QUEUED,NO,DOCK-06
2026-07-07 13:30:00,TRK-031,Rute-G,Bogor Transit Hub,371.0,1200,13.9,1.7,57.5,DELIVERED,YES,DOCK-07
2026-07-08 17:43:00,TRK-038,Rute-I,Central Hub (Jakarta),371.7,1200,14.31,1.8,58.1,IN_TRANSIT,YES,DOCK-08
2026-07-09 07:56:00,TRK-045,Rute-K,Bekasi Logistics Hub,372.4,1200,14.72,2.0,58.6,IDLE_DOCK,YES,DOCK-09
2026-07-10 11:09:00,TRK-052,Rute-M,Cikarang Industrial Hub,373.1,1200,15.13,2.1,59.2,LOADED,YES,DOCK-10
2026-07-11 15:22:00,TRK-059,Rute-O,Grogol Hub (Jakbar),373.8,1200,15.54,2.3,59.7,QUEUED,NO,DOCK-11
2026-07-12 05:35:00,TRK-066,Rute-Q,Depok Hub,374.5,1200,15.95,2.4,60.3,DELIVERED,YES,DOCK-12
2026-07-13 09:48:00,TRK-073,Rute-A,Gudang West (Tangerang),375.2,1200,16.36,2.5,60.8,IN_TRANSIT,YES,DOCK-01
2026-07-14 13:01:00,TRK-080,Rute-C,Petamburan Hub,375.9,1200,16.77,2.7,61.4,IDLE_DOCK,YES,DOCK-02
2026-07-15 17:14:00,TRK-087,Rute-E,Bogor Transit Hub,376.6,1200,17.18,2.8,61.9,LOADED,YES,DOCK-03
2026-07-16 07:27:00,TRK-094,Rute-G,Central Hub (Jakarta),377.3,1200,17.59,3.0,62.5,QUEUED,NO,DOCK-04
2026-07-17 11:40:00,TRK-101,Rute-I,Bekasi Logistics Hub,378.0,1200,18.0,0.3,63.0,DELIVERED,YES,DOCK-05
2026-07-18 15:53:00,TRK-108,Rute-K,Cikarang Industrial Hub,378.7,1200,18.41,0.4,63.6,IN_TRANSIT,YES,DOCK-06
2026-07-19 05:06:00,TRK-115,Rute-M,Grogol Hub (Jakbar),379.4,1200,18.82,0.6,64.1,IDLE_DOCK,YES,DOCK-07
2026-07-20 09:19:00,TRK-122,Rute-O,Depok Hub,380.1,1200,19.23,0.7,64.7,LOADED,YES,DOCK-08
2026-07-21 13:32:00,TRK-129,Rute-Q,Gudang West (Tangerang),380.8,1200,19.64,0.9,65.2,QUEUED,NO,DOCK-09
2026-07-22 17:45:00,TRK-136,Rute-A,Petamburan Hub,381.5,1200,20.05,1.0,65.8,DELIVERED,YES,DOCK-10
2026-07-23 07:58:00,TRK-143,Rute-C,Bogor Transit Hub,382.2,1200,20.46,1.1,66.3,IN_TRANSIT,YES,DOCK-11
2026-07-24 11:11:00,TRK-150,Rute-E,Central Hub (Jakarta),382.9,1200,20.87,1.3,66.8,IDLE_DOCK,YES,DOCK-12
2026-07-25 15:24:00,TRK-157,Rute-G,Bekasi Logistics Hub,383.6,1200,21.28,1.4,67.4,LOADED,YES,DOCK-01
2026-07-26 05:37:00,TRK-164,Rute-I,Cikarang Industrial Hub,384.3,1200,21.69,1.6,68.0,QUEUED,NO,DOCK-02
2026-07-27 09:50:00,TRK-171,Rute-K,Grogol Hub (Jakbar),385.0,1200,22.1,1.7,68.5,DELIVERED,YES,DOCK-03
2026-07-28 13:03:00,TRK-178,Rute-M,Depok Hub,385.7,1200,22.51,1.8,69.1,IN_TRANSIT,YES,DOCK-04
2026-07-29 17:16:00,TRK-005,Rute-O,Gudang West (Tangerang),386.4,1200,22.92,2.0,69.6,IDLE_DOCK,YES,DOCK-05
2026-07-30 07:29:00,TRK-012,Rute-Q,Petamburan Hub,387.1,1200,23.33,2.1,70.2,LOADED,YES,DOCK-06
2026-07-31 11:42:00,TRK-019,Rute-A,Bogor Transit Hub,387.8,1200,23.74,2.3,70.7,QUEUED,NO,DOCK-07
2026-07-01 15:55:00,TRK-026,Rute-C,Central Hub (Jakarta),388.5,1200,24.15,2.4,71.2,DELIVERED,YES,DOCK-08
2026-07-02 05:08:00,TRK-033,Rute-E,Bekasi Logistics Hub,389.2,1200,24.56,2.5,71.8,IN_TRANSIT,YES,DOCK-09
2026-07-03 09:21:00,TRK-040,Rute-G,Cikarang Industrial Hub,389.9,1200,24.97,2.7,72.4,IDLE_DOCK,YES,DOCK-10
2026-07-04 13:34:00,TRK-047,Rute-I,Grogol Hub (Jakbar),390.6,1200,25.38,2.8,72.9,LOADED,YES,DOCK-11
2026-07-05 17:47:00,TRK-054,Rute-K,Depok Hub,391.3,1200,25.79,3.0,73.5,QUEUED,NO,DOCK-12
2026-07-06 07:00:00,TRK-061,Rute-M,Gudang West (Tangerang),392.0,1200,9.8,0.3,74.0,DELIVERED,YES,DOCK-01
2026-07-07 11:13:00,TRK-068,Rute-O,Petamburan Hub,392.7,1200,10.21,0.4,74.6,IN_TRANSIT,YES,DOCK-02
2026-07-08 15:26:00,TRK-075,Rute-Q,Bogor Transit Hub,393.4,1200,10.62,0.6,75.1,IDLE_DOCK,YES,DOCK-03
2026-07-09 05:39:00,TRK-082,Rute-A,Central Hub (Jakarta),394.1,1200,11.03,0.7,75.7,LOADED,YES,DOCK-04
2026-07-10 09:52:00,TRK-089,Rute-C,Bekasi Logistics Hub,394.8,1200,11.44,0.9,76.2,QUEUED,NO,DOCK-05
2026-07-11 13:05:00,TRK-096,Rute-E,Cikarang Industrial Hub,395.5,1200,11.85,1.0,76.8,DELIVERED,YES,DOCK-06
2026-07-12 17:18:00,TRK-103,Rute-G,Grogol Hub (Jakbar),396.2,1200,12.26,1.1,77.3,IN_TRANSIT,YES,DOCK-07
2026-07-13 07:31:00,TRK-110,Rute-I,Depok Hub,396.9,1200,12.67,1.3,77.9,IDLE_DOCK,YES,DOCK-08
2026-07-14 11:44:00,TRK-117,Rute-K,Gudang West (Tangerang),397.6,1200,13.08,1.4,78.4,LOADED,YES,DOCK-09
2026-07-15 15:57:00,TRK-124,Rute-M,Petamburan Hub,398.3,1200,13.49,1.6,79.0,QUEUED,NO,DOCK-10
2026-07-16 05:10:00,TRK-131,Rute-O,Bogor Transit Hub,399.0,1200,13.9,1.7,79.5,DELIVERED,YES,DOCK-11
2026-07-17 09:23:00,TRK-138,Rute-Q,Central Hub (Jakarta),399.7,1200,14.31,1.8,80.1,IN_TRANSIT,YES,DOCK-12
2026-07-18 13:36:00,TRK-145,Rute-A,Bekasi Logistics Hub,400.4,1200,14.72,2.0,80.6,IDLE_DOCK,YES,DOCK-01
2026-07-19 17:49:00,TRK-152,Rute-C,Cikarang Industrial Hub,401.1,1200,15.13,2.1,81.2,LOADED,YES,DOCK-02
2026-07-20 07:02:00,TRK-159,Rute-E,Grogol Hub (Jakbar),401.8,1200,15.54,2.3,81.7,QUEUED,NO,DOCK-03
2026-07-21 11:15:00,TRK-166,Rute-G,Depok Hub,402.5,1200,15.95,2.4,82.2,DELIVERED,YES,DOCK-04
2026-07-22 15:28:00,TRK-173,Rute-I,Gudang West (Tangerang),403.2,1200,16.36,2.5,82.8,IN_TRANSIT,YES,DOCK-05
2026-07-23 05:41:00,TRK-180,Rute-K,Petamburan Hub,403.9,1200,16.77,2.7,83.4,IDLE_DOCK,YES,DOCK-06
2026-07-24 09:54:00,TRK-007,Rute-M,Bogor Transit Hub,404.6,1200,17.18,2.8,83.9,LOADED,YES,DOCK-07
2026-07-25 13:07:00,TRK-014,Rute-O,Central Hub (Jakarta),405.3,1200,17.59,3.0,84.5,QUEUED,NO,DOCK-08
2026-07-26 17:20:00,TRK-021,Rute-Q,Bekasi Logistics Hub,406.0,1200,18.0,0.3,85.0,DELIVERED,YES,DOCK-09
2026-07-27 07:33:00,TRK-028,Rute-A,Cikarang Industrial Hub,406.7,1200,18.41,0.4,85.6,IN_TRANSIT,YES,DOCK-10
2026-07-28 11:46:00,TRK-035,Rute-C,Grogol Hub (Jakbar),407.4,1200,18.82,0.6,86.1,IDLE_DOCK,YES,DOCK-11
2026-07-29 15:59:00,TRK-042,Rute-E,Depok Hub,408.1,1200,19.23,0.7,86.7,LOADED,YES,DOCK-12
2026-07-30 05:12:00,TRK-049,Rute-G,Gudang West (Tangerang),408.8,1200,19.64,0.9,87.2,QUEUED,NO,DOCK-01
2026-07-31 09:25:00,TRK-056,Rute-I,Petamburan Hub,409.5,1200,20.05,1.0,87.8,DELIVERED,YES,DOCK-02
2026-07-01 13:38:00,TRK-063,Rute-K,Bogor Transit Hub,410.2,1200,20.46,1.1,88.3,IN_TRANSIT,YES,DOCK-03
2026-07-02 17:51:00,TRK-070,Rute-M,Central Hub (Jakarta),410.9,1200,20.87,1.3,88.9,IDLE_DOCK,YES,DOCK-04
2026-07-03 07:04:00,TRK-077,Rute-O,Bekasi Logistics Hub,411.6,1200,21.28,1.4,89.4,LOADED,YES,DOCK-05
2026-07-04 11:17:00,TRK-084,Rute-Q,Cikarang Industrial Hub,412.3,1200,21.69,1.6,90.0,QUEUED,NO,DOCK-06
2026-07-05 15:30:00,TRK-091,Rute-A,Grogol Hub (Jakbar),413.0,1200,22.1,1.7,90.5,DELIVERED,YES,DOCK-07
2026-07-06 05:43:00,TRK-098,Rute-C,Depok Hub,413.7,1200,22.51,1.8,91.1,IN_TRANSIT,YES,DOCK-08
2026-07-07 09:56:00,TRK-105,Rute-E,Gudang West (Tangerang),414.4,1200,22.92,2.0,91.6,IDLE_DOCK,YES,DOCK-09
2026-07-08 13:09:00,TRK-112,Rute-G,Petamburan Hub,415.1,1200,23.33,2.1,92.2,LOADED,YES,DOCK-10
2026-07-09 17:22:00,TRK-119,Rute-I,Bogor Transit Hub,415.8,1200,23.74,2.3,92.7,QUEUED,NO,DOCK-11
2026-07-10 07:35:00,TRK-126,Rute-K,Central Hub (Jakarta),416.5,1200,24.15,2.4,93.2,DELIVERED,YES,DOCK-12
2026-07-11 11:48:00,TRK-133,Rute-M,Bekasi Logistics Hub,417.2,1200,24.56,2.5,93.8,IN_TRANSIT,YES,DOCK-01
2026-07-12 15:01:00,TRK-140,Rute-O,Cikarang Industrial Hub,417.9,1200,24.97,2.7,94.4,IDLE_DOCK,YES,DOCK-02
2026-07-13 05:14:00,TRK-147,Rute-Q,Grogol Hub (Jakbar),418.6,1200,25.38,2.8,94.9,LOADED,YES,DOCK-03
2026-07-14 09:27:00,TRK-154,Rute-A,Depok Hub,419.3,1200,25.79,3.0,95.5,QUEUED,NO,DOCK-04
2026-07-15 13:40:00,TRK-161,Rute-C,Gudang West (Tangerang),420.0,1200,9.8,0.3,8.0,DELIVERED,YES,DOCK-05
2026-07-16 17:53:00,TRK-168,Rute-E,Petamburan Hub,420.7,1200,10.21,0.4,8.6,IN_TRANSIT,YES,DOCK-06
2026-07-17 07:06:00,TRK-175,Rute-G,Bogor Transit Hub,421.4,1200,10.62,0.6,9.1,IDLE_DOCK,YES,DOCK-07
2026-07-18 11:19:00,TRK-002,Rute-I,Central Hub (Jakarta),422.1,1200,11.03,0.7,9.7,LOADED,YES,DOCK-08
2026-07-19 15:32:00,TRK-009,Rute-K,Bekasi Logistics Hub,422.8,1200,11.44,0.9,10.2,QUEUED,NO,DOCK-09
2026-07-20 05:45:00,TRK-016,Rute-M,Cikarang Industrial Hub,423.5,1200,11.85,1.0,10.8,DELIVERED,YES,DOCK-10
2026-07-21 09:58:00,TRK-023,Rute-O,Grogol Hub (Jakbar),424.2,1200,12.26,1.1,11.3,IN_TRANSIT,YES,DOCK-11
2026-07-22 13:11:00,TRK-030,Rute-Q,Depok Hub,424.9,1200,12.67,1.3,11.9,IDLE_DOCK,YES,DOCK-12
2026-07-23 17:24:00,TRK-037,Rute-A,Gudang West (Tangerang),425.6,1200,13.08,1.4,12.4,LOADED,YES,DOCK-01
2026-07-24 07:37:00,TRK-044,Rute-C,Petamburan Hub,426.3,1200,13.49,1.6,12.9,QUEUED,NO,DOCK-02
2026-07-25 11:50:00,TRK-051,Rute-E,Bogor Transit Hub,427.0,1200,13.9,1.7,13.5,DELIVERED,YES,DOCK-03
2026-07-26 15:03:00,TRK-058,Rute-G,Central Hub (Jakarta),427.7,1200,14.31,1.8,14.1,IN_TRANSIT,YES,DOCK-04
2026-07-27 05:16:00,TRK-065,Rute-I,Bekasi Logistics Hub,428.4,1200,14.72,2.0,14.6,IDLE_DOCK,YES,DOCK-05
2026-07-28 09:29:00,TRK-072,Rute-K,Cikarang Industrial Hub,429.1,1200,15.13,2.1,15.2,LOADED,YES,DOCK-06
2026-07-29 13:42:00,TRK-079,Rute-M,Grogol Hub (Jakbar),429.8,1200,15.54,2.3,15.7,QUEUED,NO,DOCK-07
2026-07-30 17:55:00,TRK-086,Rute-O,Depok Hub,430.5,1200,15.95,2.4,16.2,DELIVERED,YES,DOCK-08
2026-07-31 07:08:00,TRK-093,Rute-Q,Gudang West (Tangerang),431.2,1200,16.36,2.5,16.8,IN_TRANSIT,YES,DOCK-09
2026-07-01 11:21:00,TRK-100,Rute-A,Petamburan Hub,431.9,1200,16.77,2.7,17.4,IDLE_DOCK,YES,DOCK-10
2026-07-02 15:34:00,TRK-107,Rute-C,Bogor Transit Hub,432.6,1200,17.18,2.8,17.9,LOADED,YES,DOCK-11
2026-07-03 05:47:00,TRK-114,Rute-E,Central Hub (Jakarta),433.3,1200,17.59,3.0,18.5,QUEUED,NO,DOCK-12
2026-07-04 09:00:00,TRK-121,Rute-G,Bekasi Logistics Hub,434.0,1200,18.0,0.3,19.0,DELIVERED,YES,DOCK-01
2026-07-05 13:13:00,TRK-128,Rute-I,Cikarang Industrial Hub,434.7,1200,18.41,0.4,19.6,IN_TRANSIT,YES,DOCK-02
2026-07-06 17:26:00,TRK-135,Rute-K,Grogol Hub (Jakbar),435.4,1200,18.82,0.6,20.1,IDLE_DOCK,YES,DOCK-03
2026-07-07 07:39:00,TRK-142,Rute-M,Depok Hub,436.1,1200,19.23,0.7,20.6,LOADED,YES,DOCK-04
2026-07-08 11:52:00,TRK-149,Rute-O,Gudang West (Tangerang),436.8,1200,19.64,0.9,21.2,QUEUED,NO,DOCK-05
2026-07-09 15:05:00,TRK-156,Rute-Q,Petamburan Hub,437.5,1200,20.05,1.0,21.8,DELIVERED,YES,DOCK-06
2026-07-10 05:18:00,TRK-163,Rute-A,Bogor Transit Hub,438.2,1200,20.46,1.1,22.3,IN_TRANSIT,YES,DOCK-07
2026-07-11 09:31:00,TRK-170,Rute-C,Central Hub (Jakarta),438.9,1200,20.87,1.3,22.9,IDLE_DOCK,YES,DOCK-08
2026-07-12 13:44:00,TRK-177,Rute-E,Bekasi Logistics Hub,439.6,1200,21.28,1.4,23.4,LOADED,YES,DOCK-09
2026-07-13 17:57:00,TRK-004,Rute-G,Cikarang Industrial Hub,440.3,1200,21.69,1.6,24.0,QUEUED,NO,DOCK-10
2026-07-14 07:10:00,TRK-011,Rute-I,Grogol Hub (Jakbar),441.0,1200,22.1,1.7,24.5,DELIVERED,YES,DOCK-11
2026-07-15 11:23:00,TRK-018,Rute-K,Depok Hub,441.7,1200,22.51,1.8,25.1,IN_TRANSIT,YES,DOCK-12
2026-07-16 15:36:00,TRK-025,Rute-M,Gudang West (Tangerang),442.4,1200,22.92,2.0,25.6,IDLE_DOCK,YES,DOCK-01
2026-07-17 05:49:00,TRK-032,Rute-O,Petamburan Hub,443.1,1200,23.33,2.1,26.2,LOADED,YES,DOCK-02
2026-07-18 09:02:00,TRK-039,Rute-Q,Bogor Transit Hub,443.8,1200,23.74,2.3,26.7,QUEUED,NO,DOCK-03
2026-07-19 13:15:00,TRK-046,Rute-A,Central Hub (Jakarta),444.5,1200,24.15,2.4,27.2,DELIVERED,YES,DOCK-04
2026-07-20 17:28:00,TRK-053,Rute-C,Bekasi Logistics Hub,445.2,1200,24.56,2.5,27.8,IN_TRANSIT,YES,DOCK-05
2026-07-21 07:41:00,TRK-060,Rute-E,Cikarang Industrial Hub,445.9,1200,24.97,2.7,28.4,IDLE_DOCK,YES,DOCK-06
2026-07-22 11:54:00,TRK-067,Rute-G,Grogol Hub (Jakbar),446.6,1200,25.38,2.8,28.9,LOADED,YES,DOCK-07
2026-07-23 15:07:00,TRK-074,Rute-I,Depok Hub,447.3,1200,25.79,3.0,29.5,QUEUED,NO,DOCK-08
2026-07-24 05:20:00,TRK-081,Rute-K,Gudang West (Tangerang),448.0,1200,9.8,0.3,30.0,DELIVERED,YES,DOCK-09
2026-07-25 09:33:00,TRK-088,Rute-M,Petamburan Hub,448.7,1200,10.21,0.4,30.6,IN_TRANSIT,YES,DOCK-10
2026-07-26 13:46:00,TRK-095,Rute-O,Bogor Transit Hub,449.4,1200,10.62,0.6,31.1,IDLE_DOCK,YES,DOCK-11
2026-07-27 17:59:00,TRK-102,Rute-Q,Central Hub (Jakarta),450.1,1200,11.03,0.7,31.7,LOADED,YES,DOCK-12
2026-07-28 07:12:00,TRK-109,Rute-A,Bekasi Logistics Hub,450.8,1200,11.44,0.9,32.2,QUEUED,NO,DOCK-01
2026-07-29 11:25:00,TRK-116,Rute-C,Cikarang Industrial Hub,451.5,1200,11.85,1.0,32.8,DELIVERED,YES,DOCK-02
2026-07-30 15:38:00,TRK-123,Rute-E,Grogol Hub (Jakbar),452.2,1200,12.26,1.1,33.3,IN_TRANSIT,YES,DOCK-03
2026-07-31 05:51:00,TRK-130,Rute-G,Depok Hub,452.9,1200,12.67,1.3,33.9,IDLE_DOCK,YES,DOCK-04
2026-07-01 09:04:00,TRK-137,Rute-I,Gudang West (Tangerang),453.6,1200,13.08,1.4,34.4,LOADED,YES,DOCK-05
2026-07-02 13:17:00,TRK-144,Rute-K,Petamburan Hub,454.3,1200,13.49,1.6,35.0,QUEUED,NO,DOCK-06
2026-07-03 17:30:00,TRK-151,Rute-M,Bogor Transit Hub,455.0,1200,13.9,1.7,35.5,DELIVERED,YES,DOCK-07
2026-07-04 07:43:00,TRK-158,Rute-O,Central Hub (Jakarta),455.7,1200,14.31,1.8,36.0,IN_TRANSIT,YES,DOCK-08
2026-07-05 11:56:00,TRK-165,Rute-Q,Bekasi Logistics Hub,456.4,1200,14.72,2.0,36.6,IDLE_DOCK,YES,DOCK-09
2026-07-06 15:09:00,TRK-172,Rute-A,Cikarang Industrial Hub,457.1,1200,15.13,2.1,37.2,LOADED,YES,DOCK-10
2026-07-07 05:22:00,TRK-179,Rute-C,Grogol Hub (Jakbar),457.8,1200,15.54,2.3,37.7,QUEUED,NO,DOCK-11
2026-07-08 09:35:00,TRK-006,Rute-E,Depok Hub,458.5,1200,15.95,2.4,38.2,DELIVERED,YES,DOCK-12
2026-07-09 13:48:00,TRK-013,Rute-G,Gudang West (Tangerang),459.2,1200,16.36,2.5,38.8,IN_TRANSIT,YES,DOCK-01
2026-07-10 17:01:00,TRK-020,Rute-I,Petamburan Hub,459.9,1200,16.77,2.7,39.4,IDLE_DOCK,YES,DOCK-02
2026-07-11 07:14:00,TRK-027,Rute-K,Bogor Transit Hub,460.6,1200,17.18,2.8,39.9,LOADED,YES,DOCK-03
2026-07-12 11:27:00,TRK-034,Rute-M,Central Hub (Jakarta),461.3,1200,17.59,3.0,40.5,QUEUED,NO,DOCK-04
2026-07-13 15:40:00,TRK-041,Rute-O,Bekasi Logistics Hub,462.0,1200,18.0,0.3,41.0,DELIVERED,YES,DOCK-05
2026-07-14 05:53:00,TRK-048,Rute-Q,Cikarang Industrial Hub,462.7,1200,18.41,0.4,41.6,IN_TRANSIT,YES,DOCK-06
2026-07-15 09:06:00,TRK-055,Rute-A,Grogol Hub (Jakbar),463.4,1200,18.82,0.6,42.1,IDLE_DOCK,YES,DOCK-07
2026-07-16 13:19:00,TRK-062,Rute-C,Depok Hub,464.1,1200,19.23,0.7,42.7,LOADED,YES,DOCK-08
2026-07-17 17:32:00,TRK-069,Rute-E,Gudang West (Tangerang),464.8,1200,19.64,0.9,43.2,QUEUED,NO,DOCK-09
2026-07-18 07:45:00,TRK-076,Rute-G,Petamburan Hub,465.5,1200,20.05,1.0,43.8,DELIVERED,YES,DOCK-10
2026-07-19 11:58:00,TRK-083,Rute-I,Bogor Transit Hub,466.2,1200,20.46,1.1,44.3,IN_TRANSIT,YES,DOCK-11
2026-07-20 15:11:00,TRK-090,Rute-K,Central Hub (Jakarta),466.9,1200,20.87,1.3,44.9,IDLE_DOCK,YES,DOCK-12
2026-07-21 05:24:00,TRK-097,Rute-M,Bekasi Logistics Hub,467.6,1200,21.28,1.4,45.4,LOADED,YES,DOCK-01
2026-07-22 09:37:00,TRK-104,Rute-O,Cikarang Industrial Hub,468.3,1200,21.69,1.6,46.0,QUEUED,NO,DOCK-02
2026-07-23 13:50:00,TRK-111,Rute-Q,Grogol Hub (Jakbar),469.0,1200,22.1,1.7,46.5,DELIVERED,YES,DOCK-03
2026-07-24 17:03:00,TRK-118,Rute-A,Depok Hub,469.7,1200,22.51,1.8,47.1,IN_TRANSIT,YES,DOCK-04
2026-07-25 07:16:00,TRK-125,Rute-C,Gudang West (Tangerang),470.4,1200,22.92,2.0,47.6,IDLE_DOCK,YES,DOCK-05
2026-07-26 11:29:00,TRK-132,Rute-E,Petamburan Hub,471.1,1200,23.33,2.1,48.2,LOADED,YES,DOCK-06
2026-07-27 15:42:00,TRK-139,Rute-G,Bogor Transit Hub,471.8,1200,23.74,2.3,48.7,QUEUED,NO,DOCK-07
2026-07-28 05:55:00,TRK-146,Rute-I,Central Hub (Jakarta),472.5,1200,24.15,2.4,49.2,DELIVERED,YES,DOCK-08
2026-07-29 09:08:00,TRK-153,Rute-K,Bekasi Logistics Hub,473.2,1200,24.56,2.5,49.8,IN_TRANSIT,YES,DOCK-09
2026-07-30 13:21:00,TRK-160,Rute-M,Cikarang Industrial Hub,473.9,1200,24.97,2.7,50.4,IDLE_DOCK,YES,DOCK-10
2026-07-31 17:34:00,TRK-167,Rute-O,Grogol Hub (Jakbar),474.6,1200,25.38,2.8,50.9,LOADED,YES,DOCK-11
2026-07-01 07:47:00,TRK-174,Rute-Q,Depok Hub,475.3,1200,25.79,3.0,51.5,QUEUED,NO,DOCK-12
2026-07-02 11:00:00,TRK-001,Rute-A,Gudang West (Tangerang),476.0,1200,9.8,0.3,52.0,DELIVERED,YES,DOCK-01
2026-07-03 15:13:00,TRK-008,Rute-C,Petamburan Hub,476.7,1200,10.21,0.4,52.6,IN_TRANSIT,YES,DOCK-02
2026-07-04 05:26:00,TRK-015,Rute-E,Bogor Transit Hub,477.4,1200,10.62,0.6,53.1,IDLE_DOCK,YES,DOCK-03
2026-07-05 09:39:00,TRK-022,Rute-G,Central Hub (Jakarta),478.1,1200,11.03,0.7,53.7,LOADED,YES,DOCK-04
2026-07-06 13:52:00,TRK-029,Rute-I,Bekasi Logistics Hub,478.8,1200,11.44,0.9,54.2,QUEUED,NO,DOCK-05
2026-07-07 17:05:00,TRK-036,Rute-K,Cikarang Industrial Hub,479.5,1200,11.85,1.0,54.8,DELIVERED,YES,DOCK-06
2026-07-08 07:18:00,TRK-043,Rute-M,Grogol Hub (Jakbar),480.2,1200,12.26,1.1,55.3,IN_TRANSIT,YES,DOCK-07
2026-07-09 11:31:00,TRK-050,Rute-O,Depok Hub,480.9,1200,12.67,1.3,55.9,IDLE_DOCK,YES,DOCK-08
2026-07-10 15:44:00,TRK-057,Rute-Q,Gudang West (Tangerang),481.6,1200,13.08,1.4,56.4,LOADED,YES,DOCK-09
2026-07-11 05:57:00,TRK-064,Rute-A,Petamburan Hub,482.3,1200,13.49,1.6,57.0,QUEUED,NO,DOCK-10
2026-07-12 09:10:00,TRK-071,Rute-C,Bogor Transit Hub,483.0,1200,13.9,1.7,57.5,DELIVERED,YES,DOCK-11
2026-07-13 13:23:00,TRK-078,Rute-E,Central Hub (Jakarta),483.7,1200,14.31,1.8,58.1,IN_TRANSIT,YES,DOCK-12
2026-07-14 17:36:00,TRK-085,Rute-G,Bekasi Logistics Hub,484.4,1200,14.72,2.0,58.6,IDLE_DOCK,YES,DOCK-01
2026-07-15 07:49:00,TRK-092,Rute-I,Cikarang Industrial Hub,485.1,1200,15.13,2.1,59.2,LOADED,YES,DOCK-02
2026-07-16 11:02:00,TRK-099,Rute-K,Grogol Hub (Jakbar),485.8,1200,15.54,2.3,59.7,QUEUED,NO,DOCK-03
2026-07-17 15:15:00,TRK-106,Rute-M,Depok Hub,486.5,1200,15.95,2.4,60.3,DELIVERED,YES,DOCK-04
2026-07-18 05:28:00,TRK-113,Rute-O,Gudang West (Tangerang),487.2,1200,16.36,2.5,60.8,IN_TRANSIT,YES,DOCK-05
2026-07-19 09:41:00,TRK-120,Rute-Q,Petamburan Hub,487.9,1200,16.77,2.7,61.4,IDLE_DOCK,YES,DOCK-06
2026-07-20 13:54:00,TRK-127,Rute-A,Bogor Transit Hub,488.6,1200,17.18,2.8,61.9,LOADED,YES,DOCK-07
2026-07-21 17:07:00,TRK-134,Rute-C,Central Hub (Jakarta),489.3,1200,17.59,3.0,62.5,QUEUED,NO,DOCK-08
2026-07-22 07:20:00,TRK-141,Rute-E,Bekasi Logistics Hub,490.0,1200,18.0,0.3,63.0,DELIVERED,YES,DOCK-09
2026-07-23 11:33:00,TRK-148,Rute-G,Cikarang Industrial Hub,490.7,1200,18.41,0.4,63.6,IN_TRANSIT,YES,DOCK-10
2026-07-24 15:46:00,TRK-155,Rute-I,Grogol Hub (Jakbar),491.4,1200,18.82,0.6,64.1,IDLE_DOCK,YES,DOCK-11
2026-07-25 05:59:00,TRK-162,Rute-K,Depok Hub,492.1,1200,19.23,0.7,64.7,LOADED,YES,DOCK-12
2026-07-26 09:12:00,TRK-169,Rute-M,Gudang West (Tangerang),492.8,1200,19.64,0.9,65.2,QUEUED,NO,DOCK-01
2026-07-27 13:25:00,TRK-176,Rute-O,Petamburan Hub,493.5,1200,20.05,1.0,65.8,DELIVERED,YES,DOCK-02
2026-07-28 17:38:00,TRK-003,Rute-Q,Bogor Transit Hub,494.2,1200,20.46,1.1,66.3,IN_TRANSIT,YES,DOCK-03
2026-07-29 07:51:00,TRK-010,Rute-A,Central Hub (Jakarta),494.9,1200,20.87,1.3,66.8,IDLE_DOCK,YES,DOCK-04
2026-07-30 11:04:00,TRK-017,Rute-C,Bekasi Logistics Hub,495.6,1200,21.28,1.4,67.4,LOADED,YES,DOCK-05
2026-07-31 15:17:00,TRK-024,Rute-E,Cikarang Industrial Hub,496.3,1200,21.69,1.6,68.0,QUEUED,NO,DOCK-06
2026-07-01 05:30:00,TRK-031,Rute-G,Grogol Hub (Jakbar),497.0,1200,22.1,1.7,68.5,DELIVERED,YES,DOCK-07
2026-07-02 09:43:00,TRK-038,Rute-I,Depok Hub,497.7,1200,22.51,1.8,69.1,IN_TRANSIT,YES,DOCK-08
2026-07-03 13:56:00,TRK-045,Rute-K,Gudang West (Tangerang),498.4,1200,22.92,2.0,69.6,IDLE_DOCK,YES,DOCK-09
2026-07-04 17:09:00,TRK-052,Rute-M,Petamburan Hub,499.1,1200,23.33,2.1,70.2,LOADED,YES,DOCK-10
2026-07-05 07:22:00,TRK-059,Rute-O,Bogor Transit Hub,499.8,1200,23.74,2.3,70.7,QUEUED,NO,DOCK-11
2026-07-06 11:35:00,TRK-066,Rute-Q,Central Hub (Jakarta),500.5,1200,24.15,2.4,71.2,DELIVERED,YES,DOCK-12
2026-07-07 15:48:00,TRK-073,Rute-A,Bekasi Logistics Hub,501.2,1200,24.56,2.5,71.8,IN_TRANSIT,YES,DOCK-01
2026-07-08 05:01:00,TRK-080,Rute-C,Cikarang Industrial Hub,501.9,1200,24.97,2.7,72.4,IDLE_DOCK,YES,DOCK-02
2026-07-09 09:14:00,TRK-087,Rute-E,Grogol Hub (Jakbar),502.6,1200,25.38,2.8,72.9,LOADED,YES,DOCK-03
2026-07-10 13:27:00,TRK-094,Rute-G,Depok Hub,503.3,1200,25.79,3.0,73.5,QUEUED,NO,DOCK-04
2026-07-11 17:40:00,TRK-101,Rute-I,Gudang West (Tangerang),504.0,1200,9.8,0.3,74.0,DELIVERED,YES,DOCK-05
2026-07-12 07:53:00,TRK-108,Rute-K,Petamburan Hub,504.7,1200,10.21,0.4,74.6,IN_TRANSIT,YES,DOCK-06
2026-07-13 11:06:00,TRK-115,Rute-M,Bogor Transit Hub,505.4,1200,10.62,0.6,75.1,IDLE_DOCK,YES,DOCK-07
2026-07-14 15:19:00,TRK-122,Rute-O,Central Hub (Jakarta),506.1,1200,11.03,0.7,75.7,LOADED,YES,DOCK-08
2026-07-15 05:32:00,TRK-129,Rute-Q,Bekasi Logistics Hub,506.8,1200,11.44,0.9,76.2,QUEUED,NO,DOCK-09
2026-07-16 09:45:00,TRK-136,Rute-A,Cikarang Industrial Hub,507.5,1200,11.85,1.0,76.8,DELIVERED,YES,DOCK-10
2026-07-17 13:58:00,TRK-143,Rute-C,Grogol Hub (Jakbar),508.2,1200,12.26,1.1,77.3,IN_TRANSIT,YES,DOCK-11
2026-07-18 17:11:00,TRK-150,Rute-E,Depok Hub,508.9,1200,12.67,1.3,77.9,IDLE_DOCK,YES,DOCK-12
2026-07-19 07:24:00,TRK-157,Rute-G,Gudang West (Tangerang),509.6,1200,13.08,1.4,78.4,LOADED,YES,DOCK-01
2026-07-20 11:37:00,TRK-164,Rute-I,Petamburan Hub,510.3,1200,13.49,1.6,79.0,QUEUED,NO,DOCK-02
2026-07-21 15:50:00,TRK-171,Rute-K,Bogor Transit Hub,511.0,1200,13.9,1.7,79.5,DELIVERED,YES,DOCK-03
2026-07-22 05:03:00,TRK-178,Rute-M,Central Hub (Jakarta),511.7,1200,14.31,1.8,80.1,IN_TRANSIT,YES,DOCK-04
2026-07-23 09:16:00,TRK-005,Rute-O,Bekasi Logistics Hub,512.4,1200,14.72,2.0,80.6,IDLE_DOCK,YES,DOCK-05
2026-07-24 13:29:00,TRK-012,Rute-Q,Cikarang Industrial Hub,513.1,1200,15.13,2.1,81.2,LOADED,YES,DOCK-06
2026-07-25 17:42:00,TRK-019,Rute-A,Grogol Hub (Jakbar),513.8,1200,15.54,2.3,81.7,QUEUED,NO,DOCK-07
2026-07-26 07:55:00,TRK-026,Rute-C,Depok Hub,514.5,1200,15.95,2.4,82.2,DELIVERED,YES,DOCK-08
2026-07-27 11:08:00,TRK-033,Rute-E,Gudang West (Tangerang),515.2,1200,16.36,2.5,82.8,IN_TRANSIT,YES,DOCK-09
2026-07-28 15:21:00,TRK-040,Rute-G,Petamburan Hub,515.9,1200,16.77,2.7,83.4,IDLE_DOCK,YES,DOCK-10
2026-07-29 05:34:00,TRK-047,Rute-I,Bogor Transit Hub,516.6,1200,17.18,2.8,83.9,LOADED,YES,DOCK-11
2026-07-30 09:47:00,TRK-054,Rute-K,Central Hub (Jakarta),517.3,1200,17.59,3.0,84.5,QUEUED,NO,DOCK-12
2026-07-31 13:00:00,TRK-061,Rute-M,Bekasi Logistics Hub,518.0,1200,18.0,0.3,85.0,DELIVERED,YES,DOCK-01
2026-07-01 17:13:00,TRK-068,Rute-O,Cikarang Industrial Hub,518.7,1200,18.41,0.4,85.6,IN_TRANSIT,YES,DOCK-02
2026-07-02 07:26:00,TRK-075,Rute-Q,Grogol Hub (Jakbar),519.4,1200,18.82,0.6,86.1,IDLE_DOCK,YES,DOCK-03
2026-07-03 11:39:00,TRK-082,Rute-A,Depok Hub,520.1,1200,19.23,0.7,86.7,LOADED,YES,DOCK-04
2026-07-04 15:52:00,TRK-089,Rute-C,Gudang West (Tangerang),520.8,1200,19.64,0.9,87.2,QUEUED,NO,DOCK-05
2026-07-05 05:05:00,TRK-096,Rute-E,Petamburan Hub,521.5,1200,20.05,1.0,87.8,DELIVERED,YES,DOCK-06
2026-07-06 09:18:00,TRK-103,Rute-G,Bogor Transit Hub,522.2,1200,20.46,1.1,88.3,IN_TRANSIT,YES,DOCK-07
2026-07-07 13:31:00,TRK-110,Rute-I,Central Hub (Jakarta),522.9,1200,20.87,1.3,88.9,IDLE_DOCK,YES,DOCK-08
2026-07-08 17:44:00,TRK-117,Rute-K,Bekasi Logistics Hub,523.6,1200,21.28,1.4,89.4,LOADED,YES,DOCK-09
2026-07-09 07:57:00,TRK-124,Rute-M,Cikarang Industrial Hub,524.3,1200,21.69,1.6,90.0,QUEUED,NO,DOCK-10
2026-07-10 11:10:00,TRK-131,Rute-O,Grogol Hub (Jakbar),525.0,1200,22.1,1.7,90.5,DELIVERED,YES,DOCK-11
2026-07-11 15:23:00,TRK-138,Rute-Q,Depok Hub,525.7,1200,22.51,1.8,91.1,IN_TRANSIT,YES,DOCK-12
2026-07-12 05:36:00,TRK-145,Rute-A,Gudang West (Tangerang),526.4,1200,22.92,2.0,91.6,IDLE_DOCK,YES,DOCK-01
2026-07-13 09:49:00,TRK-152,Rute-C,Petamburan Hub,527.1,1200,23.33,2.1,92.2,LOADED,YES,DOCK-02
2026-07-14 13:02:00,TRK-159,Rute-E,Bogor Transit Hub,527.8,1200,23.74,2.3,92.7,QUEUED,NO,DOCK-03
2026-07-15 17:15:00,TRK-166,Rute-G,Central Hub (Jakarta),528.5,1200,24.15,2.4,93.2,DELIVERED,YES,DOCK-04
2026-07-16 07:28:00,TRK-173,Rute-I,Bekasi Logistics Hub,529.2,1200,24.56,2.5,93.8,IN_TRANSIT,YES,DOCK-05
2026-07-17 11:41:00,TRK-180,Rute-K,Cikarang Industrial Hub,529.9,1200,24.97,2.7,94.4,IDLE_DOCK,YES,DOCK-06
2026-07-18 15:54:00,TRK-007,Rute-M,Grogol Hub (Jakbar),530.6,1200,25.38,2.8,94.9,LOADED,YES,DOCK-07
2026-07-19 05:07:00,TRK-014,Rute-O,Depok Hub,531.3,1200,25.79,3.0,95.5,QUEUED,NO,DOCK-08
2026-07-20 09:20:00,TRK-021,Rute-Q,Gudang West (Tangerang),532.0,1200,9.8,0.3,8.0,DELIVERED,YES,DOCK-09
2026-07-21 13:33:00,TRK-028,Rute-A,Petamburan Hub,532.7,1200,10.21,0.4,8.6,IN_TRANSIT,YES,DOCK-10
2026-07-22 17:46:00,TRK-035,Rute-C,Bogor Transit Hub,533.4,1200,10.62,0.6,9.1,IDLE_DOCK,YES,DOCK-11
2026-07-23 07:59:00,TRK-042,Rute-E,Central Hub (Jakarta),534.1,1200,11.03,0.7,9.7,LOADED,YES,DOCK-12
2026-07-24 11:12:00,TRK-049,Rute-G,Bekasi Logistics Hub,534.8,1200,11.44,0.9,10.2,QUEUED,NO,DOCK-01
2026-07-25 15:25:00,TRK-056,Rute-I,Cikarang Industrial Hub,535.5,1200,11.85,1.0,10.8,DELIVERED,YES,DOCK-02
2026-07-26 05:38:00,TRK-063,Rute-K,Grogol Hub (Jakbar),536.2,1200,12.26,1.1,11.3,IN_TRANSIT,YES,DOCK-03
2026-07-27 09:51:00,TRK-070,Rute-M,Depok Hub,536.9,1200,12.67,1.3,11.9,IDLE_DOCK,YES,DOCK-04
2026-07-28 13:04:00,TRK-077,Rute-O,Gudang West (Tangerang),537.6,1200,13.08,1.4,12.4,LOADED,YES,DOCK-05
2026-07-29 17:17:00,TRK-084,Rute-Q,Petamburan Hub,538.3,1200,13.49,1.6,12.9,QUEUED,NO,DOCK-06
2026-07-30 07:30:00,TRK-091,Rute-A,Bogor Transit Hub,539.0,1200,13.9,1.7,13.5,DELIVERED,YES,DOCK-07
2026-07-31 11:43:00,TRK-098,Rute-C,Central Hub (Jakarta),539.7,1200,14.31,1.8,14.1,IN_TRANSIT,YES,DOCK-08
2026-07-01 15:56:00,TRK-105,Rute-E,Bekasi Logistics Hub,540.4,1200,14.72,2.0,14.6,IDLE_DOCK,YES,DOCK-09
2026-07-02 05:09:00,TRK-112,Rute-G,Cikarang Industrial Hub,541.1,1200,15.13,2.1,15.2,LOADED,YES,DOCK-10
2026-07-03 09:22:00,TRK-119,Rute-I,Grogol Hub (Jakbar),541.8,1200,15.54,2.3,15.7,QUEUED,NO,DOCK-11
2026-07-04 13:35:00,TRK-126,Rute-K,Depok Hub,542.5,1200,15.95,2.4,16.2,DELIVERED,YES,DOCK-12
2026-07-05 17:48:00,TRK-133,Rute-M,Gudang West (Tangerang),543.2,1200,16.36,2.5,16.8,IN_TRANSIT,YES,DOCK-01
2026-07-06 07:01:00,TRK-140,Rute-O,Petamburan Hub,543.9,1200,16.77,2.7,17.4,IDLE_DOCK,YES,DOCK-02
2026-07-07 11:14:00,TRK-147,Rute-Q,Bogor Transit Hub,544.6,1200,17.18,2.8,17.9,LOADED,YES,DOCK-03
2026-07-08 15:27:00,TRK-154,Rute-A,Central Hub (Jakarta),545.3,1200,17.59,3.0,18.5,QUEUED,NO,DOCK-04
2026-07-09 05:40:00,TRK-161,Rute-C,Bekasi Logistics Hub,546.0,1200,18.0,0.3,19.0,DELIVERED,YES,DOCK-05
2026-07-10 09:53:00,TRK-168,Rute-E,Cikarang Industrial Hub,546.7,1200,18.41,0.4,19.6,IN_TRANSIT,YES,DOCK-06
2026-07-11 13:06:00,TRK-175,Rute-G,Grogol Hub (Jakbar),547.4,1200,18.82,0.6,20.1,IDLE_DOCK,YES,DOCK-07
2026-07-12 17:19:00,TRK-002,Rute-I,Depok Hub,548.1,1200,19.23,0.7,20.6,LOADED,YES,DOCK-08
2026-07-13 07:32:00,TRK-009,Rute-K,Gudang West (Tangerang),548.8,1200,19.64,0.9,21.2,QUEUED,NO,DOCK-09
2026-07-14 11:45:00,TRK-016,Rute-M,Petamburan Hub,549.5,1200,20.05,1.0,21.8,DELIVERED,YES,DOCK-10
2026-07-15 15:58:00,TRK-023,Rute-O,Bogor Transit Hub,550.2,1200,20.46,1.1,22.3,IN_TRANSIT,YES,DOCK-11
2026-07-16 05:11:00,TRK-030,Rute-Q,Central Hub (Jakarta),550.9,1200,20.87,1.3,22.9,IDLE_DOCK,YES,DOCK-12
2026-07-17 09:24:00,TRK-037,Rute-A,Bekasi Logistics Hub,551.6,1200,21.28,1.4,23.4,LOADED,YES,DOCK-01
2026-07-18 13:37:00,TRK-044,Rute-C,Cikarang Industrial Hub,552.3,1200,21.69,1.6,24.0,QUEUED,NO,DOCK-02
2026-07-19 17:50:00,TRK-051,Rute-E,Grogol Hub (Jakbar),553.0,1200,22.1,1.7,24.5,DELIVERED,YES,DOCK-03
2026-07-20 07:03:00,TRK-058,Rute-G,Depok Hub,553.7,1200,22.51,1.8,25.1,IN_TRANSIT,YES,DOCK-04
2026-07-21 11:16:00,TRK-065,Rute-I,Gudang West (Tangerang),554.4,1200,22.92,2.0,25.6,IDLE_DOCK,YES,DOCK-05
2026-07-22 15:29:00,TRK-072,Rute-K,Petamburan Hub,555.1,1200,23.33,2.1,26.2,LOADED,YES,DOCK-06
2026-07-23 05:42:00,TRK-079,Rute-M,Bogor Transit Hub,555.8,1200,23.74,2.3,26.7,QUEUED,NO,DOCK-07
2026-07-24 09:55:00,TRK-086,Rute-O,Central Hub (Jakarta),556.5,1200,24.15,2.4,27.2,DELIVERED,YES,DOCK-08
2026-07-25 13:08:00,TRK-093,Rute-Q,Bekasi Logistics Hub,557.2,1200,24.56,2.5,27.8,IN_TRANSIT,YES,DOCK-09
2026-07-26 17:21:00,TRK-100,Rute-A,Cikarang Industrial Hub,557.9,1200,24.97,2.7,28.4,IDLE_DOCK,YES,DOCK-10
2026-07-27 07:34:00,TRK-107,Rute-C,Grogol Hub (Jakbar),558.6,1200,25.38,2.8,28.9,LOADED,YES,DOCK-11
2026-07-28 11:47:00,TRK-114,Rute-E,Depok Hub,559.3,1200,25.79,3.0,29.5,QUEUED,NO,DOCK-12
2026-07-29 15:00:00,TRK-121,Rute-G,Gudang West (Tangerang),560.0,1200,9.8,0.3,30.0,DELIVERED,YES,DOCK-01
2026-07-30 05:13:00,TRK-128,Rute-I,Petamburan Hub,560.7,1200,10.21,0.4,30.6,IN_TRANSIT,YES,DOCK-02
2026-07-31 09:26:00,TRK-135,Rute-K,Bogor Transit Hub,561.4,1200,10.62,0.6,31.1,IDLE_DOCK,YES,DOCK-03
2026-07-01 13:39:00,TRK-142,Rute-M,Central Hub (Jakarta),562.1,1200,11.03,0.7,31.7,LOADED,YES,DOCK-04
2026-07-02 17:52:00,TRK-149,Rute-O,Bekasi Logistics Hub,562.8,1200,11.44,0.9,32.2,QUEUED,NO,DOCK-05
2026-07-03 07:05:00,TRK-156,Rute-Q,Cikarang Industrial Hub,563.5,1200,11.85,1.0,32.8,DELIVERED,YES,DOCK-06
2026-07-04 11:18:00,TRK-163,Rute-A,Grogol Hub (Jakbar),564.2,1200,12.26,1.1,33.3,IN_TRANSIT,YES,DOCK-07
2026-07-05 15:31:00,TRK-170,Rute-C,Depok Hub,564.9,1200,12.67,1.3,33.9,IDLE_DOCK,YES,DOCK-08
2026-07-06 05:44:00,TRK-177,Rute-E,Gudang West (Tangerang),565.6,1200,13.08,1.4,34.4,LOADED,YES,DOCK-09
2026-07-07 09:57:00,TRK-004,Rute-G,Petamburan Hub,566.3,1200,13.49,1.6,35.0,QUEUED,NO,DOCK-10
2026-07-08 13:10:00,TRK-011,Rute-I,Bogor Transit Hub,567.0,1200,13.9,1.7,35.5,DELIVERED,YES,DOCK-11
2026-07-09 17:23:00,TRK-018,Rute-K,Central Hub (Jakarta),567.7,1200,14.31,1.8,36.0,IN_TRANSIT,YES,DOCK-12
2026-07-10 07:36:00,TRK-025,Rute-M,Bekasi Logistics Hub,568.4,1200,14.72,2.0,36.6,IDLE_DOCK,YES,DOCK-01
2026-07-11 11:49:00,TRK-032,Rute-O,Cikarang Industrial Hub,569.1,1200,15.13,2.1,37.2,LOADED,YES,DOCK-02
2026-07-12 15:02:00,TRK-039,Rute-Q,Grogol Hub (Jakbar),569.8,1200,15.54,2.3,37.7,QUEUED,NO,DOCK-03
2026-07-13 05:15:00,TRK-046,Rute-A,Depok Hub,570.5,1200,15.95,2.4,38.2,DELIVERED,YES,DOCK-04
2026-07-14 09:28:00,TRK-053,Rute-C,Gudang West (Tangerang),571.2,1200,16.36,2.5,38.8,IN_TRANSIT,YES,DOCK-05
2026-07-15 13:41:00,TRK-060,Rute-E,Petamburan Hub,571.9,1200,16.77,2.7,39.4,IDLE_DOCK,YES,DOCK-06
2026-07-16 17:54:00,TRK-067,Rute-G,Bogor Transit Hub,572.6,1200,17.18,2.8,39.9,LOADED,YES,DOCK-07
2026-07-17 07:07:00,TRK-074,Rute-I,Central Hub (Jakarta),573.3,1200,17.59,3.0,40.5,QUEUED,NO,DOCK-08
2026-07-18 11:20:00,TRK-081,Rute-K,Bekasi Logistics Hub,574.0,1200,18.0,0.3,41.0,DELIVERED,YES,DOCK-09
2026-07-19 15:33:00,TRK-088,Rute-M,Cikarang Industrial Hub,574.7,1200,18.41,0.4,41.6,IN_TRANSIT,YES,DOCK-10
2026-07-20 05:46:00,TRK-095,Rute-O,Grogol Hub (Jakbar),575.4,1200,18.82,0.6,42.1,IDLE_DOCK,YES,DOCK-11
2026-07-21 09:59:00,TRK-102,Rute-Q,Depok Hub,576.1,1200,19.23,0.7,42.7,LOADED,YES,DOCK-12
2026-07-22 13:12:00,TRK-109,Rute-A,Gudang West (Tangerang),576.8,1200,19.64,0.9,43.2,QUEUED,NO,DOCK-01
2026-07-23 17:25:00,TRK-116,Rute-C,Petamburan Hub,577.5,1200,20.05,1.0,43.8,DELIVERED,YES,DOCK-02
2026-07-24 07:38:00,TRK-123,Rute-E,Bogor Transit Hub,578.2,1200,20.46,1.1,44.3,IN_TRANSIT,YES,DOCK-03
2026-07-25 11:51:00,TRK-130,Rute-G,Central Hub (Jakarta),578.9,1200,20.87,1.3,44.9,IDLE_DOCK,YES,DOCK-04
2026-07-26 15:04:00,TRK-137,Rute-I,Bekasi Logistics Hub,579.6,1200,21.28,1.4,45.4,LOADED,YES,DOCK-05
2026-07-27 05:17:00,TRK-144,Rute-K,Cikarang Industrial Hub,580.3,1200,21.69,1.6,46.0,QUEUED,NO,DOCK-06
2026-07-28 09:30:00,TRK-151,Rute-M,Grogol Hub (Jakbar),581.0,1200,22.1,1.7,46.5,DELIVERED,YES,DOCK-07
2026-07-29 13:43:00,TRK-158,Rute-O,Depok Hub,581.7,1200,22.51,1.8,47.1,IN_TRANSIT,YES,DOCK-08
2026-07-30 17:56:00,TRK-165,Rute-Q,Gudang West (Tangerang),582.4,1200,22.92,2.0,47.6,IDLE_DOCK,YES,DOCK-09
2026-07-31 07:09:00,TRK-172,Rute-A,Petamburan Hub,583.1,1200,23.33,2.1,48.2,LOADED,YES,DOCK-10
2026-07-01 11:22:00,TRK-179,Rute-C,Bogor Transit Hub,583.8,1200,23.74,2.3,48.7,QUEUED,NO,DOCK-11
2026-07-02 15:35:00,TRK-006,Rute-E,Central Hub (Jakarta),584.5,1200,24.15,2.4,49.2,DELIVERED,YES,DOCK-12
2026-07-03 05:48:00,TRK-013,Rute-G,Bekasi Logistics Hub,585.2,1200,24.56,2.5,49.8,IN_TRANSIT,YES,DOCK-01
2026-07-04 09:01:00,TRK-020,Rute-I,Cikarang Industrial Hub,585.9,1200,24.97,2.7,50.4,IDLE_DOCK,YES,DOCK-02
2026-07-05 13:14:00,TRK-027,Rute-K,Grogol Hub (Jakbar),586.6,1200,25.38,2.8,50.9,LOADED,YES,DOCK-03
2026-07-06 17:27:00,TRK-034,Rute-M,Depok Hub,587.3,1200,25.79,3.0,51.5,QUEUED,NO,DOCK-04
2026-07-07 07:40:00,TRK-041,Rute-O,Gudang West (Tangerang),588.0,1200,9.8,0.3,52.0,DELIVERED,YES,DOCK-05
2026-07-08 11:53:00,TRK-048,Rute-Q,Petamburan Hub,588.7,1200,10.21,0.4,52.6,IN_TRANSIT,YES,DOCK-06
2026-07-09 15:06:00,TRK-055,Rute-A,Bogor Transit Hub,589.4,1200,10.62,0.6,53.1,IDLE_DOCK,YES,DOCK-07
2026-07-10 05:19:00,TRK-062,Rute-C,Central Hub (Jakarta),590.1,1200,11.03,0.7,53.7,LOADED,YES,DOCK-08
2026-07-11 09:32:00,TRK-069,Rute-E,Bekasi Logistics Hub,590.8,1200,11.44,0.9,54.2,QUEUED,NO,DOCK-09
2026-07-12 13:45:00,TRK-076,Rute-G,Cikarang Industrial Hub,591.5,1200,11.85,1.0,54.8,DELIVERED,YES,DOCK-10
2026-07-13 17:58:00,TRK-083,Rute-I,Grogol Hub (Jakbar),592.2,1200,12.26,1.1,55.3,IN_TRANSIT,YES,DOCK-11
2026-07-14 07:11:00,TRK-090,Rute-K,Depok Hub,592.9,1200,12.67,1.3,55.9,IDLE_DOCK,YES,DOCK-12
2026-07-15 11:24:00,TRK-097,Rute-M,Gudang West (Tangerang),593.6,1200,13.08,1.4,56.4,LOADED,YES,DOCK-01
2026-07-16 15:37:00,TRK-104,Rute-O,Petamburan Hub,594.3,1200,13.49,1.6,57.0,QUEUED,NO,DOCK-02
2026-07-17 05:50:00,TRK-111,Rute-Q,Bogor Transit Hub,595.0,1200,13.9,1.7,57.5,DELIVERED,YES,DOCK-03
2026-07-18 09:03:00,TRK-118,Rute-A,Central Hub (Jakarta),595.7,1200,14.31,1.8,58.1,IN_TRANSIT,YES,DOCK-04
2026-07-19 13:16:00,TRK-125,Rute-C,Bekasi Logistics Hub,596.4,1200,14.72,2.0,58.6,IDLE_DOCK,YES,DOCK-05
2026-07-20 17:29:00,TRK-132,Rute-E,Cikarang Industrial Hub,597.1,1200,15.13,2.1,59.2,LOADED,YES,DOCK-06
2026-07-21 07:42:00,TRK-139,Rute-G,Grogol Hub (Jakbar),597.8,1200,15.54,2.3,59.7,QUEUED,NO,DOCK-07
2026-07-22 11:55:00,TRK-146,Rute-I,Depok Hub,598.5,1200,15.95,2.4,60.3,DELIVERED,YES,DOCK-08
2026-07-23 15:08:00,TRK-153,Rute-K,Gudang West (Tangerang),599.2,1200,16.36,2.5,60.8,IN_TRANSIT,YES,DOCK-09
2026-07-24 05:21:00,TRK-160,Rute-M,Petamburan Hub,599.9,1200,16.77,2.7,61.4,IDLE_DOCK,YES,DOCK-10
2026-07-25 09:34:00,TRK-167,Rute-O,Bogor Transit Hub,600.6,1200,17.18,2.8,61.9,LOADED,YES,DOCK-11
2026-07-26 13:47:00,TRK-174,Rute-Q,Central Hub (Jakarta),601.3,1200,17.59,3.0,62.5,QUEUED,NO,DOCK-12
2026-07-27 17:00:00,TRK-001,Rute-A,Bekasi Logistics Hub,602.0,1200,18.0,0.3,63.0,DELIVERED,YES,DOCK-01
2026-07-28 07:13:00,TRK-008,Rute-C,Cikarang Industrial Hub,602.7,1200,18.41,0.4,63.6,IN_TRANSIT,YES,DOCK-02
2026-07-29 11:26:00,TRK-015,Rute-E,Grogol Hub (Jakbar),603.4,1200,18.82,0.6,64.1,IDLE_DOCK,YES,DOCK-03
2026-07-30 15:39:00,TRK-022,Rute-G,Depok Hub,604.1,1200,19.23,0.7,64.7,LOADED,YES,DOCK-04
2026-07-31 05:52:00,TRK-029,Rute-I,Gudang West (Tangerang),604.8,1200,19.64,0.9,65.2,QUEUED,NO,DOCK-05
2026-07-01 09:05:00,TRK-036,Rute-K,Petamburan Hub,605.5,1200,20.05,1.0,65.8,DELIVERED,YES,DOCK-06
2026-07-02 13:18:00,TRK-043,Rute-M,Bogor Transit Hub,606.2,1200,20.46,1.1,66.3,IN_TRANSIT,YES,DOCK-07
2026-07-03 17:31:00,TRK-050,Rute-O,Central Hub (Jakarta),606.9,1200,20.87,1.3,66.8,IDLE_DOCK,YES,DOCK-08
2026-07-04 07:44:00,TRK-057,Rute-Q,Bekasi Logistics Hub,607.6,1200,21.28,1.4,67.4,LOADED,YES,DOCK-09
2026-07-05 11:57:00,TRK-064,Rute-A,Cikarang Industrial Hub,608.3,1200,21.69,1.6,68.0,QUEUED,NO,DOCK-10
2026-07-06 15:10:00,TRK-071,Rute-C,Grogol Hub (Jakbar),609.0,1200,22.1,1.7,68.5,DELIVERED,YES,DOCK-11
2026-07-07 05:23:00,TRK-078,Rute-E,Depok Hub,609.7,1200,22.51,1.8,69.1,IN_TRANSIT,YES,DOCK-12
2026-07-08 09:36:00,TRK-085,Rute-G,Gudang West (Tangerang),610.4,1200,22.92,2.0,69.6,IDLE_DOCK,YES,DOCK-01
2026-07-09 13:49:00,TRK-092,Rute-I,Petamburan Hub,611.1,1200,23.33,2.1,70.2,LOADED,YES,DOCK-02
2026-07-10 17:02:00,TRK-099,Rute-K,Bogor Transit Hub,611.8,1200,23.74,2.3,70.7,QUEUED,NO,DOCK-03
2026-07-11 07:15:00,TRK-106,Rute-M,Central Hub (Jakarta),612.5,1200,24.15,2.4,71.2,DELIVERED,YES,DOCK-04
2026-07-12 11:28:00,TRK-113,Rute-O,Bekasi Logistics Hub,613.2,1200,24.56,2.5,71.8,IN_TRANSIT,YES,DOCK-05
2026-07-13 15:41:00,TRK-120,Rute-Q,Cikarang Industrial Hub,613.9,1200,24.97,2.7,72.4,IDLE_DOCK,YES,DOCK-06
2026-07-14 05:54:00,TRK-127,Rute-A,Grogol Hub (Jakbar),614.6,1200,25.38,2.8,72.9,LOADED,YES,DOCK-07
2026-07-15 09:07:00,TRK-134,Rute-C,Depok Hub,615.3,1200,25.79,3.0,73.5,QUEUED,NO,DOCK-08
2026-07-16 13:20:00,TRK-141,Rute-E,Gudang West (Tangerang),616.0,1200,9.8,0.3,74.0,DELIVERED,YES,DOCK-09
2026-07-17 17:33:00,TRK-148,Rute-G,Petamburan Hub,616.7,1200,10.21,0.4,74.6,IN_TRANSIT,YES,DOCK-10
2026-07-18 07:46:00,TRK-155,Rute-I,Bogor Transit Hub,617.4,1200,10.62,0.6,75.1,IDLE_DOCK,YES,DOCK-11
2026-07-19 11:59:00,TRK-162,Rute-K,Central Hub (Jakarta),618.1,1200,11.03,0.7,75.7,LOADED,YES,DOCK-12
2026-07-20 15:12:00,TRK-169,Rute-M,Bekasi Logistics Hub,618.8,1200,11.44,0.9,76.2,QUEUED,NO,DOCK-01
2026-07-21 05:25:00,TRK-176,Rute-O,Cikarang Industrial Hub,619.5,1200,11.85,1.0,76.8,DELIVERED,YES,DOCK-02
2026-07-22 09:38:00,TRK-003,Rute-Q,Grogol Hub (Jakbar),620.2,1200,12.26,1.1,77.3,IN_TRANSIT,YES,DOCK-03
2026-07-23 13:51:00,TRK-010,Rute-A,Depok Hub,620.9,1200,12.67,1.3,77.9,IDLE_DOCK,YES,DOCK-04
2026-07-24 17:04:00,TRK-017,Rute-C,Gudang West (Tangerang),621.6,1200,13.08,1.4,78.4,LOADED,YES,DOCK-05
2026-07-25 07:17:00,TRK-024,Rute-E,Petamburan Hub,622.3,1200,13.49,1.6,79.0,QUEUED,NO,DOCK-06
2026-07-26 11:30:00,TRK-031,Rute-G,Bogor Transit Hub,623.0,1200,13.9,1.7,79.5,DELIVERED,YES,DOCK-07
2026-07-27 15:43:00,TRK-038,Rute-I,Central Hub (Jakarta),623.7,1200,14.31,1.8,80.1,IN_TRANSIT,YES,DOCK-08
2026-07-28 05:56:00,TRK-045,Rute-K,Bekasi Logistics Hub,624.4,1200,14.72,2.0,80.6,IDLE_DOCK,YES,DOCK-09
2026-07-29 09:09:00,TRK-052,Rute-M,Cikarang Industrial Hub,625.1,1200,15.13,2.1,81.2,LOADED,YES,DOCK-10
2026-07-30 13:22:00,TRK-059,Rute-O,Grogol Hub (Jakbar),625.8,1200,15.54,2.3,81.7,QUEUED,NO,DOCK-11
2026-07-31 17:35:00,TRK-066,Rute-Q,Depok Hub,626.5,1200,15.95,2.4,82.2,DELIVERED,YES,DOCK-12
2026-07-01 07:48:00,TRK-073,Rute-A,Gudang West (Tangerang),627.2,1200,16.36,2.5,82.8,IN_TRANSIT,YES,DOCK-01
2026-07-02 11:01:00,TRK-080,Rute-C,Petamburan Hub,627.9,1200,16.77,2.7,83.4,IDLE_DOCK,YES,DOCK-02
2026-07-03 15:14:00,TRK-087,Rute-E,Bogor Transit Hub,628.6,1200,17.18,2.8,83.9,LOADED,YES,DOCK-03
2026-07-04 05:27:00,TRK-094,Rute-G,Central Hub (Jakarta),629.3,1200,17.59,3.0,84.5,QUEUED,NO,DOCK-04
2026-07-05 09:40:00,TRK-101,Rute-I,Bekasi Logistics Hub,630.0,1200,18.0,0.3,85.0,DELIVERED,YES,DOCK-05
2026-07-06 13:53:00,TRK-108,Rute-K,Cikarang Industrial Hub,630.7,1200,18.41,0.4,85.6,IN_TRANSIT,YES,DOCK-06
2026-07-07 17:06:00,TRK-115,Rute-M,Grogol Hub (Jakbar),631.4,1200,18.82,0.6,86.1,IDLE_DOCK,YES,DOCK-07
2026-07-08 07:19:00,TRK-122,Rute-O,Depok Hub,632.1,1200,19.23,0.7,86.7,LOADED,YES,DOCK-08
2026-07-09 11:32:00,TRK-129,Rute-Q,Gudang West (Tangerang),632.8,1200,19.64,0.9,87.2,QUEUED,NO,DOCK-09
2026-07-10 15:45:00,TRK-136,Rute-A,Petamburan Hub,633.5,1200,20.05,1.0,87.8,DELIVERED,YES,DOCK-10
2026-07-11 05:58:00,TRK-143,Rute-C,Bogor Transit Hub,634.2,1200,20.46,1.1,88.3,IN_TRANSIT,YES,DOCK-11
2026-07-12 09:11:00,TRK-150,Rute-E,Central Hub (Jakarta),634.9,1200,20.87,1.3,88.9,IDLE_DOCK,YES,DOCK-12
2026-07-13 13:24:00,TRK-157,Rute-G,Bekasi Logistics Hub,635.6,1200,21.28,1.4,89.4,LOADED,YES,DOCK-01
2026-07-14 17:37:00,TRK-164,Rute-I,Cikarang Industrial Hub,636.3,1200,21.69,1.6,90.0,QUEUED,NO,DOCK-02
2026-07-15 07:50:00,TRK-171,Rute-K,Grogol Hub (Jakbar),637.0,1200,22.1,1.7,90.5,DELIVERED,YES,DOCK-03
2026-07-16 11:03:00,TRK-178,Rute-M,Depok Hub,637.7,1200,22.51,1.8,91.1,IN_TRANSIT,YES,DOCK-04
2026-07-17 15:16:00,TRK-005,Rute-O,Gudang West (Tangerang),638.4,1200,22.92,2.0,91.6,IDLE_DOCK,YES,DOCK-05
2026-07-18 05:29:00,TRK-012,Rute-Q,Petamburan Hub,639.1,1200,23.33,2.1,92.2,LOADED,YES,DOCK-06
2026-07-19 09:42:00,TRK-019,Rute-A,Bogor Transit Hub,639.8,1200,23.74,2.3,92.7,QUEUED,NO,DOCK-07
2026-07-20 13:55:00,TRK-026,Rute-C,Central Hub (Jakarta),640.5,1200,24.15,2.4,93.2,DELIVERED,YES,DOCK-08
2026-07-21 17:08:00,TRK-033,Rute-E,Bekasi Logistics Hub,641.2,1200,24.56,2.5,93.8,IN_TRANSIT,YES,DOCK-09
2026-07-22 07:21:00,TRK-040,Rute-G,Cikarang Industrial Hub,641.9,1200,24.97,2.7,94.4,IDLE_DOCK,YES,DOCK-10
2026-07-23 11:34:00,TRK-047,Rute-I,Grogol Hub (Jakbar),642.6,1200,25.38,2.8,94.9,LOADED,YES,DOCK-11
2026-07-24 15:47:00,TRK-054,Rute-K,Depok Hub,643.3,1200,25.79,3.0,95.5,QUEUED,NO,DOCK-12
2026-07-25 05:00:00,TRK-061,Rute-M,Gudang West (Tangerang),644.0,1200,9.8,0.3,8.0,DELIVERED,YES,DOCK-01
2026-07-26 09:13:00,TRK-068,Rute-O,Petamburan Hub,644.7,1200,10.21,0.4,8.6,IN_TRANSIT,YES,DOCK-02
2026-07-27 13:26:00,TRK-075,Rute-Q,Bogor Transit Hub,645.4,1200,10.62,0.6,9.1,IDLE_DOCK,YES,DOCK-03
2026-07-28 17:39:00,TRK-082,Rute-A,Central Hub (Jakarta),646.1,1200,11.03,0.7,9.7,LOADED,YES,DOCK-04
2026-07-29 07:52:00,TRK-089,Rute-C,Bekasi Logistics Hub,646.8,1200,11.44,0.9,10.2,QUEUED,NO,DOCK-05
2026-07-30 11:05:00,TRK-096,Rute-E,Cikarang Industrial Hub,647.5,1200,11.85,1.0,10.8,DELIVERED,YES,DOCK-06
2026-07-31 15:18:00,TRK-103,Rute-G,Grogol Hub (Jakbar),648.2,1200,12.26,1.1,11.3,IN_TRANSIT,YES,DOCK-07
2026-07-01 05:31:00,TRK-110,Rute-I,Depok Hub,648.9,1200,12.67,1.3,11.9,IDLE_DOCK,YES,DOCK-08
2026-07-02 09:44:00,TRK-117,Rute-K,Gudang West (Tangerang),649.6,1200,13.08,1.4,12.4,LOADED,YES,DOCK-09
2026-07-03 13:57:00,TRK-124,Rute-M,Petamburan Hub,650.3,1200,13.49,1.6,12.9,QUEUED,NO,DOCK-10
2026-07-04 17:10:00,TRK-131,Rute-O,Bogor Transit Hub,651.0,1200,13.9,1.7,13.5,DELIVERED,YES,DOCK-11
2026-07-05 07:23:00,TRK-138,Rute-Q,Central Hub (Jakarta),651.7,1200,14.31,1.8,14.1,IN_TRANSIT,YES,DOCK-12
2026-07-06 11:36:00,TRK-145,Rute-A,Bekasi Logistics Hub,652.4,1200,14.72,2.0,14.6,IDLE_DOCK,YES,DOCK-01
2026-07-07 15:49:00,TRK-152,Rute-C,Cikarang Industrial Hub,653.1,1200,15.13,2.1,15.2,LOADED,YES,DOCK-02
2026-07-08 05:02:00,TRK-159,Rute-E,Grogol Hub (Jakbar),653.8,1200,15.54,2.3,15.7,QUEUED,NO,DOCK-03
2026-07-09 09:15:00,TRK-166,Rute-G,Depok Hub,654.5,1200,15.95,2.4,16.2,DELIVERED,YES,DOCK-04
2026-07-10 13:28:00,TRK-173,Rute-I,Gudang West (Tangerang),655.2,1200,16.36,2.5,16.8,IN_TRANSIT,YES,DOCK-05
2026-07-11 17:41:00,TRK-180,Rute-K,Petamburan Hub,655.9,1200,16.77,2.7,17.4,IDLE_DOCK,YES,DOCK-06
2026-07-12 07:54:00,TRK-007,Rute-M,Bogor Transit Hub,656.6,1200,17.18,2.8,17.9,LOADED,YES,DOCK-07
2026-07-13 11:07:00,TRK-014,Rute-O,Central Hub (Jakarta),657.3,1200,17.59,3.0,18.5,QUEUED,NO,DOCK-08
2026-07-14 15:20:00,TRK-021,Rute-Q,Bekasi Logistics Hub,658.0,1200,18.0,0.3,19.0,DELIVERED,YES,DOCK-09
2026-07-15 05:33:00,TRK-028,Rute-A,Cikarang Industrial Hub,658.7,1200,18.41,0.4,19.6,IN_TRANSIT,YES,DOCK-10
2026-07-16 09:46:00,TRK-035,Rute-C,Grogol Hub (Jakbar),659.4,1200,18.82,0.6,20.1,IDLE_DOCK,YES,DOCK-11
2026-07-17 13:59:00,TRK-042,Rute-E,Depok Hub,660.1,1200,19.23,0.7,20.6,LOADED,YES,DOCK-12
2026-07-18 17:12:00,TRK-049,Rute-G,Gudang West (Tangerang),660.8,1200,19.64,0.9,21.2,QUEUED,NO,DOCK-01
2026-07-19 07:25:00,TRK-056,Rute-I,Petamburan Hub,661.5,1200,20.05,1.0,21.8,DELIVERED,YES,DOCK-02
2026-07-20 11:38:00,TRK-063,Rute-K,Bogor Transit Hub,662.2,1200,20.46,1.1,22.3,IN_TRANSIT,YES,DOCK-03
2026-07-21 15:51:00,TRK-070,Rute-M,Central Hub (Jakarta),662.9,1200,20.87,1.3,22.9,IDLE_DOCK,YES,DOCK-04
2026-07-22 05:04:00,TRK-077,Rute-O,Bekasi Logistics Hub,663.6,1200,21.28,1.4,23.4,LOADED,YES,DOCK-05
2026-07-23 09:17:00,TRK-084,Rute-Q,Cikarang Industrial Hub,664.3,1200,21.69,1.6,24.0,QUEUED,NO,DOCK-06
2026-07-24 13:30:00,TRK-091,Rute-A,Grogol Hub (Jakbar),665.0,1200,22.1,1.7,24.5,DELIVERED,YES,DOCK-07
2026-07-25 17:43:00,TRK-098,Rute-C,Depok Hub,665.7,1200,22.51,1.8,25.1,IN_TRANSIT,YES,DOCK-08
2026-07-26 07:56:00,TRK-105,Rute-E,Gudang West (Tangerang),666.4,1200,22.92,2.0,25.6,IDLE_DOCK,YES,DOCK-09
2026-07-27 11:09:00,TRK-112,Rute-G,Petamburan Hub,667.1,1200,23.33,2.1,26.2,LOADED,YES,DOCK-10
2026-07-28 15:22:00,TRK-119,Rute-I,Bogor Transit Hub,667.8,1200,23.74,2.3,26.7,QUEUED,NO,DOCK-11
2026-07-29 05:35:00,TRK-126,Rute-K,Central Hub (Jakarta),668.5,1200,24.15,2.4,27.2,DELIVERED,YES,DOCK-12
2026-07-30 09:48:00,TRK-133,Rute-M,Bekasi Logistics Hub,669.2,1200,24.56,2.5,27.8,IN_TRANSIT,YES,DOCK-01
2026-07-31 13:01:00,TRK-140,Rute-O,Cikarang Industrial Hub,669.9,1200,24.97,2.7,28.4,IDLE_DOCK,YES,DOCK-02
2026-07-01 17:14:00,TRK-147,Rute-Q,Grogol Hub (Jakbar),670.6,1200,25.38,2.8,28.9,LOADED,YES,DOCK-03
2026-07-02 07:27:00,TRK-154,Rute-A,Depok Hub,671.3,1200,25.79,3.0,29.5,QUEUED,NO,DOCK-04
2026-07-03 11:40:00,TRK-161,Rute-C,Gudang West (Tangerang),672.0,1200,9.8,0.3,30.0,DELIVERED,YES,DOCK-05
2026-07-04 15:53:00,TRK-168,Rute-E,Petamburan Hub,672.7,1200,10.21,0.4,30.6,IN_TRANSIT,YES,DOCK-06
2026-07-05 05:06:00,TRK-175,Rute-G,Bogor Transit Hub,673.4,1200,10.62,0.6,31.1,IDLE_DOCK,YES,DOCK-07
2026-07-06 09:19:00,TRK-002,Rute-I,Central Hub (Jakarta),674.1,1200,11.03,0.7,31.7,LOADED,YES,DOCK-08
2026-07-07 13:32:00,TRK-009,Rute-K,Bekasi Logistics Hub,674.8,1200,11.44,0.9,32.2,QUEUED,NO,DOCK-09
2026-07-08 17:45:00,TRK-016,Rute-M,Cikarang Industrial Hub,675.5,1200,11.85,1.0,32.8,DELIVERED,YES,DOCK-10
2026-07-09 07:58:00,TRK-023,Rute-O,Grogol Hub (Jakbar),676.2,1200,12.26,1.1,33.3,IN_TRANSIT,YES,DOCK-11
2026-07-10 11:11:00,TRK-030,Rute-Q,Depok Hub,676.9,1200,12.67,1.3,33.9,IDLE_DOCK,YES,DOCK-12
2026-07-11 15:24:00,TRK-037,Rute-A,Gudang West (Tangerang),677.6,1200,13.08,1.4,34.4,LOADED,YES,DOCK-01
2026-07-12 05:37:00,TRK-044,Rute-C,Petamburan Hub,678.3,1200,13.49,1.6,35.0,QUEUED,NO,DOCK-02
2026-07-13 09:50:00,TRK-051,Rute-E,Bogor Transit Hub,679.0,1200,13.9,1.7,35.5,DELIVERED,YES,DOCK-03
2026-07-14 13:03:00,TRK-058,Rute-G,Central Hub (Jakarta),679.7,1200,14.31,1.8,36.0,IN_TRANSIT,YES,DOCK-04
2026-07-15 17:16:00,TRK-065,Rute-I,Bekasi Logistics Hub,680.4,1200,14.72,2.0,36.6,IDLE_DOCK,YES,DOCK-05
2026-07-16 07:29:00,TRK-072,Rute-K,Cikarang Industrial Hub,681.1,1200,15.13,2.1,37.2,LOADED,YES,DOCK-06
2026-07-17 11:42:00,TRK-079,Rute-M,Grogol Hub (Jakbar),681.8,1200,15.54,2.3,37.7,QUEUED,NO,DOCK-07
2026-07-18 15:55:00,TRK-086,Rute-O,Depok Hub,682.5,1200,15.95,2.4,38.2,DELIVERED,YES,DOCK-08
2026-07-19 05:08:00,TRK-093,Rute-Q,Gudang West (Tangerang),683.2,1200,16.36,2.5,38.8,IN_TRANSIT,YES,DOCK-09
2026-07-20 09:21:00,TRK-100,Rute-A,Petamburan Hub,683.9,1200,16.77,2.7,39.4,IDLE_DOCK,YES,DOCK-10
2026-07-21 13:34:00,TRK-107,Rute-C,Bogor Transit Hub,684.6,1200,17.18,2.8,39.9,LOADED,YES,DOCK-11
2026-07-22 17:47:00,TRK-114,Rute-E,Central Hub (Jakarta),685.3,1200,17.59,3.0,40.5,QUEUED,NO,DOCK-12
2026-07-23 07:00:00,TRK-121,Rute-G,Bekasi Logistics Hub,686.0,1200,18.0,0.3,41.0,DELIVERED,YES,DOCK-01
2026-07-24 11:13:00,TRK-128,Rute-I,Cikarang Industrial Hub,686.7,1200,18.41,0.4,41.6,IN_TRANSIT,YES,DOCK-02
2026-07-25 15:26:00,TRK-135,Rute-K,Grogol Hub (Jakbar),687.4,1200,18.82,0.6,42.1,IDLE_DOCK,YES,DOCK-03
2026-07-26 05:39:00,TRK-142,Rute-M,Depok Hub,688.1,1200,19.23,0.7,42.7,LOADED,YES,DOCK-04
2026-07-27 09:52:00,TRK-149,Rute-O,Gudang West (Tangerang),688.8,1200,19.64,0.9,43.2,QUEUED,NO,DOCK-05
2026-07-28 13:05:00,TRK-156,Rute-Q,Petamburan Hub,689.5,1200,20.05,1.0,43.8,DELIVERED,YES,DOCK-06
2026-07-29 17:18:00,TRK-163,Rute-A,Bogor Transit Hub,690.2,1200,20.46,1.1,44.3,IN_TRANSIT,YES,DOCK-07
2026-07-30 07:31:00,TRK-170,Rute-C,Central Hub (Jakarta),690.9,1200,20.87,1.3,44.9,IDLE_DOCK,YES,DOCK-08
2026-07-31 11:44:00,TRK-177,Rute-E,Bekasi Logistics Hub,691.6,1200,21.28,1.4,45.4,LOADED,YES,DOCK-09
2026-07-01 15:57:00,TRK-004,Rute-G,Cikarang Industrial Hub,692.3,1200,21.69,1.6,46.0,QUEUED,NO,DOCK-10
2026-07-02 05:10:00,TRK-011,Rute-I,Grogol Hub (Jakbar),693.0,1200,22.1,1.7,46.5,DELIVERED,YES,DOCK-11
2026-07-03 09:23:00,TRK-018,Rute-K,Depok Hub,693.7,1200,22.51,1.8,47.1,IN_TRANSIT,YES,DOCK-12
2026-07-04 13:36:00,TRK-025,Rute-M,Gudang West (Tangerang),694.4,1200,22.92,2.0,47.6,IDLE_DOCK,YES,DOCK-01
2026-07-05 17:49:00,TRK-032,Rute-O,Petamburan Hub,695.1,1200,23.33,2.1,48.2,LOADED,YES,DOCK-02
2026-07-06 07:02:00,TRK-039,Rute-Q,Bogor Transit Hub,695.8,1200,23.74,2.3,48.7,QUEUED,NO,DOCK-03
2026-07-07 11:15:00,TRK-046,Rute-A,Central Hub (Jakarta),696.5,1200,24.15,2.4,49.2,DELIVERED,YES,DOCK-04
2026-07-08 15:28:00,TRK-053,Rute-C,Bekasi Logistics Hub,697.2,1200,24.56,2.5,49.8,IN_TRANSIT,YES,DOCK-05
2026-07-09 05:41:00,TRK-060,Rute-E,Cikarang Industrial Hub,697.9,1200,24.97,2.7,50.4,IDLE_DOCK,YES,DOCK-06
2026-07-10 09:54:00,TRK-067,Rute-G,Grogol Hub (Jakbar),698.6,1200,25.38,2.8,50.9,LOADED,YES,DOCK-07
2026-07-11 13:07:00,TRK-074,Rute-I,Depok Hub,699.3,1200,25.79,3.0,51.5,QUEUED,NO,DOCK-08
2026-07-12 17:20:00,TRK-081,Rute-K,Gudang West (Tangerang),700.0,1200,9.8,0.3,52.0,DELIVERED,YES,DOCK-09
2026-07-13 07:33:00,TRK-088,Rute-M,Petamburan Hub,700.7,1200,10.21,0.4,52.6,IN_TRANSIT,YES,DOCK-10
2026-07-14 11:46:00,TRK-095,Rute-O,Bogor Transit Hub,701.4,1200,10.62,0.6,53.1,IDLE_DOCK,YES,DOCK-11
2026-07-15 15:59:00,TRK-102,Rute-Q,Central Hub (Jakarta),702.1,1200,11.03,0.7,53.7,LOADED,YES,DOCK-12
2026-07-16 05:12:00,TRK-109,Rute-A,Bekasi Logistics Hub,702.8,1200,11.44,0.9,54.2,QUEUED,NO,DOCK-01
2026-07-17 09:25:00,TRK-116,Rute-C,Cikarang Industrial Hub,703.5,1200,11.85,1.0,54.8,DELIVERED,YES,DOCK-02
2026-07-18 13:38:00,TRK-123,Rute-E,Grogol Hub (Jakbar),704.2,1200,12.26,1.1,55.3,IN_TRANSIT,YES,DOCK-03
2026-07-19 17:51:00,TRK-130,Rute-G,Depok Hub,704.9,1200,12.67,1.3,55.9,IDLE_DOCK,YES,DOCK-04
2026-07-20 07:04:00,TRK-137,Rute-I,Gudang West (Tangerang),705.6,1200,13.08,1.4,56.4,LOADED,YES,DOCK-05
2026-07-21 11:17:00,TRK-144,Rute-K,Petamburan Hub,706.3,1200,13.49,1.6,57.0,QUEUED,NO,DOCK-06
2026-07-22 15:30:00,TRK-151,Rute-M,Bogor Transit Hub,707.0,1200,13.9,1.7,57.5,DELIVERED,YES,DOCK-07
2026-07-23 05:43:00,TRK-158,Rute-O,Central Hub (Jakarta),707.7,1200,14.31,1.8,58.1,IN_TRANSIT,YES,DOCK-08
2026-07-24 09:56:00,TRK-165,Rute-Q,Bekasi Logistics Hub,708.4,1200,14.72,2.0,58.6,IDLE_DOCK,YES,DOCK-09
2026-07-25 13:09:00,TRK-172,Rute-A,Cikarang Industrial Hub,709.1,1200,15.13,2.1,59.2,LOADED,YES,DOCK-10
2026-07-26 17:22:00,TRK-179,Rute-C,Grogol Hub (Jakbar),709.8,1200,15.54,2.3,59.7,QUEUED,NO,DOCK-11
2026-07-27 07:35:00,TRK-006,Rute-E,Depok Hub,710.5,1200,15.95,2.4,60.3,DELIVERED,YES,DOCK-12
2026-07-28 11:48:00,TRK-013,Rute-G,Gudang West (Tangerang),711.2,1200,16.36,2.5,60.8,IN_TRANSIT,YES,DOCK-01
2026-07-29 15:01:00,TRK-020,Rute-I,Petamburan Hub,711.9,1200,16.77,2.7,61.4,IDLE_DOCK,YES,DOCK-02
2026-07-30 05:14:00,TRK-027,Rute-K,Bogor Transit Hub,712.6,1200,17.18,2.8,61.9,LOADED,YES,DOCK-03
2026-07-31 09:27:00,TRK-034,Rute-M,Central Hub (Jakarta),713.3,1200,17.59,3.0,62.5,QUEUED,NO,DOCK-04
2026-07-01 13:40:00,TRK-041,Rute-O,Bekasi Logistics Hub,714.0,1200,18.0,0.3,63.0,DELIVERED,YES,DOCK-05
2026-07-02 17:53:00,TRK-048,Rute-Q,Cikarang Industrial Hub,714.7,1200,18.41,0.4,63.6,IN_TRANSIT,YES,DOCK-06
2026-07-03 07:06:00,TRK-055,Rute-A,Grogol Hub (Jakbar),715.4,1200,18.82,0.6,64.1,IDLE_DOCK,YES,DOCK-07
2026-07-04 11:19:00,TRK-062,Rute-C,Depok Hub,716.1,1200,19.23,0.7,64.7,LOADED,YES,DOCK-08
2026-07-05 15:32:00,TRK-069,Rute-E,Gudang West (Tangerang),716.8,1200,19.64,0.9,65.2,QUEUED,NO,DOCK-09
2026-07-06 05:45:00,TRK-076,Rute-G,Petamburan Hub,717.5,1200,20.05,1.0,65.8,DELIVERED,YES,DOCK-10
2026-07-07 09:58:00,TRK-083,Rute-I,Bogor Transit Hub,718.2,1200,20.46,1.1,66.3,IN_TRANSIT,YES,DOCK-11
2026-07-08 13:11:00,TRK-090,Rute-K,Central Hub (Jakarta),718.9,1200,20.87,1.3,66.8,IDLE_DOCK,YES,DOCK-12
2026-07-09 17:24:00,TRK-097,Rute-M,Bekasi Logistics Hub,719.6,1200,21.28,1.4,67.4,LOADED,YES,DOCK-01
2026-07-10 07:37:00,TRK-104,Rute-O,Cikarang Industrial Hub,720.3,1200,21.69,1.6,68.0,QUEUED,NO,DOCK-02
2026-07-11 11:50:00,TRK-111,Rute-Q,Grogol Hub (Jakbar),721.0,1200,22.1,1.7,68.5,DELIVERED,YES,DOCK-03
2026-07-12 15:03:00,TRK-118,Rute-A,Depok Hub,721.7,1200,22.51,1.8,69.1,IN_TRANSIT,YES,DOCK-04
2026-07-13 05:16:00,TRK-125,Rute-C,Gudang West (Tangerang),722.4,1200,22.92,2.0,69.6,IDLE_DOCK,YES,DOCK-05
2026-07-14 09:29:00,TRK-132,Rute-E,Petamburan Hub,723.1,1200,23.33,2.1,70.2,LOADED,YES,DOCK-06
2026-07-15 13:42:00,TRK-139,Rute-G,Bogor Transit Hub,723.8,1200,23.74,2.3,70.7,QUEUED,NO,DOCK-07
2026-07-16 17:55:00,TRK-146,Rute-I,Central Hub (Jakarta),724.5,1200,24.15,2.4,71.2,DELIVERED,YES,DOCK-08
2026-07-17 07:08:00,TRK-153,Rute-K,Bekasi Logistics Hub,725.2,1200,24.56,2.5,71.8,IN_TRANSIT,YES,DOCK-09
2026-07-18 11:21:00,TRK-160,Rute-M,Cikarang Industrial Hub,725.9,1200,24.97,2.7,72.4,IDLE_DOCK,YES,DOCK-10
2026-07-19 15:34:00,TRK-167,Rute-O,Grogol Hub (Jakbar),726.6,1200,25.38,2.8,72.9,LOADED,YES,DOCK-11
2026-07-20 05:47:00,TRK-174,Rute-Q,Depok Hub,727.3,1200,25.79,3.0,73.5,QUEUED,NO,DOCK-12
2026-07-21 09:00:00,TRK-001,Rute-A,Gudang West (Tangerang),728.0,1200,9.8,0.3,74.0,DELIVERED,YES,DOCK-01
2026-07-22 13:13:00,TRK-008,Rute-C,Petamburan Hub,728.7,1200,10.21,0.4,74.6,IN_TRANSIT,YES,DOCK-02
2026-07-23 17:26:00,TRK-015,Rute-E,Bogor Transit Hub,729.4,1200,10.62,0.6,75.1,IDLE_DOCK,YES,DOCK-03
2026-07-24 07:39:00,TRK-022,Rute-G,Central Hub (Jakarta),730.1,1200,11.03,0.7,75.7,LOADED,YES,DOCK-04
2026-07-25 11:52:00,TRK-029,Rute-I,Bekasi Logistics Hub,730.8,1200,11.44,0.9,76.2,QUEUED,NO,DOCK-05
2026-07-26 15:05:00,TRK-036,Rute-K,Cikarang Industrial Hub,731.5,1200,11.85,1.0,76.8,DELIVERED,YES,DOCK-06
2026-07-27 05:18:00,TRK-043,Rute-M,Grogol Hub (Jakbar),732.2,1200,12.26,1.1,77.3,IN_TRANSIT,YES,DOCK-07
2026-07-28 09:31:00,TRK-050,Rute-O,Depok Hub,732.9,1200,12.67,1.3,77.9,IDLE_DOCK,YES,DOCK-08
2026-07-29 13:44:00,TRK-057,Rute-Q,Gudang West (Tangerang),733.6,1200,13.08,1.4,78.4,LOADED,YES,DOCK-09
2026-07-30 17:57:00,TRK-064,Rute-A,Petamburan Hub,734.3,1200,13.49,1.6,79.0,QUEUED,NO,DOCK-10
2026-07-31 07:10:00,TRK-071,Rute-C,Bogor Transit Hub,735.0,1200,13.9,1.7,79.5,DELIVERED,YES,DOCK-11
2026-07-01 11:23:00,TRK-078,Rute-E,Central Hub (Jakarta),735.7,1200,14.31,1.8,80.1,IN_TRANSIT,YES,DOCK-12
2026-07-02 15:36:00,TRK-085,Rute-G,Bekasi Logistics Hub,736.4,1200,14.72,2.0,80.6,IDLE_DOCK,YES,DOCK-01
2026-07-03 05:49:00,TRK-092,Rute-I,Cikarang Industrial Hub,737.1,1200,15.13,2.1,81.2,LOADED,YES,DOCK-02
2026-07-04 09:02:00,TRK-099,Rute-K,Grogol Hub (Jakbar),737.8,1200,15.54,2.3,81.7,QUEUED,NO,DOCK-03
2026-07-05 13:15:00,TRK-106,Rute-M,Depok Hub,738.5,1200,15.95,2.4,82.2,DELIVERED,YES,DOCK-04
2026-07-06 17:28:00,TRK-113,Rute-O,Gudang West (Tangerang),739.2,1200,16.36,2.5,82.8,IN_TRANSIT,YES,DOCK-05
2026-07-07 07:41:00,TRK-120,Rute-Q,Petamburan Hub,739.9,1200,16.77,2.7,83.4,IDLE_DOCK,YES,DOCK-06
2026-07-08 11:54:00,TRK-127,Rute-A,Bogor Transit Hub,740.6,1200,17.18,2.8,83.9,LOADED,YES,DOCK-07
2026-07-09 15:07:00,TRK-134,Rute-C,Central Hub (Jakarta),741.3,1200,17.59,3.0,84.5,QUEUED,NO,DOCK-08
2026-07-10 05:20:00,TRK-141,Rute-E,Bekasi Logistics Hub,742.0,1200,18.0,0.3,85.0,DELIVERED,YES,DOCK-09
2026-07-11 09:33:00,TRK-148,Rute-G,Cikarang Industrial Hub,742.7,1200,18.41,0.4,85.6,IN_TRANSIT,YES,DOCK-10
2026-07-12 13:46:00,TRK-155,Rute-I,Grogol Hub (Jakbar),743.4,1200,18.82,0.6,86.1,IDLE_DOCK,YES,DOCK-11
2026-07-13 17:59:00,TRK-162,Rute-K,Depok Hub,744.1,1200,19.23,0.7,86.7,LOADED,YES,DOCK-12
2026-07-14 07:12:00,TRK-169,Rute-M,Gudang West (Tangerang),744.8,1200,19.64,0.9,87.2,QUEUED,NO,DOCK-01
2026-07-15 11:25:00,TRK-176,Rute-O,Petamburan Hub,745.5,1200,20.05,1.0,87.8,DELIVERED,YES,DOCK-02
2026-07-16 15:38:00,TRK-003,Rute-Q,Bogor Transit Hub,746.2,1200,20.46,1.1,88.3,IN_TRANSIT,YES,DOCK-03
2026-07-17 05:51:00,TRK-010,Rute-A,Central Hub (Jakarta),746.9,1200,20.87,1.3,88.9,IDLE_DOCK,YES,DOCK-04
2026-07-18 09:04:00,TRK-017,Rute-C,Bekasi Logistics Hub,747.6,1200,21.28,1.4,89.4,LOADED,YES,DOCK-05
2026-07-19 13:17:00,TRK-024,Rute-E,Cikarang Industrial Hub,748.3,1200,21.69,1.6,90.0,QUEUED,NO,DOCK-06
2026-07-20 17:30:00,TRK-031,Rute-G,Grogol Hub (Jakbar),749.0,1200,22.1,1.7,90.5,DELIVERED,YES,DOCK-07
2026-07-21 07:43:00,TRK-038,Rute-I,Depok Hub,749.7,1200,22.51,1.8,91.1,IN_TRANSIT,YES,DOCK-08
2026-07-22 11:56:00,TRK-045,Rute-K,Gudang West (Tangerang),750.4,1200,22.92,2.0,91.6,IDLE_DOCK,YES,DOCK-09
2026-07-23 15:09:00,TRK-052,Rute-M,Petamburan Hub,751.1,1200,23.33,2.1,92.2,LOADED,YES,DOCK-10
2026-07-24 05:22:00,TRK-059,Rute-O,Bogor Transit Hub,751.8,1200,23.74,2.3,92.7,QUEUED,NO,DOCK-11
2026-07-25 09:35:00,TRK-066,Rute-Q,Central Hub (Jakarta),752.5,1200,24.15,2.4,93.2,DELIVERED,YES,DOCK-12
2026-07-26 13:48:00,TRK-073,Rute-A,Bekasi Logistics Hub,753.2,1200,24.56,2.5,93.8,IN_TRANSIT,YES,DOCK-01
2026-07-27 17:01:00,TRK-080,Rute-C,Cikarang Industrial Hub,753.9,1200,24.97,2.7,94.4,IDLE_DOCK,YES,DOCK-02
2026-07-28 07:14:00,TRK-087,Rute-E,Grogol Hub (Jakbar),754.6,1200,25.38,2.8,94.9,LOADED,YES,DOCK-03
2026-07-29 11:27:00,TRK-094,Rute-G,Depok Hub,755.3,1200,25.79,3.0,95.5,QUEUED,NO,DOCK-04
2026-07-30 15:40:00,TRK-101,Rute-I,Gudang West (Tangerang),756.0,1200,9.8,0.3,8.0,DELIVERED,YES,DOCK-05
2026-07-31 05:53:00,TRK-108,Rute-K,Petamburan Hub,756.7,1200,10.21,0.4,8.6,IN_TRANSIT,YES,DOCK-06
2026-07-01 09:06:00,TRK-115,Rute-M,Bogor Transit Hub,757.4,1200,10.62,0.6,9.1,IDLE_DOCK,YES,DOCK-07
2026-07-02 13:19:00,TRK-122,Rute-O,Central Hub (Jakarta),758.1,1200,11.03,0.7,9.7,LOADED,YES,DOCK-08
2026-07-03 17:32:00,TRK-129,Rute-Q,Bekasi Logistics Hub,758.8,1200,11.44,0.9,10.2,QUEUED,NO,DOCK-09
2026-07-04 07:45:00,TRK-136,Rute-A,Cikarang Industrial Hub,759.5,1200,11.85,1.0,10.8,DELIVERED,YES,DOCK-10
2026-07-05 11:58:00,TRK-143,Rute-C,Grogol Hub (Jakbar),760.2,1200,12.26,1.1,11.3,IN_TRANSIT,YES,DOCK-11
2026-07-06 15:11:00,TRK-150,Rute-E,Depok Hub,760.9,1200,12.67,1.3,11.9,IDLE_DOCK,YES,DOCK-12
2026-07-07 05:24:00,TRK-157,Rute-G,Gudang West (Tangerang),761.6,1200,13.08,1.4,12.4,LOADED,YES,DOCK-01
2026-07-08 09:37:00,TRK-164,Rute-I,Petamburan Hub,762.3,1200,13.49,1.6,12.9,QUEUED,NO,DOCK-02
2026-07-09 13:50:00,TRK-171,Rute-K,Bogor Transit Hub,763.0,1200,13.9,1.7,13.5,DELIVERED,YES,DOCK-03
2026-07-10 17:03:00,TRK-178,Rute-M,Central Hub (Jakarta),763.7,1200,14.31,1.8,14.1,IN_TRANSIT,YES,DOCK-04
2026-07-11 07:16:00,TRK-005,Rute-O,Bekasi Logistics Hub,764.4,1200,14.72,2.0,14.6,IDLE_DOCK,YES,DOCK-05
2026-07-12 11:29:00,TRK-012,Rute-Q,Cikarang Industrial Hub,765.1,1200,15.13,2.1,15.2,LOADED,YES,DOCK-06
2026-07-13 15:42:00,TRK-019,Rute-A,Grogol Hub (Jakbar),765.8,1200,15.54,2.3,15.7,QUEUED,NO,DOCK-07
2026-07-14 05:55:00,TRK-026,Rute-C,Depok Hub,766.5,1200,15.95,2.4,16.2,DELIVERED,YES,DOCK-08
2026-07-15 09:08:00,TRK-033,Rute-E,Gudang West (Tangerang),767.2,1200,16.36,2.5,16.8,IN_TRANSIT,YES,DOCK-09
2026-07-16 13:21:00,TRK-040,Rute-G,Petamburan Hub,767.9,1200,16.77,2.7,17.4,IDLE_DOCK,YES,DOCK-10
2026-07-17 17:34:00,TRK-047,Rute-I,Bogor Transit Hub,768.6,1200,17.18,2.8,17.9,LOADED,YES,DOCK-11
2026-07-18 07:47:00,TRK-054,Rute-K,Central Hub (Jakarta),769.3,1200,17.59,3.0,18.5,QUEUED,NO,DOCK-12
2026-07-19 11:00:00,TRK-061,Rute-M,Bekasi Logistics Hub,770.0,1200,18.0,0.3,19.0,DELIVERED,YES,DOCK-01
2026-07-20 15:13:00,TRK-068,Rute-O,Cikarang Industrial Hub,770.7,1200,18.41,0.4,19.6,IN_TRANSIT,YES,DOCK-02
2026-07-21 05:26:00,TRK-075,Rute-Q,Grogol Hub (Jakbar),771.4,1200,18.82,0.6,20.1,IDLE_DOCK,YES,DOCK-03
2026-07-22 09:39:00,TRK-082,Rute-A,Depok Hub,772.1,1200,19.23,0.7,20.6,LOADED,YES,DOCK-04
2026-07-23 13:52:00,TRK-089,Rute-C,Gudang West (Tangerang),772.8,1200,19.64,0.9,21.2,QUEUED,NO,DOCK-05
2026-07-24 17:05:00,TRK-096,Rute-E,Petamburan Hub,773.5,1200,20.05,1.0,21.8,DELIVERED,YES,DOCK-06
2026-07-25 07:18:00,TRK-103,Rute-G,Bogor Transit Hub,774.2,1200,20.46,1.1,22.3,IN_TRANSIT,YES,DOCK-07
2026-07-26 11:31:00,TRK-110,Rute-I,Central Hub (Jakarta),774.9,1200,20.87,1.3,22.9,IDLE_DOCK,YES,DOCK-08
2026-07-27 15:44:00,TRK-117,Rute-K,Bekasi Logistics Hub,775.6,1200,21.28,1.4,23.4,LOADED,YES,DOCK-09
2026-07-28 05:57:00,TRK-124,Rute-M,Cikarang Industrial Hub,776.3,1200,21.69,1.6,24.0,QUEUED,NO,DOCK-10
2026-07-29 09:10:00,TRK-131,Rute-O,Grogol Hub (Jakbar),777.0,1200,22.1,1.7,24.5,DELIVERED,YES,DOCK-11
2026-07-30 13:23:00,TRK-138,Rute-Q,Depok Hub,777.7,1200,22.51,1.8,25.1,IN_TRANSIT,YES,DOCK-12
2026-07-31 17:36:00,TRK-145,Rute-A,Gudang West (Tangerang),778.4,1200,22.92,2.0,25.6,IDLE_DOCK,YES,DOCK-01
2026-07-01 07:49:00,TRK-152,Rute-C,Petamburan Hub,779.1,1200,23.33,2.1,26.2,LOADED,YES,DOCK-02
2026-07-02 11:02:00,TRK-159,Rute-E,Bogor Transit Hub,779.8,1200,23.74,2.3,26.7,QUEUED,NO,DOCK-03
2026-07-03 15:15:00,TRK-166,Rute-G,Central Hub (Jakarta),780.5,1200,24.15,2.4,27.2,DELIVERED,YES,DOCK-04
2026-07-04 05:28:00,TRK-173,Rute-I,Bekasi Logistics Hub,781.2,1200,24.56,2.5,27.8,IN_TRANSIT,YES,DOCK-05
2026-07-05 09:41:00,TRK-180,Rute-K,Cikarang Industrial Hub,781.9,1200,24.97,2.7,28.4,IDLE_DOCK,YES,DOCK-06
2026-07-06 13:54:00,TRK-007,Rute-M,Grogol Hub (Jakbar),782.6,1200,25.38,2.8,28.9,LOADED,YES,DOCK-07
2026-07-07 17:07:00,TRK-014,Rute-O,Depok Hub,783.3,1200,25.79,3.0,29.5,QUEUED,NO,DOCK-08
2026-07-08 07:20:00,TRK-021,Rute-Q,Gudang West (Tangerang),784.0,1200,9.8,0.3,30.0,DELIVERED,YES,DOCK-09
2026-07-09 11:33:00,TRK-028,Rute-A,Petamburan Hub,784.7,1200,10.21,0.4,30.6,IN_TRANSIT,YES,DOCK-10
2026-07-10 15:46:00,TRK-035,Rute-C,Bogor Transit Hub,785.4,1200,10.62,0.6,31.1,IDLE_DOCK,YES,DOCK-11
2026-07-11 05:59:00,TRK-042,Rute-E,Central Hub (Jakarta),786.1,1200,11.03,0.7,31.7,LOADED,YES,DOCK-12
2026-07-12 09:12:00,TRK-049,Rute-G,Bekasi Logistics Hub,786.8,1200,11.44,0.9,32.2,QUEUED,NO,DOCK-01
2026-07-13 13:25:00,TRK-056,Rute-I,Cikarang Industrial Hub,787.5,1200,11.85,1.0,32.8,DELIVERED,YES,DOCK-02
2026-07-14 17:38:00,TRK-063,Rute-K,Grogol Hub (Jakbar),788.2,1200,12.26,1.1,33.3,IN_TRANSIT,YES,DOCK-03
2026-07-15 07:51:00,TRK-070,Rute-M,Depok Hub,788.9,1200,12.67,1.3,33.9,IDLE_DOCK,YES,DOCK-04
2026-07-16 11:04:00,TRK-077,Rute-O,Gudang West (Tangerang),789.6,1200,13.08,1.4,34.4,LOADED,YES,DOCK-05
2026-07-17 15:17:00,TRK-084,Rute-Q,Petamburan Hub,790.3,1200,13.49,1.6,35.0,QUEUED,NO,DOCK-06
2026-07-18 05:30:00,TRK-091,Rute-A,Bogor Transit Hub,791.0,1200,13.9,1.7,35.5,DELIVERED,YES,DOCK-07
2026-07-19 09:43:00,TRK-098,Rute-C,Central Hub (Jakarta),791.7,1200,14.31,1.8,36.0,IN_TRANSIT,YES,DOCK-08
2026-07-20 13:56:00,TRK-105,Rute-E,Bekasi Logistics Hub,792.4,1200,14.72,2.0,36.6,IDLE_DOCK,YES,DOCK-09
2026-07-21 17:09:00,TRK-112,Rute-G,Cikarang Industrial Hub,793.1,1200,15.13,2.1,37.2,LOADED,YES,DOCK-10
2026-07-22 07:22:00,TRK-119,Rute-I,Grogol Hub (Jakbar),793.8,1200,15.54,2.3,37.7,QUEUED,NO,DOCK-11
2026-07-23 11:35:00,TRK-126,Rute-K,Depok Hub,794.5,1200,15.95,2.4,38.2,DELIVERED,YES,DOCK-12
2026-07-24 15:48:00,TRK-133,Rute-M,Gudang West (Tangerang),795.2,1200,16.36,2.5,38.8,IN_TRANSIT,YES,DOCK-01
2026-07-25 05:01:00,TRK-140,Rute-O,Petamburan Hub,795.9,1200,16.77,2.7,39.4,IDLE_DOCK,YES,DOCK-02
2026-07-26 09:14:00,TRK-147,Rute-Q,Bogor Transit Hub,796.6,1200,17.18,2.8,39.9,LOADED,YES,DOCK-03
2026-07-27 13:27:00,TRK-154,Rute-A,Central Hub (Jakarta),797.3,1200,17.59,3.0,40.5,QUEUED,NO,DOCK-04
2026-07-28 17:40:00,TRK-161,Rute-C,Bekasi Logistics Hub,798.0,1200,18.0,0.3,41.0,DELIVERED,YES,DOCK-05
2026-07-29 07:53:00,TRK-168,Rute-E,Cikarang Industrial Hub,798.7,1200,18.41,0.4,41.6,IN_TRANSIT,YES,DOCK-06
2026-07-30 11:06:00,TRK-175,Rute-G,Grogol Hub (Jakbar),799.4,1200,18.82,0.6,42.1,IDLE_DOCK,YES,DOCK-07
2026-07-31 15:19:00,TRK-002,Rute-I,Depok Hub,800.1,1200,19.23,0.7,42.7,LOADED,YES,DOCK-08
2026-07-01 05:32:00,TRK-009,Rute-K,Gudang West (Tangerang),800.8,1200,19.64,0.9,43.2,QUEUED,NO,DOCK-09
2026-07-02 09:45:00,TRK-016,Rute-M,Petamburan Hub,801.5,1200,20.05,1.0,43.8,DELIVERED,YES,DOCK-10
2026-07-03 13:58:00,TRK-023,Rute-O,Bogor Transit Hub,802.2,1200,20.46,1.1,44.3,IN_TRANSIT,YES,DOCK-11
2026-07-04 17:11:00,TRK-030,Rute-Q,Central Hub (Jakarta),802.9,1200,20.87,1.3,44.9,IDLE_DOCK,YES,DOCK-12
2026-07-05 07:24:00,TRK-037,Rute-A,Bekasi Logistics Hub,803.6,1200,21.28,1.4,45.4,LOADED,YES,DOCK-01
2026-07-06 11:37:00,TRK-044,Rute-C,Cikarang Industrial Hub,804.3,1200,21.69,1.6,46.0,QUEUED,NO,DOCK-02
2026-07-07 15:50:00,TRK-051,Rute-E,Grogol Hub (Jakbar),805.0,1200,22.1,1.7,46.5,DELIVERED,YES,DOCK-03
2026-07-08 05:03:00,TRK-058,Rute-G,Depok Hub,805.7,1200,22.51,1.8,47.1,IN_TRANSIT,YES,DOCK-04
2026-07-09 09:16:00,TRK-065,Rute-I,Gudang West (Tangerang),806.4,1200,22.92,2.0,47.6,IDLE_DOCK,YES,DOCK-05
2026-07-10 13:29:00,TRK-072,Rute-K,Petamburan Hub,807.1,1200,23.33,2.1,48.2,LOADED,YES,DOCK-06
2026-07-11 17:42:00,TRK-079,Rute-M,Bogor Transit Hub,807.8,1200,23.74,2.3,48.7,QUEUED,NO,DOCK-07
2026-07-12 07:55:00,TRK-086,Rute-O,Central Hub (Jakarta),808.5,1200,24.15,2.4,49.2,DELIVERED,YES,DOCK-08
2026-07-13 11:08:00,TRK-093,Rute-Q,Bekasi Logistics Hub,809.2,1200,24.56,2.5,49.8,IN_TRANSIT,YES,DOCK-09
2026-07-14 15:21:00,TRK-100,Rute-A,Cikarang Industrial Hub,809.9,1200,24.97,2.7,50.4,IDLE_DOCK,YES,DOCK-10
2026-07-15 05:34:00,TRK-107,Rute-C,Grogol Hub (Jakbar),810.6,1200,25.38,2.8,50.9,LOADED,YES,DOCK-11
2026-07-16 09:47:00,TRK-114,Rute-E,Depok Hub,811.3,1200,25.79,3.0,51.5,QUEUED,NO,DOCK-12
2026-07-17 13:00:00,TRK-121,Rute-G,Gudang West (Tangerang),812.0,1200,9.8,0.3,52.0,DELIVERED,YES,DOCK-01
2026-07-18 17:13:00,TRK-128,Rute-I,Petamburan Hub,812.7,1200,10.21,0.4,52.6,IN_TRANSIT,YES,DOCK-02
2026-07-19 07:26:00,TRK-135,Rute-K,Bogor Transit Hub,813.4,1200,10.62,0.6,53.1,IDLE_DOCK,YES,DOCK-03
2026-07-20 11:39:00,TRK-142,Rute-M,Central Hub (Jakarta),814.1,1200,11.03,0.7,53.7,LOADED,YES,DOCK-04
2026-07-21 15:52:00,TRK-149,Rute-O,Bekasi Logistics Hub,814.8,1200,11.44,0.9,54.2,QUEUED,NO,DOCK-05
2026-07-22 05:05:00,TRK-156,Rute-Q,Cikarang Industrial Hub,815.5,1200,11.85,1.0,54.8,DELIVERED,YES,DOCK-06
2026-07-23 09:18:00,TRK-163,Rute-A,Grogol Hub (Jakbar),816.2,1200,12.26,1.1,55.3,IN_TRANSIT,YES,DOCK-07
2026-07-24 13:31:00,TRK-170,Rute-C,Depok Hub,816.9,1200,12.67,1.3,55.9,IDLE_DOCK,YES,DOCK-08
2026-07-25 17:44:00,TRK-177,Rute-E,Gudang West (Tangerang),817.6,1200,13.08,1.4,56.4,LOADED,YES,DOCK-09
2026-07-26 07:57:00,TRK-004,Rute-G,Petamburan Hub,818.3,1200,13.49,1.6,57.0,QUEUED,NO,DOCK-10
2026-07-27 11:10:00,TRK-011,Rute-I,Bogor Transit Hub,819.0,1200,13.9,1.7,57.5,DELIVERED,YES,DOCK-11
2026-07-28 15:23:00,TRK-018,Rute-K,Central Hub (Jakarta),819.7,1200,14.31,1.8,58.1,IN_TRANSIT,YES,DOCK-12
2026-07-29 05:36:00,TRK-025,Rute-M,Bekasi Logistics Hub,820.4,1200,14.72,2.0,58.6,IDLE_DOCK,YES,DOCK-01
2026-07-30 09:49:00,TRK-032,Rute-O,Cikarang Industrial Hub,821.1,1200,15.13,2.1,59.2,LOADED,YES,DOCK-02
2026-07-31 13:02:00,TRK-039,Rute-Q,Grogol Hub (Jakbar),821.8,1200,15.54,2.3,59.7,QUEUED,NO,DOCK-03
2026-07-01 17:15:00,TRK-046,Rute-A,Depok Hub,822.5,1200,15.95,2.4,60.3,DELIVERED,YES,DOCK-04
2026-07-02 07:28:00,TRK-053,Rute-C,Gudang West (Tangerang),823.2,1200,16.36,2.5,60.8,IN_TRANSIT,YES,DOCK-05
2026-07-03 11:41:00,TRK-060,Rute-E,Petamburan Hub,823.9,1200,16.77,2.7,61.4,IDLE_DOCK,YES,DOCK-06
2026-07-04 15:54:00,TRK-067,Rute-G,Bogor Transit Hub,824.6,1200,17.18,2.8,61.9,LOADED,YES,DOCK-07
2026-07-05 05:07:00,TRK-074,Rute-I,Central Hub (Jakarta),825.3,1200,17.59,3.0,62.5,QUEUED,NO,DOCK-08
2026-07-06 09:20:00,TRK-081,Rute-K,Bekasi Logistics Hub,826.0,1200,18.0,0.3,63.0,DELIVERED,YES,DOCK-09
2026-07-07 13:33:00,TRK-088,Rute-M,Cikarang Industrial Hub,826.7,1200,18.41,0.4,63.6,IN_TRANSIT,YES,DOCK-10
2026-07-08 17:46:00,TRK-095,Rute-O,Grogol Hub (Jakbar),827.4,1200,18.82,0.6,64.1,IDLE_DOCK,YES,DOCK-11
2026-07-09 07:59:00,TRK-102,Rute-Q,Depok Hub,828.1,1200,19.23,0.7,64.7,LOADED,YES,DOCK-12
2026-07-10 11:12:00,TRK-109,Rute-A,Gudang West (Tangerang),828.8,1200,19.64,0.9,65.2,QUEUED,NO,DOCK-01
2026-07-11 15:25:00,TRK-116,Rute-C,Petamburan Hub,829.5,1200,20.05,1.0,65.8,DELIVERED,YES,DOCK-02
2026-07-12 05:38:00,TRK-123,Rute-E,Bogor Transit Hub,830.2,1200,20.46,1.1,66.3,IN_TRANSIT,YES,DOCK-03
2026-07-13 09:51:00,TRK-130,Rute-G,Central Hub (Jakarta),830.9,1200,20.87,1.3,66.8,IDLE_DOCK,YES,DOCK-04
2026-07-14 13:04:00,TRK-137,Rute-I,Bekasi Logistics Hub,831.6,1200,21.28,1.4,67.4,LOADED,YES,DOCK-05
2026-07-15 17:17:00,TRK-144,Rute-K,Cikarang Industrial Hub,832.3,1200,21.69,1.6,68.0,QUEUED,NO,DOCK-06
2026-07-16 07:30:00,TRK-151,Rute-M,Grogol Hub (Jakbar),833.0,1200,22.1,1.7,68.5,DELIVERED,YES,DOCK-07
2026-07-17 11:43:00,TRK-158,Rute-O,Depok Hub,833.7,1200,22.51,1.8,69.1,IN_TRANSIT,YES,DOCK-08
2026-07-18 15:56:00,TRK-165,Rute-Q,Gudang West (Tangerang),834.4,1200,22.92,2.0,69.6,IDLE_DOCK,YES,DOCK-09
2026-07-19 05:09:00,TRK-172,Rute-A,Petamburan Hub,835.1,1200,23.33,2.1,70.2,LOADED,YES,DOCK-10
2026-07-20 09:22:00,TRK-179,Rute-C,Bogor Transit Hub,835.8,1200,23.74,2.3,70.7,QUEUED,NO,DOCK-11
2026-07-21 13:35:00,TRK-006,Rute-E,Central Hub (Jakarta),836.5,1200,24.15,2.4,71.2,DELIVERED,YES,DOCK-12
2026-07-22 17:48:00,TRK-013,Rute-G,Bekasi Logistics Hub,837.2,1200,24.56,2.5,71.8,IN_TRANSIT,YES,DOCK-01
2026-07-23 07:01:00,TRK-020,Rute-I,Cikarang Industrial Hub,837.9,1200,24.97,2.7,72.4,IDLE_DOCK,YES,DOCK-02
2026-07-24 11:14:00,TRK-027,Rute-K,Grogol Hub (Jakbar),838.6,1200,25.38,2.8,72.9,LOADED,YES,DOCK-03
2026-07-25 15:27:00,TRK-034,Rute-M,Depok Hub,839.3,1200,25.79,3.0,73.5,QUEUED,NO,DOCK-04
2026-07-26 05:40:00,TRK-041,Rute-O,Gudang West (Tangerang),840.0,1200,9.8,0.3,74.0,DELIVERED,YES,DOCK-05
2026-07-27 09:53:00,TRK-048,Rute-Q,Petamburan Hub,840.7,1200,10.21,0.4,74.6,IN_TRANSIT,YES,DOCK-06
2026-07-28 13:06:00,TRK-055,Rute-A,Bogor Transit Hub,841.4,1200,10.62,0.6,75.1,IDLE_DOCK,YES,DOCK-07
2026-07-29 17:19:00,TRK-062,Rute-C,Central Hub (Jakarta),842.1,1200,11.03,0.7,75.7,LOADED,YES,DOCK-08
2026-07-30 07:32:00,TRK-069,Rute-E,Bekasi Logistics Hub,842.8,1200,11.44,0.9,76.2,QUEUED,NO,DOCK-09
2026-07-31 11:45:00,TRK-076,Rute-G,Cikarang Industrial Hub,843.5,1200,11.85,1.0,76.8,DELIVERED,YES,DOCK-10
2026-07-01 15:58:00,TRK-083,Rute-I,Grogol Hub (Jakbar),844.2,1200,12.26,1.1,77.3,IN_TRANSIT,YES,DOCK-11
2026-07-02 05:11:00,TRK-090,Rute-K,Depok Hub,844.9,1200,12.67,1.3,77.9,IDLE_DOCK,YES,DOCK-12
2026-07-03 09:24:00,TRK-097,Rute-M,Gudang West (Tangerang),845.6,1200,13.08,1.4,78.4,LOADED,YES,DOCK-01
2026-07-04 13:37:00,TRK-104,Rute-O,Petamburan Hub,846.3,1200,13.49,1.6,79.0,QUEUED,NO,DOCK-02
2026-07-05 17:50:00,TRK-111,Rute-Q,Bogor Transit Hub,847.0,1200,13.9,1.7,79.5,DELIVERED,YES,DOCK-03
2026-07-06 07:03:00,TRK-118,Rute-A,Central Hub (Jakarta),847.7,1200,14.31,1.8,80.1,IN_TRANSIT,YES,DOCK-04
2026-07-07 11:16:00,TRK-125,Rute-C,Bekasi Logistics Hub,848.4,1200,14.72,2.0,80.6,IDLE_DOCK,YES,DOCK-05
2026-07-08 15:29:00,TRK-132,Rute-E,Cikarang Industrial Hub,849.1,1200,15.13,2.1,81.2,LOADED,YES,DOCK-06
2026-07-09 05:42:00,TRK-139,Rute-G,Grogol Hub (Jakbar),849.8,1200,15.54,2.3,81.7,QUEUED,NO,DOCK-07
2026-07-10 09:55:00,TRK-146,Rute-I,Depok Hub,850.5,1200,15.95,2.4,82.2,DELIVERED,YES,DOCK-08
2026-07-11 13:08:00,TRK-153,Rute-K,Gudang West (Tangerang),851.2,1200,16.36,2.5,82.8,IN_TRANSIT,YES,DOCK-09
2026-07-12 17:21:00,TRK-160,Rute-M,Petamburan Hub,851.9,1200,16.77,2.7,83.4,IDLE_DOCK,YES,DOCK-10
2026-07-13 07:34:00,TRK-167,Rute-O,Bogor Transit Hub,852.6,1200,17.18,2.8,83.9,LOADED,YES,DOCK-11
2026-07-14 11:47:00,TRK-174,Rute-Q,Central Hub (Jakarta),853.3,1200,17.59,3.0,84.5,QUEUED,NO,DOCK-12
2026-07-15 15:00:00,TRK-001,Rute-A,Bekasi Logistics Hub,854.0,1200,18.0,0.3,85.0,DELIVERED,YES,DOCK-01
2026-07-16 05:13:00,TRK-008,Rute-C,Cikarang Industrial Hub,854.7,1200,18.41,0.4,85.6,IN_TRANSIT,YES,DOCK-02
2026-07-17 09:26:00,TRK-015,Rute-E,Grogol Hub (Jakbar),855.4,1200,18.82,0.6,86.1,IDLE_DOCK,YES,DOCK-03
2026-07-18 13:39:00,TRK-022,Rute-G,Depok Hub,856.1,1200,19.23,0.7,86.7,LOADED,YES,DOCK-04
2026-07-19 17:52:00,TRK-029,Rute-I,Gudang West (Tangerang),856.8,1200,19.64,0.9,87.2,QUEUED,NO,DOCK-05
2026-07-20 07:05:00,TRK-036,Rute-K,Petamburan Hub,857.5,1200,20.05,1.0,87.8,DELIVERED,YES,DOCK-06
2026-07-21 11:18:00,TRK-043,Rute-M,Bogor Transit Hub,858.2,1200,20.46,1.1,88.3,IN_TRANSIT,YES,DOCK-07
2026-07-22 15:31:00,TRK-050,Rute-O,Central Hub (Jakarta),858.9,1200,20.87,1.3,88.9,IDLE_DOCK,YES,DOCK-08
2026-07-23 05:44:00,TRK-057,Rute-Q,Bekasi Logistics Hub,859.6,1200,21.28,1.4,89.4,LOADED,YES,DOCK-09
2026-07-24 09:57:00,TRK-064,Rute-A,Cikarang Industrial Hub,860.3,1200,21.69,1.6,90.0,QUEUED,NO,DOCK-10
2026-07-25 13:10:00,TRK-071,Rute-C,Grogol Hub (Jakbar),861.0,1200,22.1,1.7,90.5,DELIVERED,YES,DOCK-11
2026-07-26 17:23:00,TRK-078,Rute-E,Depok Hub,861.7,1200,22.51,1.8,91.1,IN_TRANSIT,YES,DOCK-12
2026-07-27 07:36:00,TRK-085,Rute-G,Gudang West (Tangerang),862.4,1200,22.92,2.0,91.6,IDLE_DOCK,YES,DOCK-01
2026-07-28 11:49:00,TRK-092,Rute-I,Petamburan Hub,863.1,1200,23.33,2.1,92.2,LOADED,YES,DOCK-02
2026-07-29 15:02:00,TRK-099,Rute-K,Bogor Transit Hub,863.8,1200,23.74,2.3,92.7,QUEUED,NO,DOCK-03
2026-07-30 05:15:00,TRK-106,Rute-M,Central Hub (Jakarta),864.5,1200,24.15,2.4,93.2,DELIVERED,YES,DOCK-04
2026-07-31 09:28:00,TRK-113,Rute-O,Bekasi Logistics Hub,865.2,1200,24.56,2.5,93.8,IN_TRANSIT,YES,DOCK-05
2026-07-01 13:41:00,TRK-120,Rute-Q,Cikarang Industrial Hub,865.9,1200,24.97,2.7,94.4,IDLE_DOCK,YES,DOCK-06
2026-07-02 17:54:00,TRK-127,Rute-A,Grogol Hub (Jakbar),866.6,1200,25.38,2.8,94.9,LOADED,YES,DOCK-07
2026-07-03 07:07:00,TRK-134,Rute-C,Depok Hub,867.3,1200,25.79,3.0,95.5,QUEUED,NO,DOCK-08
2026-07-04 11:20:00,TRK-141,Rute-E,Gudang West (Tangerang),868.0,1200,9.8,0.3,8.0,DELIVERED,YES,DOCK-09
2026-07-05 15:33:00,TRK-148,Rute-G,Petamburan Hub,868.7,1200,10.21,0.4,8.6,IN_TRANSIT,YES,DOCK-10
2026-07-06 05:46:00,TRK-155,Rute-I,Bogor Transit Hub,869.4,1200,10.62,0.6,9.1,IDLE_DOCK,YES,DOCK-11
2026-07-07 09:59:00,TRK-162,Rute-K,Central Hub (Jakarta),870.1,1200,11.03,0.7,9.7,LOADED,YES,DOCK-12
2026-07-08 13:12:00,TRK-169,Rute-M,Bekasi Logistics Hub,870.8,1200,11.44,0.9,10.2,QUEUED,NO,DOCK-01
2026-07-09 17:25:00,TRK-176,Rute-O,Cikarang Industrial Hub,871.5,1200,11.85,1.0,10.8,DELIVERED,YES,DOCK-02
2026-07-10 07:38:00,TRK-003,Rute-Q,Grogol Hub (Jakbar),872.2,1200,12.26,1.1,11.3,IN_TRANSIT,YES,DOCK-03
2026-07-11 11:51:00,TRK-010,Rute-A,Depok Hub,872.9,1200,12.67,1.3,11.9,IDLE_DOCK,YES,DOCK-04
2026-07-12 15:04:00,TRK-017,Rute-C,Gudang West (Tangerang),873.6,1200,13.08,1.4,12.4,LOADED,YES,DOCK-05
2026-07-13 05:17:00,TRK-024,Rute-E,Petamburan Hub,874.3,1200,13.49,1.6,12.9,QUEUED,NO,DOCK-06
2026-07-14 09:30:00,TRK-031,Rute-G,Bogor Transit Hub,875.0,1200,13.9,1.7,13.5,DELIVERED,YES,DOCK-07
2026-07-15 13:43:00,TRK-038,Rute-I,Central Hub (Jakarta),875.7,1200,14.31,1.8,14.1,IN_TRANSIT,YES,DOCK-08
2026-07-16 17:56:00,TRK-045,Rute-K,Bekasi Logistics Hub,876.4,1200,14.72,2.0,14.6,IDLE_DOCK,YES,DOCK-09
2026-07-17 07:09:00,TRK-052,Rute-M,Cikarang Industrial Hub,877.1,1200,15.13,2.1,15.2,LOADED,YES,DOCK-10
2026-07-18 11:22:00,TRK-059,Rute-O,Grogol Hub (Jakbar),877.8,1200,15.54,2.3,15.7,QUEUED,NO,DOCK-11
2026-07-19 15:35:00,TRK-066,Rute-Q,Depok Hub,878.5,1200,15.95,2.4,16.2,DELIVERED,YES,DOCK-12
2026-07-20 05:48:00,TRK-073,Rute-A,Gudang West (Tangerang),879.2,1200,16.36,2.5,16.8,IN_TRANSIT,YES,DOCK-01
2026-07-21 09:01:00,TRK-080,Rute-C,Petamburan Hub,879.9,1200,16.77,2.7,17.4,IDLE_DOCK,YES,DOCK-02
2026-07-22 13:14:00,TRK-087,Rute-E,Bogor Transit Hub,880.6,1200,17.18,2.8,17.9,LOADED,YES,DOCK-03
2026-07-23 17:27:00,TRK-094,Rute-G,Central Hub (Jakarta),881.3,1200,17.59,3.0,18.5,QUEUED,NO,DOCK-04
2026-07-24 07:40:00,TRK-101,Rute-I,Bekasi Logistics Hub,882.0,1200,18.0,0.3,19.0,DELIVERED,YES,DOCK-05
2026-07-25 11:53:00,TRK-108,Rute-K,Cikarang Industrial Hub,882.7,1200,18.41,0.4,19.6,IN_TRANSIT,YES,DOCK-06
2026-07-26 15:06:00,TRK-115,Rute-M,Grogol Hub (Jakbar),883.4,1200,18.82,0.6,20.1,IDLE_DOCK,YES,DOCK-07
2026-07-27 05:19:00,TRK-122,Rute-O,Depok Hub,884.1,1200,19.23,0.7,20.6,LOADED,YES,DOCK-08
2026-07-28 09:32:00,TRK-129,Rute-Q,Gudang West (Tangerang),884.8,1200,19.64,0.9,21.2,QUEUED,NO,DOCK-09
2026-07-29 13:45:00,TRK-136,Rute-A,Petamburan Hub,885.5,1200,20.05,1.0,21.8,DELIVERED,YES,DOCK-10
2026-07-30 17:58:00,TRK-143,Rute-C,Bogor Transit Hub,886.2,1200,20.46,1.1,22.3,IN_TRANSIT,YES,DOCK-11
2026-07-31 07:11:00,TRK-150,Rute-E,Central Hub (Jakarta),886.9,1200,20.87,1.3,22.9,IDLE_DOCK,YES,DOCK-12
2026-07-01 11:24:00,TRK-157,Rute-G,Bekasi Logistics Hub,887.6,1200,21.28,1.4,23.4,LOADED,YES,DOCK-01
2026-07-02 15:37:00,TRK-164,Rute-I,Cikarang Industrial Hub,888.3,1200,21.69,1.6,24.0,QUEUED,NO,DOCK-02
2026-07-03 05:50:00,TRK-171,Rute-K,Grogol Hub (Jakbar),889.0,1200,22.1,1.7,24.5,DELIVERED,YES,DOCK-03
2026-07-04 09:03:00,TRK-178,Rute-M,Depok Hub,889.7,1200,22.51,1.8,25.1,IN_TRANSIT,YES,DOCK-04
2026-07-05 13:16:00,TRK-005,Rute-O,Gudang West (Tangerang),890.4,1200,22.92,2.0,25.6,IDLE_DOCK,YES,DOCK-05
2026-07-06 17:29:00,TRK-012,Rute-Q,Petamburan Hub,891.1,1200,23.33,2.1,26.2,LOADED,YES,DOCK-06
2026-07-07 07:42:00,TRK-019,Rute-A,Bogor Transit Hub,891.8,1200,23.74,2.3,26.7,QUEUED,NO,DOCK-07
2026-07-08 11:55:00,TRK-026,Rute-C,Central Hub (Jakarta),892.5,1200,24.15,2.4,27.2,DELIVERED,YES,DOCK-08
2026-07-09 15:08:00,TRK-033,Rute-E,Bekasi Logistics Hub,893.2,1200,24.56,2.5,27.8,IN_TRANSIT,YES,DOCK-09
2026-07-10 05:21:00,TRK-040,Rute-G,Cikarang Industrial Hub,893.9,1200,24.97,2.7,28.4,IDLE_DOCK,YES,DOCK-10
2026-07-11 09:34:00,TRK-047,Rute-I,Grogol Hub (Jakbar),894.6,1200,25.38,2.8,28.9,LOADED,YES,DOCK-11
2026-07-12 13:47:00,TRK-054,Rute-K,Depok Hub,895.3,1200,25.79,3.0,29.5,QUEUED,NO,DOCK-12
2026-07-13 17:00:00,TRK-061,Rute-M,Gudang West (Tangerang),896.0,1200,9.8,0.3,30.0,DELIVERED,YES,DOCK-01
2026-07-14 07:13:00,TRK-068,Rute-O,Petamburan Hub,896.7,1200,10.21,0.4,30.6,IN_TRANSIT,YES,DOCK-02
2026-07-15 11:26:00,TRK-075,Rute-Q,Bogor Transit Hub,897.4,1200,10.62,0.6,31.1,IDLE_DOCK,YES,DOCK-03
2026-07-16 15:39:00,TRK-082,Rute-A,Central Hub (Jakarta),898.1,1200,11.03,0.7,31.7,LOADED,YES,DOCK-04
2026-07-17 05:52:00,TRK-089,Rute-C,Bekasi Logistics Hub,898.8,1200,11.44,0.9,32.2,QUEUED,NO,DOCK-05
2026-07-18 09:05:00,TRK-096,Rute-E,Cikarang Industrial Hub,899.5,1200,11.85,1.0,32.8,DELIVERED,YES,DOCK-06
2026-07-19 13:18:00,TRK-103,Rute-G,Grogol Hub (Jakbar),900.2,1200,12.26,1.1,33.3,IN_TRANSIT,YES,DOCK-07
2026-07-20 17:31:00,TRK-110,Rute-I,Depok Hub,900.9,1200,12.67,1.3,33.9,IDLE_DOCK,YES,DOCK-08
2026-07-21 07:44:00,TRK-117,Rute-K,Gudang West (Tangerang),901.6,1200,13.08,1.4,34.4,LOADED,YES,DOCK-09
2026-07-22 11:57:00,TRK-124,Rute-M,Petamburan Hub,902.3,1200,13.49,1.6,35.0,QUEUED,NO,DOCK-10
2026-07-23 15:10:00,TRK-131,Rute-O,Bogor Transit Hub,903.0,1200,13.9,1.7,35.5,DELIVERED,YES,DOCK-11
2026-07-24 05:23:00,TRK-138,Rute-Q,Central Hub (Jakarta),903.7,1200,14.31,1.8,36.0,IN_TRANSIT,YES,DOCK-12
2026-07-25 09:36:00,TRK-145,Rute-A,Bekasi Logistics Hub,904.4,1200,14.72,2.0,36.6,IDLE_DOCK,YES,DOCK-01
2026-07-26 13:49:00,TRK-152,Rute-C,Cikarang Industrial Hub,905.1,1200,15.13,2.1,37.2,LOADED,YES,DOCK-02
2026-07-27 17:02:00,TRK-159,Rute-E,Grogol Hub (Jakbar),905.8,1200,15.54,2.3,37.7,QUEUED,NO,DOCK-03
2026-07-28 07:15:00,TRK-166,Rute-G,Depok Hub,906.5,1200,15.95,2.4,38.2,DELIVERED,YES,DOCK-04
2026-07-29 11:28:00,TRK-173,Rute-I,Gudang West (Tangerang),907.2,1200,16.36,2.5,38.8,IN_TRANSIT,YES,DOCK-05
2026-07-30 15:41:00,TRK-180,Rute-K,Petamburan Hub,907.9,1200,16.77,2.7,39.4,IDLE_DOCK,YES,DOCK-06
2026-07-31 05:54:00,TRK-007,Rute-M,Bogor Transit Hub,908.6,1200,17.18,2.8,39.9,LOADED,YES,DOCK-07
2026-07-01 09:07:00,TRK-014,Rute-O,Central Hub (Jakarta),909.3,1200,17.59,3.0,40.5,QUEUED,NO,DOCK-08
2026-07-02 13:20:00,TRK-021,Rute-Q,Bekasi Logistics Hub,910.0,1200,18.0,0.3,41.0,DELIVERED,YES,DOCK-09
2026-07-03 17:33:00,TRK-028,Rute-A,Cikarang Industrial Hub,910.7,1200,18.41,0.4,41.6,IN_TRANSIT,YES,DOCK-10
2026-07-04 07:46:00,TRK-035,Rute-C,Grogol Hub (Jakbar),911.4,1200,18.82,0.6,42.1,IDLE_DOCK,YES,DOCK-11
2026-07-05 11:59:00,TRK-042,Rute-E,Depok Hub,912.1,1200,19.23,0.7,42.7,LOADED,YES,DOCK-12
2026-07-06 15:12:00,TRK-049,Rute-G,Gudang West (Tangerang),912.8,1200,19.64,0.9,43.2,QUEUED,NO,DOCK-01
2026-07-07 05:25:00,TRK-056,Rute-I,Petamburan Hub,913.5,1200,20.05,1.0,43.8,DELIVERED,YES,DOCK-02
2026-07-08 09:38:00,TRK-063,Rute-K,Bogor Transit Hub,914.2,1200,20.46,1.1,44.3,IN_TRANSIT,YES,DOCK-03
2026-07-09 13:51:00,TRK-070,Rute-M,Central Hub (Jakarta),914.9,1200,20.87,1.3,44.9,IDLE_DOCK,YES,DOCK-04
2026-07-10 17:04:00,TRK-077,Rute-O,Bekasi Logistics Hub,915.6,1200,21.28,1.4,45.4,LOADED,YES,DOCK-05
2026-07-11 07:17:00,TRK-084,Rute-Q,Cikarang Industrial Hub,916.3,1200,21.69,1.6,46.0,QUEUED,NO,DOCK-06
2026-07-12 11:30:00,TRK-091,Rute-A,Grogol Hub (Jakbar),917.0,1200,22.1,1.7,46.5,DELIVERED,YES,DOCK-07
2026-07-13 15:43:00,TRK-098,Rute-C,Depok Hub,917.7,1200,22.51,1.8,47.1,IN_TRANSIT,YES,DOCK-08
2026-07-14 05:56:00,TRK-105,Rute-E,Gudang West (Tangerang),918.4,1200,22.92,2.0,47.6,IDLE_DOCK,YES,DOCK-09
2026-07-15 09:09:00,TRK-112,Rute-G,Petamburan Hub,919.1,1200,23.33,2.1,48.2,LOADED,YES,DOCK-10
2026-07-16 13:22:00,TRK-119,Rute-I,Bogor Transit Hub,919.8,1200,23.74,2.3,48.7,QUEUED,NO,DOCK-11
2026-07-17 17:35:00,TRK-126,Rute-K,Central Hub (Jakarta),920.5,1200,24.15,2.4,49.2,DELIVERED,YES,DOCK-12
2026-07-18 07:48:00,TRK-133,Rute-M,Bekasi Logistics Hub,921.2,1200,24.56,2.5,49.8,IN_TRANSIT,YES,DOCK-01
2026-07-19 11:01:00,TRK-140,Rute-O,Cikarang Industrial Hub,921.9,1200,24.97,2.7,50.4,IDLE_DOCK,YES,DOCK-02
2026-07-20 15:14:00,TRK-147,Rute-Q,Grogol Hub (Jakbar),922.6,1200,25.38,2.8,50.9,LOADED,YES,DOCK-03
2026-07-21 05:27:00,TRK-154,Rute-A,Depok Hub,923.3,1200,25.79,3.0,51.5,QUEUED,NO,DOCK-04
2026-07-22 09:40:00,TRK-161,Rute-C,Gudang West (Tangerang),924.0,1200,9.8,0.3,52.0,DELIVERED,YES,DOCK-05
2026-07-23 13:53:00,TRK-168,Rute-E,Petamburan Hub,924.7,1200,10.21,0.4,52.6,IN_TRANSIT,YES,DOCK-06
2026-07-24 17:06:00,TRK-175,Rute-G,Bogor Transit Hub,925.4,1200,10.62,0.6,53.1,IDLE_DOCK,YES,DOCK-07
2026-07-25 07:19:00,TRK-002,Rute-I,Central Hub (Jakarta),926.1,1200,11.03,0.7,53.7,LOADED,YES,DOCK-08
2026-07-26 11:32:00,TRK-009,Rute-K,Bekasi Logistics Hub,926.8,1200,11.44,0.9,54.2,QUEUED,NO,DOCK-09
2026-07-27 15:45:00,TRK-016,Rute-M,Cikarang Industrial Hub,927.5,1200,11.85,1.0,54.8,DELIVERED,YES,DOCK-10
2026-07-28 05:58:00,TRK-023,Rute-O,Grogol Hub (Jakbar),928.2,1200,12.26,1.1,55.3,IN_TRANSIT,YES,DOCK-11
2026-07-29 09:11:00,TRK-030,Rute-Q,Depok Hub,928.9,1200,12.67,1.3,55.9,IDLE_DOCK,YES,DOCK-12
2026-07-30 13:24:00,TRK-037,Rute-A,Gudang West (Tangerang),929.6,1200,13.08,1.4,56.4,LOADED,YES,DOCK-01
2026-07-31 17:37:00,TRK-044,Rute-C,Petamburan Hub,930.3,1200,13.49,1.6,57.0,QUEUED,NO,DOCK-02
2026-07-01 07:50:00,TRK-051,Rute-E,Bogor Transit Hub,931.0,1200,13.9,1.7,57.5,DELIVERED,YES,DOCK-03
2026-07-02 11:03:00,TRK-058,Rute-G,Central Hub (Jakarta),931.7,1200,14.31,1.8,58.1,IN_TRANSIT,YES,DOCK-04
2026-07-03 15:16:00,TRK-065,Rute-I,Bekasi Logistics Hub,932.4,1200,14.72,2.0,58.6,IDLE_DOCK,YES,DOCK-05
2026-07-04 05:29:00,TRK-072,Rute-K,Cikarang Industrial Hub,933.1,1200,15.13,2.1,59.2,LOADED,YES,DOCK-06
2026-07-05 09:42:00,TRK-079,Rute-M,Grogol Hub (Jakbar),933.8,1200,15.54,2.3,59.7,QUEUED,NO,DOCK-07
2026-07-06 13:55:00,TRK-086,Rute-O,Depok Hub,934.5,1200,15.95,2.4,60.3,DELIVERED,YES,DOCK-08
2026-07-07 17:08:00,TRK-093,Rute-Q,Gudang West (Tangerang),935.2,1200,16.36,2.5,60.8,IN_TRANSIT,YES,DOCK-09
2026-07-08 07:21:00,TRK-100,Rute-A,Petamburan Hub,935.9,1200,16.77,2.7,61.4,IDLE_DOCK,YES,DOCK-10
2026-07-09 11:34:00,TRK-107,Rute-C,Bogor Transit Hub,936.6,1200,17.18,2.8,61.9,LOADED,YES,DOCK-11
2026-07-10 15:47:00,TRK-114,Rute-E,Central Hub (Jakarta),937.3,1200,17.59,3.0,62.5,QUEUED,NO,DOCK-12
2026-07-11 05:00:00,TRK-121,Rute-G,Bekasi Logistics Hub,938.0,1200,18.0,0.3,63.0,DELIVERED,YES,DOCK-01
2026-07-12 09:13:00,TRK-128,Rute-I,Cikarang Industrial Hub,938.7,1200,18.41,0.4,63.6,IN_TRANSIT,YES,DOCK-02
2026-07-13 13:26:00,TRK-135,Rute-K,Grogol Hub (Jakbar),939.4,1200,18.82,0.6,64.1,IDLE_DOCK,YES,DOCK-03
2026-07-14 17:39:00,TRK-142,Rute-M,Depok Hub,940.1,1200,19.23,0.7,64.7,LOADED,YES,DOCK-04
2026-07-15 07:52:00,TRK-149,Rute-O,Gudang West (Tangerang),940.8,1200,19.64,0.9,65.2,QUEUED,NO,DOCK-05
2026-07-16 11:05:00,TRK-156,Rute-Q,Petamburan Hub,941.5,1200,20.05,1.0,65.8,DELIVERED,YES,DOCK-06
2026-07-17 15:18:00,TRK-163,Rute-A,Bogor Transit Hub,942.2,1200,20.46,1.1,66.3,IN_TRANSIT,YES,DOCK-07
2026-07-18 05:31:00,TRK-170,Rute-C,Central Hub (Jakarta),942.9,1200,20.87,1.3,66.8,IDLE_DOCK,YES,DOCK-08
2026-07-19 09:44:00,TRK-177,Rute-E,Bekasi Logistics Hub,943.6,1200,21.28,1.4,67.4,LOADED,YES,DOCK-09
2026-07-20 13:57:00,TRK-004,Rute-G,Cikarang Industrial Hub,944.3,1200,21.69,1.6,68.0,QUEUED,NO,DOCK-10
2026-07-21 17:10:00,TRK-011,Rute-I,Grogol Hub (Jakbar),945.0,1200,22.1,1.7,68.5,DELIVERED,YES,DOCK-11
2026-07-22 07:23:00,TRK-018,Rute-K,Depok Hub,945.7,1200,22.51,1.8,69.1,IN_TRANSIT,YES,DOCK-12
2026-07-23 11:36:00,TRK-025,Rute-M,Gudang West (Tangerang),946.4,1200,22.92,2.0,69.6,IDLE_DOCK,YES,DOCK-01
2026-07-24 15:49:00,TRK-032,Rute-O,Petamburan Hub,947.1,1200,23.33,2.1,70.2,LOADED,YES,DOCK-02
2026-07-25 05:02:00,TRK-039,Rute-Q,Bogor Transit Hub,947.8,1200,23.74,2.3,70.7,QUEUED,NO,DOCK-03
2026-07-26 09:15:00,TRK-046,Rute-A,Central Hub (Jakarta),948.5,1200,24.15,2.4,71.2,DELIVERED,YES,DOCK-04
2026-07-27 13:28:00,TRK-053,Rute-C,Bekasi Logistics Hub,949.2,1200,24.56,2.5,71.8,IN_TRANSIT,YES,DOCK-05
2026-07-28 17:41:00,TRK-060,Rute-E,Cikarang Industrial Hub,949.9,1200,24.97,2.7,72.4,IDLE_DOCK,YES,DOCK-06
2026-07-29 07:54:00,TRK-067,Rute-G,Grogol Hub (Jakbar),950.6,1200,25.38,2.8,72.9,LOADED,YES,DOCK-07
2026-07-30 11:07:00,TRK-074,Rute-I,Depok Hub,951.3,1200,25.79,3.0,73.5,QUEUED,NO,DOCK-08
2026-07-31 15:20:00,TRK-081,Rute-K,Gudang West (Tangerang),952.0,1200,9.8,0.3,74.0,DELIVERED,YES,DOCK-09
2026-07-01 05:33:00,TRK-088,Rute-M,Petamburan Hub,952.7,1200,10.21,0.4,74.6,IN_TRANSIT,YES,DOCK-10
2026-07-02 09:46:00,TRK-095,Rute-O,Bogor Transit Hub,953.4,1200,10.62,0.6,75.1,IDLE_DOCK,YES,DOCK-11
2026-07-03 13:59:00,TRK-102,Rute-Q,Central Hub (Jakarta),954.1,1200,11.03,0.7,75.7,LOADED,YES,DOCK-12
2026-07-04 17:12:00,TRK-109,Rute-A,Bekasi Logistics Hub,954.8,1200,11.44,0.9,76.2,QUEUED,NO,DOCK-01
2026-07-05 07:25:00,TRK-116,Rute-C,Cikarang Industrial Hub,955.5,1200,11.85,1.0,76.8,DELIVERED,YES,DOCK-02
2026-07-06 11:38:00,TRK-123,Rute-E,Grogol Hub (Jakbar),956.2,1200,12.26,1.1,77.3,IN_TRANSIT,YES,DOCK-03
2026-07-07 15:51:00,TRK-130,Rute-G,Depok Hub,956.9,1200,12.67,1.3,77.9,IDLE_DOCK,YES,DOCK-04
2026-07-08 05:04:00,TRK-137,Rute-I,Gudang West (Tangerang),957.6,1200,13.08,1.4,78.4,LOADED,YES,DOCK-05
2026-07-09 09:17:00,TRK-144,Rute-K,Petamburan Hub,958.3,1200,13.49,1.6,79.0,QUEUED,NO,DOCK-06
2026-07-10 13:30:00,TRK-151,Rute-M,Bogor Transit Hub,959.0,1200,13.9,1.7,79.5,DELIVERED,YES,DOCK-07
2026-07-11 17:43:00,TRK-158,Rute-O,Central Hub (Jakarta),959.7,1200,14.31,1.8,80.1,IN_TRANSIT,YES,DOCK-08
2026-07-12 07:56:00,TRK-165,Rute-Q,Bekasi Logistics Hub,960.4,1200,14.72,2.0,80.6,IDLE_DOCK,YES,DOCK-09
2026-07-13 11:09:00,TRK-172,Rute-A,Cikarang Industrial Hub,961.1,1200,15.13,2.1,81.2,LOADED,YES,DOCK-10
2026-07-14 15:22:00,TRK-179,Rute-C,Grogol Hub (Jakbar),961.8,1200,15.54,2.3,81.7,QUEUED,NO,DOCK-11
2026-07-15 05:35:00,TRK-006,Rute-E,Depok Hub,962.5,1200,15.95,2.4,82.2,DELIVERED,YES,DOCK-12
2026-07-16 09:48:00,TRK-013,Rute-G,Gudang West (Tangerang),963.2,1200,16.36,2.5,82.8,IN_TRANSIT,YES,DOCK-01
2026-07-17 13:01:00,TRK-020,Rute-I,Petamburan Hub,963.9,1200,16.77,2.7,83.4,IDLE_DOCK,YES,DOCK-02
2026-07-18 17:14:00,TRK-027,Rute-K,Bogor Transit Hub,964.6,1200,17.18,2.8,83.9,LOADED,YES,DOCK-03
2026-07-19 07:27:00,TRK-034,Rute-M,Central Hub (Jakarta),965.3,1200,17.59,3.0,84.5,QUEUED,NO,DOCK-04
2026-07-20 11:40:00,TRK-041,Rute-O,Bekasi Logistics Hub,966.0,1200,18.0,0.3,85.0,DELIVERED,YES,DOCK-05
2026-07-21 15:53:00,TRK-048,Rute-Q,Cikarang Industrial Hub,966.7,1200,18.41,0.4,85.6,IN_TRANSIT,YES,DOCK-06
2026-07-22 05:06:00,TRK-055,Rute-A,Grogol Hub (Jakbar),967.4,1200,18.82,0.6,86.1,IDLE_DOCK,YES,DOCK-07
2026-07-23 09:19:00,TRK-062,Rute-C,Depok Hub,968.1,1200,19.23,0.7,86.7,LOADED,YES,DOCK-08
2026-07-24 13:32:00,TRK-069,Rute-E,Gudang West (Tangerang),968.8,1200,19.64,0.9,87.2,QUEUED,NO,DOCK-09
2026-07-25 17:45:00,TRK-076,Rute-G,Petamburan Hub,969.5,1200,20.05,1.0,87.8,DELIVERED,YES,DOCK-10
2026-07-26 07:58:00,TRK-083,Rute-I,Bogor Transit Hub,970.2,1200,20.46,1.1,88.3,IN_TRANSIT,YES,DOCK-11
2026-07-27 11:11:00,TRK-090,Rute-K,Central Hub (Jakarta),970.9,1200,20.87,1.3,88.9,IDLE_DOCK,YES,DOCK-12
2026-07-28 15:24:00,TRK-097,Rute-M,Bekasi Logistics Hub,971.6,1200,21.28,1.4,89.4,LOADED,YES,DOCK-01
2026-07-29 05:37:00,TRK-104,Rute-O,Cikarang Industrial Hub,972.3,1200,21.69,1.6,90.0,QUEUED,NO,DOCK-02
2026-07-30 09:50:00,TRK-111,Rute-Q,Grogol Hub (Jakbar),973.0,1200,22.1,1.7,90.5,DELIVERED,YES,DOCK-03
2026-07-31 13:03:00,TRK-118,Rute-A,Depok Hub,973.7,1200,22.51,1.8,91.1,IN_TRANSIT,YES,DOCK-04
2026-07-01 17:16:00,TRK-125,Rute-C,Gudang West (Tangerang),974.4,1200,22.92,2.0,91.6,IDLE_DOCK,YES,DOCK-05
2026-07-02 07:29:00,TRK-132,Rute-E,Petamburan Hub,975.1,1200,23.33,2.1,92.2,LOADED,YES,DOCK-06
2026-07-03 11:42:00,TRK-139,Rute-G,Bogor Transit Hub,975.8,1200,23.74,2.3,92.7,QUEUED,NO,DOCK-07
2026-07-04 15:55:00,TRK-146,Rute-I,Central Hub (Jakarta),976.5,1200,24.15,2.4,93.2,DELIVERED,YES,DOCK-08
2026-07-05 05:08:00,TRK-153,Rute-K,Bekasi Logistics Hub,977.2,1200,24.56,2.5,93.8,IN_TRANSIT,YES,DOCK-09
2026-07-06 09:21:00,TRK-160,Rute-M,Cikarang Industrial Hub,977.9,1200,24.97,2.7,94.4,IDLE_DOCK,YES,DOCK-10
2026-07-07 13:34:00,TRK-167,Rute-O,Grogol Hub (Jakbar),978.6,1200,25.38,2.8,94.9,LOADED,YES,DOCK-11
2026-07-08 17:47:00,TRK-174,Rute-Q,Depok Hub,979.3,1200,25.79,3.0,95.5,QUEUED,NO,DOCK-12
2026-07-09 07:00:00,TRK-001,Rute-A,Gudang West (Tangerang),350.0,1200,9.8,0.3,8.0,DELIVERED,YES,DOCK-01
2026-07-10 11:13:00,TRK-008,Rute-C,Petamburan Hub,350.7,1200,10.21,0.4,8.6,IN_TRANSIT,YES,DOCK-02
2026-07-11 15:26:00,TRK-015,Rute-E,Bogor Transit Hub,351.4,1200,10.62,0.6,9.1,IDLE_DOCK,YES,DOCK-03
2026-07-12 05:39:00,TRK-022,Rute-G,Central Hub (Jakarta),352.1,1200,11.03,0.7,9.7,LOADED,YES,DOCK-04
2026-07-13 09:52:00,TRK-029,Rute-I,Bekasi Logistics Hub,352.8,1200,11.44,0.9,10.2,QUEUED,NO,DOCK-05
2026-07-14 13:05:00,TRK-036,Rute-K,Cikarang Industrial Hub,353.5,1200,11.85,1.0,10.8,DELIVERED,YES,DOCK-06
2026-07-15 17:18:00,TRK-043,Rute-M,Grogol Hub (Jakbar),354.2,1200,12.26,1.1,11.3,IN_TRANSIT,YES,DOCK-07
2026-07-16 07:31:00,TRK-050,Rute-O,Depok Hub,354.9,1200,12.67,1.3,11.9,IDLE_DOCK,YES,DOCK-08
2026-07-17 11:44:00,TRK-057,Rute-Q,Gudang West (Tangerang),355.6,1200,13.08,1.4,12.4,LOADED,YES,DOCK-09
2026-07-18 15:57:00,TRK-064,Rute-A,Petamburan Hub,356.3,1200,13.49,1.6,12.9,QUEUED,NO,DOCK-10
2026-07-19 05:10:00,TRK-071,Rute-C,Bogor Transit Hub,357.0,1200,13.9,1.7,13.5,DELIVERED,YES,DOCK-11
2026-07-20 09:23:00,TRK-078,Rute-E,Central Hub (Jakarta),357.7,1200,14.31,1.8,14.1,IN_TRANSIT,YES,DOCK-12
2026-07-21 13:36:00,TRK-085,Rute-G,Bekasi Logistics Hub,358.4,1200,14.72,2.0,14.6,IDLE_DOCK,YES,DOCK-01
2026-07-22 17:49:00,TRK-092,Rute-I,Cikarang Industrial Hub,359.1,1200,15.13,2.1,15.2,LOADED,YES,DOCK-02
2026-07-23 07:02:00,TRK-099,Rute-K,Grogol Hub (Jakbar),359.8,1200,15.54,2.3,15.7,QUEUED,NO,DOCK-03
2026-07-24 11:15:00,TRK-106,Rute-M,Depok Hub,360.5,1200,15.95,2.4,16.2,DELIVERED,YES,DOCK-04
2026-07-25 15:28:00,TRK-113,Rute-O,Gudang West (Tangerang),361.2,1200,16.36,2.5,16.8,IN_TRANSIT,YES,DOCK-05
2026-07-26 05:41:00,TRK-120,Rute-Q,Petamburan Hub,361.9,1200,16.77,2.7,17.4,IDLE_DOCK,YES,DOCK-06
2026-07-27 09:54:00,TRK-127,Rute-A,Bogor Transit Hub,362.6,1200,17.18,2.8,17.9,LOADED,YES,DOCK-07
2026-07-28 13:07:00,TRK-134,Rute-C,Central Hub (Jakarta),363.3,1200,17.59,3.0,18.5,QUEUED,NO,DOCK-08
2026-07-29 17:20:00,TRK-141,Rute-E,Bekasi Logistics Hub,364.0,1200,18.0,0.3,19.0,DELIVERED,YES,DOCK-09
2026-07-30 07:33:00,TRK-148,Rute-G,Cikarang Industrial Hub,364.7,1200,18.41,0.4,19.6,IN_TRANSIT,YES,DOCK-10
2026-07-31 11:46:00,TRK-155,Rute-I,Grogol Hub (Jakbar),365.4,1200,18.82,0.6,20.1,IDLE_DOCK,YES,DOCK-11
2026-07-01 15:59:00,TRK-162,Rute-K,Depok Hub,366.1,1200,19.23,0.7,20.6,LOADED,YES,DOCK-12
2026-07-02 05:12:00,TRK-169,Rute-M,Gudang West (Tangerang),366.8,1200,19.64,0.9,21.2,QUEUED,NO,DOCK-01
2026-07-03 09:25:00,TRK-176,Rute-O,Petamburan Hub,367.5,1200,20.05,1.0,21.8,DELIVERED,YES,DOCK-02
2026-07-04 13:38:00,TRK-003,Rute-Q,Bogor Transit Hub,368.2,1200,20.46,1.1,22.3,IN_TRANSIT,YES,DOCK-03
2026-07-05 17:51:00,TRK-010,Rute-A,Central Hub (Jakarta),368.9,1200,20.87,1.3,22.9,IDLE_DOCK,YES,DOCK-04
2026-07-06 07:04:00,TRK-017,Rute-C,Bekasi Logistics Hub,369.6,1200,21.28,1.4,23.4,LOADED,YES,DOCK-05
2026-07-07 11:17:00,TRK-024,Rute-E,Cikarang Industrial Hub,370.3,1200,21.69,1.6,24.0,QUEUED,NO,DOCK-06
2026-07-08 15:30:00,TRK-031,Rute-G,Grogol Hub (Jakbar),371.0,1200,22.1,1.7,24.5,DELIVERED,YES,DOCK-07
2026-07-09 05:43:00,TRK-038,Rute-I,Depok Hub,371.7,1200,22.51,1.8,25.1,IN_TRANSIT,YES,DOCK-08
2026-07-10 09:56:00,TRK-045,Rute-K,Gudang West (Tangerang),372.4,1200,22.92,2.0,25.6,IDLE_DOCK,YES,DOCK-09
2026-07-11 13:09:00,TRK-052,Rute-M,Petamburan Hub,373.1,1200,23.33,2.1,26.2,LOADED,YES,DOCK-10
2026-07-12 17:22:00,TRK-059,Rute-O,Bogor Transit Hub,373.8,1200,23.74,2.3,26.7,QUEUED,NO,DOCK-11
2026-07-13 07:35:00,TRK-066,Rute-Q,Central Hub (Jakarta),374.5,1200,24.15,2.4,27.2,DELIVERED,YES,DOCK-12
2026-07-14 11:48:00,TRK-073,Rute-A,Bekasi Logistics Hub,375.2,1200,24.56,2.5,27.8,IN_TRANSIT,YES,DOCK-01
2026-07-15 15:01:00,TRK-080,Rute-C,Cikarang Industrial Hub,375.9,1200,24.97,2.7,28.4,IDLE_DOCK,YES,DOCK-02
2026-07-16 05:14:00,TRK-087,Rute-E,Grogol Hub (Jakbar),376.6,1200,25.38,2.8,28.9,LOADED,YES,DOCK-03
2026-07-17 09:27:00,TRK-094,Rute-G,Depok Hub,377.3,1200,25.79,3.0,29.5,QUEUED,NO,DOCK-04
2026-07-18 13:40:00,TRK-101,Rute-I,Gudang West (Tangerang),378.0,1200,9.8,0.3,30.0,DELIVERED,YES,DOCK-05
2026-07-19 17:53:00,TRK-108,Rute-K,Petamburan Hub,378.7,1200,10.21,0.4,30.6,IN_TRANSIT,YES,DOCK-06
2026-07-20 07:06:00,TRK-115,Rute-M,Bogor Transit Hub,379.4,1200,10.62,0.6,31.1,IDLE_DOCK,YES,DOCK-07
2026-07-21 11:19:00,TRK-122,Rute-O,Central Hub (Jakarta),380.1,1200,11.03,0.7,31.7,LOADED,YES,DOCK-08
2026-07-22 15:32:00,TRK-129,Rute-Q,Bekasi Logistics Hub,380.8,1200,11.44,0.9,32.2,QUEUED,NO,DOCK-09
2026-07-23 05:45:00,TRK-136,Rute-A,Cikarang Industrial Hub,381.5,1200,11.85,1.0,32.8,DELIVERED,YES,DOCK-10
2026-07-24 09:58:00,TRK-143,Rute-C,Grogol Hub (Jakbar),382.2,1200,12.26,1.1,33.3,IN_TRANSIT,YES,DOCK-11
2026-07-25 13:11:00,TRK-150,Rute-E,Depok Hub,382.9,1200,12.67,1.3,33.9,IDLE_DOCK,YES,DOCK-12
2026-07-26 17:24:00,TRK-157,Rute-G,Gudang West (Tangerang),383.6,1200,13.08,1.4,34.4,LOADED,YES,DOCK-01
2026-07-27 07:37:00,TRK-164,Rute-I,Petamburan Hub,384.3,1200,13.49,1.6,35.0,QUEUED,NO,DOCK-02
2026-07-28 11:50:00,TRK-171,Rute-K,Bogor Transit Hub,385.0,1200,13.9,1.7,35.5,DELIVERED,YES,DOCK-03
2026-07-29 15:03:00,TRK-178,Rute-M,Central Hub (Jakarta),385.7,1200,14.31,1.8,36.0,IN_TRANSIT,YES,DOCK-04
2026-07-30 05:16:00,TRK-005,Rute-O,Bekasi Logistics Hub,386.4,1200,14.72,2.0,36.6,IDLE_DOCK,YES,DOCK-05
2026-07-31 09:29:00,TRK-012,Rute-Q,Cikarang Industrial Hub,387.1,1200,15.13,2.1,37.2,LOADED,YES,DOCK-06
2026-07-01 13:42:00,TRK-019,Rute-A,Grogol Hub (Jakbar),387.8,1200,15.54,2.3,37.7,QUEUED,NO,DOCK-07
2026-07-02 17:55:00,TRK-026,Rute-C,Depok Hub,388.5,1200,15.95,2.4,38.2,DELIVERED,YES,DOCK-08
2026-07-03 07:08:00,TRK-033,Rute-E,Gudang West (Tangerang),389.2,1200,16.36,2.5,38.8,IN_TRANSIT,YES,DOCK-09
2026-07-04 11:21:00,TRK-040,Rute-G,Petamburan Hub,389.9,1200,16.77,2.7,39.4,IDLE_DOCK,YES,DOCK-10
2026-07-05 15:34:00,TRK-047,Rute-I,Bogor Transit Hub,390.6,1200,17.18,2.8,39.9,LOADED,YES,DOCK-11
2026-07-06 05:47:00,TRK-054,Rute-K,Central Hub (Jakarta),391.3,1200,17.59,3.0,40.5,QUEUED,NO,DOCK-12
2026-07-07 09:00:00,TRK-061,Rute-M,Bekasi Logistics Hub,392.0,1200,18.0,0.3,41.0,DELIVERED,YES,DOCK-01
2026-07-08 13:13:00,TRK-068,Rute-O,Cikarang Industrial Hub,392.7,1200,18.41,0.4,41.6,IN_TRANSIT,YES,DOCK-02
2026-07-09 17:26:00,TRK-075,Rute-Q,Grogol Hub (Jakbar),393.4,1200,18.82,0.6,42.1,IDLE_DOCK,YES,DOCK-03
2026-07-10 07:39:00,TRK-082,Rute-A,Depok Hub,394.1,1200,19.23,0.7,42.7,LOADED,YES,DOCK-04
2026-07-11 11:52:00,TRK-089,Rute-C,Gudang West (Tangerang),394.8,1200,19.64,0.9,43.2,QUEUED,NO,DOCK-05
2026-07-12 15:05:00,TRK-096,Rute-E,Petamburan Hub,395.5,1200,20.05,1.0,43.8,DELIVERED,YES,DOCK-06
2026-07-13 05:18:00,TRK-103,Rute-G,Bogor Transit Hub,396.2,1200,20.46,1.1,44.3,IN_TRANSIT,YES,DOCK-07
2026-07-14 09:31:00,TRK-110,Rute-I,Central Hub (Jakarta),396.9,1200,20.87,1.3,44.9,IDLE_DOCK,YES,DOCK-08
2026-07-15 13:44:00,TRK-117,Rute-K,Bekasi Logistics Hub,397.6,1200,21.28,1.4,45.4,LOADED,YES,DOCK-09
2026-07-16 17:57:00,TRK-124,Rute-M,Cikarang Industrial Hub,398.3,1200,21.69,1.6,46.0,QUEUED,NO,DOCK-10
2026-07-17 07:10:00,TRK-131,Rute-O,Grogol Hub (Jakbar),399.0,1200,22.1,1.7,46.5,DELIVERED,YES,DOCK-11
2026-07-18 11:23:00,TRK-138,Rute-Q,Depok Hub,399.7,1200,22.51,1.8,47.1,IN_TRANSIT,YES,DOCK-12
2026-07-19 15:36:00,TRK-145,Rute-A,Gudang West (Tangerang),400.4,1200,22.92,2.0,47.6,IDLE_DOCK,YES,DOCK-01
2026-07-20 05:49:00,TRK-152,Rute-C,Petamburan Hub,401.1,1200,23.33,2.1,48.2,LOADED,YES,DOCK-02
2026-07-21 09:02:00,TRK-159,Rute-E,Bogor Transit Hub,401.8,1200,23.74,2.3,48.7,QUEUED,NO,DOCK-03
2026-07-22 13:15:00,TRK-166,Rute-G,Central Hub (Jakarta),402.5,1200,24.15,2.4,49.2,DELIVERED,YES,DOCK-04
2026-07-23 17:28:00,TRK-173,Rute-I,Bekasi Logistics Hub,403.2,1200,24.56,2.5,49.8,IN_TRANSIT,YES,DOCK-05
2026-07-24 07:41:00,TRK-180,Rute-K,Cikarang Industrial Hub,403.9,1200,24.97,2.7,50.4,IDLE_DOCK,YES,DOCK-06
2026-07-25 11:54:00,TRK-007,Rute-M,Grogol Hub (Jakbar),404.6,1200,25.38,2.8,50.9,LOADED,YES,DOCK-07
2026-07-26 15:07:00,TRK-014,Rute-O,Depok Hub,405.3,1200,25.79,3.0,51.5,QUEUED,NO,DOCK-08
2026-07-27 05:20:00,TRK-021,Rute-Q,Gudang West (Tangerang),406.0,1200,9.8,0.3,52.0,DELIVERED,YES,DOCK-09
2026-07-28 09:33:00,TRK-028,Rute-A,Petamburan Hub,406.7,1200,10.21,0.4,52.6,IN_TRANSIT,YES,DOCK-10
2026-07-29 13:46:00,TRK-035,Rute-C,Bogor Transit Hub,407.4,1200,10.62,0.6,53.1,IDLE_DOCK,YES,DOCK-11
2026-07-30 17:59:00,TRK-042,Rute-E,Central Hub (Jakarta),408.1,1200,11.03,0.7,53.7,LOADED,YES,DOCK-12
2026-07-31 07:12:00,TRK-049,Rute-G,Bekasi Logistics Hub,408.8,1200,11.44,0.9,54.2,QUEUED,NO,DOCK-01
2026-07-01 11:25:00,TRK-056,Rute-I,Cikarang Industrial Hub,409.5,1200,11.85,1.0,54.8,DELIVERED,YES,DOCK-02
2026-07-02 15:38:00,TRK-063,Rute-K,Grogol Hub (Jakbar),410.2,1200,12.26,1.1,55.3,IN_TRANSIT,YES,DOCK-03
2026-07-03 05:51:00,TRK-070,Rute-M,Depok Hub,410.9,1200,12.67,1.3,55.9,IDLE_DOCK,YES,DOCK-04
2026-07-04 09:04:00,TRK-077,Rute-O,Gudang West (Tangerang),411.6,1200,13.08,1.4,56.4,LOADED,YES,DOCK-05
2026-07-05 13:17:00,TRK-084,Rute-Q,Petamburan Hub,412.3,1200,13.49,1.6,57.0,QUEUED,NO,DOCK-06
2026-07-06 17:30:00,TRK-091,Rute-A,Bogor Transit Hub,413.0,1200,13.9,1.7,57.5,DELIVERED,YES,DOCK-07
2026-07-07 07:43:00,TRK-098,Rute-C,Central Hub (Jakarta),413.7,1200,14.31,1.8,58.1,IN_TRANSIT,YES,DOCK-08
2026-07-08 11:56:00,TRK-105,Rute-E,Bekasi Logistics Hub,414.4,1200,14.72,2.0,58.6,IDLE_DOCK,YES,DOCK-09
2026-07-09 15:09:00,TRK-112,Rute-G,Cikarang Industrial Hub,415.1,1200,15.13,2.1,59.2,LOADED,YES,DOCK-10
2026-07-10 05:22:00,TRK-119,Rute-I,Grogol Hub (Jakbar),415.8,1200,15.54,2.3,59.7,QUEUED,NO,DOCK-11
2026-07-11 09:35:00,TRK-126,Rute-K,Depok Hub,416.5,1200,15.95,2.4,60.3,DELIVERED,YES,DOCK-12
2026-07-12 13:48:00,TRK-133,Rute-M,Gudang West (Tangerang),417.2,1200,16.36,2.5,60.8,IN_TRANSIT,YES,DOCK-01
2026-07-13 17:01:00,TRK-140,Rute-O,Petamburan Hub,417.9,1200,16.77,2.7,61.4,IDLE_DOCK,YES,DOCK-02
2026-07-14 07:14:00,TRK-147,Rute-Q,Bogor Transit Hub,418.6,1200,17.18,2.8,61.9,LOADED,YES,DOCK-03
2026-07-15 11:27:00,TRK-154,Rute-A,Central Hub (Jakarta),419.3,1200,17.59,3.0,62.5,QUEUED,NO,DOCK-04
2026-07-16 15:40:00,TRK-161,Rute-C,Bekasi Logistics Hub,420.0,1200,18.0,0.3,63.0,DELIVERED,YES,DOCK-05
2026-07-17 05:53:00,TRK-168,Rute-E,Cikarang Industrial Hub,420.7,1200,18.41,0.4,63.6,IN_TRANSIT,YES,DOCK-06
2026-07-18 09:06:00,TRK-175,Rute-G,Grogol Hub (Jakbar),421.4,1200,18.82,0.6,64.1,IDLE_DOCK,YES,DOCK-07
2026-07-19 13:19:00,TRK-002,Rute-I,Depok Hub,422.1,1200,19.23,0.7,64.7,LOADED,YES,DOCK-08
2026-07-20 17:32:00,TRK-009,Rute-K,Gudang West (Tangerang),422.8,1200,19.64,0.9,65.2,QUEUED,NO,DOCK-09
2026-07-21 07:45:00,TRK-016,Rute-M,Petamburan Hub,423.5,1200,20.05,1.0,65.8,DELIVERED,YES,DOCK-10
2026-07-22 11:58:00,TRK-023,Rute-O,Bogor Transit Hub,424.2,1200,20.46,1.1,66.3,IN_TRANSIT,YES,DOCK-11
2026-07-23 15:11:00,TRK-030,Rute-Q,Central Hub (Jakarta),424.9,1200,20.87,1.3,66.8,IDLE_DOCK,YES,DOCK-12
2026-07-24 05:24:00,TRK-037,Rute-A,Bekasi Logistics Hub,425.6,1200,21.28,1.4,67.4,LOADED,YES,DOCK-01
2026-07-25 09:37:00,TRK-044,Rute-C,Cikarang Industrial Hub,426.3,1200,21.69,1.6,68.0,QUEUED,NO,DOCK-02
2026-07-26 13:50:00,TRK-051,Rute-E,Grogol Hub (Jakbar),427.0,1200,22.1,1.7,68.5,DELIVERED,YES,DOCK-03
2026-07-27 17:03:00,TRK-058,Rute-G,Depok Hub,427.7,1200,22.51,1.8,69.1,IN_TRANSIT,YES,DOCK-04
2026-07-28 07:16:00,TRK-065,Rute-I,Gudang West (Tangerang),428.4,1200,22.92,2.0,69.6,IDLE_DOCK,YES,DOCK-05
2026-07-29 11:29:00,TRK-072,Rute-K,Petamburan Hub,429.1,1200,23.33,2.1,70.2,LOADED,YES,DOCK-06
2026-07-30 15:42:00,TRK-079,Rute-M,Bogor Transit Hub,429.8,1200,23.74,2.3,70.7,QUEUED,NO,DOCK-07
2026-07-31 05:55:00,TRK-086,Rute-O,Central Hub (Jakarta),430.5,1200,24.15,2.4,71.2,DELIVERED,YES,DOCK-08
2026-07-01 09:08:00,TRK-093,Rute-Q,Bekasi Logistics Hub,431.2,1200,24.56,2.5,71.8,IN_TRANSIT,YES,DOCK-09
2026-07-02 13:21:00,TRK-100,Rute-A,Cikarang Industrial Hub,431.9,1200,24.97,2.7,72.4,IDLE_DOCK,YES,DOCK-10
2026-07-03 17:34:00,TRK-107,Rute-C,Grogol Hub (Jakbar),432.6,1200,25.38,2.8,72.9,LOADED,YES,DOCK-11
2026-07-04 07:47:00,TRK-114,Rute-E,Depok Hub,433.3,1200,25.79,3.0,73.5,QUEUED,NO,DOCK-12
2026-07-05 11:00:00,TRK-121,Rute-G,Gudang West (Tangerang),434.0,1200,9.8,0.3,74.0,DELIVERED,YES,DOCK-01
2026-07-06 15:13:00,TRK-128,Rute-I,Petamburan Hub,434.7,1200,10.21,0.4,74.6,IN_TRANSIT,YES,DOCK-02
2026-07-07 05:26:00,TRK-135,Rute-K,Bogor Transit Hub,435.4,1200,10.62,0.6,75.1,IDLE_DOCK,YES,DOCK-03
2026-07-08 09:39:00,TRK-142,Rute-M,Central Hub (Jakarta),436.1,1200,11.03,0.7,75.7,LOADED,YES,DOCK-04
2026-07-09 13:52:00,TRK-149,Rute-O,Bekasi Logistics Hub,436.8,1200,11.44,0.9,76.2,QUEUED,NO,DOCK-05
2026-07-10 17:05:00,TRK-156,Rute-Q,Cikarang Industrial Hub,437.5,1200,11.85,1.0,76.8,DELIVERED,YES,DOCK-06
2026-07-11 07:18:00,TRK-163,Rute-A,Grogol Hub (Jakbar),438.2,1200,12.26,1.1,77.3,IN_TRANSIT,YES,DOCK-07
2026-07-12 11:31:00,TRK-170,Rute-C,Depok Hub,438.9,1200,12.67,1.3,77.9,IDLE_DOCK,YES,DOCK-08
2026-07-13 15:44:00,TRK-177,Rute-E,Gudang West (Tangerang),439.6,1200,13.08,1.4,78.4,LOADED,YES,DOCK-09
2026-07-14 05:57:00,TRK-004,Rute-G,Petamburan Hub,440.3,1200,13.49,1.6,79.0,QUEUED,NO,DOCK-10
2026-07-15 09:10:00,TRK-011,Rute-I,Bogor Transit Hub,441.0,1200,13.9,1.7,79.5,DELIVERED,YES,DOCK-11
2026-07-16 13:23:00,TRK-018,Rute-K,Central Hub (Jakarta),441.7,1200,14.31,1.8,80.1,IN_TRANSIT,YES,DOCK-12
2026-07-17 17:36:00,TRK-025,Rute-M,Bekasi Logistics Hub,442.4,1200,14.72,2.0,80.6,IDLE_DOCK,YES,DOCK-01
2026-07-18 07:49:00,TRK-032,Rute-O,Cikarang Industrial Hub,443.1,1200,15.13,2.1,81.2,LOADED,YES,DOCK-02
2026-07-19 11:02:00,TRK-039,Rute-Q,Grogol Hub (Jakbar),443.8,1200,15.54,2.3,81.7,QUEUED,NO,DOCK-03
2026-07-20 15:15:00,TRK-046,Rute-A,Depok Hub,444.5,1200,15.95,2.4,82.2,DELIVERED,YES,DOCK-04
2026-07-21 05:28:00,TRK-053,Rute-C,Gudang West (Tangerang),445.2,1200,16.36,2.5,82.8,IN_TRANSIT,YES,DOCK-05
2026-07-22 09:41:00,TRK-060,Rute-E,Petamburan Hub,445.9,1200,16.77,2.7,83.4,IDLE_DOCK,YES,DOCK-06
2026-07-23 13:54:00,TRK-067,Rute-G,Bogor Transit Hub,446.6,1200,17.18,2.8,83.9,LOADED,YES,DOCK-07
2026-07-24 17:07:00,TRK-074,Rute-I,Central Hub (Jakarta),447.3,1200,17.59,3.0,84.5,QUEUED,NO,DOCK-08
2026-07-25 07:20:00,TRK-081,Rute-K,Bekasi Logistics Hub,448.0,1200,18.0,0.3,85.0,DELIVERED,YES,DOCK-09
2026-07-26 11:33:00,TRK-088,Rute-M,Cikarang Industrial Hub,448.7,1200,18.41,0.4,85.6,IN_TRANSIT,YES,DOCK-10
2026-07-27 15:46:00,TRK-095,Rute-O,Grogol Hub (Jakbar),449.4,1200,18.82,0.6,86.1,IDLE_DOCK,YES,DOCK-11
2026-07-28 05:59:00,TRK-102,Rute-Q,Depok Hub,450.1,1200,19.23,0.7,86.7,LOADED,YES,DOCK-12
2026-07-29 09:12:00,TRK-109,Rute-A,Gudang West (Tangerang),450.8,1200,19.64,0.9,87.2,QUEUED,NO,DOCK-01
2026-07-30 13:25:00,TRK-116,Rute-C,Petamburan Hub,451.5,1200,20.05,1.0,87.8,DELIVERED,YES,DOCK-02
2026-07-31 17:38:00,TRK-123,Rute-E,Bogor Transit Hub,452.2,1200,20.46,1.1,88.3,IN_TRANSIT,YES,DOCK-03
2026-07-01 07:51:00,TRK-130,Rute-G,Central Hub (Jakarta),452.9,1200,20.87,1.3,88.9,IDLE_DOCK,YES,DOCK-04
2026-07-02 11:04:00,TRK-137,Rute-I,Bekasi Logistics Hub,453.6,1200,21.28,1.4,89.4,LOADED,YES,DOCK-05
2026-07-03 15:17:00,TRK-144,Rute-K,Cikarang Industrial Hub,454.3,1200,21.69,1.6,90.0,QUEUED,NO,DOCK-06
2026-07-04 05:30:00,TRK-151,Rute-M,Grogol Hub (Jakbar),455.0,1200,22.1,1.7,90.5,DELIVERED,YES,DOCK-07
2026-07-05 09:43:00,TRK-158,Rute-O,Depok Hub,455.7,1200,22.51,1.8,91.1,IN_TRANSIT,YES,DOCK-08
2026-07-06 13:56:00,TRK-165,Rute-Q,Gudang West (Tangerang),456.4,1200,22.92,2.0,91.6,IDLE_DOCK,YES,DOCK-09
2026-07-07 17:09:00,TRK-172,Rute-A,Petamburan Hub,457.1,1200,23.33,2.1,92.2,LOADED,YES,DOCK-10
2026-07-08 07:22:00,TRK-179,Rute-C,Bogor Transit Hub,457.8,1200,23.74,2.3,92.7,QUEUED,NO,DOCK-11
2026-07-09 11:35:00,TRK-006,Rute-E,Central Hub (Jakarta),458.5,1200,24.15,2.4,93.2,DELIVERED,YES,DOCK-12
2026-07-10 15:48:00,TRK-013,Rute-G,Bekasi Logistics Hub,459.2,1200,24.56,2.5,93.8,IN_TRANSIT,YES,DOCK-01
2026-07-11 05:01:00,TRK-020,Rute-I,Cikarang Industrial Hub,459.9,1200,24.97,2.7,94.4,IDLE_DOCK,YES,DOCK-02
2026-07-12 09:14:00,TRK-027,Rute-K,Grogol Hub (Jakbar),460.6,1200,25.38,2.8,94.9,LOADED,YES,DOCK-03
2026-07-13 13:27:00,TRK-034,Rute-M,Depok Hub,461.3,1200,25.79,3.0,95.5,QUEUED,NO,DOCK-04
2026-07-14 17:40:00,TRK-041,Rute-O,Gudang West (Tangerang),462.0,1200,9.8,0.3,8.0,DELIVERED,YES,DOCK-05
2026-07-15 07:53:00,TRK-048,Rute-Q,Petamburan Hub,462.7,1200,10.21,0.4,8.6,IN_TRANSIT,YES,DOCK-06
2026-07-16 11:06:00,TRK-055,Rute-A,Bogor Transit Hub,463.4,1200,10.62,0.6,9.1,IDLE_DOCK,YES,DOCK-07
2026-07-17 15:19:00,TRK-062,Rute-C,Central Hub (Jakarta),464.1,1200,11.03,0.7,9.7,LOADED,YES,DOCK-08
2026-07-18 05:32:00,TRK-069,Rute-E,Bekasi Logistics Hub,464.8,1200,11.44,0.9,10.2,QUEUED,NO,DOCK-09
2026-07-19 09:45:00,TRK-076,Rute-G,Cikarang Industrial Hub,465.5,1200,11.85,1.0,10.8,DELIVERED,YES,DOCK-10
2026-07-20 13:58:00,TRK-083,Rute-I,Grogol Hub (Jakbar),466.2,1200,12.26,1.1,11.3,IN_TRANSIT,YES,DOCK-11
2026-07-21 17:11:00,TRK-090,Rute-K,Depok Hub,466.9,1200,12.67,1.3,11.9,IDLE_DOCK,YES,DOCK-12
2026-07-22 07:24:00,TRK-097,Rute-M,Gudang West (Tangerang),467.6,1200,13.08,1.4,12.4,LOADED,YES,DOCK-01
2026-07-23 11:37:00,TRK-104,Rute-O,Petamburan Hub,468.3,1200,13.49,1.6,12.9,QUEUED,NO,DOCK-02
2026-07-24 15:50:00,TRK-111,Rute-Q,Bogor Transit Hub,469.0,1200,13.9,1.7,13.5,DELIVERED,YES,DOCK-03
2026-07-25 05:03:00,TRK-118,Rute-A,Central Hub (Jakarta),469.7,1200,14.31,1.8,14.1,IN_TRANSIT,YES,DOCK-04
2026-07-26 09:16:00,TRK-125,Rute-C,Bekasi Logistics Hub,470.4,1200,14.72,2.0,14.6,IDLE_DOCK,YES,DOCK-05
2026-07-27 13:29:00,TRK-132,Rute-E,Cikarang Industrial Hub,471.1,1200,15.13,2.1,15.2,LOADED,YES,DOCK-06
2026-07-28 17:42:00,TRK-139,Rute-G,Grogol Hub (Jakbar),471.8,1200,15.54,2.3,15.7,QUEUED,NO,DOCK-07
2026-07-29 07:55:00,TRK-146,Rute-I,Depok Hub,472.5,1200,15.95,2.4,16.2,DELIVERED,YES,DOCK-08
2026-07-30 11:08:00,TRK-153,Rute-K,Gudang West (Tangerang),473.2,1200,16.36,2.5,16.8,IN_TRANSIT,YES,DOCK-09
2026-07-31 15:21:00,TRK-160,Rute-M,Petamburan Hub,473.9,1200,16.77,2.7,17.4,IDLE_DOCK,YES,DOCK-10
2026-07-01 05:34:00,TRK-167,Rute-O,Bogor Transit Hub,474.6,1200,17.18,2.8,17.9,LOADED,YES,DOCK-11
2026-07-02 09:47:00,TRK-174,Rute-Q,Central Hub (Jakarta),475.3,1200,17.59,3.0,18.5,QUEUED,NO,DOCK-12
2026-07-03 13:00:00,TRK-001,Rute-A,Bekasi Logistics Hub,476.0,1200,18.0,0.3,19.0,DELIVERED,YES,DOCK-01
2026-07-04 17:13:00,TRK-008,Rute-C,Cikarang Industrial Hub,476.7,1200,18.41,0.4,19.6,IN_TRANSIT,YES,DOCK-02
2026-07-05 07:26:00,TRK-015,Rute-E,Grogol Hub (Jakbar),477.4,1200,18.82,0.6,20.1,IDLE_DOCK,YES,DOCK-03
2026-07-06 11:39:00,TRK-022,Rute-G,Depok Hub,478.1,1200,19.23,0.7,20.6,LOADED,YES,DOCK-04
2026-07-07 15:52:00,TRK-029,Rute-I,Gudang West (Tangerang),478.8,1200,19.64,0.9,21.2,QUEUED,NO,DOCK-05
2026-07-08 05:05:00,TRK-036,Rute-K,Petamburan Hub,479.5,1200,20.05,1.0,21.8,DELIVERED,YES,DOCK-06
2026-07-09 09:18:00,TRK-043,Rute-M,Bogor Transit Hub,480.2,1200,20.46,1.1,22.3,IN_TRANSIT,YES,DOCK-07
2026-07-10 13:31:00,TRK-050,Rute-O,Central Hub (Jakarta),480.9,1200,20.87,1.3,22.9,IDLE_DOCK,YES,DOCK-08
2026-07-11 17:44:00,TRK-057,Rute-Q,Bekasi Logistics Hub,481.6,1200,21.28,1.4,23.4,LOADED,YES,DOCK-09
2026-07-12 07:57:00,TRK-064,Rute-A,Cikarang Industrial Hub,482.3,1200,21.69,1.6,24.0,QUEUED,NO,DOCK-10
2026-07-13 11:10:00,TRK-071,Rute-C,Grogol Hub (Jakbar),483.0,1200,22.1,1.7,24.5,DELIVERED,YES,DOCK-11
2026-07-14 15:23:00,TRK-078,Rute-E,Depok Hub,483.7,1200,22.51,1.8,25.1,IN_TRANSIT,YES,DOCK-12
2026-07-15 05:36:00,TRK-085,Rute-G,Gudang West (Tangerang),484.4,1200,22.92,2.0,25.6,IDLE_DOCK,YES,DOCK-01
2026-07-16 09:49:00,TRK-092,Rute-I,Petamburan Hub,485.1,1200,23.33,2.1,26.2,LOADED,YES,DOCK-02
2026-07-17 13:02:00,TRK-099,Rute-K,Bogor Transit Hub,485.8,1200,23.74,2.3,26.7,QUEUED,NO,DOCK-03
2026-07-18 17:15:00,TRK-106,Rute-M,Central Hub (Jakarta),486.5,1200,24.15,2.4,27.2,DELIVERED,YES,DOCK-04
2026-07-19 07:28:00,TRK-113,Rute-O,Bekasi Logistics Hub,487.2,1200,24.56,2.5,27.8,IN_TRANSIT,YES,DOCK-05
2026-07-20 11:41:00,TRK-120,Rute-Q,Cikarang Industrial Hub,487.9,1200,24.97,2.7,28.4,IDLE_DOCK,YES,DOCK-06
2026-07-21 15:54:00,TRK-127,Rute-A,Grogol Hub (Jakbar),488.6,1200,25.38,2.8,28.9,LOADED,YES,DOCK-07
2026-07-22 05:07:00,TRK-134,Rute-C,Depok Hub,489.3,1200,25.79,3.0,29.5,QUEUED,NO,DOCK-08
2026-07-23 09:20:00,TRK-141,Rute-E,Gudang West (Tangerang),490.0,1200,9.8,0.3,30.0,DELIVERED,YES,DOCK-09
2026-07-24 13:33:00,TRK-148,Rute-G,Petamburan Hub,490.7,1200,10.21,0.4,30.6,IN_TRANSIT,YES,DOCK-10
2026-07-25 17:46:00,TRK-155,Rute-I,Bogor Transit Hub,491.4,1200,10.62,0.6,31.1,IDLE_DOCK,YES,DOCK-11
2026-07-26 07:59:00,TRK-162,Rute-K,Central Hub (Jakarta),492.1,1200,11.03,0.7,31.7,LOADED,YES,DOCK-12
2026-07-27 11:12:00,TRK-169,Rute-M,Bekasi Logistics Hub,492.8,1200,11.44,0.9,32.2,QUEUED,NO,DOCK-01
2026-07-28 15:25:00,TRK-176,Rute-O,Cikarang Industrial Hub,493.5,1200,11.85,1.0,32.8,DELIVERED,YES,DOCK-02
2026-07-29 05:38:00,TRK-003,Rute-Q,Grogol Hub (Jakbar),494.2,1200,12.26,1.1,33.3,IN_TRANSIT,YES,DOCK-03
2026-07-30 09:51:00,TRK-010,Rute-A,Depok Hub,494.9,1200,12.67,1.3,33.9,IDLE_DOCK,YES,DOCK-04
2026-07-31 13:04:00,TRK-017,Rute-C,Gudang West (Tangerang),495.6,1200,13.08,1.4,34.4,LOADED,YES,DOCK-05
2026-07-01 17:17:00,TRK-024,Rute-E,Petamburan Hub,496.3,1200,13.49,1.6,35.0,QUEUED,NO,DOCK-06
2026-07-02 07:30:00,TRK-031,Rute-G,Bogor Transit Hub,497.0,1200,13.9,1.7,35.5,DELIVERED,YES,DOCK-07
2026-07-03 11:43:00,TRK-038,Rute-I,Central Hub (Jakarta),497.7,1200,14.31,1.8,36.0,IN_TRANSIT,YES,DOCK-08
2026-07-04 15:56:00,TRK-045,Rute-K,Bekasi Logistics Hub,498.4,1200,14.72,2.0,36.6,IDLE_DOCK,YES,DOCK-09
2026-07-05 05:09:00,TRK-052,Rute-M,Cikarang Industrial Hub,499.1,1200,15.13,2.1,37.2,LOADED,YES,DOCK-10
2026-07-06 09:22:00,TRK-059,Rute-O,Grogol Hub (Jakbar),499.8,1200,15.54,2.3,37.7,QUEUED,NO,DOCK-11
2026-07-07 13:35:00,TRK-066,Rute-Q,Depok Hub,500.5,1200,15.95,2.4,38.2,DELIVERED,YES,DOCK-12
2026-07-08 17:48:00,TRK-073,Rute-A,Gudang West (Tangerang),501.2,1200,16.36,2.5,38.8,IN_TRANSIT,YES,DOCK-01
2026-07-09 07:01:00,TRK-080,Rute-C,Petamburan Hub,501.9,1200,16.77,2.7,39.4,IDLE_DOCK,YES,DOCK-02
2026-07-10 11:14:00,TRK-087,Rute-E,Bogor Transit Hub,502.6,1200,17.18,2.8,39.9,LOADED,YES,DOCK-03
2026-07-11 15:27:00,TRK-094,Rute-G,Central Hub (Jakarta),503.3,1200,17.59,3.0,40.5,QUEUED,NO,DOCK-04
2026-07-12 05:40:00,TRK-101,Rute-I,Bekasi Logistics Hub,504.0,1200,18.0,0.3,41.0,DELIVERED,YES,DOCK-05
2026-07-13 09:53:00,TRK-108,Rute-K,Cikarang Industrial Hub,504.7,1200,18.41,0.4,41.6,IN_TRANSIT,YES,DOCK-06
2026-07-14 13:06:00,TRK-115,Rute-M,Grogol Hub (Jakbar),505.4,1200,18.82,0.6,42.1,IDLE_DOCK,YES,DOCK-07
2026-07-15 17:19:00,TRK-122,Rute-O,Depok Hub,506.1,1200,19.23,0.7,42.7,LOADED,YES,DOCK-08
2026-07-16 07:32:00,TRK-129,Rute-Q,Gudang West (Tangerang),506.8,1200,19.64,0.9,43.2,QUEUED,NO,DOCK-09
2026-07-17 11:45:00,TRK-136,Rute-A,Petamburan Hub,507.5,1200,20.05,1.0,43.8,DELIVERED,YES,DOCK-10
2026-07-18 15:58:00,TRK-143,Rute-C,Bogor Transit Hub,508.2,1200,20.46,1.1,44.3,IN_TRANSIT,YES,DOCK-11
2026-07-19 05:11:00,TRK-150,Rute-E,Central Hub (Jakarta),508.9,1200,20.87,1.3,44.9,IDLE_DOCK,YES,DOCK-12
2026-07-20 09:24:00,TRK-157,Rute-G,Bekasi Logistics Hub,509.6,1200,21.28,1.4,45.4,LOADED,YES,DOCK-01
2026-07-21 13:37:00,TRK-164,Rute-I,Cikarang Industrial Hub,510.3,1200,21.69,1.6,46.0,QUEUED,NO,DOCK-02
2026-07-22 17:50:00,TRK-171,Rute-K,Grogol Hub (Jakbar),511.0,1200,22.1,1.7,46.5,DELIVERED,YES,DOCK-03
2026-07-23 07:03:00,TRK-178,Rute-M,Depok Hub,511.7,1200,22.51,1.8,47.1,IN_TRANSIT,YES,DOCK-04
2026-07-24 11:16:00,TRK-005,Rute-O,Gudang West (Tangerang),512.4,1200,22.92,2.0,47.6,IDLE_DOCK,YES,DOCK-05
2026-07-25 15:29:00,TRK-012,Rute-Q,Petamburan Hub,513.1,1200,23.33,2.1,48.2,LOADED,YES,DOCK-06
2026-07-26 05:42:00,TRK-019,Rute-A,Bogor Transit Hub,513.8,1200,23.74,2.3,48.7,QUEUED,NO,DOCK-07
2026-07-27 09:55:00,TRK-026,Rute-C,Central Hub (Jakarta),514.5,1200,24.15,2.4,49.2,DELIVERED,YES,DOCK-08
2026-07-28 13:08:00,TRK-033,Rute-E,Bekasi Logistics Hub,515.2,1200,24.56,2.5,49.8,IN_TRANSIT,YES,DOCK-09
2026-07-29 17:21:00,TRK-040,Rute-G,Cikarang Industrial Hub,515.9,1200,24.97,2.7,50.4,IDLE_DOCK,YES,DOCK-10
2026-07-30 07:34:00,TRK-047,Rute-I,Grogol Hub (Jakbar),516.6,1200,25.38,2.8,50.9,LOADED,YES,DOCK-11
2026-07-31 11:47:00,TRK-054,Rute-K,Depok Hub,517.3,1200,25.79,3.0,51.5,QUEUED,NO,DOCK-12
2026-07-01 15:00:00,TRK-061,Rute-M,Gudang West (Tangerang),518.0,1200,9.8,0.3,52.0,DELIVERED,YES,DOCK-01
2026-07-02 05:13:00,TRK-068,Rute-O,Petamburan Hub,518.7,1200,10.21,0.4,52.6,IN_TRANSIT,YES,DOCK-02
2026-07-03 09:26:00,TRK-075,Rute-Q,Bogor Transit Hub,519.4,1200,10.62,0.6,53.1,IDLE_DOCK,YES,DOCK-03
2026-07-04 13:39:00,TRK-082,Rute-A,Central Hub (Jakarta),520.1,1200,11.03,0.7,53.7,LOADED,YES,DOCK-04
2026-07-05 17:52:00,TRK-089,Rute-C,Bekasi Logistics Hub,520.8,1200,11.44,0.9,54.2,QUEUED,NO,DOCK-05
2026-07-06 07:05:00,TRK-096,Rute-E,Cikarang Industrial Hub,521.5,1200,11.85,1.0,54.8,DELIVERED,YES,DOCK-06
2026-07-07 11:18:00,TRK-103,Rute-G,Grogol Hub (Jakbar),522.2,1200,12.26,1.1,55.3,IN_TRANSIT,YES,DOCK-07
2026-07-08 15:31:00,TRK-110,Rute-I,Depok Hub,522.9,1200,12.67,1.3,55.9,IDLE_DOCK,YES,DOCK-08
2026-07-09 05:44:00,TRK-117,Rute-K,Gudang West (Tangerang),523.6,1200,13.08,1.4,56.4,LOADED,YES,DOCK-09
2026-07-10 09:57:00,TRK-124,Rute-M,Petamburan Hub,524.3,1200,13.49,1.6,57.0,QUEUED,NO,DOCK-10
2026-07-11 13:10:00,TRK-131,Rute-O,Bogor Transit Hub,525.0,1200,13.9,1.7,57.5,DELIVERED,YES,DOCK-11
2026-07-12 17:23:00,TRK-138,Rute-Q,Central Hub (Jakarta),525.7,1200,14.31,1.8,58.1,IN_TRANSIT,YES,DOCK-12
2026-07-13 07:36:00,TRK-145,Rute-A,Bekasi Logistics Hub,526.4,1200,14.72,2.0,58.6,IDLE_DOCK,YES,DOCK-01
2026-07-14 11:49:00,TRK-152,Rute-C,Cikarang Industrial Hub,527.1,1200,15.13,2.1,59.2,LOADED,YES,DOCK-02
2026-07-15 15:02:00,TRK-159,Rute-E,Grogol Hub (Jakbar),527.8,1200,15.54,2.3,59.7,QUEUED,NO,DOCK-03
2026-07-16 05:15:00,TRK-166,Rute-G,Depok Hub,528.5,1200,15.95,2.4,60.3,DELIVERED,YES,DOCK-04
2026-07-17 09:28:00,TRK-173,Rute-I,Gudang West (Tangerang),529.2,1200,16.36,2.5,60.8,IN_TRANSIT,YES,DOCK-05
2026-07-18 13:41:00,TRK-180,Rute-K,Petamburan Hub,529.9,1200,16.77,2.7,61.4,IDLE_DOCK,YES,DOCK-06
2026-07-19 17:54:00,TRK-007,Rute-M,Bogor Transit Hub,530.6,1200,17.18,2.8,61.9,LOADED,YES,DOCK-07
2026-07-20 07:07:00,TRK-014,Rute-O,Central Hub (Jakarta),531.3,1200,17.59,3.0,62.5,QUEUED,NO,DOCK-08
2026-07-21 11:20:00,TRK-021,Rute-Q,Bekasi Logistics Hub,532.0,1200,18.0,0.3,63.0,DELIVERED,YES,DOCK-09
2026-07-22 15:33:00,TRK-028,Rute-A,Cikarang Industrial Hub,532.7,1200,18.41,0.4,63.6,IN_TRANSIT,YES,DOCK-10
2026-07-23 05:46:00,TRK-035,Rute-C,Grogol Hub (Jakbar),533.4,1200,18.82,0.6,64.1,IDLE_DOCK,YES,DOCK-11
2026-07-24 09:59:00,TRK-042,Rute-E,Depok Hub,534.1,1200,19.23,0.7,64.7,LOADED,YES,DOCK-12
2026-07-25 13:12:00,TRK-049,Rute-G,Gudang West (Tangerang),534.8,1200,19.64,0.9,65.2,QUEUED,NO,DOCK-01
2026-07-26 17:25:00,TRK-056,Rute-I,Petamburan Hub,535.5,1200,20.05,1.0,65.8,DELIVERED,YES,DOCK-02
2026-07-27 07:38:00,TRK-063,Rute-K,Bogor Transit Hub,536.2,1200,20.46,1.1,66.3,IN_TRANSIT,YES,DOCK-03
2026-07-28 11:51:00,TRK-070,Rute-M,Central Hub (Jakarta),536.9,1200,20.87,1.3,66.8,IDLE_DOCK,YES,DOCK-04
2026-07-29 15:04:00,TRK-077,Rute-O,Bekasi Logistics Hub,537.6,1200,21.28,1.4,67.4,LOADED,YES,DOCK-05
2026-07-30 05:17:00,TRK-084,Rute-Q,Cikarang Industrial Hub,538.3,1200,21.69,1.6,68.0,QUEUED,NO,DOCK-06
2026-07-31 09:30:00,TRK-091,Rute-A,Grogol Hub (Jakbar),539.0,1200,22.1,1.7,68.5,DELIVERED,YES,DOCK-07
2026-07-01 13:43:00,TRK-098,Rute-C,Depok Hub,539.7,1200,22.51,1.8,69.1,IN_TRANSIT,YES,DOCK-08
2026-07-02 17:56:00,TRK-105,Rute-E,Gudang West (Tangerang),540.4,1200,22.92,2.0,69.6,IDLE_DOCK,YES,DOCK-09
2026-07-03 07:09:00,TRK-112,Rute-G,Petamburan Hub,541.1,1200,23.33,2.1,70.2,LOADED,YES,DOCK-10
2026-07-04 11:22:00,TRK-119,Rute-I,Bogor Transit Hub,541.8,1200,23.74,2.3,70.7,QUEUED,NO,DOCK-11
2026-07-05 15:35:00,TRK-126,Rute-K,Central Hub (Jakarta),542.5,1200,24.15,2.4,71.2,DELIVERED,YES,DOCK-12
2026-07-06 05:48:00,TRK-133,Rute-M,Bekasi Logistics Hub,543.2,1200,24.56,2.5,71.8,IN_TRANSIT,YES,DOCK-01
2026-07-07 09:01:00,TRK-140,Rute-O,Cikarang Industrial Hub,543.9,1200,24.97,2.7,72.4,IDLE_DOCK,YES,DOCK-02
2026-07-08 13:14:00,TRK-147,Rute-Q,Grogol Hub (Jakbar),544.6,1200,25.38,2.8,72.9,LOADED,YES,DOCK-03
2026-07-09 17:27:00,TRK-154,Rute-A,Depok Hub,545.3,1200,25.79,3.0,73.5,QUEUED,NO,DOCK-04
2026-07-10 07:40:00,TRK-161,Rute-C,Gudang West (Tangerang),546.0,1200,9.8,0.3,74.0,DELIVERED,YES,DOCK-05
2026-07-11 11:53:00,TRK-168,Rute-E,Petamburan Hub,546.7,1200,10.21,0.4,74.6,IN_TRANSIT,YES,DOCK-06
2026-07-12 15:06:00,TRK-175,Rute-G,Bogor Transit Hub,547.4,1200,10.62,0.6,75.1,IDLE_DOCK,YES,DOCK-07
2026-07-13 05:19:00,TRK-002,Rute-I,Central Hub (Jakarta),548.1,1200,11.03,0.7,75.7,LOADED,YES,DOCK-08
2026-07-14 09:32:00,TRK-009,Rute-K,Bekasi Logistics Hub,548.8,1200,11.44,0.9,76.2,QUEUED,NO,DOCK-09
2026-07-15 13:45:00,TRK-016,Rute-M,Cikarang Industrial Hub,549.5,1200,11.85,1.0,76.8,DELIVERED,YES,DOCK-10
2026-07-16 17:58:00,TRK-023,Rute-O,Grogol Hub (Jakbar),550.2,1200,12.26,1.1,77.3,IN_TRANSIT,YES,DOCK-11
2026-07-17 07:11:00,TRK-030,Rute-Q,Depok Hub,550.9,1200,12.67,1.3,77.9,IDLE_DOCK,YES,DOCK-12
2026-07-18 11:24:00,TRK-037,Rute-A,Gudang West (Tangerang),551.6,1200,13.08,1.4,78.4,LOADED,YES,DOCK-01
2026-07-19 15:37:00,TRK-044,Rute-C,Petamburan Hub,552.3,1200,13.49,1.6,79.0,QUEUED,NO,DOCK-02
2026-07-20 05:50:00,TRK-051,Rute-E,Bogor Transit Hub,553.0,1200,13.9,1.7,79.5,DELIVERED,YES,DOCK-03
2026-07-21 09:03:00,TRK-058,Rute-G,Central Hub (Jakarta),553.7,1200,14.31,1.8,80.1,IN_TRANSIT,YES,DOCK-04
2026-07-22 13:16:00,TRK-065,Rute-I,Bekasi Logistics Hub,554.4,1200,14.72,2.0,80.6,IDLE_DOCK,YES,DOCK-05
2026-07-23 17:29:00,TRK-072,Rute-K,Cikarang Industrial Hub,555.1,1200,15.13,2.1,81.2,LOADED,YES,DOCK-06
2026-07-24 07:42:00,TRK-079,Rute-M,Grogol Hub (Jakbar),555.8,1200,15.54,2.3,81.7,QUEUED,NO,DOCK-07
2026-07-25 11:55:00,TRK-086,Rute-O,Depok Hub,556.5,1200,15.95,2.4,82.2,DELIVERED,YES,DOCK-08
2026-07-26 15:08:00,TRK-093,Rute-Q,Gudang West (Tangerang),557.2,1200,16.36,2.5,82.8,IN_TRANSIT,YES,DOCK-09
2026-07-27 05:21:00,TRK-100,Rute-A,Petamburan Hub,557.9,1200,16.77,2.7,83.4,IDLE_DOCK,YES,DOCK-10
2026-07-28 09:34:00,TRK-107,Rute-C,Bogor Transit Hub,558.6,1200,17.18,2.8,83.9,LOADED,YES,DOCK-11
2026-07-29 13:47:00,TRK-114,Rute-E,Central Hub (Jakarta),559.3,1200,17.59,3.0,84.5,QUEUED,NO,DOCK-12
2026-07-30 17:00:00,TRK-121,Rute-G,Bekasi Logistics Hub,560.0,1200,18.0,0.3,85.0,DELIVERED,YES,DOCK-01
2026-07-31 07:13:00,TRK-128,Rute-I,Cikarang Industrial Hub,560.7,1200,18.41,0.4,85.6,IN_TRANSIT,YES,DOCK-02
2026-07-01 11:26:00,TRK-135,Rute-K,Grogol Hub (Jakbar),561.4,1200,18.82,0.6,86.1,IDLE_DOCK,YES,DOCK-03
2026-07-02 15:39:00,TRK-142,Rute-M,Depok Hub,562.1,1200,19.23,0.7,86.7,LOADED,YES,DOCK-04
2026-07-03 05:52:00,TRK-149,Rute-O,Gudang West (Tangerang),562.8,1200,19.64,0.9,87.2,QUEUED,NO,DOCK-05
2026-07-04 09:05:00,TRK-156,Rute-Q,Petamburan Hub,563.5,1200,20.05,1.0,87.8,DELIVERED,YES,DOCK-06
2026-07-05 13:18:00,TRK-163,Rute-A,Bogor Transit Hub,564.2,1200,20.46,1.1,88.3,IN_TRANSIT,YES,DOCK-07
2026-07-06 17:31:00,TRK-170,Rute-C,Central Hub (Jakarta),564.9,1200,20.87,1.3,88.9,IDLE_DOCK,YES,DOCK-08
2026-07-07 07:44:00,TRK-177,Rute-E,Bekasi Logistics Hub,565.6,1200,21.28,1.4,89.4,LOADED,YES,DOCK-09
2026-07-08 11:57:00,TRK-004,Rute-G,Cikarang Industrial Hub,566.3,1200,21.69,1.6,90.0,QUEUED,NO,DOCK-10
2026-07-09 15:10:00,TRK-011,Rute-I,Grogol Hub (Jakbar),567.0,1200,22.1,1.7,90.5,DELIVERED,YES,DOCK-11
2026-07-10 05:23:00,TRK-018,Rute-K,Depok Hub,567.7,1200,22.51,1.8,91.1,IN_TRANSIT,YES,DOCK-12
2026-07-11 09:36:00,TRK-025,Rute-M,Gudang West (Tangerang),568.4,1200,22.92,2.0,91.6,IDLE_DOCK,YES,DOCK-01
2026-07-12 13:49:00,TRK-032,Rute-O,Petamburan Hub,569.1,1200,23.33,2.1,92.2,LOADED,YES,DOCK-02
2026-07-13 17:02:00,TRK-039,Rute-Q,Bogor Transit Hub,569.8,1200,23.74,2.3,92.7,QUEUED,NO,DOCK-03
2026-07-14 07:15:00,TRK-046,Rute-A,Central Hub (Jakarta),570.5,1200,24.15,2.4,93.2,DELIVERED,YES,DOCK-04
2026-07-15 11:28:00,TRK-053,Rute-C,Bekasi Logistics Hub,571.2,1200,24.56,2.5,93.8,IN_TRANSIT,YES,DOCK-05
2026-07-16 15:41:00,TRK-060,Rute-E,Cikarang Industrial Hub,571.9,1200,24.97,2.7,94.4,IDLE_DOCK,YES,DOCK-06
2026-07-17 05:54:00,TRK-067,Rute-G,Grogol Hub (Jakbar),572.6,1200,25.38,2.8,94.9,LOADED,YES,DOCK-07
2026-07-18 09:07:00,TRK-074,Rute-I,Depok Hub,573.3,1200,25.79,3.0,95.5,QUEUED,NO,DOCK-08
2026-07-19 13:20:00,TRK-081,Rute-K,Gudang West (Tangerang),574.0,1200,9.8,0.3,8.0,DELIVERED,YES,DOCK-09
2026-07-20 17:33:00,TRK-088,Rute-M,Petamburan Hub,574.7,1200,10.21,0.4,8.6,IN_TRANSIT,YES,DOCK-10
2026-07-21 07:46:00,TRK-095,Rute-O,Bogor Transit Hub,575.4,1200,10.62,0.6,9.1,IDLE_DOCK,YES,DOCK-11
2026-07-22 11:59:00,TRK-102,Rute-Q,Central Hub (Jakarta),576.1,1200,11.03,0.7,9.7,LOADED,YES,DOCK-12
2026-07-23 15:12:00,TRK-109,Rute-A,Bekasi Logistics Hub,576.8,1200,11.44,0.9,10.2,QUEUED,NO,DOCK-01
2026-07-24 05:25:00,TRK-116,Rute-C,Cikarang Industrial Hub,577.5,1200,11.85,1.0,10.8,DELIVERED,YES,DOCK-02
2026-07-25 09:38:00,TRK-123,Rute-E,Grogol Hub (Jakbar),578.2,1200,12.26,1.1,11.3,IN_TRANSIT,YES,DOCK-03
2026-07-26 13:51:00,TRK-130,Rute-G,Depok Hub,578.9,1200,12.67,1.3,11.9,IDLE_DOCK,YES,DOCK-04
2026-07-27 17:04:00,TRK-137,Rute-I,Gudang West (Tangerang),579.6,1200,13.08,1.4,12.4,LOADED,YES,DOCK-05
2026-07-28 07:17:00,TRK-144,Rute-K,Petamburan Hub,580.3,1200,13.49,1.6,12.9,QUEUED,NO,DOCK-06
2026-07-29 11:30:00,TRK-151,Rute-M,Bogor Transit Hub,581.0,1200,13.9,1.7,13.5,DELIVERED,YES,DOCK-07
2026-07-30 15:43:00,TRK-158,Rute-O,Central Hub (Jakarta),581.7,1200,14.31,1.8,14.1,IN_TRANSIT,YES,DOCK-08
2026-07-31 05:56:00,TRK-165,Rute-Q,Bekasi Logistics Hub,582.4,1200,14.72,2.0,14.6,IDLE_DOCK,YES,DOCK-09
2026-07-01 09:09:00,TRK-172,Rute-A,Cikarang Industrial Hub,583.1,1200,15.13,2.1,15.2,LOADED,YES,DOCK-10
2026-07-02 13:22:00,TRK-179,Rute-C,Grogol Hub (Jakbar),583.8,1200,15.54,2.3,15.7,QUEUED,NO,DOCK-11
2026-07-03 17:35:00,TRK-006,Rute-E,Depok Hub,584.5,1200,15.95,2.4,16.2,DELIVERED,YES,DOCK-12
2026-07-04 07:48:00,TRK-013,Rute-G,Gudang West (Tangerang),585.2,1200,16.36,2.5,16.8,IN_TRANSIT,YES,DOCK-01
2026-07-05 11:01:00,TRK-020,Rute-I,Petamburan Hub,585.9,1200,16.77,2.7,17.4,IDLE_DOCK,YES,DOCK-02
2026-07-06 15:14:00,TRK-027,Rute-K,Bogor Transit Hub,586.6,1200,17.18,2.8,17.9,LOADED,YES,DOCK-03
2026-07-07 05:27:00,TRK-034,Rute-M,Central Hub (Jakarta),587.3,1200,17.59,3.0,18.5,QUEUED,NO,DOCK-04
2026-07-08 09:40:00,TRK-041,Rute-O,Bekasi Logistics Hub,588.0,1200,18.0,0.3,19.0,DELIVERED,YES,DOCK-05
2026-07-09 13:53:00,TRK-048,Rute-Q,Cikarang Industrial Hub,588.7,1200,18.41,0.4,19.6,IN_TRANSIT,YES,DOCK-06
2026-07-10 17:06:00,TRK-055,Rute-A,Grogol Hub (Jakbar),589.4,1200,18.82,0.6,20.1,IDLE_DOCK,YES,DOCK-07
2026-07-11 07:19:00,TRK-062,Rute-C,Depok Hub,590.1,1200,19.23,0.7,20.6,LOADED,YES,DOCK-08
2026-07-12 11:32:00,TRK-069,Rute-E,Gudang West (Tangerang),590.8,1200,19.64,0.9,21.2,QUEUED,NO,DOCK-09
2026-07-13 15:45:00,TRK-076,Rute-G,Petamburan Hub,591.5,1200,20.05,1.0,21.8,DELIVERED,YES,DOCK-10
2026-07-14 05:58:00,TRK-083,Rute-I,Bogor Transit Hub,592.2,1200,20.46,1.1,22.3,IN_TRANSIT,YES,DOCK-11
2026-07-15 09:11:00,TRK-090,Rute-K,Central Hub (Jakarta),592.9,1200,20.87,1.3,22.9,IDLE_DOCK,YES,DOCK-12
2026-07-16 13:24:00,TRK-097,Rute-M,Bekasi Logistics Hub,593.6,1200,21.28,1.4,23.4,LOADED,YES,DOCK-01
2026-07-17 17:37:00,TRK-104,Rute-O,Cikarang Industrial Hub,594.3,1200,21.69,1.6,24.0,QUEUED,NO,DOCK-02
2026-07-18 07:50:00,TRK-111,Rute-Q,Grogol Hub (Jakbar),595.0,1200,22.1,1.7,24.5,DELIVERED,YES,DOCK-03
2026-07-19 11:03:00,TRK-118,Rute-A,Depok Hub,595.7,1200,22.51,1.8,25.1,IN_TRANSIT,YES,DOCK-04
2026-07-20 15:16:00,TRK-125,Rute-C,Gudang West (Tangerang),596.4,1200,22.92,2.0,25.6,IDLE_DOCK,YES,DOCK-05
2026-07-21 05:29:00,TRK-132,Rute-E,Petamburan Hub,597.1,1200,23.33,2.1,26.2,LOADED,YES,DOCK-06
2026-07-22 09:42:00,TRK-139,Rute-G,Bogor Transit Hub,597.8,1200,23.74,2.3,26.7,QUEUED,NO,DOCK-07
2026-07-23 13:55:00,TRK-146,Rute-I,Central Hub (Jakarta),598.5,1200,24.15,2.4,27.2,DELIVERED,YES,DOCK-08
2026-07-24 17:08:00,TRK-153,Rute-K,Bekasi Logistics Hub,599.2,1200,24.56,2.5,27.8,IN_TRANSIT,YES,DOCK-09
2026-07-25 07:21:00,TRK-160,Rute-M,Cikarang Industrial Hub,599.9,1200,24.97,2.7,28.4,IDLE_DOCK,YES,DOCK-10
2026-07-26 11:34:00,TRK-167,Rute-O,Grogol Hub (Jakbar),600.6,1200,25.38,2.8,28.9,LOADED,YES,DOCK-11
2026-07-27 15:47:00,TRK-174,Rute-Q,Depok Hub,601.3,1200,25.79,3.0,29.5,QUEUED,NO,DOCK-12
2026-07-28 05:00:00,TRK-001,Rute-A,Gudang West (Tangerang),602.0,1200,9.8,0.3,30.0,DELIVERED,YES,DOCK-01
2026-07-29 09:13:00,TRK-008,Rute-C,Petamburan Hub,602.7,1200,10.21,0.4,30.6,IN_TRANSIT,YES,DOCK-02
2026-07-30 13:26:00,TRK-015,Rute-E,Bogor Transit Hub,603.4,1200,10.62,0.6,31.1,IDLE_DOCK,YES,DOCK-03
2026-07-31 17:39:00,TRK-022,Rute-G,Central Hub (Jakarta),604.1,1200,11.03,0.7,31.7,LOADED,YES,DOCK-04
2026-07-01 07:52:00,TRK-029,Rute-I,Bekasi Logistics Hub,604.8,1200,11.44,0.9,32.2,QUEUED,NO,DOCK-05
2026-07-02 11:05:00,TRK-036,Rute-K,Cikarang Industrial Hub,605.5,1200,11.85,1.0,32.8,DELIVERED,YES,DOCK-06
2026-07-03 15:18:00,TRK-043,Rute-M,Grogol Hub (Jakbar),606.2,1200,12.26,1.1,33.3,IN_TRANSIT,YES,DOCK-07
2026-07-04 05:31:00,TRK-050,Rute-O,Depok Hub,606.9,1200,12.67,1.3,33.9,IDLE_DOCK,YES,DOCK-08
2026-07-05 09:44:00,TRK-057,Rute-Q,Gudang West (Tangerang),607.6,1200,13.08,1.4,34.4,LOADED,YES,DOCK-09
2026-07-06 13:57:00,TRK-064,Rute-A,Petamburan Hub,608.3,1200,13.49,1.6,35.0,QUEUED,NO,DOCK-10
2026-07-07 17:10:00,TRK-071,Rute-C,Bogor Transit Hub,609.0,1200,13.9,1.7,35.5,DELIVERED,YES,DOCK-11
2026-07-08 07:23:00,TRK-078,Rute-E,Central Hub (Jakarta),609.7,1200,14.31,1.8,36.0,IN_TRANSIT,YES,DOCK-12
2026-07-09 11:36:00,TRK-085,Rute-G,Bekasi Logistics Hub,610.4,1200,14.72,2.0,36.6,IDLE_DOCK,YES,DOCK-01
2026-07-10 15:49:00,TRK-092,Rute-I,Cikarang Industrial Hub,611.1,1200,15.13,2.1,37.2,LOADED,YES,DOCK-02
2026-07-11 05:02:00,TRK-099,Rute-K,Grogol Hub (Jakbar),611.8,1200,15.54,2.3,37.7,QUEUED,NO,DOCK-03
2026-07-12 09:15:00,TRK-106,Rute-M,Depok Hub,612.5,1200,15.95,2.4,38.2,DELIVERED,YES,DOCK-04
2026-07-13 13:28:00,TRK-113,Rute-O,Gudang West (Tangerang),613.2,1200,16.36,2.5,38.8,IN_TRANSIT,YES,DOCK-05
2026-07-14 17:41:00,TRK-120,Rute-Q,Petamburan Hub,613.9,1200,16.77,2.7,39.4,IDLE_DOCK,YES,DOCK-06
2026-07-15 07:54:00,TRK-127,Rute-A,Bogor Transit Hub,614.6,1200,17.18,2.8,39.9,LOADED,YES,DOCK-07
2026-07-16 11:07:00,TRK-134,Rute-C,Central Hub (Jakarta),615.3,1200,17.59,3.0,40.5,QUEUED,NO,DOCK-08
2026-07-17 15:20:00,TRK-141,Rute-E,Bekasi Logistics Hub,616.0,1200,18.0,0.3,41.0,DELIVERED,YES,DOCK-09
2026-07-18 05:33:00,TRK-148,Rute-G,Cikarang Industrial Hub,616.7,1200,18.41,0.4,41.6,IN_TRANSIT,YES,DOCK-10
2026-07-19 09:46:00,TRK-155,Rute-I,Grogol Hub (Jakbar),617.4,1200,18.82,0.6,42.1,IDLE_DOCK,YES,DOCK-11
2026-07-20 13:59:00,TRK-162,Rute-K,Depok Hub,618.1,1200,19.23,0.7,42.7,LOADED,YES,DOCK-12
2026-07-21 17:12:00,TRK-169,Rute-M,Gudang West (Tangerang),618.8,1200,19.64,0.9,43.2,QUEUED,NO,DOCK-01
2026-07-22 07:25:00,TRK-176,Rute-O,Petamburan Hub,619.5,1200,20.05,1.0,43.8,DELIVERED,YES,DOCK-02
2026-07-23 11:38:00,TRK-003,Rute-Q,Bogor Transit Hub,620.2,1200,20.46,1.1,44.3,IN_TRANSIT,YES,DOCK-03
2026-07-24 15:51:00,TRK-010,Rute-A,Central Hub (Jakarta),620.9,1200,20.87,1.3,44.9,IDLE_DOCK,YES,DOCK-04
2026-07-25 05:04:00,TRK-017,Rute-C,Bekasi Logistics Hub,621.6,1200,21.28,1.4,45.4,LOADED,YES,DOCK-05
2026-07-26 09:17:00,TRK-024,Rute-E,Cikarang Industrial Hub,622.3,1200,21.69,1.6,46.0,QUEUED,NO,DOCK-06
2026-07-27 13:30:00,TRK-031,Rute-G,Grogol Hub (Jakbar),623.0,1200,22.1,1.7,46.5,DELIVERED,YES,DOCK-07
2026-07-28 17:43:00,TRK-038,Rute-I,Depok Hub,623.7,1200,22.51,1.8,47.1,IN_TRANSIT,YES,DOCK-08
2026-07-29 07:56:00,TRK-045,Rute-K,Gudang West (Tangerang),624.4,1200,22.92,2.0,47.6,IDLE_DOCK,YES,DOCK-09
2026-07-30 11:09:00,TRK-052,Rute-M,Petamburan Hub,625.1,1200,23.33,2.1,48.2,LOADED,YES,DOCK-10
2026-07-31 15:22:00,TRK-059,Rute-O,Bogor Transit Hub,625.8,1200,23.74,2.3,48.7,QUEUED,NO,DOCK-11
2026-07-01 05:35:00,TRK-066,Rute-Q,Central Hub (Jakarta),626.5,1200,24.15,2.4,49.2,DELIVERED,YES,DOCK-12
2026-07-02 09:48:00,TRK-073,Rute-A,Bekasi Logistics Hub,627.2,1200,24.56,2.5,49.8,IN_TRANSIT,YES,DOCK-01
2026-07-03 13:01:00,TRK-080,Rute-C,Cikarang Industrial Hub,627.9,1200,24.97,2.7,50.4,IDLE_DOCK,YES,DOCK-02
2026-07-04 17:14:00,TRK-087,Rute-E,Grogol Hub (Jakbar),628.6,1200,25.38,2.8,50.9,LOADED,YES,DOCK-03
2026-07-05 07:27:00,TRK-094,Rute-G,Depok Hub,629.3,1200,25.79,3.0,51.5,QUEUED,NO,DOCK-04
2026-07-06 11:40:00,TRK-101,Rute-I,Gudang West (Tangerang),630.0,1200,9.8,0.3,52.0,DELIVERED,YES,DOCK-05
2026-07-07 15:53:00,TRK-108,Rute-K,Petamburan Hub,630.7,1200,10.21,0.4,52.6,IN_TRANSIT,YES,DOCK-06
2026-07-08 05:06:00,TRK-115,Rute-M,Bogor Transit Hub,631.4,1200,10.62,0.6,53.1,IDLE_DOCK,YES,DOCK-07
2026-07-09 09:19:00,TRK-122,Rute-O,Central Hub (Jakarta),632.1,1200,11.03,0.7,53.7,LOADED,YES,DOCK-08
2026-07-10 13:32:00,TRK-129,Rute-Q,Bekasi Logistics Hub,632.8,1200,11.44,0.9,54.2,QUEUED,NO,DOCK-09
2026-07-11 17:45:00,TRK-136,Rute-A,Cikarang Industrial Hub,633.5,1200,11.85,1.0,54.8,DELIVERED,YES,DOCK-10
2026-07-12 07:58:00,TRK-143,Rute-C,Grogol Hub (Jakbar),634.2,1200,12.26,1.1,55.3,IN_TRANSIT,YES,DOCK-11
2026-07-13 11:11:00,TRK-150,Rute-E,Depok Hub,634.9,1200,12.67,1.3,55.9,IDLE_DOCK,YES,DOCK-12
2026-07-14 15:24:00,TRK-157,Rute-G,Gudang West (Tangerang),635.6,1200,13.08,1.4,56.4,LOADED,YES,DOCK-01
2026-07-15 05:37:00,TRK-164,Rute-I,Petamburan Hub,636.3,1200,13.49,1.6,57.0,QUEUED,NO,DOCK-02
2026-07-16 09:50:00,TRK-171,Rute-K,Bogor Transit Hub,637.0,1200,13.9,1.7,57.5,DELIVERED,YES,DOCK-03
2026-07-17 13:03:00,TRK-178,Rute-M,Central Hub (Jakarta),637.7,1200,14.31,1.8,58.1,IN_TRANSIT,YES,DOCK-04
2026-07-18 17:16:00,TRK-005,Rute-O,Bekasi Logistics Hub,638.4,1200,14.72,2.0,58.6,IDLE_DOCK,YES,DOCK-05
2026-07-19 07:29:00,TRK-012,Rute-Q,Cikarang Industrial Hub,639.1,1200,15.13,2.1,59.2,LOADED,YES,DOCK-06
2026-07-20 11:42:00,TRK-019,Rute-A,Grogol Hub (Jakbar),639.8,1200,15.54,2.3,59.7,QUEUED,NO,DOCK-07
2026-07-21 15:55:00,TRK-026,Rute-C,Depok Hub,640.5,1200,15.95,2.4,60.3,DELIVERED,YES,DOCK-08
2026-07-22 05:08:00,TRK-033,Rute-E,Gudang West (Tangerang),641.2,1200,16.36,2.5,60.8,IN_TRANSIT,YES,DOCK-09
2026-07-23 09:21:00,TRK-040,Rute-G,Petamburan Hub,641.9,1200,16.77,2.7,61.4,IDLE_DOCK,YES,DOCK-10
2026-07-24 13:34:00,TRK-047,Rute-I,Bogor Transit Hub,642.6,1200,17.18,2.8,61.9,LOADED,YES,DOCK-11
2026-07-25 17:47:00,TRK-054,Rute-K,Central Hub (Jakarta),643.3,1200,17.59,3.0,62.5,QUEUED,NO,DOCK-12
2026-07-26 07:00:00,TRK-061,Rute-M,Bekasi Logistics Hub,644.0,1200,18.0,0.3,63.0,DELIVERED,YES,DOCK-01
2026-07-27 11:13:00,TRK-068,Rute-O,Cikarang Industrial Hub,644.7,1200,18.41,0.4,63.6,IN_TRANSIT,YES,DOCK-02
2026-07-28 15:26:00,TRK-075,Rute-Q,Grogol Hub (Jakbar),645.4,1200,18.82,0.6,64.1,IDLE_DOCK,YES,DOCK-03
2026-07-29 05:39:00,TRK-082,Rute-A,Depok Hub,646.1,1200,19.23,0.7,64.7,LOADED,YES,DOCK-04
2026-07-30 09:52:00,TRK-089,Rute-C,Gudang West (Tangerang),646.8,1200,19.64,0.9,65.2,QUEUED,NO,DOCK-05
2026-07-31 13:05:00,TRK-096,Rute-E,Petamburan Hub,647.5,1200,20.05,1.0,65.8,DELIVERED,YES,DOCK-06
2026-07-01 17:18:00,TRK-103,Rute-G,Bogor Transit Hub,648.2,1200,20.46,1.1,66.3,IN_TRANSIT,YES,DOCK-07
2026-07-02 07:31:00,TRK-110,Rute-I,Central Hub (Jakarta),648.9,1200,20.87,1.3,66.8,IDLE_DOCK,YES,DOCK-08
2026-07-03 11:44:00,TRK-117,Rute-K,Bekasi Logistics Hub,649.6,1200,21.28,1.4,67.4,LOADED,YES,DOCK-09
2026-07-04 15:57:00,TRK-124,Rute-M,Cikarang Industrial Hub,650.3,1200,21.69,1.6,68.0,QUEUED,NO,DOCK-10
2026-07-05 05:10:00,TRK-131,Rute-O,Grogol Hub (Jakbar),651.0,1200,22.1,1.7,68.5,DELIVERED,YES,DOCK-11
2026-07-06 09:23:00,TRK-138,Rute-Q,Depok Hub,651.7,1200,22.51,1.8,69.1,IN_TRANSIT,YES,DOCK-12
2026-07-07 13:36:00,TRK-145,Rute-A,Gudang West (Tangerang),652.4,1200,22.92,2.0,69.6,IDLE_DOCK,YES,DOCK-01
2026-07-08 17:49:00,TRK-152,Rute-C,Petamburan Hub,653.1,1200,23.33,2.1,70.2,LOADED,YES,DOCK-02
2026-07-09 07:02:00,TRK-159,Rute-E,Bogor Transit Hub,653.8,1200,23.74,2.3,70.7,QUEUED,NO,DOCK-03
2026-07-10 11:15:00,TRK-166,Rute-G,Central Hub (Jakarta),654.5,1200,24.15,2.4,71.2,DELIVERED,YES,DOCK-04
2026-07-11 15:28:00,TRK-173,Rute-I,Bekasi Logistics Hub,655.2,1200,24.56,2.5,71.8,IN_TRANSIT,YES,DOCK-05
2026-07-12 05:41:00,TRK-180,Rute-K,Cikarang Industrial Hub,655.9,1200,24.97,2.7,72.4,IDLE_DOCK,YES,DOCK-06
2026-07-13 09:54:00,TRK-007,Rute-M,Grogol Hub (Jakbar),656.6,1200,25.38,2.8,72.9,LOADED,YES,DOCK-07
2026-07-14 13:07:00,TRK-014,Rute-O,Depok Hub,657.3,1200,25.79,3.0,73.5,QUEUED,NO,DOCK-08
2026-07-15 17:20:00,TRK-021,Rute-Q,Gudang West (Tangerang),658.0,1200,9.8,0.3,74.0,DELIVERED,YES,DOCK-09
2026-07-16 07:33:00,TRK-028,Rute-A,Petamburan Hub,658.7,1200,10.21,0.4,74.6,IN_TRANSIT,YES,DOCK-10
2026-07-17 11:46:00,TRK-035,Rute-C,Bogor Transit Hub,659.4,1200,10.62,0.6,75.1,IDLE_DOCK,YES,DOCK-11
2026-07-18 15:59:00,TRK-042,Rute-E,Central Hub (Jakarta),660.1,1200,11.03,0.7,75.7,LOADED,YES,DOCK-12
2026-07-19 05:12:00,TRK-049,Rute-G,Bekasi Logistics Hub,660.8,1200,11.44,0.9,76.2,QUEUED,NO,DOCK-01
2026-07-20 09:25:00,TRK-056,Rute-I,Cikarang Industrial Hub,661.5,1200,11.85,1.0,76.8,DELIVERED,YES,DOCK-02
2026-07-21 13:38:00,TRK-063,Rute-K,Grogol Hub (Jakbar),662.2,1200,12.26,1.1,77.3,IN_TRANSIT,YES,DOCK-03
2026-07-22 17:51:00,TRK-070,Rute-M,Depok Hub,662.9,1200,12.67,1.3,77.9,IDLE_DOCK,YES,DOCK-04
2026-07-23 07:04:00,TRK-077,Rute-O,Gudang West (Tangerang),663.6,1200,13.08,1.4,78.4,LOADED,YES,DOCK-05
2026-07-24 11:17:00,TRK-084,Rute-Q,Petamburan Hub,664.3,1200,13.49,1.6,79.0,QUEUED,NO,DOCK-06
2026-07-25 15:30:00,TRK-091,Rute-A,Bogor Transit Hub,665.0,1200,13.9,1.7,79.5,DELIVERED,YES,DOCK-07
2026-07-26 05:43:00,TRK-098,Rute-C,Central Hub (Jakarta),665.7,1200,14.31,1.8,80.1,IN_TRANSIT,YES,DOCK-08
2026-07-27 09:56:00,TRK-105,Rute-E,Bekasi Logistics Hub,666.4,1200,14.72,2.0,80.6,IDLE_DOCK,YES,DOCK-09
2026-07-28 13:09:00,TRK-112,Rute-G,Cikarang Industrial Hub,667.1,1200,15.13,2.1,81.2,LOADED,YES,DOCK-10
2026-07-29 17:22:00,TRK-119,Rute-I,Grogol Hub (Jakbar),667.8,1200,15.54,2.3,81.7,QUEUED,NO,DOCK-11
2026-07-30 07:35:00,TRK-126,Rute-K,Depok Hub,668.5,1200,15.95,2.4,82.2,DELIVERED,YES,DOCK-12
2026-07-31 11:48:00,TRK-133,Rute-M,Gudang West (Tangerang),669.2,1200,16.36,2.5,82.8,IN_TRANSIT,YES,DOCK-01
2026-07-01 15:01:00,TRK-140,Rute-O,Petamburan Hub,669.9,1200,16.77,2.7,83.4,IDLE_DOCK,YES,DOCK-02
2026-07-02 05:14:00,TRK-147,Rute-Q,Bogor Transit Hub,670.6,1200,17.18,2.8,83.9,LOADED,YES,DOCK-03
2026-07-03 09:27:00,TRK-154,Rute-A,Central Hub (Jakarta),671.3,1200,17.59,3.0,84.5,QUEUED,NO,DOCK-04
2026-07-04 13:40:00,TRK-161,Rute-C,Bekasi Logistics Hub,672.0,1200,18.0,0.3,85.0,DELIVERED,YES,DOCK-05
2026-07-05 17:53:00,TRK-168,Rute-E,Cikarang Industrial Hub,672.7,1200,18.41,0.4,85.6,IN_TRANSIT,YES,DOCK-06
2026-07-06 07:06:00,TRK-175,Rute-G,Grogol Hub (Jakbar),673.4,1200,18.82,0.6,86.1,IDLE_DOCK,YES,DOCK-07
2026-07-07 11:19:00,TRK-002,Rute-I,Depok Hub,674.1,1200,19.23,0.7,86.7,LOADED,YES,DOCK-08
2026-07-08 15:32:00,TRK-009,Rute-K,Gudang West (Tangerang),674.8,1200,19.64,0.9,87.2,QUEUED,NO,DOCK-09
2026-07-09 05:45:00,TRK-016,Rute-M,Petamburan Hub,675.5,1200,20.05,1.0,87.8,DELIVERED,YES,DOCK-10
2026-07-10 09:58:00,TRK-023,Rute-O,Bogor Transit Hub,676.2,1200,20.46,1.1,88.3,IN_TRANSIT,YES,DOCK-11
2026-07-11 13:11:00,TRK-030,Rute-Q,Central Hub (Jakarta),676.9,1200,20.87,1.3,88.9,IDLE_DOCK,YES,DOCK-12
2026-07-12 17:24:00,TRK-037,Rute-A,Bekasi Logistics Hub,677.6,1200,21.28,1.4,89.4,LOADED,YES,DOCK-01
2026-07-13 07:37:00,TRK-044,Rute-C,Cikarang Industrial Hub,678.3,1200,21.69,1.6,90.0,QUEUED,NO,DOCK-02
2026-07-14 11:50:00,TRK-051,Rute-E,Grogol Hub (Jakbar),679.0,1200,22.1,1.7,90.5,DELIVERED,YES,DOCK-03
2026-07-15 15:03:00,TRK-058,Rute-G,Depok Hub,679.7,1200,22.51,1.8,91.1,IN_TRANSIT,YES,DOCK-04
2026-07-16 05:16:00,TRK-065,Rute-I,Gudang West (Tangerang),680.4,1200,22.92,2.0,91.6,IDLE_DOCK,YES,DOCK-05
2026-07-17 09:29:00,TRK-072,Rute-K,Petamburan Hub,681.1,1200,23.33,2.1,92.2,LOADED,YES,DOCK-06
2026-07-18 13:42:00,TRK-079,Rute-M,Bogor Transit Hub,681.8,1200,23.74,2.3,92.7,QUEUED,NO,DOCK-07
2026-07-19 17:55:00,TRK-086,Rute-O,Central Hub (Jakarta),682.5,1200,24.15,2.4,93.2,DELIVERED,YES,DOCK-08
2026-07-20 07:08:00,TRK-093,Rute-Q,Bekasi Logistics Hub,683.2,1200,24.56,2.5,93.8,IN_TRANSIT,YES,DOCK-09
2026-07-21 11:21:00,TRK-100,Rute-A,Cikarang Industrial Hub,683.9,1200,24.97,2.7,94.4,IDLE_DOCK,YES,DOCK-10
2026-07-22 15:34:00,TRK-107,Rute-C,Grogol Hub (Jakbar),684.6,1200,25.38,2.8,94.9,LOADED,YES,DOCK-11
2026-07-23 05:47:00,TRK-114,Rute-E,Depok Hub,685.3,1200,25.79,3.0,95.5,QUEUED,NO,DOCK-12
2026-07-24 09:00:00,TRK-121,Rute-G,Gudang West (Tangerang),686.0,1200,9.8,0.3,8.0,DELIVERED,YES,DOCK-01
2026-07-25 13:13:00,TRK-128,Rute-I,Petamburan Hub,686.7,1200,10.21,0.4,8.6,IN_TRANSIT,YES,DOCK-02
2026-07-26 17:26:00,TRK-135,Rute-K,Bogor Transit Hub,687.4,1200,10.62,0.6,9.1,IDLE_DOCK,YES,DOCK-03
2026-07-27 07:39:00,TRK-142,Rute-M,Central Hub (Jakarta),688.1,1200,11.03,0.7,9.7,LOADED,YES,DOCK-04
2026-07-28 11:52:00,TRK-149,Rute-O,Bekasi Logistics Hub,688.8,1200,11.44,0.9,10.2,QUEUED,NO,DOCK-05
2026-07-29 15:05:00,TRK-156,Rute-Q,Cikarang Industrial Hub,689.5,1200,11.85,1.0,10.8,DELIVERED,YES,DOCK-06
2026-07-30 05:18:00,TRK-163,Rute-A,Grogol Hub (Jakbar),690.2,1200,12.26,1.1,11.3,IN_TRANSIT,YES,DOCK-07
2026-07-31 09:31:00,TRK-170,Rute-C,Depok Hub,690.9,1200,12.67,1.3,11.9,IDLE_DOCK,YES,DOCK-08
2026-07-01 13:44:00,TRK-177,Rute-E,Gudang West (Tangerang),691.6,1200,13.08,1.4,12.4,LOADED,YES,DOCK-09
2026-07-02 17:57:00,TRK-004,Rute-G,Petamburan Hub,692.3,1200,13.49,1.6,12.9,QUEUED,NO,DOCK-10
2026-07-03 07:10:00,TRK-011,Rute-I,Bogor Transit Hub,693.0,1200,13.9,1.7,13.5,DELIVERED,YES,DOCK-11
2026-07-04 11:23:00,TRK-018,Rute-K,Central Hub (Jakarta),693.7,1200,14.31,1.8,14.1,IN_TRANSIT,YES,DOCK-12
2026-07-05 15:36:00,TRK-025,Rute-M,Bekasi Logistics Hub,694.4,1200,14.72,2.0,14.6,IDLE_DOCK,YES,DOCK-01
2026-07-06 05:49:00,TRK-032,Rute-O,Cikarang Industrial Hub,695.1,1200,15.13,2.1,15.2,LOADED,YES,DOCK-02
2026-07-07 09:02:00,TRK-039,Rute-Q,Grogol Hub (Jakbar),695.8,1200,15.54,2.3,15.7,QUEUED,NO,DOCK-03
2026-07-08 13:15:00,TRK-046,Rute-A,Depok Hub,696.5,1200,15.95,2.4,16.2,DELIVERED,YES,DOCK-04
2026-07-09 17:28:00,TRK-053,Rute-C,Gudang West (Tangerang),697.2,1200,16.36,2.5,16.8,IN_TRANSIT,YES,DOCK-05
2026-07-10 07:41:00,TRK-060,Rute-E,Petamburan Hub,697.9,1200,16.77,2.7,17.4,IDLE_DOCK,YES,DOCK-06
2026-07-11 11:54:00,TRK-067,Rute-G,Bogor Transit Hub,698.6,1200,17.18,2.8,17.9,LOADED,YES,DOCK-07
2026-07-12 15:07:00,TRK-074,Rute-I,Central Hub (Jakarta),699.3,1200,17.59,3.0,18.5,QUEUED,NO,DOCK-08
2026-07-13 05:20:00,TRK-081,Rute-K,Bekasi Logistics Hub,700.0,1200,18.0,0.3,19.0,DELIVERED,YES,DOCK-09
2026-07-14 09:33:00,TRK-088,Rute-M,Cikarang Industrial Hub,700.7,1200,18.41,0.4,19.6,IN_TRANSIT,YES,DOCK-10
2026-07-15 13:46:00,TRK-095,Rute-O,Grogol Hub (Jakbar),701.4,1200,18.82,0.6,20.1,IDLE_DOCK,YES,DOCK-11
2026-07-16 17:59:00,TRK-102,Rute-Q,Depok Hub,702.1,1200,19.23,0.7,20.6,LOADED,YES,DOCK-12
2026-07-17 07:12:00,TRK-109,Rute-A,Gudang West (Tangerang),702.8,1200,19.64,0.9,21.2,QUEUED,NO,DOCK-01
2026-07-18 11:25:00,TRK-116,Rute-C,Petamburan Hub,703.5,1200,20.05,1.0,21.8,DELIVERED,YES,DOCK-02
2026-07-19 15:38:00,TRK-123,Rute-E,Bogor Transit Hub,704.2,1200,20.46,1.1,22.3,IN_TRANSIT,YES,DOCK-03
2026-07-20 05:51:00,TRK-130,Rute-G,Central Hub (Jakarta),704.9,1200,20.87,1.3,22.9,IDLE_DOCK,YES,DOCK-04
2026-07-21 09:04:00,TRK-137,Rute-I,Bekasi Logistics Hub,705.6,1200,21.28,1.4,23.4,LOADED,YES,DOCK-05
2026-07-22 13:17:00,TRK-144,Rute-K,Cikarang Industrial Hub,706.3,1200,21.69,1.6,24.0,QUEUED,NO,DOCK-06
2026-07-23 17:30:00,TRK-151,Rute-M,Grogol Hub (Jakbar),707.0,1200,22.1,1.7,24.5,DELIVERED,YES,DOCK-07
2026-07-24 07:43:00,TRK-158,Rute-O,Depok Hub,707.7,1200,22.51,1.8,25.1,IN_TRANSIT,YES,DOCK-08
2026-07-25 11:56:00,TRK-165,Rute-Q,Gudang West (Tangerang),708.4,1200,22.92,2.0,25.6,IDLE_DOCK,YES,DOCK-09
2026-07-26 15:09:00,TRK-172,Rute-A,Petamburan Hub,709.1,1200,23.33,2.1,26.2,LOADED,YES,DOCK-10
2026-07-27 05:22:00,TRK-179,Rute-C,Bogor Transit Hub,709.8,1200,23.74,2.3,26.7,QUEUED,NO,DOCK-11
2026-07-28 09:35:00,TRK-006,Rute-E,Central Hub (Jakarta),710.5,1200,24.15,2.4,27.2,DELIVERED,YES,DOCK-12
2026-07-29 13:48:00,TRK-013,Rute-G,Bekasi Logistics Hub,711.2,1200,24.56,2.5,27.8,IN_TRANSIT,YES,DOCK-01
2026-07-30 17:01:00,TRK-020,Rute-I,Cikarang Industrial Hub,711.9,1200,24.97,2.7,28.4,IDLE_DOCK,YES,DOCK-02
2026-07-31 07:14:00,TRK-027,Rute-K,Grogol Hub (Jakbar),712.6,1200,25.38,2.8,28.9,LOADED,YES,DOCK-03
2026-07-01 11:27:00,TRK-034,Rute-M,Depok Hub,713.3,1200,25.79,3.0,29.5,QUEUED,NO,DOCK-04
2026-07-02 15:40:00,TRK-041,Rute-O,Gudang West (Tangerang),714.0,1200,9.8,0.3,30.0,DELIVERED,YES,DOCK-05
2026-07-03 05:53:00,TRK-048,Rute-Q,Petamburan Hub,714.7,1200,10.21,0.4,30.6,IN_TRANSIT,YES,DOCK-06
2026-07-04 09:06:00,TRK-055,Rute-A,Bogor Transit Hub,715.4,1200,10.62,0.6,31.1,IDLE_DOCK,YES,DOCK-07
2026-07-05 13:19:00,TRK-062,Rute-C,Central Hub (Jakarta),716.1,1200,11.03,0.7,31.7,LOADED,YES,DOCK-08
2026-07-06 17:32:00,TRK-069,Rute-E,Bekasi Logistics Hub,716.8,1200,11.44,0.9,32.2,QUEUED,NO,DOCK-09
2026-07-07 07:45:00,TRK-076,Rute-G,Cikarang Industrial Hub,717.5,1200,11.85,1.0,32.8,DELIVERED,YES,DOCK-10
2026-07-08 11:58:00,TRK-083,Rute-I,Grogol Hub (Jakbar),718.2,1200,12.26,1.1,33.3,IN_TRANSIT,YES,DOCK-11
2026-07-09 15:11:00,TRK-090,Rute-K,Depok Hub,718.9,1200,12.67,1.3,33.9,IDLE_DOCK,YES,DOCK-12
2026-07-10 05:24:00,TRK-097,Rute-M,Gudang West (Tangerang),719.6,1200,13.08,1.4,34.4,LOADED,YES,DOCK-01
2026-07-11 09:37:00,TRK-104,Rute-O,Petamburan Hub,720.3,1200,13.49,1.6,35.0,QUEUED,NO,DOCK-02
2026-07-12 13:50:00,TRK-111,Rute-Q,Bogor Transit Hub,721.0,1200,13.9,1.7,35.5,DELIVERED,YES,DOCK-03
2026-07-13 17:03:00,TRK-118,Rute-A,Central Hub (Jakarta),721.7,1200,14.31,1.8,36.0,IN_TRANSIT,YES,DOCK-04
2026-07-14 07:16:00,TRK-125,Rute-C,Bekasi Logistics Hub,722.4,1200,14.72,2.0,36.6,IDLE_DOCK,YES,DOCK-05
2026-07-15 11:29:00,TRK-132,Rute-E,Cikarang Industrial Hub,723.1,1200,15.13,2.1,37.2,LOADED,YES,DOCK-06
2026-07-16 15:42:00,TRK-139,Rute-G,Grogol Hub (Jakbar),723.8,1200,15.54,2.3,37.7,QUEUED,NO,DOCK-07
2026-07-17 05:55:00,TRK-146,Rute-I,Depok Hub,724.5,1200,15.95,2.4,38.2,DELIVERED,YES,DOCK-08
2026-07-18 09:08:00,TRK-153,Rute-K,Gudang West (Tangerang),725.2,1200,16.36,2.5,38.8,IN_TRANSIT,YES,DOCK-09
2026-07-19 13:21:00,TRK-160,Rute-M,Petamburan Hub,725.9,1200,16.77,2.7,39.4,IDLE_DOCK,YES,DOCK-10
2026-07-20 17:34:00,TRK-167,Rute-O,Bogor Transit Hub,726.6,1200,17.18,2.8,39.9,LOADED,YES,DOCK-11
2026-07-21 07:47:00,TRK-174,Rute-Q,Central Hub (Jakarta),727.3,1200,17.59,3.0,40.5,QUEUED,NO,DOCK-12
2026-07-22 11:00:00,TRK-001,Rute-A,Bekasi Logistics Hub,728.0,1200,18.0,0.3,41.0,DELIVERED,YES,DOCK-01
2026-07-23 15:13:00,TRK-008,Rute-C,Cikarang Industrial Hub,728.7,1200,18.41,0.4,41.6,IN_TRANSIT,YES,DOCK-02
2026-07-24 05:26:00,TRK-015,Rute-E,Grogol Hub (Jakbar),729.4,1200,18.82,0.6,42.1,IDLE_DOCK,YES,DOCK-03
2026-07-25 09:39:00,TRK-022,Rute-G,Depok Hub,730.1,1200,19.23,0.7,42.7,LOADED,YES,DOCK-04
2026-07-26 13:52:00,TRK-029,Rute-I,Gudang West (Tangerang),730.8,1200,19.64,0.9,43.2,QUEUED,NO,DOCK-05
2026-07-27 17:05:00,TRK-036,Rute-K,Petamburan Hub,731.5,1200,20.05,1.0,43.8,DELIVERED,YES,DOCK-06
2026-07-28 07:18:00,TRK-043,Rute-M,Bogor Transit Hub,732.2,1200,20.46,1.1,44.3,IN_TRANSIT,YES,DOCK-07
2026-07-29 11:31:00,TRK-050,Rute-O,Central Hub (Jakarta),732.9,1200,20.87,1.3,44.9,IDLE_DOCK,YES,DOCK-08
2026-07-30 15:44:00,TRK-057,Rute-Q,Bekasi Logistics Hub,733.6,1200,21.28,1.4,45.4,LOADED,YES,DOCK-09
2026-07-31 05:57:00,TRK-064,Rute-A,Cikarang Industrial Hub,734.3,1200,21.69,1.6,46.0,QUEUED,NO,DOCK-10
2026-07-01 09:10:00,TRK-071,Rute-C,Grogol Hub (Jakbar),735.0,1200,22.1,1.7,46.5,DELIVERED,YES,DOCK-11
2026-07-02 13:23:00,TRK-078,Rute-E,Depok Hub,735.7,1200,22.51,1.8,47.1,IN_TRANSIT,YES,DOCK-12
2026-07-03 17:36:00,TRK-085,Rute-G,Gudang West (Tangerang),736.4,1200,22.92,2.0,47.6,IDLE_DOCK,YES,DOCK-01
2026-07-04 07:49:00,TRK-092,Rute-I,Petamburan Hub,737.1,1200,23.33,2.1,48.2,LOADED,YES,DOCK-02
2026-07-05 11:02:00,TRK-099,Rute-K,Bogor Transit Hub,737.8,1200,23.74,2.3,48.7,QUEUED,NO,DOCK-03
2026-07-06 15:15:00,TRK-106,Rute-M,Central Hub (Jakarta),738.5,1200,24.15,2.4,49.2,DELIVERED,YES,DOCK-04
2026-07-07 05:28:00,TRK-113,Rute-O,Bekasi Logistics Hub,739.2,1200,24.56,2.5,49.8,IN_TRANSIT,YES,DOCK-05
2026-07-08 09:41:00,TRK-120,Rute-Q,Cikarang Industrial Hub,739.9,1200,24.97,2.7,50.4,IDLE_DOCK,YES,DOCK-06
2026-07-09 13:54:00,TRK-127,Rute-A,Grogol Hub (Jakbar),740.6,1200,25.38,2.8,50.9,LOADED,YES,DOCK-07
2026-07-10 17:07:00,TRK-134,Rute-C,Depok Hub,741.3,1200,25.79,3.0,51.5,QUEUED,NO,DOCK-08
2026-07-11 07:20:00,TRK-141,Rute-E,Gudang West (Tangerang),742.0,1200,9.8,0.3,52.0,DELIVERED,YES,DOCK-09
2026-07-12 11:33:00,TRK-148,Rute-G,Petamburan Hub,742.7,1200,10.21,0.4,52.6,IN_TRANSIT,YES,DOCK-10
2026-07-13 15:46:00,TRK-155,Rute-I,Bogor Transit Hub,743.4,1200,10.62,0.6,53.1,IDLE_DOCK,YES,DOCK-11
2026-07-14 05:59:00,TRK-162,Rute-K,Central Hub (Jakarta),744.1,1200,11.03,0.7,53.7,LOADED,YES,DOCK-12
2026-07-15 09:12:00,TRK-169,Rute-M,Bekasi Logistics Hub,744.8,1200,11.44,0.9,54.2,QUEUED,NO,DOCK-01
2026-07-16 13:25:00,TRK-176,Rute-O,Cikarang Industrial Hub,745.5,1200,11.85,1.0,54.8,DELIVERED,YES,DOCK-02
2026-07-17 17:38:00,TRK-003,Rute-Q,Grogol Hub (Jakbar),746.2,1200,12.26,1.1,55.3,IN_TRANSIT,YES,DOCK-03
2026-07-18 07:51:00,TRK-010,Rute-A,Depok Hub,746.9,1200,12.67,1.3,55.9,IDLE_DOCK,YES,DOCK-04
2026-07-19 11:04:00,TRK-017,Rute-C,Gudang West (Tangerang),747.6,1200,13.08,1.4,56.4,LOADED,YES,DOCK-05
2026-07-20 15:17:00,TRK-024,Rute-E,Petamburan Hub,748.3,1200,13.49,1.6,57.0,QUEUED,NO,DOCK-06
2026-07-21 05:30:00,TRK-031,Rute-G,Bogor Transit Hub,749.0,1200,13.9,1.7,57.5,DELIVERED,YES,DOCK-07
2026-07-22 09:43:00,TRK-038,Rute-I,Central Hub (Jakarta),749.7,1200,14.31,1.8,58.1,IN_TRANSIT,YES,DOCK-08
2026-07-23 13:56:00,TRK-045,Rute-K,Bekasi Logistics Hub,750.4,1200,14.72,2.0,58.6,IDLE_DOCK,YES,DOCK-09
2026-07-24 17:09:00,TRK-052,Rute-M,Cikarang Industrial Hub,751.1,1200,15.13,2.1,59.2,LOADED,YES,DOCK-10
2026-07-25 07:22:00,TRK-059,Rute-O,Grogol Hub (Jakbar),751.8,1200,15.54,2.3,59.7,QUEUED,NO,DOCK-11
2026-07-26 11:35:00,TRK-066,Rute-Q,Depok Hub,752.5,1200,15.95,2.4,60.3,DELIVERED,YES,DOCK-12
2026-07-27 15:48:00,TRK-073,Rute-A,Gudang West (Tangerang),753.2,1200,16.36,2.5,60.8,IN_TRANSIT,YES,DOCK-01
2026-07-28 05:01:00,TRK-080,Rute-C,Petamburan Hub,753.9,1200,16.77,2.7,61.4,IDLE_DOCK,YES,DOCK-02
2026-07-29 09:14:00,TRK-087,Rute-E,Bogor Transit Hub,754.6,1200,17.18,2.8,61.9,LOADED,YES,DOCK-03
2026-07-30 13:27:00,TRK-094,Rute-G,Central Hub (Jakarta),755.3,1200,17.59,3.0,62.5,QUEUED,NO,DOCK-04
2026-07-31 17:40:00,TRK-101,Rute-I,Bekasi Logistics Hub,756.0,1200,18.0,0.3,63.0,DELIVERED,YES,DOCK-05
2026-07-01 07:53:00,TRK-108,Rute-K,Cikarang Industrial Hub,756.7,1200,18.41,0.4,63.6,IN_TRANSIT,YES,DOCK-06
2026-07-02 11:06:00,TRK-115,Rute-M,Grogol Hub (Jakbar),757.4,1200,18.82,0.6,64.1,IDLE_DOCK,YES,DOCK-07
2026-07-03 15:19:00,TRK-122,Rute-O,Depok Hub,758.1,1200,19.23,0.7,64.7,LOADED,YES,DOCK-08
2026-07-04 05:32:00,TRK-129,Rute-Q,Gudang West (Tangerang),758.8,1200,19.64,0.9,65.2,QUEUED,NO,DOCK-09
2026-07-05 09:45:00,TRK-136,Rute-A,Petamburan Hub,759.5,1200,20.05,1.0,65.8,DELIVERED,YES,DOCK-10
2026-07-06 13:58:00,TRK-143,Rute-C,Bogor Transit Hub,760.2,1200,20.46,1.1,66.3,IN_TRANSIT,YES,DOCK-11
2026-07-07 17:11:00,TRK-150,Rute-E,Central Hub (Jakarta),760.9,1200,20.87,1.3,66.8,IDLE_DOCK,YES,DOCK-12
2026-07-08 07:24:00,TRK-157,Rute-G,Bekasi Logistics Hub,761.6,1200,21.28,1.4,67.4,LOADED,YES,DOCK-01
2026-07-09 11:37:00,TRK-164,Rute-I,Cikarang Industrial Hub,762.3,1200,21.69,1.6,68.0,QUEUED,NO,DOCK-02
2026-07-10 15:50:00,TRK-171,Rute-K,Grogol Hub (Jakbar),763.0,1200,22.1,1.7,68.5,DELIVERED,YES,DOCK-03
2026-07-11 05:03:00,TRK-178,Rute-M,Depok Hub,763.7,1200,22.51,1.8,69.1,IN_TRANSIT,YES,DOCK-04
2026-07-12 09:16:00,TRK-005,Rute-O,Gudang West (Tangerang),764.4,1200,22.92,2.0,69.6,IDLE_DOCK,YES,DOCK-05
2026-07-13 13:29:00,TRK-012,Rute-Q,Petamburan Hub,765.1,1200,23.33,2.1,70.2,LOADED,YES,DOCK-06
2026-07-14 17:42:00,TRK-019,Rute-A,Bogor Transit Hub,765.8,1200,23.74,2.3,70.7,QUEUED,NO,DOCK-07
2026-07-15 07:55:00,TRK-026,Rute-C,Central Hub (Jakarta),766.5,1200,24.15,2.4,71.2,DELIVERED,YES,DOCK-08
2026-07-16 11:08:00,TRK-033,Rute-E,Bekasi Logistics Hub,767.2,1200,24.56,2.5,71.8,IN_TRANSIT,YES,DOCK-09
2026-07-17 15:21:00,TRK-040,Rute-G,Cikarang Industrial Hub,767.9,1200,24.97,2.7,72.4,IDLE_DOCK,YES,DOCK-10
2026-07-18 05:34:00,TRK-047,Rute-I,Grogol Hub (Jakbar),768.6,1200,25.38,2.8,72.9,LOADED,YES,DOCK-11
2026-07-19 09:47:00,TRK-054,Rute-K,Depok Hub,769.3,1200,25.79,3.0,73.5,QUEUED,NO,DOCK-12
2026-07-20 13:00:00,TRK-061,Rute-M,Gudang West (Tangerang),770.0,1200,9.8,0.3,74.0,DELIVERED,YES,DOCK-01
2026-07-21 17:13:00,TRK-068,Rute-O,Petamburan Hub,770.7,1200,10.21,0.4,74.6,IN_TRANSIT,YES,DOCK-02
2026-07-22 07:26:00,TRK-075,Rute-Q,Bogor Transit Hub,771.4,1200,10.62,0.6,75.1,IDLE_DOCK,YES,DOCK-03
2026-07-23 11:39:00,TRK-082,Rute-A,Central Hub (Jakarta),772.1,1200,11.03,0.7,75.7,LOADED,YES,DOCK-04
2026-07-24 15:52:00,TRK-089,Rute-C,Bekasi Logistics Hub,772.8,1200,11.44,0.9,76.2,QUEUED,NO,DOCK-05
2026-07-25 05:05:00,TRK-096,Rute-E,Cikarang Industrial Hub,773.5,1200,11.85,1.0,76.8,DELIVERED,YES,DOCK-06
2026-07-26 09:18:00,TRK-103,Rute-G,Grogol Hub (Jakbar),774.2,1200,12.26,1.1,77.3,IN_TRANSIT,YES,DOCK-07
2026-07-27 13:31:00,TRK-110,Rute-I,Depok Hub,774.9,1200,12.67,1.3,77.9,IDLE_DOCK,YES,DOCK-08
2026-07-28 17:44:00,TRK-117,Rute-K,Gudang West (Tangerang),775.6,1200,13.08,1.4,78.4,LOADED,YES,DOCK-09
2026-07-29 07:57:00,TRK-124,Rute-M,Petamburan Hub,776.3,1200,13.49,1.6,79.0,QUEUED,NO,DOCK-10
2026-07-30 11:10:00,TRK-131,Rute-O,Bogor Transit Hub,777.0,1200,13.9,1.7,79.5,DELIVERED,YES,DOCK-11
2026-07-31 15:23:00,TRK-138,Rute-Q,Central Hub (Jakarta),777.7,1200,14.31,1.8,80.1,IN_TRANSIT,YES,DOCK-12
2026-07-01 05:36:00,TRK-145,Rute-A,Bekasi Logistics Hub,778.4,1200,14.72,2.0,80.6,IDLE_DOCK,YES,DOCK-01
2026-07-02 09:49:00,TRK-152,Rute-C,Cikarang Industrial Hub,779.1,1200,15.13,2.1,81.2,LOADED,YES,DOCK-02
2026-07-03 13:02:00,TRK-159,Rute-E,Grogol Hub (Jakbar),779.8,1200,15.54,2.3,81.7,QUEUED,NO,DOCK-03
2026-07-04 17:15:00,TRK-166,Rute-G,Depok Hub,780.5,1200,15.95,2.4,82.2,DELIVERED,YES,DOCK-04
2026-07-05 07:28:00,TRK-173,Rute-I,Gudang West (Tangerang),781.2,1200,16.36,2.5,82.8,IN_TRANSIT,YES,DOCK-05
2026-07-06 11:41:00,TRK-180,Rute-K,Petamburan Hub,781.9,1200,16.77,2.7,83.4,IDLE_DOCK,YES,DOCK-06
2026-07-07 15:54:00,TRK-007,Rute-M,Bogor Transit Hub,782.6,1200,17.18,2.8,83.9,LOADED,YES,DOCK-07
2026-07-08 05:07:00,TRK-014,Rute-O,Central Hub (Jakarta),783.3,1200,17.59,3.0,84.5,QUEUED,NO,DOCK-08
2026-07-09 09:20:00,TRK-021,Rute-Q,Bekasi Logistics Hub,784.0,1200,18.0,0.3,85.0,DELIVERED,YES,DOCK-09
2026-07-10 13:33:00,TRK-028,Rute-A,Cikarang Industrial Hub,784.7,1200,18.41,0.4,85.6,IN_TRANSIT,YES,DOCK-10
2026-07-11 17:46:00,TRK-035,Rute-C,Grogol Hub (Jakbar),785.4,1200,18.82,0.6,86.1,IDLE_DOCK,YES,DOCK-11
2026-07-12 07:59:00,TRK-042,Rute-E,Depok Hub,786.1,1200,19.23,0.7,86.7,LOADED,YES,DOCK-12
2026-07-13 11:12:00,TRK-049,Rute-G,Gudang West (Tangerang),786.8,1200,19.64,0.9,87.2,QUEUED,NO,DOCK-01
2026-07-14 15:25:00,TRK-056,Rute-I,Petamburan Hub,787.5,1200,20.05,1.0,87.8,DELIVERED,YES,DOCK-02
2026-07-15 05:38:00,TRK-063,Rute-K,Bogor Transit Hub,788.2,1200,20.46,1.1,88.3,IN_TRANSIT,YES,DOCK-03
2026-07-16 09:51:00,TRK-070,Rute-M,Central Hub (Jakarta),788.9,1200,20.87,1.3,88.9,IDLE_DOCK,YES,DOCK-04
2026-07-17 13:04:00,TRK-077,Rute-O,Bekasi Logistics Hub,789.6,1200,21.28,1.4,89.4,LOADED,YES,DOCK-05
2026-07-18 17:17:00,TRK-084,Rute-Q,Cikarang Industrial Hub,790.3,1200,21.69,1.6,90.0,QUEUED,NO,DOCK-06
2026-07-19 07:30:00,TRK-091,Rute-A,Grogol Hub (Jakbar),791.0,1200,22.1,1.7,90.5,DELIVERED,YES,DOCK-07
2026-07-20 11:43:00,TRK-098,Rute-C,Depok Hub,791.7,1200,22.51,1.8,91.1,IN_TRANSIT,YES,DOCK-08
2026-07-21 15:56:00,TRK-105,Rute-E,Gudang West (Tangerang),792.4,1200,22.92,2.0,91.6,IDLE_DOCK,YES,DOCK-09
2026-07-22 05:09:00,TRK-112,Rute-G,Petamburan Hub,793.1,1200,23.33,2.1,92.2,LOADED,YES,DOCK-10
2026-07-23 09:22:00,TRK-119,Rute-I,Bogor Transit Hub,793.8,1200,23.74,2.3,92.7,QUEUED,NO,DOCK-11
2026-07-24 13:35:00,TRK-126,Rute-K,Central Hub (Jakarta),794.5,1200,24.15,2.4,93.2,DELIVERED,YES,DOCK-12
2026-07-25 17:48:00,TRK-133,Rute-M,Bekasi Logistics Hub,795.2,1200,24.56,2.5,93.8,IN_TRANSIT,YES,DOCK-01
2026-07-26 07:01:00,TRK-140,Rute-O,Cikarang Industrial Hub,795.9,1200,24.97,2.7,94.4,IDLE_DOCK,YES,DOCK-02
2026-07-27 11:14:00,TRK-147,Rute-Q,Grogol Hub (Jakbar),796.6,1200,25.38,2.8,94.9,LOADED,YES,DOCK-03
2026-07-28 15:27:00,TRK-154,Rute-A,Depok Hub,797.3,1200,25.79,3.0,95.5,QUEUED,NO,DOCK-04
2026-07-29 05:40:00,TRK-161,Rute-C,Gudang West (Tangerang),798.0,1200,9.8,0.3,8.0,DELIVERED,YES,DOCK-05
2026-07-30 09:53:00,TRK-168,Rute-E,Petamburan Hub,798.7,1200,10.21,0.4,8.6,IN_TRANSIT,YES,DOCK-06
2026-07-31 13:06:00,TRK-175,Rute-G,Bogor Transit Hub,799.4,1200,10.62,0.6,9.1,IDLE_DOCK,YES,DOCK-07
2026-07-01 17:19:00,TRK-002,Rute-I,Central Hub (Jakarta),800.1,1200,11.03,0.7,9.7,LOADED,YES,DOCK-08
2026-07-02 07:32:00,TRK-009,Rute-K,Bekasi Logistics Hub,800.8,1200,11.44,0.9,10.2,QUEUED,NO,DOCK-09
2026-07-03 11:45:00,TRK-016,Rute-M,Cikarang Industrial Hub,801.5,1200,11.85,1.0,10.8,DELIVERED,YES,DOCK-10
2026-07-04 15:58:00,TRK-023,Rute-O,Grogol Hub (Jakbar),802.2,1200,12.26,1.1,11.3,IN_TRANSIT,YES,DOCK-11
2026-07-05 05:11:00,TRK-030,Rute-Q,Depok Hub,802.9,1200,12.67,1.3,11.9,IDLE_DOCK,YES,DOCK-12
2026-07-06 09:24:00,TRK-037,Rute-A,Gudang West (Tangerang),803.6,1200,13.08,1.4,12.4,LOADED,YES,DOCK-01
2026-07-07 13:37:00,TRK-044,Rute-C,Petamburan Hub,804.3,1200,13.49,1.6,12.9,QUEUED,NO,DOCK-02
2026-07-08 17:50:00,TRK-051,Rute-E,Bogor Transit Hub,805.0,1200,13.9,1.7,13.5,DELIVERED,YES,DOCK-03
2026-07-09 07:03:00,TRK-058,Rute-G,Central Hub (Jakarta),805.7,1200,14.31,1.8,14.1,IN_TRANSIT,YES,DOCK-04
2026-07-10 11:16:00,TRK-065,Rute-I,Bekasi Logistics Hub,806.4,1200,14.72,2.0,14.6,IDLE_DOCK,YES,DOCK-05
2026-07-11 15:29:00,TRK-072,Rute-K,Cikarang Industrial Hub,807.1,1200,15.13,2.1,15.2,LOADED,YES,DOCK-06
2026-07-12 05:42:00,TRK-079,Rute-M,Grogol Hub (Jakbar),807.8,1200,15.54,2.3,15.7,QUEUED,NO,DOCK-07
2026-07-13 09:55:00,TRK-086,Rute-O,Depok Hub,808.5,1200,15.95,2.4,16.2,DELIVERED,YES,DOCK-08
2026-07-14 13:08:00,TRK-093,Rute-Q,Gudang West (Tangerang),809.2,1200,16.36,2.5,16.8,IN_TRANSIT,YES,DOCK-09
2026-07-15 17:21:00,TRK-100,Rute-A,Petamburan Hub,809.9,1200,16.77,2.7,17.4,IDLE_DOCK,YES,DOCK-10
2026-07-16 07:34:00,TRK-107,Rute-C,Bogor Transit Hub,810.6,1200,17.18,2.8,17.9,LOADED,YES,DOCK-11
2026-07-17 11:47:00,TRK-114,Rute-E,Central Hub (Jakarta),811.3,1200,17.59,3.0,18.5,QUEUED,NO,DOCK-12
2026-07-18 15:00:00,TRK-121,Rute-G,Bekasi Logistics Hub,812.0,1200,18.0,0.3,19.0,DELIVERED,YES,DOCK-01
2026-07-19 05:13:00,TRK-128,Rute-I,Cikarang Industrial Hub,812.7,1200,18.41,0.4,19.6,IN_TRANSIT,YES,DOCK-02
2026-07-20 09:26:00,TRK-135,Rute-K,Grogol Hub (Jakbar),813.4,1200,18.82,0.6,20.1,IDLE_DOCK,YES,DOCK-03
2026-07-21 13:39:00,TRK-142,Rute-M,Depok Hub,814.1,1200,19.23,0.7,20.6,LOADED,YES,DOCK-04
2026-07-22 17:52:00,TRK-149,Rute-O,Gudang West (Tangerang),814.8,1200,19.64,0.9,21.2,QUEUED,NO,DOCK-05
2026-07-23 07:05:00,TRK-156,Rute-Q,Petamburan Hub,815.5,1200,20.05,1.0,21.8,DELIVERED,YES,DOCK-06
2026-07-24 11:18:00,TRK-163,Rute-A,Bogor Transit Hub,816.2,1200,20.46,1.1,22.3,IN_TRANSIT,YES,DOCK-07
2026-07-25 15:31:00,TRK-170,Rute-C,Central Hub (Jakarta),816.9,1200,20.87,1.3,22.9,IDLE_DOCK,YES,DOCK-08
2026-07-26 05:44:00,TRK-177,Rute-E,Bekasi Logistics Hub,817.6,1200,21.28,1.4,23.4,LOADED,YES,DOCK-09
2026-07-27 09:57:00,TRK-004,Rute-G,Cikarang Industrial Hub,818.3,1200,21.69,1.6,24.0,QUEUED,NO,DOCK-10
2026-07-28 13:10:00,TRK-011,Rute-I,Grogol Hub (Jakbar),819.0,1200,22.1,1.7,24.5,DELIVERED,YES,DOCK-11
2026-07-29 17:23:00,TRK-018,Rute-K,Depok Hub,819.7,1200,22.51,1.8,25.1,IN_TRANSIT,YES,DOCK-12
2026-07-30 07:36:00,TRK-025,Rute-M,Gudang West (Tangerang),820.4,1200,22.92,2.0,25.6,IDLE_DOCK,YES,DOCK-01
2026-07-31 11:49:00,TRK-032,Rute-O,Petamburan Hub,821.1,1200,23.33,2.1,26.2,LOADED,YES,DOCK-02
2026-07-01 15:02:00,TRK-039,Rute-Q,Bogor Transit Hub,821.8,1200,23.74,2.3,26.7,QUEUED,NO,DOCK-03
2026-07-02 05:15:00,TRK-046,Rute-A,Central Hub (Jakarta),822.5,1200,24.15,2.4,27.2,DELIVERED,YES,DOCK-04
2026-07-03 09:28:00,TRK-053,Rute-C,Bekasi Logistics Hub,823.2,1200,24.56,2.5,27.8,IN_TRANSIT,YES,DOCK-05
2026-07-04 13:41:00,TRK-060,Rute-E,Cikarang Industrial Hub,823.9,1200,24.97,2.7,28.4,IDLE_DOCK,YES,DOCK-06
2026-07-05 17:54:00,TRK-067,Rute-G,Grogol Hub (Jakbar),824.6,1200,25.38,2.8,28.9,LOADED,YES,DOCK-07
2026-07-06 07:07:00,TRK-074,Rute-I,Depok Hub,825.3,1200,25.79,3.0,29.5,QUEUED,NO,DOCK-08
2026-07-07 11:20:00,TRK-081,Rute-K,Gudang West (Tangerang),826.0,1200,9.8,0.3,30.0,DELIVERED,YES,DOCK-09
2026-07-08 15:33:00,TRK-088,Rute-M,Petamburan Hub,826.7,1200,10.21,0.4,30.6,IN_TRANSIT,YES,DOCK-10
2026-07-09 05:46:00,TRK-095,Rute-O,Bogor Transit Hub,827.4,1200,10.62,0.6,31.1,IDLE_DOCK,YES,DOCK-11
2026-07-10 09:59:00,TRK-102,Rute-Q,Central Hub (Jakarta),828.1,1200,11.03,0.7,31.7,LOADED,YES,DOCK-12
2026-07-11 13:12:00,TRK-109,Rute-A,Bekasi Logistics Hub,828.8,1200,11.44,0.9,32.2,QUEUED,NO,DOCK-01
2026-07-12 17:25:00,TRK-116,Rute-C,Cikarang Industrial Hub,829.5,1200,11.85,1.0,32.8,DELIVERED,YES,DOCK-02
2026-07-13 07:38:00,TRK-123,Rute-E,Grogol Hub (Jakbar),830.2,1200,12.26,1.1,33.3,IN_TRANSIT,YES,DOCK-03
2026-07-14 11:51:00,TRK-130,Rute-G,Depok Hub,830.9,1200,12.67,1.3,33.9,IDLE_DOCK,YES,DOCK-04
2026-07-15 15:04:00,TRK-137,Rute-I,Gudang West (Tangerang),831.6,1200,13.08,1.4,34.4,LOADED,YES,DOCK-05
2026-07-16 05:17:00,TRK-144,Rute-K,Petamburan Hub,832.3,1200,13.49,1.6,35.0,QUEUED,NO,DOCK-06
2026-07-17 09:30:00,TRK-151,Rute-M,Bogor Transit Hub,833.0,1200,13.9,1.7,35.5,DELIVERED,YES,DOCK-07
2026-07-18 13:43:00,TRK-158,Rute-O,Central Hub (Jakarta),833.7,1200,14.31,1.8,36.0,IN_TRANSIT,YES,DOCK-08
2026-07-19 17:56:00,TRK-165,Rute-Q,Bekasi Logistics Hub,834.4,1200,14.72,2.0,36.6,IDLE_DOCK,YES,DOCK-09
2026-07-20 07:09:00,TRK-172,Rute-A,Cikarang Industrial Hub,835.1,1200,15.13,2.1,37.2,LOADED,YES,DOCK-10
2026-07-21 11:22:00,TRK-179,Rute-C,Grogol Hub (Jakbar),835.8,1200,15.54,2.3,37.7,QUEUED,NO,DOCK-11
2026-07-22 15:35:00,TRK-006,Rute-E,Depok Hub,836.5,1200,15.95,2.4,38.2,DELIVERED,YES,DOCK-12
2026-07-23 05:48:00,TRK-013,Rute-G,Gudang West (Tangerang),837.2,1200,16.36,2.5,38.8,IN_TRANSIT,YES,DOCK-01
2026-07-24 09:01:00,TRK-020,Rute-I,Petamburan Hub,837.9,1200,16.77,2.7,39.4,IDLE_DOCK,YES,DOCK-02
2026-07-25 13:14:00,TRK-027,Rute-K,Bogor Transit Hub,838.6,1200,17.18,2.8,39.9,LOADED,YES,DOCK-03
2026-07-26 17:27:00,TRK-034,Rute-M,Central Hub (Jakarta),839.3,1200,17.59,3.0,40.5,QUEUED,NO,DOCK-04
2026-07-27 07:40:00,TRK-041,Rute-O,Bekasi Logistics Hub,840.0,1200,18.0,0.3,41.0,DELIVERED,YES,DOCK-05
2026-07-28 11:53:00,TRK-048,Rute-Q,Cikarang Industrial Hub,840.7,1200,18.41,0.4,41.6,IN_TRANSIT,YES,DOCK-06
2026-07-29 15:06:00,TRK-055,Rute-A,Grogol Hub (Jakbar),841.4,1200,18.82,0.6,42.1,IDLE_DOCK,YES,DOCK-07
2026-07-30 05:19:00,TRK-062,Rute-C,Depok Hub,842.1,1200,19.23,0.7,42.7,LOADED,YES,DOCK-08
2026-07-31 09:32:00,TRK-069,Rute-E,Gudang West (Tangerang),842.8,1200,19.64,0.9,43.2,QUEUED,NO,DOCK-09
2026-07-01 13:45:00,TRK-076,Rute-G,Petamburan Hub,843.5,1200,20.05,1.0,43.8,DELIVERED,YES,DOCK-10
2026-07-02 17:58:00,TRK-083,Rute-I,Bogor Transit Hub,844.2,1200,20.46,1.1,44.3,IN_TRANSIT,YES,DOCK-11
2026-07-03 07:11:00,TRK-090,Rute-K,Central Hub (Jakarta),844.9,1200,20.87,1.3,44.9,IDLE_DOCK,YES,DOCK-12
2026-07-04 11:24:00,TRK-097,Rute-M,Bekasi Logistics Hub,845.6,1200,21.28,1.4,45.4,LOADED,YES,DOCK-01
2026-07-05 15:37:00,TRK-104,Rute-O,Cikarang Industrial Hub,846.3,1200,21.69,1.6,46.0,QUEUED,NO,DOCK-02
2026-07-06 05:50:00,TRK-111,Rute-Q,Grogol Hub (Jakbar),847.0,1200,22.1,1.7,46.5,DELIVERED,YES,DOCK-03
2026-07-07 09:03:00,TRK-118,Rute-A,Depok Hub,847.7,1200,22.51,1.8,47.1,IN_TRANSIT,YES,DOCK-04
2026-07-08 13:16:00,TRK-125,Rute-C,Gudang West (Tangerang),848.4,1200,22.92,2.0,47.6,IDLE_DOCK,YES,DOCK-05
2026-07-09 17:29:00,TRK-132,Rute-E,Petamburan Hub,849.1,1200,23.33,2.1,48.2,LOADED,YES,DOCK-06
2026-07-10 07:42:00,TRK-139,Rute-G,Bogor Transit Hub,849.8,1200,23.74,2.3,48.7,QUEUED,NO,DOCK-07
2026-07-11 11:55:00,TRK-146,Rute-I,Central Hub (Jakarta),850.5,1200,24.15,2.4,49.2,DELIVERED,YES,DOCK-08
2026-07-12 15:08:00,TRK-153,Rute-K,Bekasi Logistics Hub,851.2,1200,24.56,2.5,49.8,IN_TRANSIT,YES,DOCK-09
2026-07-13 05:21:00,TRK-160,Rute-M,Cikarang Industrial Hub,851.9,1200,24.97,2.7,50.4,IDLE_DOCK,YES,DOCK-10
2026-07-14 09:34:00,TRK-167,Rute-O,Grogol Hub (Jakbar),852.6,1200,25.38,2.8,50.9,LOADED,YES,DOCK-11
2026-07-15 13:47:00,TRK-174,Rute-Q,Depok Hub,853.3,1200,25.79,3.0,51.5,QUEUED,NO,DOCK-12
2026-07-16 17:00:00,TRK-001,Rute-A,Gudang West (Tangerang),854.0,1200,9.8,0.3,52.0,DELIVERED,YES,DOCK-01
2026-07-17 07:13:00,TRK-008,Rute-C,Petamburan Hub,854.7,1200,10.21,0.4,52.6,IN_TRANSIT,YES,DOCK-02
2026-07-18 11:26:00,TRK-015,Rute-E,Bogor Transit Hub,855.4,1200,10.62,0.6,53.1,IDLE_DOCK,YES,DOCK-03
2026-07-19 15:39:00,TRK-022,Rute-G,Central Hub (Jakarta),856.1,1200,11.03,0.7,53.7,LOADED,YES,DOCK-04
2026-07-20 05:52:00,TRK-029,Rute-I,Bekasi Logistics Hub,856.8,1200,11.44,0.9,54.2,QUEUED,NO,DOCK-05
2026-07-21 09:05:00,TRK-036,Rute-K,Cikarang Industrial Hub,857.5,1200,11.85,1.0,54.8,DELIVERED,YES,DOCK-06
2026-07-22 13:18:00,TRK-043,Rute-M,Grogol Hub (Jakbar),858.2,1200,12.26,1.1,55.3,IN_TRANSIT,YES,DOCK-07
2026-07-23 17:31:00,TRK-050,Rute-O,Depok Hub,858.9,1200,12.67,1.3,55.9,IDLE_DOCK,YES,DOCK-08
2026-07-24 07:44:00,TRK-057,Rute-Q,Gudang West (Tangerang),859.6,1200,13.08,1.4,56.4,LOADED,YES,DOCK-09
2026-07-25 11:57:00,TRK-064,Rute-A,Petamburan Hub,860.3,1200,13.49,1.6,57.0,QUEUED,NO,DOCK-10
2026-07-26 15:10:00,TRK-071,Rute-C,Bogor Transit Hub,861.0,1200,13.9,1.7,57.5,DELIVERED,YES,DOCK-11
2026-07-27 05:23:00,TRK-078,Rute-E,Central Hub (Jakarta),861.7,1200,14.31,1.8,58.1,IN_TRANSIT,YES,DOCK-12
2026-07-28 09:36:00,TRK-085,Rute-G,Bekasi Logistics Hub,862.4,1200,14.72,2.0,58.6,IDLE_DOCK,YES,DOCK-01
2026-07-29 13:49:00,TRK-092,Rute-I,Cikarang Industrial Hub,863.1,1200,15.13,2.1,59.2,LOADED,YES,DOCK-02
2026-07-30 17:02:00,TRK-099,Rute-K,Grogol Hub (Jakbar),863.8,1200,15.54,2.3,59.7,QUEUED,NO,DOCK-03
2026-07-31 07:15:00,TRK-106,Rute-M,Depok Hub,864.5,1200,15.95,2.4,60.3,DELIVERED,YES,DOCK-04
2026-07-01 11:28:00,TRK-113,Rute-O,Gudang West (Tangerang),865.2,1200,16.36,2.5,60.8,IN_TRANSIT,YES,DOCK-05
2026-07-02 15:41:00,TRK-120,Rute-Q,Petamburan Hub,865.9,1200,16.77,2.7,61.4,IDLE_DOCK,YES,DOCK-06
2026-07-03 05:54:00,TRK-127,Rute-A,Bogor Transit Hub,866.6,1200,17.18,2.8,61.9,LOADED,YES,DOCK-07
2026-07-04 09:07:00,TRK-134,Rute-C,Central Hub (Jakarta),867.3,1200,17.59,3.0,62.5,QUEUED,NO,DOCK-08
2026-07-05 13:20:00,TRK-141,Rute-E,Bekasi Logistics Hub,868.0,1200,18.0,0.3,63.0,DELIVERED,YES,DOCK-09
2026-07-06 17:33:00,TRK-148,Rute-G,Cikarang Industrial Hub,868.7,1200,18.41,0.4,63.6,IN_TRANSIT,YES,DOCK-10
2026-07-07 07:46:00,TRK-155,Rute-I,Grogol Hub (Jakbar),869.4,1200,18.82,0.6,64.1,IDLE_DOCK,YES,DOCK-11
2026-07-08 11:59:00,TRK-162,Rute-K,Depok Hub,870.1,1200,19.23,0.7,64.7,LOADED,YES,DOCK-12
2026-07-09 15:12:00,TRK-169,Rute-M,Gudang West (Tangerang),870.8,1200,19.64,0.9,65.2,QUEUED,NO,DOCK-01
2026-07-10 05:25:00,TRK-176,Rute-O,Petamburan Hub,871.5,1200,20.05,1.0,65.8,DELIVERED,YES,DOCK-02
2026-07-11 09:38:00,TRK-003,Rute-Q,Bogor Transit Hub,872.2,1200,20.46,1.1,66.3,IN_TRANSIT,YES,DOCK-03
2026-07-12 13:51:00,TRK-010,Rute-A,Central Hub (Jakarta),872.9,1200,20.87,1.3,66.8,IDLE_DOCK,YES,DOCK-04
2026-07-13 17:04:00,TRK-017,Rute-C,Bekasi Logistics Hub,873.6,1200,21.28,1.4,67.4,LOADED,YES,DOCK-05
2026-07-14 07:17:00,TRK-024,Rute-E,Cikarang Industrial Hub,874.3,1200,21.69,1.6,68.0,QUEUED,NO,DOCK-06
2026-07-15 11:30:00,TRK-031,Rute-G,Grogol Hub (Jakbar),875.0,1200,22.1,1.7,68.5,DELIVERED,YES,DOCK-07
2026-07-16 15:43:00,TRK-038,Rute-I,Depok Hub,875.7,1200,22.51,1.8,69.1,IN_TRANSIT,YES,DOCK-08
2026-07-17 05:56:00,TRK-045,Rute-K,Gudang West (Tangerang),876.4,1200,22.92,2.0,69.6,IDLE_DOCK,YES,DOCK-09
2026-07-18 09:09:00,TRK-052,Rute-M,Petamburan Hub,877.1,1200,23.33,2.1,70.2,LOADED,YES,DOCK-10
2026-07-19 13:22:00,TRK-059,Rute-O,Bogor Transit Hub,877.8,1200,23.74,2.3,70.7,QUEUED,NO,DOCK-11
2026-07-20 17:35:00,TRK-066,Rute-Q,Central Hub (Jakarta),878.5,1200,24.15,2.4,71.2,DELIVERED,YES,DOCK-12
2026-07-21 07:48:00,TRK-073,Rute-A,Bekasi Logistics Hub,879.2,1200,24.56,2.5,71.8,IN_TRANSIT,YES,DOCK-01
2026-07-22 11:01:00,TRK-080,Rute-C,Cikarang Industrial Hub,879.9,1200,24.97,2.7,72.4,IDLE_DOCK,YES,DOCK-02
2026-07-23 15:14:00,TRK-087,Rute-E,Grogol Hub (Jakbar),880.6,1200,25.38,2.8,72.9,LOADED,YES,DOCK-03
2026-07-24 05:27:00,TRK-094,Rute-G,Depok Hub,881.3,1200,25.79,3.0,73.5,QUEUED,NO,DOCK-04
2026-07-25 09:40:00,TRK-101,Rute-I,Gudang West (Tangerang),882.0,1200,9.8,0.3,74.0,DELIVERED,YES,DOCK-05
2026-07-26 13:53:00,TRK-108,Rute-K,Petamburan Hub,882.7,1200,10.21,0.4,74.6,IN_TRANSIT,YES,DOCK-06
2026-07-27 17:06:00,TRK-115,Rute-M,Bogor Transit Hub,883.4,1200,10.62,0.6,75.1,IDLE_DOCK,YES,DOCK-07
2026-07-28 07:19:00,TRK-122,Rute-O,Central Hub (Jakarta),884.1,1200,11.03,0.7,75.7,LOADED,YES,DOCK-08
2026-07-29 11:32:00,TRK-129,Rute-Q,Bekasi Logistics Hub,884.8,1200,11.44,0.9,76.2,QUEUED,NO,DOCK-09
2026-07-30 15:45:00,TRK-136,Rute-A,Cikarang Industrial Hub,885.5,1200,11.85,1.0,76.8,DELIVERED,YES,DOCK-10
2026-07-31 05:58:00,TRK-143,Rute-C,Grogol Hub (Jakbar),886.2,1200,12.26,1.1,77.3,IN_TRANSIT,YES,DOCK-11
2026-07-01 09:11:00,TRK-150,Rute-E,Depok Hub,886.9,1200,12.67,1.3,77.9,IDLE_DOCK,YES,DOCK-12
2026-07-02 13:24:00,TRK-157,Rute-G,Gudang West (Tangerang),887.6,1200,13.08,1.4,78.4,LOADED,YES,DOCK-01
2026-07-03 17:37:00,TRK-164,Rute-I,Petamburan Hub,888.3,1200,13.49,1.6,79.0,QUEUED,NO,DOCK-02
2026-07-04 07:50:00,TRK-171,Rute-K,Bogor Transit Hub,889.0,1200,13.9,1.7,79.5,DELIVERED,YES,DOCK-03
2026-07-05 11:03:00,TRK-178,Rute-M,Central Hub (Jakarta),889.7,1200,14.31,1.8,80.1,IN_TRANSIT,YES,DOCK-04
2026-07-06 15:16:00,TRK-005,Rute-O,Bekasi Logistics Hub,890.4,1200,14.72,2.0,80.6,IDLE_DOCK,YES,DOCK-05
2026-07-07 05:29:00,TRK-012,Rute-Q,Cikarang Industrial Hub,891.1,1200,15.13,2.1,81.2,LOADED,YES,DOCK-06
2026-07-08 09:42:00,TRK-019,Rute-A,Grogol Hub (Jakbar),891.8,1200,15.54,2.3,81.7,QUEUED,NO,DOCK-07
2026-07-09 13:55:00,TRK-026,Rute-C,Depok Hub,892.5,1200,15.95,2.4,82.2,DELIVERED,YES,DOCK-08
2026-07-10 17:08:00,TRK-033,Rute-E,Gudang West (Tangerang),893.2,1200,16.36,2.5,82.8,IN_TRANSIT,YES,DOCK-09
2026-07-11 07:21:00,TRK-040,Rute-G,Petamburan Hub,893.9,1200,16.77,2.7,83.4,IDLE_DOCK,YES,DOCK-10
2026-07-12 11:34:00,TRK-047,Rute-I,Bogor Transit Hub,894.6,1200,17.18,2.8,83.9,LOADED,YES,DOCK-11
2026-07-13 15:47:00,TRK-054,Rute-K,Central Hub (Jakarta),895.3,1200,17.59,3.0,84.5,QUEUED,NO,DOCK-12
2026-07-14 05:00:00,TRK-061,Rute-M,Bekasi Logistics Hub,896.0,1200,18.0,0.3,85.0,DELIVERED,YES,DOCK-01
2026-07-15 09:13:00,TRK-068,Rute-O,Cikarang Industrial Hub,896.7,1200,18.41,0.4,85.6,IN_TRANSIT,YES,DOCK-02
2026-07-16 13:26:00,TRK-075,Rute-Q,Grogol Hub (Jakbar),897.4,1200,18.82,0.6,86.1,IDLE_DOCK,YES,DOCK-03
2026-07-17 17:39:00,TRK-082,Rute-A,Depok Hub,898.1,1200,19.23,0.7,86.7,LOADED,YES,DOCK-04
2026-07-18 07:52:00,TRK-089,Rute-C,Gudang West (Tangerang),898.8,1200,19.64,0.9,87.2,QUEUED,NO,DOCK-05
2026-07-19 11:05:00,TRK-096,Rute-E,Petamburan Hub,899.5,1200,20.05,1.0,87.8,DELIVERED,YES,DOCK-06
2026-07-20 15:18:00,TRK-103,Rute-G,Bogor Transit Hub,900.2,1200,20.46,1.1,88.3,IN_TRANSIT,YES,DOCK-07
2026-07-21 05:31:00,TRK-110,Rute-I,Central Hub (Jakarta),900.9,1200,20.87,1.3,88.9,IDLE_DOCK,YES,DOCK-08
2026-07-22 09:44:00,TRK-117,Rute-K,Bekasi Logistics Hub,901.6,1200,21.28,1.4,89.4,LOADED,YES,DOCK-09
2026-07-23 13:57:00,TRK-124,Rute-M,Cikarang Industrial Hub,902.3,1200,21.69,1.6,90.0,QUEUED,NO,DOCK-10
2026-07-24 17:10:00,TRK-131,Rute-O,Grogol Hub (Jakbar),903.0,1200,22.1,1.7,90.5,DELIVERED,YES,DOCK-11
2026-07-25 07:23:00,TRK-138,Rute-Q,Depok Hub,903.7,1200,22.51,1.8,91.1,IN_TRANSIT,YES,DOCK-12
2026-07-26 11:36:00,TRK-145,Rute-A,Gudang West (Tangerang),904.4,1200,22.92,2.0,91.6,IDLE_DOCK,YES,DOCK-01
2026-07-27 15:49:00,TRK-152,Rute-C,Petamburan Hub,905.1,1200,23.33,2.1,92.2,LOADED,YES,DOCK-02
2026-07-28 05:02:00,TRK-159,Rute-E,Bogor Transit Hub,905.8,1200,23.74,2.3,92.7,QUEUED,NO,DOCK-03
2026-07-29 09:15:00,TRK-166,Rute-G,Central Hub (Jakarta),906.5,1200,24.15,2.4,93.2,DELIVERED,YES,DOCK-04
2026-07-30 13:28:00,TRK-173,Rute-I,Bekasi Logistics Hub,907.2,1200,24.56,2.5,93.8,IN_TRANSIT,YES,DOCK-05
2026-07-31 17:41:00,TRK-180,Rute-K,Cikarang Industrial Hub,907.9,1200,24.97,2.7,94.4,IDLE_DOCK,YES,DOCK-06
2026-07-01 07:54:00,TRK-007,Rute-M,Grogol Hub (Jakbar),908.6,1200,25.38,2.8,94.9,LOADED,YES,DOCK-07
2026-07-02 11:07:00,TRK-014,Rute-O,Depok Hub,909.3,1200,25.79,3.0,95.5,QUEUED,NO,DOCK-08
